:020000040000FA
:10000000B89D002079680000E7B201006568000033
:1000100065680000656800006568000065680000AC
:100020000000000000000000000000006D6A0000F9
:100030006568000000000000C969000065680000F4
:10004000DD6C0000DD6C0000DD6C0000DD6C00008C
:10005000DD6C0000DD6C0000DD6C0000DD6C00007C
:10006000DD6C0000DD6C0000DD6C0000DD6C00006C
:10007000DD6C0000DD6C0000DD6C0000DD6C00005C
:10008000DD6C0000DD6C0000DD6C0000DD6C00004C
:10009000DD6C0000DD6C0000DD6C0000DD6C00003C
:1000A000DD6C0000DD6C0000DD6C0000DD6C00002C
:1000B000DD6C0000DD6C0000DD6C0000DD6C00001C
:1000C000DD6C0000DD6C0000DD6C0000DD6C00000C
:1000D000DD6C0000DD6C0000DD6C0000DD6C0000FC
:1000E000DD6C0000DD6C0000DD6C0000DD6C0000EC
:1000F000DD6C0000DD6C0000DD6C0000DD6C0000DC
:10010000DD6C0000DD6C0000DD6C0000DD6C0000CB
:10011000DD6C0000DD6C0000DD6C0000DD6C0000BB
:10012000DD6C0000DD6C0000DD6C0000DD6C0000AB
:10013000DD6C0000DD6C0000DD6C0000DD6C00009B
:10014000DD6C0000DD6C0000DD6C0000DD6C00008B
:10015000DD6C0000FFFFFFFF81F0004102E000BF07
:1001600083F0004330B54FEA41044FEA430594EA77
:10017000050F08BF90EA020F1FBF54EA000C55EAB2
:10018000020C7FEA645C7FEA655C00F0E2804FEA83
:100190005454D4EB5555B8BF6D420CDD2C4480EA65
:1001A000020281EA030382EA000083EA010180EA95
:1001B000020281EA0303362D88BF30BD11F0004FE3
:1001C0004FEA01314FF4801C4CEA113102D0404219
:1001D00061EB410113F0004F4FEA03334CEA133354
:1001E00002D0524263EB430394EA050F00F0A7806C
:1001F000A4F10104D5F1200E0DDB02FA0EFC22FA67
:1002000005F2801841F1000103FA0EF2801843FA5A
:1002100005F359410EE0A5F120050EF1200E012A4B
:1002200003FA0EFC28BF4CF0020C43FA05F3C01889
:1002300051EBE37101F0004507D54FF0000EDCF102
:10024000000C7EEB00006EEB0101B1F5801F1BD3AB
:10025000B1F5001F0CD349085FEA30004FEA3C0CAF
:1002600004F101044FEA445212F5800F80F09A80A5
:10027000BCF1004F08BF5FEA500C50F1000041EBA9
:10028000045141EA050130BD5FEA4C0C404141EBAD
:100290000101013C28BFB1F5801FE9D291F0000FA8
:1002A00004BF01460020B1FA81F308BF2033A3F157
:1002B0000B03B3F120020CDA0C3208DD02F1140C4E
:1002C000C2F10C0201FA0CF021FA02F10CE002F189
:1002D0001402D8BFC2F1200C01FA02F120FA0CFC82
:1002E000DCBF41EA0C019040E41AA2BF01EB0451CB
:1002F000294330BD6FEA04041F3C1CDA0C340EDCC9
:1003000004F11404C4F1200220FA04F001FA02F30B
:1003100040EA030021FA04F345EA030130BDC4F1C9
:100320000C04C4F1200220FA02F001FA04F340EABE
:100330000300294630BD21FA04F0294630BD94F06F
:10034000000F83F4801306BF81F480110134013D56
:100350004EE77FEA645C18BF7FEA655C29D094EAC7
:10036000050F08BF90EA020F05D054EA000C04BF45
:100370001946104630BD91EA030F1EBF0021002030
:1003800030BD5FEA545C05D14000494128BF41F0CF
:10039000004130BD14F580043CBF01F5801130BD33
:1003A00001F0004545F0FE4141F470014FF00000BE
:1003B00030BD7FEA645C1ABF194610467FEA655C6F
:1003C0001CBF0B46024650EA013406BF52EA033511
:1003D00091EA030F41F4002130BD00BF90F0000FFF
:1003E00004BF0021704730B54FF4806404F132043B
:1003F0004FF000054FF0000150E700BF90F0000FF4
:1004000004BF0021704730B54FF4806404F132041A
:1004100010F0004548BF40424FF000013EE700BFEA
:1004200042004FEAE2014FEA31014FEA02701FBF7A
:1004300012F07F4393F07F4F81F06051704732F0AC
:100440007F4208BF704793F07F4F04BF41F4002103
:10045000704730B54FF4607401F0004521F0004161
:100460001CE700BF50EA010208BF704730B54FF0EB
:1004700000050AE050EA010208BF704730B511F0EC
:10048000004502D5404261EB41014FF4806404F124
:1004900032045FEA915C3FF4D8AE4FF003025FEAAA
:1004A000DC0C18BF03325FEADC0C18BF033202EB2E
:1004B000DC02C2F1200300FA03FC20FA02F001FA88
:1004C00003FE40EA0E0021FA02F11444BDE600BF2B
:1004D00070B54FF0FF0C4CF4E06C1CEA11541DBFDA
:1004E0001CEA135594EA0C0F95EA0C0F00F0DEF8A5
:1004F0002C4481EA030621EA4C5123EA4C5350EA8A
:10050000013518BF52EA033541F4801143F48013DA
:1005100038D0A0FB02CE4FF00005E1FB02E506F06B
:100520000042E0FB03E54FF00006E1FB03569CF0C0
:10053000000F18BF4EF0010EA4F1FF04B6F5007FC6
:1005400064F5407404D25FEA4E0E6D4146EB060638
:1005500042EAC62141EA55514FEAC52040EA5E50C1
:100560004FEACE2EB4F1FD0C88BFBCF5E06F1ED86B
:10057000BEF1004F08BF5FEA500E50F1000041EBA2
:10058000045170BD06F0004646EA010140EA02004F
:1005900081EA0301B4EB5C04C2BFD4EB0C0541EA71
:1005A000045170BD41F480114FF0000E013C00F386
:1005B000AB8014F1360FDEBF002001F0004170BDAA
:1005C000C4F10004203C35DA0C341BDC04F11404C3
:1005D000C4F1200500FA05F320FA04F001FA05F24F
:1005E00040EA020001F0004221F0004110EBD3701C
:1005F00021FA04F642EB06015EEA430E08BF20EA48
:10060000D37070BDC4F10C04C4F1200500FA04F3EA
:1006100020FA05F001FA04F240EA020001F000417C
:1006200010EBD37041F100015EEA430E08BF20EAEF
:10063000D37070BDC4F1200500FA05F24EEA020E37
:1006400020FA04F301FA05F243EA020321FA04F066
:1006500001F0004121FA04F220EA020000EBD3701D
:100660005EEA430E08BF20EAD37070BD94F0000F1D
:100670000FD101F00046400041EB010111F4801F51
:1006800008BF013CF7D041EA060195F0000F18BF02
:10069000704703F00046520043EB030313F4801F3E
:1006A00008BF013DF7D043EA0603704794EA0C0FF8
:1006B0000CEA135518BF95EA0C0F0CD050EA41060E
:1006C00018BF52EA4306D1D181EA030101F000418B
:1006D0004FF0000070BD50EA410606BF10461946B3
:1006E00052EA430619D094EA0C0F02D150EA0136BF
:1006F00013D195EA0C0F05D152EA03361CBF104600
:1007000019460AD181EA030101F0004141F0FE419E
:1007100041F470014FF0000070BD41F0FE4141F422
:10072000780170BD70B54FF0FF0C4CF4E06C1CEA22
:1007300011541DBF1CEA135594EA0C0F95EA0C0FD7
:1007400000F0A7F8A4EB050481EA030E52EA033592
:100750004FEA013100F088804FEA03334FF08055B3
:1007600045EA131343EA12634FEA022245EA1115E0
:1007700045EA10654FEA00260EF000419D4208BF91
:10078000964244F1FD0404F5407402D25B084FEA3E
:100790003202B61A65EB03055B084FEA32024FF4EA
:1007A00080104FF4002CB6EB020E75EB030E22BF47
:1007B000B61A754640EA0C005B084FEA3202B6EB07
:1007C000020E75EB030E22BFB61A754640EA5C00B6
:1007D0005B084FEA3202B6EB020E75EB030E22BF46
:1007E000B61A754640EA9C005B084FEA3202B6EB47
:1007F000020E75EB030E22BFB61A754640EADC0006
:1008000055EA060E18D04FEA051545EA16754FEA67
:1008100006164FEAC30343EA52734FEAC2025FEA85
:100820001C1CC0D111F4801F0BD141EA00014FF014
:1008300000004FF0004CB6E711F4801F04BF0143E5
:100840000020B4F1FD0C88BFBCF5E06F3FF6AFAE01
:10085000B5EB030C04BFB6EB020C5FEA500C50F191
:10086000000041EB045170BD0EF0004E4EEA113114
:1008700014EB5C04C2BFD4EB0C0541EA045170BD1B
:1008800041F480114FF0000E013C90E645EA060E5F
:100890008DE60CEA135594EA0C0F08BF95EA0C0F8D
:1008A0003FF43BAF94EA0C0F0AD150EA01347FF4D5
:1008B00034AF95EA0C0F7FF425AF104619462CE7AC
:1008C00095EA0C0F06D152EA03353FF4FDAE10460F
:1008D000194622E750EA410618BF52EA43067FF460
:1008E000C5AE50EA41047FF40DAF52EA43057FF4F0
:1008F000EBAE12E74FEA4102B2F1E04324BFB3F599
:10090000001CDCF1FE5C0DD901F0004C4FEAC00286
:100910004CEA5070B2F1004F40EB830008BF20F06A
:100920000100704711F0804F21D113F13872BCBF24
:1009300001F00040704741F480114FEA5252C2F179
:100940001802C2F1200C10FA0CF320FA02F018BFC2
:1009500040F001004FEAC1234FEAD32303FA0CFC15
:1009600040EA0C0023FA02F34FEA4303CCE77FEAA4
:10097000625307D150EA01331EBF4FF0FE4040F4EE
:100980004000704701F0004040F0FE4040F400009D
:10099000704700BF53B94AB9002908BF00281CBFDF
:1009A0004FF0FF314FF0FF3000F00CB8ADF1080C04
:1009B0006DE904CE00F008F8DDF804E0DDE902237B
:1009C00004B07047704700BF2DE9F04786468C465B
:1009D0000846089E154674461946002B40F0C18013
:1009E0008542B2FA82F245D94AB1C2F1200300FA37
:1009F00002FC954094402EFA03F343EA0C0C4FEAB4
:100A0000154EA8B2230CBCFBFEF80EFB18CC08FB5D
:100A100000F943EA0C43994528D9EB1808F1FF3750
:100A200004D2994502D9A8F102072B44A3EB09038C
:100A3000A4B2B3FBFEFC0EFB1C330CFB00F044EA3B
:100A40000344A04214D92C190CF1FF3304D2A04264
:100A500002D9ACF102032C44241A43EA07401EB128
:100A6000D440002334607360BDE8F0874746DDE77B
:100A70006346F1E792BB431B01214FEA154EAFB22B
:100A8000200CB3FBFEFC0EFB1C330CFB07F840EA0A
:100A90000343984561D9EB180CF1FF3004D2984517
:100AA00002D9ACF102002B44A3EB0803A4B2B3FBC0
:100AB000FEFC0EFB1C330CFB07F744EA0344A74281
:100AC0004DD92C190CF1FF3304D2A74202D9ACF155
:100AD00002032C44E41B43EA0040C0E7C2F12003B8
:100AE0009540944020FA03F12EFA03F34FEA154E95
:100AF0009040AFB20343B1FBFEFC0EFB1C10190C7F
:100B00000CFB07F841EA0041884522D969180CF12D
:100B1000FF3004D2884502D9ACF102002944A1EB90
:100B200008019BB2B1FBFEFC0EFB1C110CFB07F78E
:100B300043EA01439F420ED9EB180CF1FF3104D276
:100B40009F4202D9ACF102012B44DB1B41EA004178
:100B500093E76046E3E76146F7E76046A4E763464C
:100B6000B8E7834206D916B9002108467CE7C6E9F2
:100B700000E0F9E7B3FA83F78FB9834201D37245F6
:100B800008D8BEEB020460EB030301209C461EB9AB
:100B9000002169E73846FAE7C6E9004CF8E7C7F1F3
:100BA000200CBB400EFA07F522FA0CF42EFA0CF1D9
:100BB000BA401C4320FA0CF3B8404FEA14490143F1
:100BC0001FFA84FEB3FBF9F809FB18300B0C08FB85
:100BD0000EFA43EA00439A4540D9E31808F1FF3082
:100BE00004D29A4502D9A8F102002344A3EB0A03D8
:100BF00089B2B3FBF9F809FB183308FB0EFE41EA92
:100C000003418E452CD9611808F1FF3304D28E457B
:100C100002D9A8F10203214443EA0040A1EB0E01EE
:100C2000A0FB02984145CE46434602D306D14D452E
:100C300004D20138B9EB020E68EB0403002EA7D0F2
:100C4000B5EB0E0261EB030101FA0CFC22FA07F38B
:100C5000F9404CEA0303C6E9003199E74046C5E78D
:100C60004346D9E710F8012B11F8013B012A28BFB0
:100C70009A42F7D0D01A7047034611F8012B03F8B7
:100C8000012B002AF9D17047034613F8012B002AE3
:100C9000FBD1181A0138704773B55E4DD5F8643131
:100CA000996811F001011AD140F6034001AA07F03A
:100CB000D7FA0446002840F0AA800198C3681B7840
:100CC0005BB905F1D003D3E8AF2F02F00902D3E8F6
:100CD000EF1FC3E8E42F002CF9D110F007FB00212F
:100CE00041F2030001AA07F0BBFA0446002840F0D5
:100CF0008E800198484EC268D2F80130C5F8723033
:100D0000D2F80530736010F0F1FA214641F201008B
:100D100001AA07F0A5FA0446002878D10198C36813
:100D20005A7885F86A205A88A5F86C201A7985F8CF
:100D30006B20B3F80720A5F86E20B3F80530A5F8AE
:100D4000703010F0D3FA214641F2020001AA07F0F8
:100D500087FA044600285AD101980836C3685A1CFD
:100D6000413352F8041B9A4246F8041BF9D110F0A3
:100D7000BDFA09F0DBF90446002848D195F8843023
:100D80009E0610D40221254A25481AF0D1FB95F879
:100D900076305C0648D40121224A21481AF0C8FB6B
:100DA0006FF0120433E0072140F6334007F01EFADB
:100DB0000646002800F03C8107210C301DF0C3FAE4
:100DC000462303700623C0F8024084714470047106
:100DD0002246C370314640F6334007F041FA0446DC
:100DE000A8B9012140F6314007F000FA0646002874
:100DF00000F01E8101210C301DF0B4FA224631466C
:100E000040F6314007F02CFA04460028BFD02046B7
:100E100002B070BD000000207200002044380200C3
:100E2000040E020072380200002142F2030001AAFF
:100E300007F016FA04460028E9D1019BBA4EDA6899
:100E4000D2F80100D2F8051003C6184610F04EFA89
:100E5000214642F2020001AA07F002FA04460028E5
:100E6000D5D1019CE368B3F8012091B249B1D9789A
:100E700039B1A5F80421DA78114606F128001EF0F0
:100E800058FE204610F032FA95F8766016F02006EB
:100E900018D1022140F66D4007F0A8F90446002859
:100EA00000F0C68002210C301DF04DFA01232146CE
:100EB00003704670324640F66D4007F0D1F90446A3
:100EC0000028A4D195F89630180712D5002142F2D7
:100ED0001C0001AA07F0C4F90446002897D1019824
:100EE000C368D3F80120D3F80530C5E9382310F0E2
:100EF000FDF995F8D830990624D568460DF1020120
:100F000007F026FA0446002881D1042142F2240089
:100F100007F06CF90646002800F08A8004210C30A6
:100F20001DF011FABDF8003022460380BDF80230F2
:100F30003146438042F2240007F092F9044600282B
:100F40007FF465AF95F8D8305A0610D5002142F2EB
:100F50002A0001AA07F084F9044600287FF457AF5D
:100F60000198C3685B7885F8203110F0BFF908213B
:100F700042F2010007F03AF90446002858D008214F
:100F80000C301DF0E0F995F8D810684B11F0020F05
:100F90000246674808BF18468B0695F8D93048BF07
:100FA00040F0400013F0090F95F89C3018BF40F452
:100FB000006003F00603CE0748BF40F01000062B88
:100FC00008BF40F4C07000211AF0D5FA2146002273
:100FD00042F2010007F044F9044600287FF417AFFD
:100FE00095F87630B5F80411980624D4C9B941F2C1
:100FF000050001AA07F034F9044600287FF407AF82
:10100000B5F80431019C4BB9E368B3F80120A5F8A9
:1010100004219A88474811461EF08BFD204610F0A7
:1010200065F9082140F6014007F0E0F8044660B990
:101030006FF06804EBE60029F3D101213E4A3F48F6
:101040001AF076FA6FF00404E1E608210C301DF086
:101050007AF995F8D8300246D90747BF30A1D1E9CF
:1010600000014FF0005136481AF085FA214600225F
:1010700040F6014007F0F4F8044600287FF4C7AEBC
:10108000014601AA4FF6014007F0EAF80446D8B13C
:101090002C4A022129481AF04BFA1AF080FC044627
:1010A00000287FF4B4AE0AF0F5F8044600287FF477
:1010B000AEAEAB7B002B3FF4AAAE082122481AF05B
:1010C00039FA07F059FEA2E6019810F00FF921460F
:1010D0004FF6024001AA07F0C3F8044608B11B4AC4
:1010E000D7E70198C368B3F80130A5F8BB3010F01A
:1010F000FDF895F8BB305B07CFD521464FF603408E
:1011000001AA07F0ADF808B1114AC2E70198C36817
:101110005B7885F8BA3010F0E9F8BEE7AFF30080ED
:101120009088000200800020D80000200E120700E6
:101130002E1207000801002096380200040E02005B
:1011400010880002B9380200D0000020DD3802000B
:1011500006390200000000002DE9F04F3A4B85B03F
:10116000D3F8042392070BD5D3F8042142B100220F
:10117000C3F80421354AD3F80431136801331360EE
:10118000334D0024A8464FF480362F4FD7F8043350
:1011900006FA04F919EA030F2DD00123A340DB431B
:1011A0002C49D1E8EF2F02EA0300C1E8EC0FBCF1B3
:1011B000000FF6D122FA04F3DB0703D4264B53F8D1
:1011C0002430C3B120461DF0A7FB11F09BFF4FF068
:1011D0002002EFF3118382F31288BFF36F8F08EBC5
:1011E000041CDCE902AB504571EB0B010AD283F31E
:1011F0001188BFF36F8F103514B105B0BDE8F08FC3
:101200000124C3E70020D5E900129FED0D7B286083
:101210000D4803938CED027B0292C0F84893204660
:101220001DF07AFB039B83F31188BFF36F8F0029B6
:10123000E1D0029A5B46009252468847DBE700BF46
:10124000FFFFFFFFFFFFFFFF005001501C3D00208C
:1012500058290020103D002040510150000000009E
:101260002DE9F0472DED028B04469FED498B4A4E48
:1012700084B04FF02003EFF3118783F31288BFF39C
:101280006F8FD4F8C8508DB9022104F1E0001EF030
:1012900060FC002843D100238DED008B394602937A
:1012A00004F1D0023D4815F039FBE2E7D4F8CC2038
:1012B0002B689542C4F8C83008BFC4F8CC30D4F8C5
:1012C000E03043F00203C4F8E030EB6823F004039D
:1012D00043F00103EB606B6887F31188BFF36F8FF6
:1012E000284698474FF02003EFF3118983F31288C3
:1012F000BFF36F8FEB68990723F0010219D4EA60FE
:10130000D4F8E03023F00203C4F8E03089F3118808
:10131000BFF36F8FDB05ACD415F05EFAA9E704F1DB
:10132000D8050022012128461EF074FE0028F8D1BD
:10133000B1E7306823F00303EB600028E0D000271A
:10134000BA46D0F800800028DAD0426801469542BB
:101350000BD1016897B972683160824200D1716027
:1013600040F808AB14F0D2FD3946B8F1000F0BD0AD
:10137000D8F8002040460F469046E4E7396072688E
:10138000824208BF7760EBE74246F3E7AFF30080A5
:10139000FFFFFFFFFFFFFFFFE43D00204A51002059
:1013A000F0B50C468DB004A915461E4609F0A4FD03
:1013B00007EE904AB8EE677AF7EE047A67EE277A7E
:1013C00017EE900ACDE90256FFF72AF89DF8127041
:1013D000CDE9000122463946024817F00DFD0DB057
:1013E000F0BD00BFFA1E020030B50C4689B0694658
:1013F000054609F081FD22469DF80210154817F0B8
:10140000FBFC9DF802409CB92946134D134804F09B
:10141000ABF928681AF0ECFC114B2C601B6823F028
:101420000203012B02D10F4814F092FE09B030BD27
:10143000012CFBD10C4C0D481EF06FFC20681AF0FB
:10144000D7FC00232360064B1B68023B012BEDD821
:101450000748E9E7391F02002C2C0020B0010020CA
:1014600020040020A0010020202C0020B00C00202F
:1014700090010020034B186810B103491AF0ADBD6C
:10148000704700BF202C0020D41E02001FB50A4A5E
:101490000B46116869B100228DF80E3003238DF8D8
:1014A0000D0000930548019203AB8DF80C2004F069
:1014B000E5FB05B05DF804FB2C2C0020B0010020FA
:1014C00000B5F7B04FF4EA72002101A81EF0E0FF6A
:1014D0000C4B01A96E933223ADF8BC3140F20113DD
:1014E000ADF8043003238DF807308DF83730012331
:1014F00005488DF834318DF8D43104F047F977B0D0
:101500005DF804FB54200200B0010020002307B561
:10151000ADF804308DF80630094B01A9186808F0C1
:1015200051FC014628B9074817F066FC03B05DF886
:1015300004FB10F1780FF9D0034817F05DFCF5E7D4
:10154000282C0020581F02006A1F0200002307B544
:10155000ADF804308DF80630094B01A9186808F081
:1015600031FC014628B9074817F046FC03B05DF886
:1015700004FB10F1780FF9D0034817F03DFCF5E7B4
:10158000242C00207E1F0200901F020038B50E4D53
:101590000446286848B11AF031FB2B682BB124F0BF
:1015A0000203012B01D1FFF7B1FF084D286850B1AC
:1015B0001AF024FB2B6833B1023C012C03D8BDE8A0
:1015C0003840FFF7C3BF38BD282C0020242C002052
:1015D0000F4B10B504461860B0FA80F0400900F0D7
:1015E00075FB24F00200431E5842584101F042FAB4
:1015F000A01E01288CBF0020012000F039FC054B03
:101600001B7823B12046BDE81040FFF7BFBF10BDD7
:1016100020040020404000201AB11146024817F073
:10162000EBBB0248FBE700BFA41F0200BD1F020086
:1016300030B504468DB0002941D104A909F05CFC05
:10164000BDF824209DF8125007EE902AB8EE677A74
:10165000F7EE047A67EE277A17EE900A0392FEF708
:10166000DFFE039ACDE900012946164817F0C4FBB6
:101670009DF8123083B92146134804F027F820461C
:101680001AF0A2FB114B0221186020461AF02EFC22
:1016900020460F491AF0A1FC9DF81230012B0ED103
:1016A0000C4D286808B11AF0A3FB20461AF08CFBF9
:1016B0004FF4804228600023074814F0EFFD0DB07E
:1016C00030BD00BFD41F0200B00100202C2C002030
:1016D000DC1E0200202C0020B00C002002484FF03D
:1016E000805183685B691847140A0200F0B589B01D
:1016F000404C20461EF09CF8002877D02269A16853
:101700001368204643F0805313600B683A4A1C214B
:101710009847002842DB4FF4C03200233748CDE918
:10172000002315F0D9FA364800F0D6FA354809F00A
:1017300075FD354809F08CFD002007F02FFB18F0EF
:10174000F6FE0021084607F0ABFD011E05DA11F197
:101750000C0F02D02D4817F04FFBFFF7B1FE2C48BD
:1017600001F070F92B4C00F095FB2B492B481EF033
:10177000C6FA03AD0320FFF72BFF0FCC0FC523687C
:1017800000212B60264D03A82A4608F0EDFA0646F4
:1017900030B10146234817F02FFB002009B0F0BDFF
:1017A000012700970222204B20492868043403AD0A
:1017B0001AF051FA0FCC0FC523681D4C2B6022463E
:1017C000314603A808F0D0FA034610B10146194883
:1017D000E1E700900222184920681AF03CFA174B02
:1017E0001F70174B1868FFF7D1FED6E74FF0FF3098
:1017F000D4E700BF140A0200010006008809002097
:10180000D11500007801002068010020FC1F0200B3
:101810008D140000B00F020075140000B00C002001
:10182000282C00200F200200281302003013020091
:10183000242C002027200200181302004040002022
:10184000200400201FB50A4B8DF800001868022301
:101850008DF80110CDF804D002938DF80C30836818
:1018600001229C6801A96B23A04704B010BD00BFF2
:10187000B42E002038B5002104460A20FFF7E2FF0D
:1018800048BB0C2202FB04F0134B1C5C1D18240106
:10189000102004F0F001FFF7D5FFE0B944F0040197
:1018A000112001F0F401FFF7CDFFA0B969780920FC
:1018B00041EA0111C9B2FFF7C5FF60B946210A200C
:1018C000FFF7C0FF38B919226B68B3FBF2F3034A84
:1018D0001360034B187038BD40130200240400202D
:1018E000414000202DE9F0420024324F88B0BB680F
:1018F000314DDFF8E0900193019B1B6823B90A206A
:1019000017F099F9264627E038460DF10F01984760
:1019100006460028F3D19DF80F300A2B01D00D2B7D
:101920003DD1CCB104F120030DEB030400230522CB
:10193000294604A804F8103C1EF0D5FD90B99DF886
:10194000150078B19DF8163063B93138042805D8F0
:101950001A4B1860FFF78EFF3446CDE7184817F092
:101960004BFAF9E70522494604A81EF0BCFDA0B9D0
:101970009DF815408CB19DF8163073B9303C032C9E
:1019800009D8104B1B680BB12046984721460E48DA
:1019900017F032FAE0E70D48E1E70D48DFE70E2CDB
:1019A000B0DC04F12002661C0DEB020404F8103CCC
:1019B000D2E700BF280A0200862002002804002087
:1019C0008C200200B02E0020B8200200C8200200A7
:1019D00019210200B220020010B50D4B88B08DF81D
:1019E000070018680DF107030293012303930023F6
:1019F0008DF810300723CDE905128DF81C3083686F
:101A000002229C6802A96B23A04708B010BD00BF4A
:101A1000B42E00202DE9F04F01218DB01220FFF7E8
:101A200011FF38B10121724A72480DB0BDE8F04F84
:101A300018F0BABC0A2017F0FEF844211220FFF774
:101A400001FF0028EED120211920FFF7FBFE00281E
:101A5000E8D11E210720FFF7F5FE01460028E1D15D
:101A60000820FFF7EFFE0028DCD1634B1868FFF772
:101A700001FF0028D6D10321604A5E4818F094FC8B
:101A80005F4CDFF89081052017F0D5F802223A204C
:101A900005A9FFF7A1FF034628B10121594A55487E
:101AA00018F08BFCEFE79DF815209DF814701202DA
:101AB00002F480721743E6D00546DFF85C91BFB2AE
:101AC0000722782006A9FFF787FF064638B10121D3
:101AD00000902B464C4A474818F079FCD3E79DF814
:101AE0001830DB08022B0ED0042B5DD0012B15D152
:101AF000BDF819206374E280BDF81B202281BDF877
:101B00001D2062810AE0BDF819302380BDF81B302A
:101B10006380BDF81D30A38001232374237C002B38
:101B20003DD0637C002B3AD0A37CDFF8F0A0002BE3
:101B300040D0D4F80CB0D9F800305B44C8F800307D
:101B400001238AF80030314B1B789BB1B4F90A307D
:101B500059460393B4F908302D480293B4F906307E
:101B60000193B4F904300093B4F90230B4F90020C1
:101B700017F042F92368DFF8A8A009936368CDF84D
:101B800020B00A93A3680B935AF8043B0BB108A842
:101B900098470136042EF7D100232382A374013520
:101BA000ABB29F428CD86EE7DDF81930E3600123B9
:101BB000A374B3E79AF800308BB91EF068FA4FF4BB
:101BC0007A72A0FB020302FB0133C20B42EA4342DA
:101BD00028235A430123C8F800208AF80030D8F897
:101BE00000B0D9F800305B44C8F80030ABE700BF64
:101BF00030210200940E020028040020442102003B
:101C0000882E00205A210200762102004240002046
:101C100096210200AC2E0020240400204140002028
:101C20009C2E002030B52248224C8BB020601DF045
:101C3000FFFD38B90121204A20480BB0BDE83040F3
:101C400018F0B2BB0F238DF80F306B4404930023C0
:101C5000206801248DF818300DF10E03CDE907340A
:101C6000072305948DF82430836802229D6804A917
:101C70006B23A847034630B1114A21460F4818F09C
:101C80009CFB0BB030BD9DF80E306C2B07D06C2246
:101C90002146009209480B4A18F099FBF1E703210D
:101CA000094A064818F089FBFFF7B4FEE9E700BFD0
:101CB0008C0A0200B42E0020AC210200940E020017
:101CC000BE210200E821020025220200014B18700B
:101CD000704700BF42400020014B1860704700BFB2
:101CE000B02E00200A4910B500230C4651F8042BF1
:101CF0001AB944F82300104610BD0133042BF5D166
:101D000004480121044A18F058FB6FF00B00F3E778
:101D10009C2E0020940E02004522020001290CBFD7
:101D200001220022044B05491A70054B054808BFE3
:101D3000194617F061B800BF4450002091220200FC
:101D4000932202009E2202002DE9F0471F4B1B78D0
:101D5000002B38D01E4B1B78002B34D01D491E4C55
:101D60000B682268B0F90490D51AFF2D88BF0133A3
:101D70001A4D88BF0B60B0F90680D3B2B0F908E005
:101D8000B0F90AC0B0F90C70B0F90E604FEA031A4E
:101D900005EB0313A3F80490A3F80680A3F808E06A
:101DA000A3F80AC09F81DE810B68013200689A4265
:101DB00045F80A00226006D0BDE8F0470022002363
:101DC000074814F06BBABDE8F08700BF435000200D
:101DD00044500020B82E0020BC2E0020434000209C
:101DE000700E0020F0B51D4C1D4D22682B688DB083
:101DF00093422BD01B4BD2B203EB021301AA17461E
:101E000003F1100C164618685968083303C6634579
:101E10003246F7D100211C2205A81EF039FB124BD7
:101E20000020CDE90637102305A9ADF820300DF0CC
:101E3000E9F868B923682A6801339342236005D022
:101E40004FF4A4720023094814F028FA0DB0F0BD35
:101E50000C30FBD140F26762F4E700BFB82E0020DF
:101E6000BC2E002043400020A4130200700E00206E
:101E7000044B05491870054B002818BF1946044843
:101E800016F0BABF43500020B8220200DD4702001E
:101E9000BC22020008B5074907481DF030FF07487B
:101EA000FFF720FFBDE808400321054A054818F068
:101EB0007BBA00BFE51D0000700E0020491D000028
:101EC000CF220200AC0D0200184BD0ED017AD3ED09
:101ED000046AD0ED005A93ED037A67EEA66A90ED9E
:101EE000026A45EE876A93ED057A46EE076A93ED3E
:101EF000077A93ED065A27EE877AD3ED014A05EE6D
:101F0000857A93ED085A67EEA47A06EE057A93ED8A
:101F1000005A45EE857AD3ED025A46EE257AC0ED99
:101F2000016AC0ED007A80ED027A7047F82E002039
:101F300062EE026A41EEA16A2DED068B42EEA26AC4
:101F4000F1EEE66ADFED6D4AF4EEE46AF1EE10FAC6
:101F500000F1BF806A4B81EEA66A93ED028AD3ED51
:101F6000008AD3ED017AD3ED033A28EE887A17EE92
:101F7000A37A37EE077A28EE085A77EE461A28EE4B
:101F8000236A07EEA75A08EEA76A82EE267AB7EE12
:101F9000004A36EE066A35EE055A36EE476A78EEA6
:101FA000A89A82EEA67A34EE455A69EE866A35EE34
:101FB000475A33EEA37AB1EE009A47EE216A27EE34
:101FC000067A37EEA72A27EE89AA09EEE17A28EEEB
:101FD000099AF8EE002A62EE065A68EE222A4AEEC4
:101FE000456A09EE457A22EE215A42EEA15A02EEE6
:101FF000C65A26EEA66A05EEA56A07EE076A05EE42
:10200000056AB1EEC66ADFED3F2AB4EEE46A60EE1F
:10201000A20AF1EE10FA20EE220AC1BFC6EE866ACD
:1020200087EE067AC5EE865A85EE065A28EE206AB5
:1020300061EE222A17EEC06A9FED331AF6EE001AFF
:1020400003EEE26A65EE815AB0EE682A56EE215A36
:1020500005EE832A68EE225A48EE805A26EE816AFF
:1020600043EEE05A67EEA26A15EEA16A58EEA06A46
:10207000F0EE675A67EEA07A46EE035A43EE806AA6
:1020800027EE016A48EEA27A16EEA16A48EE407A7F
:1020900065EE016AB0EE489A57EEA16A65EEA57A40
:1020A00006EE039AB0EE637A42EE027A06EE837A87
:1020B00049EE097A47EE077AF1EEE77AF4EEE47A30
:1020C000F1EE10FA08D5002283ED004A5A609A60BA
:1020D000DA60BDEC068B7047C2EE276AC3ED006A7A
:1020E000C5EEA76AC3ED016AC9EE276AC3ED026AAD
:1020F000C7EE276AC3ED036AEBE700BFFFE6DB2EFE
:10210000DC2E002035FA8E3C0AD7233D38B500245A
:102110001825234B2A461C60224B21461C60224B6B
:1021200022481C70224B1C70224B1C70224B1C70CE
:102130001EF0AEF92A46214620481EF0A9F9204B90
:10214000204DC3E900449C601F4B1C22C3E900449E
:102150009C601E4B21462846C3E900449C601EF04B
:1021600097F94FF07E531A4A45F8043C1360EB6030
:10217000EB61002353609360D360164A1360164AE4
:102180001360164A1360164A1360164B164A1A60FB
:10219000164B1C70164B1C70164B1C7038BD00BFC4
:1021A000382F0020342F00204C500020B80E002083
:1021B000455000204A5000204B500020A00E002027
:1021C000282F0020FC2E00201C2F0020EC2E0020A9
:1021D000DC2E0020D82E0020D42E0020D02E00206F
:1021E000CC2E0020C02E0020D9899D3C48500020D4
:1021F00047500020465000202DE9F04F2DED0C8B6C
:102200008BB0CC4B00AF1B78002B6FD0CA4B016852
:102210001C78CA4A002C6FD1116001221A70C84B79
:10222000C84A1A609FEDC88AB0F904309FEDC74ACA
:1022300009EE903AB0F90630F8EEE99A09EE103A54
:10224000B0F90830B8EEC99A08EE903AB0F90A3001
:10225000F8EEE88A07EE903AB0F90C30F8EEE77A3B
:102260000AEE903AB0F90E30F8EEEAAA0AEE103A09
:10227000B74BB8EECAAA1A78DFEDB63AB64B002AC9
:1022800040F00382B54A117800295DD10121C3EDE8
:10229000009A83ED019AC3ED028A117093ED00BAA2
:1022A000D3ED01BA93ED02CAAD49C7EE84CA0A68FC
:1022B0008AEE84DA9B2ACAEE04DA2BEE23BA6BEE9E
:1022C000A3BA2CEE23CA5CDC0132B0EE483AF0EE41
:1022D0004C2AB0EE6B2AF0EE4B1AB0EE6D1AF0EE0F
:1022E0004D0AB0EE6C0A0A60FFF722FE2C37BD469D
:1022F000BDEC0C8BBDE8F08F1368DFED9A7ACB1A3A
:1023000008EE103AB8EE488A28EE278ADFED967A72
:10231000B4EEE78AF1EE10FA116083D4DFED937A20
:10232000B4EEE78AF1EE10FA3FF77CAFDFED907A7A
:10233000834B28EE278A93ED007ADFED8E7A07EE45
:10234000278A83ED008A6FE79FED897AD3ED005AE3
:10235000DFED886A29EE876A05EEA66AD3ED015A99
:1023600083ED006A29EE076A05EEA66A28EE877AF1
:1023700083ED016A93ED026A06EE267A83ED027A16
:102380008CE717EE900AFEF74BF87B4E02460B46A1
:10239000D6E90001FDF7E6FEC6E900011AEE900A53
:1023A000FEF73EF802460B46D6E90201FDF7DAFEDB
:1023B000C6E902011AEE100AFEF732F802460B4691
:1023C000D6E90401FDF7CEFEC6E9040119EE900A34
:1023D000FEF726F8694C02460B46D4E90001FDF7EA
:1023E000C1FEC4E9000119EE100AFEF719F8024611
:1023F0000B46D4E90201FDF7B5FEC4E9020118EE6F
:10240000900AFEF70DF80B460246D4E90401FDF7E9
:10241000A9FEDFF88481B0EE483AF0EE4C2AB0EE27
:102420006B2AF0EE4B1AB0EE6D1AF0EE4D0AB0EEDC
:102430006C0AC4E90401FFF77BFDD8F800300133D2
:102440009B2BC8F800307FF751AFD6E9000100227E
:102450004B4BFEF767F9FEF74DFA4A4D0022484B09
:102460002860D6E90201FEF75DF9FEF743FA002283
:10247000434B6860D6E90401FEF754F9FEF73AFAD7
:1024800000223F4BA860D4E90001FEF74BF9FEF7AC
:1024900031FA002208EE900AD4E90201384BFEF727
:1024A00041F9FEF727FA08EE100AD4E904010022E8
:1024B000334BFEF737F9FEF71DFA68EE087A07EEA0
:1024C000100A48EEA87A47EE077AF1EEE77ADFEDD8
:1024D0002E6AF4EEE67AF1EE10FA5FD5E9468AB09C
:1024E0006D462A4B17EE900A6B61FDF799FF0022AB
:1024F0000023FDF737FE0022254BC5E90601C5E99B
:1025000008232A46062342F8103F002500234FF4F3
:102510004151204801F074FF2946CD46182230462B
:10252000C8F800501DF0B4FF1822294620461DF0BF
:10253000AFFFDBE64950002045500020C42E0020AC
:10254000C02E0020D9899D3CD9899D3C6F92644260
:102550004C50002000008038EC2E00204B50002012
:10256000382F002017B7D1370AD7A33BCDCCCC3DAD
:10257000CDCC4C3ECDCC4C3FA00E0020B80E002060
:1025800000806340282F00200000FA450423020049
:102590000040BF409C0E0200342F0020C8EEA76A06
:1025A000914E924BC6ED006AC8EE276AC6ED016AED
:1025B000C7EE276A202200211846C6ED026A1DF0E8
:1025C00067FF4FF07E518A4B021F40F8041C0161E7
:1025D000D3610321874A884817F0E6FE0122874B22
:1025E00028681A70FDF71CFF00220023FDF7BAFDD2
:1025F000804668688946FDF713FF00220023FDF737
:10260000B1FD8246A8688B46FDF70AFF0022002331
:10261000FDF7A8FDC7E902013068FDF701FF0022C0
:102620000023FDF79FFDC7E900017068FDF7F8FE84
:1026300000220023FDF796FD0446B0680D46FDF725
:10264000EFFE00220023FDF78DFD6E4692B06A4634
:1026500097ED027B6A4B82ED0A7B536197ED007B1D
:102660000E2382ED0C7BC2E90689C2E908ABC2E900
:102670000E45C2E9100142F8103F002347F2C001A5
:102680005D4801F0BDFEB54630E65E4ADFED5E6AAC
:1026900092ED007A77EEC77A92ED017A7AEEC7AAC8
:1026A00092ED027A93ED006A69EEA69A3AEE47AA95
:1026B0009FED567A29EE269A46EE079A93ED016A27
:1026C00068EEA68A06EE079A93ED026A46EE078A3E
:1026D00007F11000C3ED009A83ED019AC3ED028A61
:1026E000C7ED077AC7ED049A87ED059AC7ED068A0C
:1026F000C7ED08AA87ED09AAFFF7E6FB07F11C0062
:10270000FFF7E2FBD7ED062A97ED052AD7ED041A6D
:1027100097ED091AD7ED080A97ED070AC0EE840A6B
:1027200080EE040AB0EE483A62EEA32A22EE232A93
:1027300061EEA31A81EE041AFFF7FAFB344BF7EEB1
:10274000008A93ED02BA6BEE0B9A93ED019AD3EDEA
:1027500003AAF0EE690AD3ED00BA49EE090A2BEE9E
:102760002A0A70EEA00A0BEE890A78EEE00A30EE33
:10277000000A15F0A9FF29EE2A0A1BEE8B0A30EE9B
:10278000000AB4EEE80AF1EE10FA2ADCFFEE007A55
:10279000B4EE670AF1EE10FA48BFB0EE670A15F022
:1027A000B1FE9FED1CCA4AEEAA9A20EE0CAA29EEB1
:1027B0000B0A79EEA99A0BEEAA0A78EEE90A30EE36
:1027C000000A15F081FF144B20EE0CCA1C78134E42
:1027D000134DBCBB012286ED00CA85ED00AA1A701C
:1027E00084E5B0EE680ADAE71C2F0020FC2E0020FA
:1027F000000080BF472302009C0E02004C500020C6
:1028000064230200282F0020CDCC4C3ECDCC4C3F81
:10281000DC2E0020E02E65424A500020D82E0020F9
:10282000D42E00208FC2753D00003443000034C315
:10283000CDCCCC3D0000B443000048C200000000F5
:1028400000004842B1EE488A1FED0A0A88EE000AED
:1028500015F0F8FF78EEC06A96ED007A78EEE68A19
:1028600028EE876A06EE8C6A5FED115A36EE477ADB
:10287000D5ED007AB4EEE57A68EEA78AF1EE10FAAB
:1028800046EE8A8AC4BF5FED156A37EE667A5FED61
:10289000196AB4EEE67A78EEE77AF1EE10FAF4EE21
:1028A000E57A44BF1FED1D5A37EE057AF1EE10FAB6
:1028B000C4BF5FED205A77EEE57AF4EEE67AF1EEEA
:1028C00010FA5FED255A44BF5FED266A77EEA67ACF
:1028D000F0EEC76AF4EEE56AF1EE10FA5CBF5FED68
:1028E0002A6A27EE267AF0EEE76AF4EEE56A55BF2B
:1028F00022461FED2E7A86ED006A0022F1EE10FAD4
:102900005CBF5FED316A2246454C58BF67EEA67A40
:10291000D4ED006A434848BFDFED437A37EE267AAC
:10292000D0ED006A77EEA67ADFED406AB4EEE67A83
:1029300058BFC5ED008AF1EE10FA60DC9FED3C6AED
:10294000B4EEC67AF1EE10FA58BFB0EE476AF4EE74
:10295000E67AF1EE10FA55DCDFED356AF4EEE67A50
:10296000F1EE10FA58BFF0EE676ABDEEC66A87ED69
:10297000026AFDEEE66A97F90810C7ED026A06EEF4
:10298000901AF8EEE66A37EE667A97F9083084ED29
:10299000007A07EE103AB8EEC77A77EEC77AC0ED44
:1029A000007A002A3FF4A2AC51EA03023FF49EAC45
:1029B000204A1268002A3FF499AC1F4C1F4D94F92D
:1029C0000000084495F900107F2819441DDC10F11F
:1029D0007F0F1CDB40B27F2920701BDC11F17F0FC1
:1029E0001ADB49B2164B29701E78FF2E4FF00006F5
:1029F0001E703FF47BAC904726702E7076E4B0EEEC
:102A0000666AA4E7DFED096AAFE77F20E3E76FF0CE
:102A10007E00E0E77F21E5E76FF07E01E2E700BF9F
:102A2000D02E0020CC2E0020000000000000FE422E
:102A30000000FEC2C82E0020485000204750002051
:102A400046500020074B10B51860FFF75FFB0648A3
:102A5000FFF748F9BDE810409C230321034A0448CE
:102A600017F0ABBCC82E0020F9210000AE230200F5
:102A70009C0E020008B5084B1A78187048B152B97C
:102A8000FFF744FB054A0321BDE80840044817F05E
:102A90008BBC044AF7E708BD49500020E823020038
:102AA0009C0E02000D24020010B5094C0A4491420C
:102AB00000D110BD11F8013B58400309E35C00014F
:102AC000C0B243401809205C1B01DBB25840EEE75E
:102AD0002B2402002DE9F04F95B000AFBB61BB6F16
:102AE0000446C3F3C0038A4690F802B07A623B61A1
:102AF00041B9457800780BEB80002044554517D844
:102B0000A0EB040AE3787B61BBF1000F02D0BB6F3E
:102B1000D80716D47B6953BB7B6A1BB1514620464C
:102B2000BA699847554628465437BD46BDE8F08FE8
:102B3000461C3046FEF7A8F8013030440AF1010A7D
:102B4000DCE7237862683B629B00FB603B6AFA61CA
:102B500004EB83097B6A002B40F0FF80C846002607
:102B6000554609EB0B0AD04551D1D94413E0BB6F50
:102B70009907D1D5237899463B629B00FB60636837
:102B800004EB8909FB617B6A002B7AD15546BBF1C6
:102B9000000F4FD15E46BB6F13F0050F0CBF4FF017
:102BA000020B4FF0010B7B6909EB430ABB6F03F08B
:102BB00002037B62D145B6D019F8021B19F8013C1B
:102BC00054F82380AB4B984502D3AB4B984538D390
:102BD0003B69002B42D0F86916F06EF800283DD012
:102BE000E8468AB06A46A54B5361FB69C2E90631E3
:102BF0004FF400731384A24B42F8103F00234FF4AC
:102C00001251A04801F0FCFB023DC546D2E718F87E
:102C1000013B54F82300FEF737F8FB6F01303BB15E
:102C2000D7F880309E423EBFFB6F23F81600013676
:102C3000054498E7BB6F13F004061CBF7E6AD944B5
:102C4000A9E73B6923B1F86916F036F80028C7D127
:102C5000BB6FDA0705D4A5EB0B05ABE77B6A002B4E
:102C6000A8D04046FEF710F8FB6F43B1D7F880308C
:102C70009E423FBFFA6F431C22F8163001360544CE
:102C800098E7BBF1000F6ED0BB6F13F004066DD058
:102C9000D846002607F140005A4649461DF0D1FBB0
:102CA0007B69D9445B007B607B6909EB4303BB60B4
:102CB000BB6F03F002033B60BB684B4558D1B96F53
:102CC0006378B86F890748BF002106EB030258BF3D
:102CD0004FEA5801C507D2B200F19A8010F0040FF4
:102CE00014BF40460020FB616270A070E170204676
:102CF000BA69F9687B6A9847051EFFF614AF3B6A0C
:102D000041462370FB69BA6963707B6984F802B03D
:102D1000E37007F140007B6A9847B0F10008C0F209
:102D2000A480FB68AAEB0B01C91A7B684846C91A44
:102D3000BA697B6A98470028C0F299804FF0000B6F
:102D4000A84408EB000507F1300AB34562D300211F
:102D5000BA6908467B6A9847E5E65E464FF0000888
:102D600007F1300098E75E46D84699E7B04697E706
:102D700019F8021B3F4B19F8015C54F825009842E2
:102D800002D33D4B98421DD33B6923B1F86915F03E
:102D900093FF002890D13B68FBB908F1280307F1A5
:102DA000280208F1010003EB020C07F1500308F1BF
:102DB000020853FA80F00CF8101C5FFA88F800F84B
:102DC000105C79E73B692BB1F86915F075FF0028B5
:102DD0007FF472AFBB6FDB0709D506F1280307F15B
:102DE0002802711C9E1806F8205CCEB264E7BB6F07
:102DF00058077FF561AF08F1280307F1280208F1B1
:102E0000010103EB020808F8105C5FFA81F853E750
:102E1000002068E71BF80A3054F8239087F82F3019
:102E2000FB6FFBB133F81B800121BA697B6A07F1A4
:102E30002F00984700281ADB0544B8F1000F06D18F
:102E40004846FDF721FF00F101081FFA88F84146C6
:102E50004846BA697B6A9847002808DB05440BF1AD
:102E6000010B72E7D7F87C80DEE745465BE6054656
:102E700059E600BF24090200DC5B02003B2402008B
:102E8000040000015C0E0200014B1B68184700BFE4
:102E900060040020014B1860704700BF60040020F0
:102EA00030B585B004460D461022002168461DF05D
:102EB000EFFA02238DF80230044B2A462146684679
:102EC000019314F0AFFA05B030BD00BF892E0000A9
:102ED00080B505460E461746984613F019FD034681
:102EE0001DF016FD0446DFF81890424649F8003000
:102EF00039463046A84754F8090003F037FD00BFB3
:102F0000080000002DE9F047058B0446280790468D
:102F100011D4022905F0070540F0CD80204616F0B7
:102F200025FA78B10138218B042811D8DFE800F0A8
:102F3000C3106D85950001290CBF45F0100545F0C3
:102F40002005258388F31188BFF36F8FBDE8F087D4
:102F500001F0070AAA4500F0A6800027B9463E46C0
:102F6000A368002B00F0BD8041F00801218388F3A5
:102F70001188BFF36F8FA168002900F0BB800D6836
:102F8000002900F0B780334652462046D1F804802D
:102F9000C047002D76D02B6829461D46F0E701F08A
:102FA00007035A1F012A1BD8002221F00701062B14
:102FB000276889B2C4E9002209D13B4603E0628B4D
:102FC000013262831B68002BF9D141F002012046D7
:102FD000218316F0CBF900287BD041F0200177E067
:102FE000042B0AD121F0070189B22046218316F073
:102FF000BDF910B141F020012183218B01F0070AB6
:10300000AA4550D00027B946AAE7236921F0070155
:1030100041F00601062DD3F8009021832DD1B9F19E
:10302000000F40D041F00801218388F31188BFF3DD
:103030006F8F20463949C84729E021F007012369ED
:1030400041F0040189B2042DD3F804902183E6D025
:1030500000274FF0040A3E4682E721F0070123696A
:1030600041F0050189B2052DD3F808902183D6D00F
:1030700000274FF0050A3E4672E700274FF0060A88
:103080003E466DE72B4687E7B9F1000FD1D14FF0EF
:103090002003EFF3118883F31288BFF36F8F238B24
:1030A00023F008032383258BEA062ED525F0100391
:1030B000238305F007056669218B002EBFF66FAFED
:1030C00000232768C4E9003321F0070141F0010122
:1030D0002183218B4FF0000901F0070AAA457FF4F4
:1030E0003FAF002F9BD041F00801218388F3118866
:1030F000BFF36F8F002FC7D03D6839463346524625
:10310000204616F05FF92F46F4E7AB067FF51AAFBD
:1031100025F02003238305F00705FFE6F193010066
:10312000044608B54FF02002EFF3118382F31288B2
:10313000BFF36F8F10F050F9204603F0CDFB03482A
:1031400015F05AFE03F088FDFCE700BFEF240200F3
:103150002DE9F7430F4606460821C06A16F0E2FC47
:1031600080463C68DFF84890241A3C6004EA090570
:10317000AC4203D8002003B0BDE8F08308236A46C0
:103180002146304616F03FFC0028F4D1694630460F
:1031900016F0D2FC40B1BDF80230BDF8042005EABB
:1031A000090513441D443C60A4EB0804E0E700BF9C
:1031B0000000FFFF2DE9F04704468AB000F1140734
:1031C00038461CF018FCA06A8368DB689847E06208
:1031D00050B9864A0121864816F030FC6FF015057B
:1031E00028460AB0BDE8F087A06A8368DB68984784
:1031F0000368013B1F2B01D97E4AEBE7A06A2168D7
:1032000007AA1BF06EFA08B17B4AE3E7A5892DB146
:10321000089BB5FBF3F203FB12550DB1774AD9E7D2
:10322000E389012B01D8764AD4E7E36A029593F843
:1032300004904FF0FF334FF0FF32384612F0B8FDE4
:103240000821E06A16F06EFCA8460646E3891FFADC
:1032500085FA534508D8E389434523D1384612F00F
:103260006BFD6FF02C05BBE7A1892B04891B13FABA
:1032700081F14A4608232046029116F014FC78B1E9
:10328000204602A916F0CDFB08F1010808234A46A2
:10329000204602991FFA88F816F005FC0028DAD0BB
:1032A0000135D3E753450BD1029908234A462046FE
:1032B000891B16F0F8FB18B9204602A916F0B1FBDD
:1032C000204602A9FFF744FF054618B1384612F020
:1032D00033FD85E7029B4FEA13484FEA08486360D5
:1032E000C4F80880D4E9011399420FD3082320467B
:1032F00003AA16F088FB05460028E7D103AB13F8B4
:10330000012B91453DD10135082DF8D16368204648
:103310001B0C1B0402A9029316F083FB4A462046AD
:10332000A389029916F0BFFB051ECFDB63687BD033
:103330004FF6FF7906EB0308A3891FFA88F29B1B5F
:103340009A42CDF8088038D303212E4A284816F037
:1033500075FB2046616816F0CBFB05460028B5D109
:103360006368294AA18913400B44A3EB46036360B9
:1033700013402046A36016F0C3FC0546002D6FD015
:10338000A4E7204603A916F0D7FB626810B9921B88
:103390006260A7E7BDF81050BDF80E10E06AC4F8EF
:1033A0000880294416F0BEFB40449042A060EED154
:1033B000002DECD06FF01C057DE00823414620462F
:1033C00005AA16F020FB054600287FF47FAF2046B3
:1033D00005A916F0B1FB38B1BDF814304B4503D147
:1033E000BDF81830002B6CD0B044A5E72C250200A6
:1033F0007C0E02004E2502006B2502008325020090
:1034000097250200F42502000000FFFF4A462046EF
:103410005B1A16F048FB051EFFF658AF08D0E26AAB
:10342000A36812681344A360D4E901318B42EDD83C
:103430006168A38901EB46029A429FD1DFF8BC8004
:10344000A26801EA08039A4298D0204616F050FB81
:10345000054600287FF43AAF636803EA0803A360D7
:10346000A389A288A3EB46039A4220D0384612F0E3
:1034700063FC0123A2892374E389032100921A4883
:103480001A4A16F0A4FF63689AB200920321184A00
:1034900015481B0C16F09BFFA3689AB200920321FB
:1034A000144A11481B0C16F092FF002598E620469E
:1034B00016F00FFC0546384612F03EFC002DD8D021
:1034C0008EE60D4A0321084816F0B8FA63682046D4
:1034D0001B0C1B0402A9029316F0A3FA20460299C2
:1034E00016F006FB49E700BF7C0E0200BA25020079
:1034F000D1250200E32502001B2602000000FFFF89
:103500002DE9F04F1D46037C04468946904689B05C
:1035100053B90121634A644816F090FA6FF00C0623
:10352000304609B0BDE8F08FC26A0821104616F097
:10353000F9FA82462946104616F0F4FAA38907469E
:10354000A3EB8A03AB42C0F0AA801DB1B8F1000F13
:1035500000F0A58063680393204604AA03A9DDF860
:103560000CB016F021FB06460028D9D1BDF810306A
:103570004B4505D06268039B9A42EDD1E5B9CFE790
:10358000204604A916F0D8FA0028F3D0BDF812009E
:10359000BDF8143075B1AB420ED14FEA1B4109049E
:1035A00001442B464246204616F04AFA002803DC26
:1035B0000646B5E7002BB3D0002F3DD104F114032C
:1035C00001934FF0FF324FF0FF33019812F0F0FB00
:1035D000DFF8D8B0E3899E425ED0D4E90123F91820
:1035E0008A422CD3ADF81A30FF2306A88DF81E307E
:1035F000ADF81890ADF81C5016F04CFA2B46424628
:10360000A168204616F01AFB29468246E06A16F0A9
:1036100089FAA2680244A260BAF1000F07D12046DD
:1036200006A916F045FB002814BF8246AA46019859
:1036300012F082FB564673E75744BFB2BEE708213B
:10364000E06A16F06FFA4FF6FF730021ADF81830FC
:103650008DF81E30A389ADF81C10111802EA0B0278
:103660001A44101A606006A8ADF81A1016F012FA83
:1036700006A9204616F01CFB2046211D16F0D1F9A4
:103680006368204603EA0B03A36016F039FB824609
:103690000028CCD101369DE76FF01B0AC7E76FF019
:1036A00015063DE7182502007C0E02000000FFFF12
:1036B0002DE9FF471E46037C04460F469046BDF8A1
:1036C00030904BB92C4801212C4A16F0B7F96FF015
:1036D0000C0004B0BDE8F0870821C06A16F022FA99
:1036E000A389A3EB4003B34243D30025D4F804A03D
:1036F000CDF804A04D455146DDF804A009D9636812
:1037000053451ED1BDF80830BB421AD06FF00100FE
:10371000DFE7204602AA01A916F046FA0028D8D110
:10372000BDF80830BB4206D1204602A916F004FAC3
:1037300008B10135ADB26268019B9A42DAD15146B7
:10374000E0E7BDF80C30002BE0D0A945DED8BDF88D
:103750000A00090CB3424FEA014128BF3346014435
:103760004246204616F04FF90028B2D1BDF80C00B1
:10377000AFE76FF01500ACE77C0E020018250200E1
:1037800010B530B90B480C4916F092FB6FF01500DC
:1037900010BD836833B90748084916F089FB6FF0FC
:1037A0000400F5E71B6813B1BDE810401847184640
:1037B000EEE700BFA40E02003726020048260200F2
:1037C00010B530B90B480C4916F072FB6FF01500BC
:1037D00010BD836833B90748084916F069FB6FF0DC
:1037E0000400F5E75B6813B1BDE8104018471846C0
:1037F000EEE700BFA40E02003726020048260200B2
:1038000070B508B101B132B90B480C4916F050FB44
:103810006FF0150070BD84680CB1E56835B90648D5
:10382000074916F045FB6FF00400F3E741F8040B7D
:10383000E368BDE870401847A40E02006626020047
:103840004826020010B5044630B91048104916F059
:103850002FFB6FF0150010BD006830B90B480D4903
:1038600016F026FB6FF00100F5E783680BB11B69CA
:1038700033B90648084916F01BFB6FF00400EAE76D
:10388000616898470028E6D12060E4E7A40E0200B2
:1038900092260200A32602004826020070B51346B5
:1038A000044630B91048114916F002FB6FF01500BC
:1038B00070BD006830B90C480D4916F0F9FA6FF088
:1038C0000100F5E782680AB1956835B906480949EB
:1038D00016F0EEFA6FF00400EAE70A46AC466168BB
:1038E000BDE87040604700BFA40E020092260200AF
:1038F000A326020048260200034A13680BB9526847
:1039000013600020704700BF6404002030B50C46EF
:103910000E4985B00291D0F8AC110546CDE90031D1
:1039200000F1E0014FF0FF33204611F079FD50B96E
:10393000012384F86430D5F8A83123B1204605B0BE
:10394000BDE83040184705B030BD00BFA99F010059
:1039500038B50C461146054616F028FB034638B923
:103960002846044916F022FB03460020236038BD98
:103970000120FBE7BE5A02002DE9F04F01238146EA
:103980000569466885B005F56B77D7E8EF2F002A03
:1039900003D1C7E8E13F0029F7D10CBF1A46002246
:1039A00040F0B180B368B16A05F5E4781C1F104699
:1039B00016F081FB84425FD8013A00F09E80B2FA93
:1039C00082F24FF00044D44072682046073222F061
:1039D0000302C5F86022B16A16F06DFBC5F86402F7
:1039E000B36A40466343033323F0030302EB43020D
:1039F000230103EB4403093323F0030303EBC40364
:103A0000C5F858221A440832C5F854227368C5F81C
:103A10005C42C5F850323D4BC5E9A963316800F0FE
:103A2000DFF9044630BBD9F804A0D9F81090DAE9E0
:103A3000073409F5307B012B584608BF103C1CF0B9
:103A400058F90023DAF8240031494FF4806201EB81
:103A5000802100935846234612F080FB09F52C7014
:103A60002C491CF0ECF8DAF8140083685C682CB977
:103A70006FF05704002139E0013298E74B46264A9F
:103A8000DAF81810A04704460028F3D1DAF8140039
:103A900083681B69002BEBD00122DAF818109847D5
:103AA00004460028E6D11D4B2846C5F8A8311C4B1A
:103AB000C5F8AC311B4B0393D5F810320293D5F8FF
:103AC0000832CDE90083D5F86832B26AD5F8A81378
:103AD00000F04EF904460028CCD105F1E00011F0C9
:103AE0004BFD0028C5F8B0030ADB0221384616F06A
:103AF00092FA204605B0BDE8F08F6FF00B04B9E7ED
:103B00006FF01504B6E76FF07704F2E7FF9F01004E
:103B100050650020E59F0100D99F0100293B00006E
:103B20008DA1010047A0010013B5044640B1002358
:103B30000122CDE90032074BD0E9091211F024FC33
:103B4000A36E1B6823B1E06E02B0BDE810401847B9
:103B500002B010BDBE5A020013B5044608462169E2
:103B600001F56B71D1E8AF1F022910D193B1A0B15B
:103B70000121CDE900311346D0E9091211F004FC0E
:103B8000074B984208BF6FF00B0002B010BD6FF0FA
:103B90000F00FAE76FF04C00F7E76FF00100F4E771
:103BA0002EF8FFFF2DE9F74388461546066906F50E
:103BB0006B73D3E8AF3F022B5FD1136823B96FF06B
:103BC000150003B0BDE8F0831B78002BF7D0D6F8C2
:103BD000A893B9F1000F33D106F5D8774FF0FF3233
:103BE0004FF0FF33384612F0E3F830462A6801A957
:103BF000FFF7AEFE019C1CB9384616F00AFADEE764
:103C000005F10803A3666B6984F86490E366E463D6
:103C100060B1384616F0FDF921463046236E2A6819
:103C2000FFF774FE0020C8F80040CAE72022296888
:103C300004F140001CF069FC384616F0EAF9F1E79F
:103C400030460F4916F0B2F904460028B7D005F106
:103C5000080383666B69C063C366002380F8643021
:103C60002022296840301CF050FC224601213046B9
:103C700000F060F80028D5D0A1E76FF00F00A0E7B2
:103C8000BE5A020010B50C46006900F56B73D3E80C
:103C9000AF3F022B0FD189B10A4900F52C701CF0FF
:103CA0000CF820461BF085FB7022002120461CF0FA
:103CB000EFFB002010BD6FF00F00FBE76FF001007D
:103CC000F8E700BF3C2F00202DE9F04F05460E46D7
:103CD00090460027D0F8B0A085B0AAF5AE74214672
:103CE0003046FCF7BFFFE0B9114BA4F1400B029343
:103CF000DAF810303246CDE9008329464FF0FF3321
:103D00005846AAF5CE7911F08BFB60B970230122D9
:103D100003FB079383F86420DAF80C300BB15846A4
:103D20009847703417B105B0BDE8F08F0127D6E78A
:103D3000BBA101001FB5144690B18AB1012912D16F
:103D40000A4B00F1E0010293D0F8AC31403201930C
:103D50004FF0FF332046009311F062FB04B010BD1A
:103D60006FF01500FAE70020F8E700BFBBA10100E3
:103D70002DE9F04387B00E46DDE90E811446DDE9FA
:103D800010251F4630B329B3DFF850C000F1E00919
:103D9000002D08BF65469EB9CDE9034400F5CE74F9
:103DA000204605961BF02AFD03ABCDE900432A46C9
:103DB0003B464146484611F005FC07B0BDE8F0839C
:103DC000002241460E9248462A4607B0BDE8F0431D
:103DD00011F024BD6FF01500EFE700BFC93C0000F3
:103DE000F0B50E46044689B000286FD00123024684
:103DF000C3630023D0F89810364F403040F80C7C55
:103E000042F8301FCDE901334FF0FF330093C36D0B
:103E10001AF0B2FF304A06AB92E8030083E80300D1
:103E2000184611F0C3F90546D8B904F1340011F071
:103E30009FF90546A8B93946284805AA1AF078FF1F
:103E4000054670B9059B9A6872B10C33D4F894009A
:103E5000C4F8A03016F0E2F9C4F8D40030B96FF01D
:103E60000B05284609B0F0BD0346EFE7D4F89400EF
:103E700016F0D4F9C4F8D8000028F0D0D4F88C306B
:103E8000D4F8A010C4F8A8300423C4F8AC30C4F8A7
:103E9000C4300223A362124BB4F89420D4F8D47037
:103EA000C4F8B810C4F8D010D4F89010236204F10C
:103EB000A403A4F8B020C4F8A470C4F8C010A4F8F7
:103EC000C820C4F8BC00A661E362CAE76FF015051C
:103ED000C7E700BFCD260200D80F0200D726020098
:103EE0000C1402002DE9F047044607464FF0010983
:103EF000DFF8508014B93846BDE8F08794FAA4F58D
:103F0000B5FA85F509FA05F32E0108EB05156FEAF8
:103F1000030A24EA03042B7B002BEBD058F806306D
:103F20001B694BB94644736804222846196807EA9E
:103F30000A0700F051FADDE7284698470028D9D152
:103F4000F0E700BF1C0F020030B5002289B00F4916
:103F50000F481CF0E3F8002200230024CDE90623DB
:103F60000E230C4DCDE903344FF440722846CDE9C1
:103F70000144094B0949009411F066FE084928469E
:103F80001BF01EFD204609B030BD00BFA53F00005C
:103F900058170020881200207D4200005069002040
:103FA000DF260200014811F0B1BF00BFD40A002093
:103FB0002DE9F04780461F480F4616F081F9064666
:103FC000002830D000252846BDE8F087237B73B158
:103FD0002368DB680BB12046984723681B69D3B977
:103FE000636804222046196800F0F6F9013610349F
:103FF0004C45EBD3B8F1000FE5D0002DE2D02846B8
:10400000FFF770FF0546002FF7D000214FF4A47092
:1040100012F064FCF1E7204698470028E0D00AFA45
:1040200006F31D43E2E705464FF0010A024CDFF8B4
:104030000C90DDE7742F00201C0F02002C0F0200F3
:10404000014B53F8200070474C14020008B503469A
:1040500008462BB1044A136000F02CFC002008BD78
:104060006FF01500FBE700BF9004002010B5044C72
:10407000237813B9034811F049FF0123237010BDC1
:104080004D500020D40A002010B50446064816F012
:1040900017F93CB1054BD3E8EF1F0139C3E8E21F24
:1040A000002AF8D110BD00BF6C2F0020702F002017
:1040B00000200146034BD3E8EF0FC3E8E21F002ABC
:1040C000F9D170476C2F002070B5FFF7F1FF05465E
:1040D000074C084EB44200D370BD63685B792BB1C6
:1040E00023685B6813B12946204698471034F1E7EE
:1040F0001C0F02002C0F020010B5044C044920468E
:1041000015F026FB034B1C6010BD00BF44090020C6
:1041100038140200642F002008B50023074A4FF42A
:1041200000411370064A07481360074A1360FFF7FF
:104130008DFFBDE80840FFF7DFBF00BF4E500020F5
:104140006C2F0020BDA20100702F0020014600222C
:104150000023014815F01DBB44090020014815F05B
:10416000B6BB00BF44090020024B0146186815F099
:1041700000BC00BF642F0020014815F036BC00BF12
:104180004409002070B5264B1878002847D0FFF767
:10419000E5FF054670B1234BD3E8EF1F0139C3E8B3
:1041A000E21F002AF8D1204C204EB4422DD32846DD
:1041B000FFF7DAFF1E4B1F4C1B68002B19DD1BF0AD
:1041C00066FF4FF47A72A0FB020302FB0131C30BBE
:1041D00043EA4143D4E900209B1A40F2E9324FEA16
:1041E000D13161EB0001934271F1000101D3FFF77E
:1041F0006BFFD4E9003213F57A7342F10002C4E98F
:104200000032BDE87040FFF7B7BF63685B7923B148
:104210002368294620461B6898471034C5E770BDBF
:104220004D500020702F00201C0F02002C0F0200A8
:104230006C2F00205017002070B50D4D297861B902
:104240000120FFF7B5FE0B4C0B4EB44206D3FFF72F
:1042500099FF0028FBD101232B7070BD63685B7947
:104260001BB1236820469B6898471034EDE700BFD8
:104270004E5000201C0F02002C0F020000212DE9DF
:10428000F0470846FFF794FE044658B340F26768CB
:104290004FF000091CF03CFB1B4B1C4A1B581360E1
:1042A00033B11B4B1B68092B02DD1A4811F02EFE9F
:1042B0000025194FDFF85CA044B12046FFF712FE3D
:1042C000044618B94FF0FF384FF0FF39FFF75AFF97
:1042D000064628B9B5B942464B46504611F03CFE59
:1042E0003546E9E74FF0FF384FF0FF39D2E72B684A
:1042F0009B691BB100222846114698471035BD42E4
:10430000F5D3E8E7054DFAE708000000682F002024
:10431000702F0020D40A00202C0F02001C0F020076
:1043200013B5184815F0CCFF174B1B787BB14FF035
:104330002003EFF3118483F31288BFF36F8FFFF72D
:1043400021FF84F31188BFF36F8F02B010BD0F4BB4
:104350001B68002BF9D050B9002200230C48CDE98E
:1043600000234FF40042002312F0B6FCEDE70928C9
:10437000EBD107481BF0DEFE064802B0BDE8104056
:1043800011F0C4BD702F00204E500020682F002077
:1043900058170020D40A002010B5064B04461B68AD
:1043A00098472146A060044815F071FABDE8104016
:1043B000FFF7B6BF9004002044090020044A054BD3
:1043C0009B1AB1EBD30F34BF52F831000020704775
:1043D000A40D02001C0F0200084B10B4C31A44685D
:1043E0001B110133237143689A71012243681960DC
:1043F00043685A715DF8044BFFF738BE1C0F02008A
:104400002DE9F04F8FB0C1F34A2804AF0D46914615
:10441000B8607B600C0DB8F1000F63D000264FF040
:10442000040B4FF00A0A07F11403C7F80C80C7E920
:1044300007667E620193CDF808B0CDF800A007F1C1
:104440001C0332464846F968FEF744FBB0F5006F9E
:1044500003461CD36C468AB0D9F8041004AB264836
:104460001A46C3E9050140F2FF71D9614FF40071AA
:104470001984224B42F8103F4FF412513346204822
:10448000FFF7BEFFA5462C37BD46BDE8F08FC0F351
:104490000A0804F11700184420F0070080083B6068
:1044A000FFF754FE68F35325044690B13B6800F1D2
:1044B0001001C7E9083607F11403F961CDE900A33B
:1044C000CDF808B048460F4AF96807F11C03FEF71B
:1044D00001FB68F353252A4620467B68B96815F02E
:1044E00013FFD0E704F1170020F007008008FFF762
:1044F0002DFE0446EDE700BFF42602000400000193
:10450000AC0E0200DDA201000EB403B503AB53F8FC
:10451000042B01460448019302F004FE02B05DF84A
:1045200004EB03B0704700BF1BA40100CA0605D40A
:104530008B064CBF02490349FFF7E6BF704700BF37
:10454000BD5A0200BC5A02002DE9F04F8BB09B46C9
:10455000DDE918769DF8543004460593DDE916939D
:104560000693059B0D460892002B00F0878006F00D
:104570000103099306F00803079315F0ADFE06F05A
:10458000020A0246002849D020468449FFF7BCFFB2
:104590008046BAF1000F08D016F0440F40D12A46E9
:1045A00020467F49FFF7B0FF8044099B5BB17D4BFC
:1045B000059A204653F822207B4B7C49002A08BFED
:1045C0001A46FFF7A1FF079B002B55D0784B059AA1
:1045D000204653F822207749FFF796FF0546089BAF
:1045E0002BB11A4620467449FFF78EFF0544BBF1F4
:1045F000000F05D05A4620467049FFF785FF054455
:104600004544B9F1000F48D1002F4ED1F30700F116
:10461000BF8031462046FFF789FFB3E08046B8E708
:10462000674B18680028BFD0664B4FF47A7E1B6832
:104630004FF46162B5FBF3F5B5FBF0F300FB1355E6
:104640000EFB05F5B3FBF2FAB5FBF0FC3C2102FBD7
:104650001A3200FB1C55B2FBF1F30EFB05F5B5FB5E
:10466000F0F501FB132220460092CDE901C5524628
:104670005549FFF749FF97E7079DB0E7BBF1010FE9
:1046800006D1B9F1000F64D1002F7BD000250CE0DA
:10469000B9F1000FF8D04D485CE04D484B4622463A
:1046A0004C4914F0D8FA002F68D0DFF83891DFF8C1
:1046B00038A1102F31462046B8464FF0000B28BFD6
:1046C0004FF01008FFF732FF5D4545DC069B514671
:1046D00020461A78FFF718FF4FF0010B1BF0070F69
:1046E00003D149462046FFF70FFFD8453BD9069B2B
:1046F0005146204613F80B20FFF706FF0BF1010B84
:10470000BBF1100FEAD14FF0000B20463249FFF702
:10471000FBFE5A46069B20469A5CA2F120015F29C7
:1047200028BF2E222D49FFF7EFFE0BF1010BBBF145
:10473000100F1DD01BF0070F03D149462046FFF78D
:10474000E3FED8455A46E5D849462046FFF7DCFE49
:10475000EBE71F48059DA1E749462046FFF7D4FE39
:104760000BF1010BB0E720461D49FFF7CDFEC5E771
:10477000069BB7EB0807434406939AD1059B002B91
:104780007FF444AF20460BB0BDE8F04F15F038BEC3
:104790002046054A0549FFF7B7FE3AE738270200E9
:1047A0003C2702005C14020033270200525702002B
:1047B0007014020061270200672702006B270200C5
:1047C0007C2F0020782F00204527020049A40100FB
:1047D0001BA4010025710000762702007827020043
:1047E000865A0200885A0200702702002DE9F04123
:1047F0000F884B6805460C4690468E6886B0C7F316
:1048000082175BB1144A9B1A43F3CF01002920DBC6
:104810002078C0F3C200FFF7D1FD0346214651F8CE
:10482000102B6088C2F34A22002A01EB020408BF61
:1048300000210022C0F30B10CDE90408CDE90214D9
:104840002846314601970092FFF77EFE06B0BDE88C
:10485000F0810023E2E700BFA40D020042F20F73D3
:1048600073B58B4228BF0B46056804460521684690
:104870000D4A12F0ABFC0646636828460B225B68C3
:104880000A4915F0B0FD63683246694628465B6800
:1048900015F0A9FD63681B2228465B68044915F0E2
:1048A000A2FD02B070BD00BF49550200972702006B
:1048B0007B27020000210123064A904206D8064ABF
:1048C00001B901231360054B1860704701214008AE
:1048D0005B00F2E740420F00782F00207C2F002081
:1048E000F8B50D460446064F4618B44201D1284695
:1048F000F8BD14F8011BBB6801485B689847F4E7F2
:10490000280A0200014B036000207047B81402001F
:1049100070B5114B0D461C68DCB1104B19680023B3
:104920008B4202DB6FF0010070BD224612F8106B63
:10493000864202D014460133F2E7E06810B96FF006
:104940001200F1E71AF074FF0028F8D000202C6064
:10495000EAE76FF00C00E7E7D804002044150200F6
:1049600070B588B005460C46C0B269461646FFF7DA
:10497000CFFF00281BDB0098C8B143682268029370
:1049800083680195CDE903360023CDE9062305931D
:10499000C56815F08FFD6DB12846084901AA19F0C8
:1049A000A4FE079808B9059B236008B070BD6FF09E
:1049B0001500FAE76FF01200F7E700BFB7A4010097
:1049C0001FB507240294044C0194BDF818400094CC
:1049D00018F0C0FE04B010BD2A0900202DE9F041F6
:1049E0000F4B05461C680E461746ACB14FF0FF3220
:1049F0004FF0FF330B4811F0DBF963683246D3F810
:104A0000088029463B462046C0470446054811F029
:104A100093F92046BDE8F0816FF00104F9E700BF8B
:104A2000AC2F0020940A002000230360044B5A6836
:104A300012B9C3E90000704710605860704700BFAA
:104A4000B02F0020014B1860704700BFAC2F002032
:104A5000002330B585B00546CDE9023301904FF013
:104A6000FF334FF0FF320B4811F0A2F90A4B1C68DC
:104A70004CB9284600F0E0F80446064811F05CF90D
:104A8000204605B030BD636820461B6801A99847E1
:104A90002468EDE7940A0020B02F00201FB5CDE96F
:104AA000010103924FF0FF334FF0FF32094811F03C
:104AB0007FF9094B1C682CB9064811F03DF92046D6
:104AC00004B010BD636820461B6801A9984724689C
:104AD000F1E700BF940A0020B02F00200022024B13
:104AE000C3E90022704700BFB02F00200022024B14
:104AF000C3E90022FFF7F2BFB82F00202DE9F743EA
:104B000007460C4609B100230B6000261E4DDFF856
:104B100080904D450FD31D4B1D6885B355F8148CFF
:104B20003846414601AA143D15F008FD10B3D6B928
:104B300014BB2E461EE0D5F800803846414601AA37
:104B400015F0FCFC50B116B954B92E4606E000220F
:104B50004046316815F0F2FC0028F5D11435D8E74D
:104B6000019B2360F1E700224046316815F0E6FC26
:104B70000028DDD16D69D0E7019B2360D9E730467D
:104B800003B0BDE8F08300BF2C0F0200B82F002057
:104B9000A40F02002DE9F04784B002AFD7F82890A7
:104BA00004460D46164698467860B9F1000F07D0C6
:104BB000D9F8001031BBD9F804A0BAF1000F28D100
:104BC0002046391DFFF79AFF08B3D0F808904346F6
:104BD000324629467868C847C8B16D468AB002AAED
:104BE000124BD061C2E905344FF400731384104BAB
:104BF00042F8103F00234FF411510E48FFF700FC1C
:104C0000AD4604E03A1D15F099FC0028D3D10020F0
:104C100007E0D9F8083032460093294643467868C1
:104C2000D0470837BD46BDE8F08700BF0528020021
:104C300004000001FC0E0200F8B506460025174CE2
:104C4000174FBC4208D3174B1C682CB3143CB6B9A1
:104C5000E368E3B96469F8E72EB9E3685BB928460D
:104C600005461434EDE700223146206815F066FC55
:104C70000028F2D1F3E79847002DF0D1F0E70022A9
:104C80003146206815F05AFC0028E1D1E2E7984748
:104C9000002D08BF0546DDE72846F8BD2C0F0200B1
:104CA000A40F0200B82F002038B50C4D4FF0FF3391
:104CB0004FF0FF320A4811F07BF82B783BB9FFF731
:104CC00015FF00F06DF8044610B901232B70002485
:104CD000034811F031F8204638BD00BF5050002085
:104CE000940A00202DE9F04706468946048FDFF834
:104CF000ACA0013498B0A4B200F10807651EADB2B3
:104D0000B5F5004F47D04A23294605AA384615F085
:104D1000C8F804F57F543F34A4B2804621460123ED
:104D200038460DF10B0215F0BCF8B8F1000F014642
:104D300010DC002810DC338FAB4209D132466B1EE9
:104D400022F8383F4FF4004102233846FEF7D8FBE3
:104D50002C46D3E7002808DC2946384615F09DF894
:104D60002146384615F099F8E5E708F160030DEBA8
:104D700003080023524608F84C3C05A8CDF80090E3
:104D800003AB0397ADF81040FFF704FF0028DFD016
:104D900018B0BDE8F0870020FAE700BFADA501001C
:104DA0007FB50125694628460195FFF7B1FD044608
:104DB00060BB284602AA01A9FFF7D2FD044610B144
:104DC00010F10C0F22D10399B1F5803F23D20023BB
:104DD0001846009A9468084484421AD30133082B79
:104DE000F9D10E4DA982EB8253682846AB60D36897
:104DF000EB6315F073FC044640B9094E28466E601B
:104E0000FFF712FE28466E60FFF71CFE204604B036
:104E100070BD9BB2E5E76FF02004F7E7C02F0020DC
:104E2000B4040020F8B50C780646012C0D4619D0C4
:104E3000022C1DD014BB154F0A21384615F06FFC0B
:104E4000092806D91249134815F080FC6FF00B00B1
:104E5000F8BD3B6803EB800232602A6843F82020EB
:104E60002046F5E700210C4815F059FC0B49EAE70C
:104E700000210B4815F053FC0A49E4E705480A49AC
:104E800015F064FC6FF01500E2E700BFD0040020CD
:104E90002A280200FC0D02000830002047280200EA
:104EA000003000206428020082280200002213B58E
:104EB0000446019210B1026802B139B9144815498B
:104EC00015F044FC6FF0150002B010BD4268C368D5
:104ED0009A4206D30E48104915F038FC6FF01B00BB
:104EE000F2E701A8FFF79EFF0028EDD1D4E90013F7
:104EF0005A1C626014225343084CCA18CC50084B09
:104F0000C2E90130019BD3604FF480331361DBE7CA
:104F1000FC0D020094280200A62802009808002038
:104F2000FFD5010000232DE9F74F894615460446B9
:104F3000019310B1036803B14AB93149314815F002
:104F400005FC6FF01506304603B0BDE8F08F4368EE
:104F5000C2680233934206D92B492A4815F0F6FB62
:104F60006FF01B06EFE7DFF8B4A00A21504615F0FA
:104F7000D6FB0928074606D92449224815F0E6FB46
:104F80006FF00B06DFE7DAF800B029680BEBC0081A
:104F900001A8FFF747FF064640B11D49DAF80400B3
:104FA000A8EB0101C90815F0D5FBCCE71421DDF809
:104FB00004E04BF837E0A8F8040088F80690D4E93C
:104FC00000035A1C4B43134F6260C750C218124B68
:104FD000C2F80C80C2E901364FF480331361D4E982
:104FE00000835A1C62602C4601FB03FC0FCC08EBCB
:104FF0000C070FC723683B6048F80CE0A3E700BF2D
:1050000094280200FC0D0200A6280200C12802001C
:105010001430002094080020BDD70100C8040020EF
:105020000023F7B50C460546019310B1036803B1A0
:1050300041B91F491F4815F089FB6FF0150630462E
:1050400003B0F0BD1C49206816F0DCF908B91B4913
:10505000F0E71B49206816F0D5F90028F7D0194968
:10506000206816F0CFF90028F1D06A68EB689A4200
:1050700006D315490F4815F069FB6FF01B06DEE7F4
:10508000216801A8FFF7CEFE06460028D7D1D5E952
:1050900000C77B1C6B6014235F430FCC0CEB070530
:1050A0000FC523682B60019B4CF80730C7E700BF92
:1050B00094280200FC0D020098080020E728020056
:1050C0009408002090080020A628020038B518B1E6
:1050D00005680DB101B132B91048114915F036FB20
:1050E0006FF0150038BD4368C468A34206D30B486F
:1050F0000C4915F02BFB6FF01B00F3E75C1C4460C0
:10510000142043430848EC18606008486282C4E9F0
:1051100002010020064A2082EA50E3E7FC0D02006B
:1051200094280200A6280200D1D50100C1E10000A8
:1051300090080020F8B5044600254FF0FF334FF0EB
:10514000FF3280690E4615F015FB231D53F83520FC
:105150007AB954F8352062B904EBC5070022002360
:105160003946E06910F004FD30B97E6054F835002E
:10517000F8BD0135032DE9D10221044A044815F098
:1051800013F9A06915F0F8FA0020F1E729290200C7
:10519000CC0D0200F8B504460D464FF0FF334FF03A
:1051A000FF32806915F0E6FA63689D4210D0E3682B
:1051B0009D421ED063699D421DD002210F4A1048B6
:1051C00015F0F2F8A06915F0D7FA6FF01500F8BDE8
:1051D0000026002554F83610E06904EBC6071AF0E3
:1051E000C3FB44F836507D60A06915F0C5FA284627
:1051F000EDE70126EDE70226EBE700BF45290200B7
:10520000CC0D020038B504460D464FF0FF334FF089
:10521000FF32806915F0AEFA63689D420FD0E368F3
:105220009D4210D063699D420FD00221084A09486F
:1052300015F0BAF8A06915F09FFA002038BD0023D8
:1052400054F83300FAE70123FAE70223F8E700BF36
:1052500076290200CC0D02002DE9F047CD68914679
:105260006A781E4C02EB4202A4EB82042C440746EF
:10527000884686B00146D4F84C029A46FFF7C2FF32
:10528000064648B91649174815F02EFB6FF010086E
:10529000404606B0BDE8F087AB7841460293EA7815
:1052A000C369384613440193BDF838304A46009329
:1052B000534618F04FFAAB68804643B1CDF81090D2
:1052C000AA7839468DF8142004A800229847314660
:1052D000D4F84C0215F065FADAE700BF80FEFFFF54
:1052E000A12902001C0E02002DE9F74F1C469DF873
:1052F000343080469B079246BDF830B03BD4CE6830
:105300001E4D7378014603EB4303A5EB830535443B
:10531000D5F84C02FFF776FF074648B918491948F7
:1053200015F0E2FA6FF01004204603B0BDE8F08FEC
:10533000B2780BEB040393421ADCC369F27851464E
:1053400003EB020909EB0B0022461BF07AF8B36865
:1053500043B1CDF80090B27841468DF804206846FC
:10536000012298473946D5F84C0215F01AFADBE7C6
:105370006FF00604F6E76FF00504D5E780FEFFFF47
:10538000A12902001C0E02002DE9F047CD689146CC
:105390006A781E4C02EB4202A4EB82042C440746BE
:1053A000884686B00146D4F84C029A46FFF72AFF99
:1053B000064648B91649174815F096FA6FF01008D6
:1053C000404606B0BDE8F087AB7841460293EA78E4
:1053D0008369384613440193BDF838304A46009338
:1053E000534618F0B7F9AB68804643B1CDF810903A
:1053F000AA7839468DF8142004A80022984731462F
:10540000D4F84C0215F0CDF9DAE700BFC0FEFFFF7B
:10541000A12902001C0E02002DE9F74FCE681C46A0
:1054200073781F4D03EB4303A5EB83053544014619
:105430008046D5F84C029246BDF830B0FFF7E2FE48
:10544000074648B91749184815F04EFA6FF010048E
:10545000204603B0BDE8F08FB2780BEB0403934213
:105460001ADC8369F278514603EB020909EB0B0061
:1054700022461AF0E6FFB36843B1CDF80090B27847
:1054800041468DF804206846012298473946D5F8F0
:105490004C0215F086F9DBE76FF00604F6E700BF73
:1054A000C0FEFFFFA12902001C0E02002DE9FF47EC
:1054B0006FF00F04D1F80C800F4698F82D100646B7
:1054C000C1EB0111A4EB810444440146D4F84C0221
:1054D00091469A46FFF796FE054648B9104911488D
:1054E00015F002FA6FF01006304604B0BDE8F08700
:1054F00098F82F303946029398F8302043693046A7
:1055000013440193BDF830304A460093534618F0D7
:1055100021F929460646D4F84C0215F042F9E3E792
:10552000A12902001C0E02002DE9F047D1F80C80E1
:105530000646A8F50E790146D9F84C0217461C46D6
:10554000BDF820A0FFF75EFE054640B91549164894
:1055500015F0CAF96FF010042046BDE8F087BAF1E3
:10556000000F18D1012C19D8387848B1012807D07C
:105570006FF005042946D9F84C0215F012F9EBE753
:10558000D8F800300BB131469847224639462846B4
:105590001AF057FFEEE76FF00604EBE76FF00C042C
:1055A000E8E700BFA12902001C0E020008B503496C
:1055B000034815F099F96FF0100008BDA129020009
:1055C0001C0E02002DE9F04FD1F80C800546A8F51D
:1055D0000A790E4687B00146D9F84C0217469B4619
:1055E000FFF710FE044648B91649174815F07CF934
:1055F0006FF01006304607B0BDE8F08F4FF0010A9B
:1056000000F111030193BDF84030314600933A4652
:105610005B462846CDF808A018F09CF8D8F804306E
:10562000064643B18DF814A000222946D8F804306C
:10563000049704A898472146D9F84C0215F0B1F810
:10564000D8E700BFA12902001C0E02002DE9F74F88
:10565000CF680646A7F50A790146D9F84C0290466C
:105660001C46BDF830B0FFF7CDFD054648B91549D9
:10567000154815F039F96FF01004204603B0BDE865
:10568000F08F0BEB0403012B18DC00F1110A22460A
:1056900041460AEB0B001AF0D4FE7B6843B10122AD
:1056A0008DF80420314668467B68CDF800A0984705
:1056B0002946D9F84C0215F074F8DEE76FF00604BD
:1056C000F6E700BFA12902001C0E0200F8B505464E
:1056D000D0F84C02FFF72EFD044630B9204821498E
:1056E00015F002F96FF00B00F8BDD5F84C3200212F
:1056F000DB693C265A691AF0CBFE2346012203F8E7
:10570000202BC4E9053395F83C110022052928BF58
:10571000052105F13F008A42A36912D3E36195F8A0
:105720007C210023052A28BF05220C2605F5A1703F
:1057300093420DD3D5F84C02214615F032F80020E3
:10574000D2E706FB02F7C75D01323B44A361E2E703
:1057500006FB03F1475CE16901333944E161E7E7A6
:105760001C0E0200BB29020010B5D0F84C02FFF756
:1057700011FD044618B10349034815F0B5F8204659
:1057800010BD00BFF62902001C0E02002DE9F04FEB
:10579000B1F8B8310446B3F5007F0D4689B000F288
:1057A0005482D1F8BC310026C0F83832D1F8C0316B
:1057B00003A9C0F8403241F612038DF80C60ADF831
:1057C0000E30FFF773FB42F64E23ADF80A3002AB02
:1057D0000393C74B06210493C64B03AA059304F514
:1057E0000E7306934FF44033204607938DF80860FC
:1057F000FFF798FB4FF49872291D04F110001AF07E
:1058000020FE94F83C31A246052B28BF0523B34661
:105810000193019B0AF13C07B34200F2128104F5A7
:10582000A076324605F59A7305F5BA7853F8041B4D
:10583000434542F8041BF9D14FF0000994F87C313C
:10584000CB46052B28BF05230193019B4B4500F256
:105850006B8104F5C076324605F5DA7B58F8041BF7
:10586000D84542F8041BF9D14FF0000894F8BC2148
:10587000C246052A28BF05220192019B434500F23A
:105880009C8142F64B2300264FF48038D5F8B411A2
:10589000ADF80A30C4F83012DBF8041002AB04F59E
:1058A0000C720393944BC4F83412069202212046E2
:1058B00003AACDE904368DF80860CDF81C80FFF707
:1058C00031FB95F8D0315BB3012384F8483242F6BE
:1058D0003323ADF80A3002AB0393884B04F5E0772D
:1058E000122103AA2046CDE90436CDE906788DF8C9
:1058F0000860FFF717FB63682C22013B84F8EC314A
:10590000D5F8C4313146C4F8F03138461AF0C0FD3C
:105910007B4B032239462046C4F8E031FFF7D6FB23
:1059200095F8D131002B4DD0012384F8493242F64D
:1059300022230026ADF80A3002AB0393714B04F525
:10594000FA77CDE904364FF48033122103AA2046BA
:1059500007938DF808600697FFF7E4FA63682C2236
:10596000013B84F82032D5F8C8313146C4F82432DE
:1059700038461AF08DFD644B03223946C4F81432C0
:105980002046FFF7A3FB42F63223ADF80A3002AB04
:1059900003935E4B0E2104935D4B2046059304F563
:1059A0000A7306934FF4403303AA07938DF80860F7
:1059B000FFF7B8FA6368013B84F82832D5F8CC3198
:1059C000C4F82C322B8803AA84F844321B0A84F8CA
:1059D0004532AB78022184F84632EB78002584F812
:1059E000473242F64A23ADF80A3002AB0393494BE3
:1059F0002046CDE9043504F5117306934FF4803346
:105A00008DF808500793FFF78DFA42F64C23ADF856
:105A10000A3002ABCDE903353F4B0421059304F571
:105A20000F7306934FF40033204603AA8DF80850F5
:105A30000793FFF777FA204609B0BDE8F04F08F06A
:105A40005FBF97F8058042F64D2208F01508B8F1BF
:105A5000010F38BF4FF001084FF0000902AB03936C
:105A60002E4B0AF1100A1221ADF80A20204603AA93
:105A7000CDE90439CDF818A08DF80890ADF81C9048
:105A8000ADF81E80FFF74EFA3C2000FB064062682E
:105A90004946013ABA7087F804B02C227E70103063
:105AA0001AF0F6FC1E4B514647F80C3C48EA4802F7
:105AB0002046FFF70BFB42F6081202AB0393194B8B
:105AC000204603A9CDE90439ADF80A208DF80890E5
:105AD0000697ADF81C90ADF81E80FFF7A1FAFA7892
:105AE000BA460BEB020301365FFA83FB91E600BF77
:105AF00049A901002955000017A80100F1A80100DB
:105B0000D3A70100A1A90100E9A70100C555000024
:105B10004D560000FFA70100A9A80100AD540000E8
:105B2000BDA7010033A8010042F64D224FF0000A44
:105B3000777902AB17F0150F0393484B08BF47F076
:105B4000010717F02A0F0493454B08BF47F00207DF
:105B50000E21ADF80A20204603AACDE90536ADF89E
:105B60001E708DF808A0ADF81CA0FFF7DBF9626885
:105B700002AB013A327142F608120393394B86F8B0
:105B800003B086F80190204607F0150703A9CDE978
:105B9000043AADF80A2006968DF808A0ADF81CA0CE
:105BA000ADF81E70FFF73CFAB27809F101090BEB72
:105BB00002035FFA83FB0C3647E642F64D224FF0B4
:105BC0000009777902AB17F0150F0393264B08BF36
:105BD00047F0010717F02A0F0493244B08BF47F042
:105BE00002070A21ADF80A20204603AACDE90536AE
:105BF000ADF81E708DF80890ADF81C90FFF792F983
:105C0000626802AB013A327142F608120393184BF4
:105C100086F803A086F80180204607F0150703A93F
:105C2000ADF80A200696CDE904398DF80890ADF854
:105C30001C90ADF81E70FFF7F3F9B27808F1010877
:105C400052445FFA82FA0C3617E60A490A4814F001
:105C50004BFE6FF0790009B0BDE8F08F895300006A
:105C6000195400005BA8010059520000E9520000DD
:105C700081A80100372A02001C0E02002DE9F04F16
:105C80003C2606FB020A06FB02068BB098469DF8EE
:105C900050301746019396F83E30026803EB8303B9
:105CA00096F83FB002EB8309019B04469B450D46E5
:105CB0000AF1100A56D1002942D18B46D4F84C0281
:105CC0005FFA8BF114F05AFD0646C8B1012249462D
:105CD000406817F0F8FD70B13C2303FB07433268BE
:105CE00093F840305569DAF834001D44424629469D
:105CF000019B14F082FE3168D4F84C0214F051FD7F
:105D00000BF1010BBBF1030FD8D1002D56D01C2293
:105D1000002103A81AF0BCFB3C2303FB074797F8BC
:105D20003F300020ADF81830159B03A9CDE9049849
:105D3000079309F067F9054628460BB0BDE8F08FD8
:105D400001224946284617F0BEFD002839D02946D1
:105D5000D4F84C02FFF756FA074630B91A491B48E7
:105D600014F0C2FD6FF01505E6E796F840104069A3
:105D70005B4642460144DAF8340014F03EFE1C2231
:105D8000002103A81AF084FB96F83E30226803EB4A
:105D9000830302EB830296F83F3003A9ADF8183075
:105DA000159B2846CDE90428079309F02BF93946BD
:105DB0000546D4F84C0214F0F4FCBDE76FF03C0546
:105DC000BAE76FF00C05B7E7A12902001C0E02002C
:105DD0000449431E0F3013F8012F8A5C83421A7066
:105DE000F9D17047702A0200F0B50746264E8DB0F3
:105DF00001AD0C460FCE0FC50FCE0FC596E80700BC
:105E000085E807003846002F39D0002C39D0381FDC
:105E10000246214610344B780D781B0443EA056393
:105E2000CD7804312B4311F8025C8C4243EA052300
:105E300042F8043FEFD10421144C8A07036916D1BC
:105E4000C3F30742A55C1A0EA25C42EA0562C3F3E3
:105E50000725655DDBB2E35C42EA054242EA0322C4
:105E600021F0030330336B4453F82C3C534050F87B
:105E7000042F013153402C290361DED101200DB0E4
:105E8000F0BD2046FBE700BFE00F0200702A0200D1
:105E90002DE9F04F002703689DB003934368DFF8B6
:105EA000B0A104938368DDE903460593C3680693B4
:105EB0000369DDE905BE0793436908938369DDE95A
:105EC000072C0993C36998460A93099B0193CD59FE
:105ED0000CAB2DBA5AF8049BDD514FEAF223A944CA
:105EE00083EAB213019D83EA72634B4425EA0205FB
:105EF00002EA0C0985EA09052B44434486EA0B05AE
:105F00004FEA743888EAB408254006EA0B0985EAA6
:105F1000090588EAB458A844043703EB0E05402F5E
:105F20004344DE46DDF8048000937FD14FF0100A31
:105F3000464B0B9351460AF1010A1CAB0AF00F07BE
:105F400003EB870757F8403C01F00F094FEAB348CD
:105F500001F10E070931029388EAF31801F00F01ED
:105F60001CAB03EB810103EB890907F00F0751F824
:105F7000401C03EB870759F8403C57F8407C194414
:105F8000029B4FEAF74E88EAD3088EEA774E8EEAF4
:105F9000972E414471444FEAF52E0B9B05EA020807
:105FA0008EEAB51E2CEA05078EEA756E87EA0807A9
:105FB000774453F804EF49F8401C77440F440B939F
:105FC0000199009B39444FEA733E84EA06078EEA42
:105FD000B30E1F4004EA06088EEAB35E87EA08079C
:105FE0007744BAF1400F01EB0B0E0F44B346CDF8E6
:105FF00004C023D1039B00993B440360049B0B44E2
:106000004360059B23448360069B3344C360079B26
:1060100073440361089B2B444361099B13448361D0
:106020000A9B6344C3611DB0BDE8F08FB346CDF851
:1060300004C026469446009C2A4648E794462646D5
:106040002A46009C7546009774E700BFB41502000D
:106050007815020010B50446C8B17022002114F072
:10606000F3FC0B4B0B4A0C49C4E900230B4B0C48C7
:10607000C4E902130B4BC4E9040301200A4BA361DA
:1060800003F17453A3F52303A3F69243E36110BD18
:1060900085AE67BB67E6096A72F36E3C3AF54FA5B9
:1060A0007F520E518C68059BABD9831F014810F0BD
:1060B0004DBF00BF7816020038B5044618B90F4B23
:1060C0000F485B6898476168B1F5683F10D0B1F53B
:1060D000680F0DD00B4DA9420AD011F468612068F9
:1060E00007D00146084819F03FFC00232360656093
:1060F00038BD14221AF0CCF9F9E700BFF4070020EC
:10610000702B02002C5F5CA96835002008B560B3D5
:106110004368B3F5683F0ED0B3F5680F18D0144A42
:10612000934220D000684FF0FF324FF0FF330FF062
:106130003FFE58B115E001220368D3E8EF1F0029A4
:1061400003D1C3E8E02F0028F7D10AD1002008BD11
:106150000368084A1B7803F5807352F82330002B3C
:10616000F4D00548F3E70548F1E76FF4E040EEE7C7
:106170002C5F5CA900000350E98FFFFFEA8FFFFF4F
:1061800008B520B34368B3F5683F09D0B3F5680F8D
:1061900013D0114A93421DD000680FF0CDFD14E0DA
:1061A00000220368D3E8EF1F012903D1C3E8E02FE1
:1061B0000028F7D109D0094808BD00210368084A22
:1061C0001B7803F5807342F823100020F4E76FF486
:1061D000E040F1E70348EFE72C5F5CA9E98FFFFFA0
:1061E00000000350EA8FFFFF10B5044618B91D4B9D
:1061F0001D485B6898476368B3F5683F2FD0B3F5D7
:10620000680F2CD0194A934219D1236803BB4FF071
:10621000FF324FF0FF33214615480FF0A9FC08B9B3
:1062200023681BB90F4B13485B6898471422002161
:1062300020681AF02DF94FF46863636008E0B3F545
:10624000683F0DD83A2B03D040F6BA629342DED1B4
:10625000206819F0D0FB636843F03A03636010BD17
:10626000054AF3E7F4070020702B02002C5F5CA9BD
:1062700068350020962B02003A00003A08B506491E
:1062800040231422054819F061FBBDE80840044989
:10629000044810F0CDBE00BF6830002068350020F3
:1062A00080160200941602002DE9F84F80460C4635
:1062B00000AF002965D0D1E90012E9468AB0A36891
:1062C0006D464FF0050A2E463148C5E90723C5E95A
:1062D000050146F810AF002332464FF421512D48F6
:1062E000FEF78EF8D4E90312CD466369AD462A481D
:1062F000C5E90723C5E90501C5F810A0002332460A
:106300004FF421512348FEF77BF8CD46E369012184
:10631000224A204814F051F8264600254FF00A0A78
:10632000DFF884B0E946D6E908E0D6E90A138EB072
:106330006A46C2F81CE005F1010EC2E908E0A81C9B
:10634000C2E90A01E91CC2E905B5C2E90C1342F829
:1063500010AF002345F240010E480435FEF750F817
:10636000102DCD4606F11006DCD1236E01210C4A1A
:10637000084814F022F8A36901210A4A054814F0DC
:106380001CF8214640460FF05FFABD46BDE8F88F85
:10639000C32B0200EC0E0200F22B0200212C0200A3
:1063A000732C0200822C0200302C020030BFFFF759
:1063B000FDBF00BF114B124A2DE9F041D518013D38
:1063C000B5FBF3F5DFF844805D430E4B074608EB61
:1063D0000304013CB4FBF3F403FB04540E1B3046EE
:1063E00009491AF02EF8701942460021083E1AF0A9
:1063F0004FF87E6704F10800BDE8F081010000005D
:106400000000000004000000A40F020008000000CB
:10641000044B99689869884203D003494FF0805231
:106420000A607047BC3D002004ED00E070B52A4CC6
:1064300006460D4629482A4914F05CFFA36ADB068C
:1064400047D52648274914F055FF1120A36A1C0799
:1064500004D52248244914F04DFF12201E4CA36A93
:10646000990712D521491D4814F044FF636BA26AB5
:10647000120609D501211E4A184813F09EFF1EB1CD
:10648000A36A23F08003A3621320134CA36ADE07E0
:1064900004D51248174914F02DFF1420A36A9C0656
:1064A00004D50E48144914F025FF15200A4B9A6AAA
:1064B000D10658BF9A6A9A6A920642BF5A6A22F473
:1064C00000525A629A6A42F0FF029A6200232B70CD
:1064D00070BD1020BAE700BF00ED00E0EC0E020036
:1064E000B02C0200C62C0200F92C02000C2D020078
:1064F000242D02003A2D0200592D020010B5244C23
:106500002449254814F0F6FEA36A99013ED5224895
:10651000224914F0EFFE1E20A36ADA0104D51E48BA
:106520001F4914F0E7FE1F20194CA36ADB0204D5B3
:1065300019481C4914F0DEFE0220A36A1C0304D58E
:106540001548194914F0D6FE2120114CA36A5903AD
:1065500004D51148154914F0CDFE2220A36A9A03F0
:1065600004D50D48124914F0C5FE2320084CA36A37
:10657000DB0304D508480F4914F0BCFE2420A36AAD
:106580006FEA03436FEA1343A36210BD1D20C3E704
:1065900000ED00E0882D0200EC0E0200A02D0200AC
:1065A000B32D0200CD2D0200F72D0200152E0200A2
:1065B0003A2E0200542E020070B5294C06460D46B4
:1065C0002848294914F096FEA36AD9043CD52548E9
:1065D000264914F08FFE1720A36A1A0504D5214816
:1065E000234914F087FE18201D4CA36A9B0512D581
:1065F0001C48204914F07EFEA36BA26A100409D542
:1066000001211D4A174813F0D8FE1EB1A36A23F4D6
:106610000043A3621920124CA36A590504D51148FE
:10662000164914F067FE1A20A36ADA050ED50D4844
:10663000134914F05FFE1B20094A936A43F47F4319
:10664000936200232B7070BD1620C5E7A36A9B04DC
:10665000F2D504480B4914F04DFE1C20ECE700BFB6
:1066600000ED00E0EC0E02007F2E0200952E0200ED
:10667000F92C0200A62E0200BF2E0200D42E02002A
:10668000EF2E0200592D02002DE9F0419CB0624B23
:106690000546D3F80480002600AFC8F3080486F34B
:1066A0001188BFF36F8F02F07F43B3F17F4F07D1A3
:1066B00002F00C03082B12D15849594814F01AFE65
:1066C000002635460023FB71E31E092B00F2838070
:1066D000DFE803F00A797C7681818181817F100770
:1066E0004CBF0D460126EDE74E494D4814F002FE21
:1066F0000023494CFB71E36A9A0705D54A4948488B
:1067000014F0F8FD002432E0E36A002B01DA474977
:10671000F5E7E36A5B00F5D54549414814F0EAFD29
:106720006369AA6943F480736361BFF34F8FBFF35A
:106730006F8F636932F8022C23F480736361BFF3B7
:106740004F8FBFF36F8F4DF602739A4208D0A36A42
:10675000DBB243B30120F91DFFF768FE044606E0F3
:106760002B680121334A2E4813F027FE2C68FB7951
:10677000ABB96822294607F1080019F062FE7B6A6E
:10678000002E44D0C3F3080222B96FEA53236FEA04
:1067900043237B62204607F10801FFF785FD703730
:1067A000BD46BDE8F081A36A13F47F4F04D00120F9
:1067B000F91DFFF701FFD1E7A36AB3F5803FA1D32D
:1067C000FFF79CFECAE70020F91DC5E70020F91D70
:1067D000EFE7194993E7194A18F4F87FE8468AB0B9
:1067E000174B18BF13466A461649103CC2E90513F9
:1067F0004FF400731384144BD46142F8103F00230C
:106800004FF411510648FDF7FBFDC5467AE723F426
:10681000FF7323F00103BCE700ED00E0352F020019
:10682000EC0E0200602F0200772F0200982F02006A
:10683000A62F0200C52F0200E12F02001C2F02002C
:10684000072F02000530020004000001044B5A69C2
:1068500042F010025A615A6942F480625A617047EC
:1068600000ED00E0EFF30880EFF3098101B5724617
:10687000FFF70AFF01BD00BF002080F31488BFF3BB
:106880006F8F002080F30A8880F30B8800F002FEEF
:1068900000200E490860BFF34F8F0D4880F3088831
:1068A00000F03EF8202080F311880A484FF4006180
:1068B000401880F30988EFF314800221084380F325
:1068C0001488BFF36F8F00F027F9000094ED00E00B
:1068D000B89D002078900020BFF34F8F0549064BEC
:1068E000CA6802F4E0621343CB60BFF34F8F00BF6E
:1068F000FDE700BF00ED00E00400FA0500231846A4
:106900000649D1F89020C2F30722934200DB70477A
:10691000C1F89830C1F8A0000133F6E700ED00E0BF
:1069200010B572B6002484F31388FFF7E7FF2346FF
:106930004FF0FF300C4A03F120010133102B42F8D5
:106940002100F8D100234FF0FF30074A03F1600126
:106950000133102B42F82100F8D162B6BFF34F8FFC
:10696000BFF36F8F10BD00BF00E100E0084B9B68D4
:1069700083420BD1EFF3058343B1064B5A6842F0D3
:1069800080525A605A6A22F400425A6219F021BBBE
:10699000BC3D002000ED00E06FF00A01084A93685A
:1069A000D967084998674B6843F080534B600023D0
:1069B00083F31188BFF36F8F9368D86F704700BF60
:1069C000BC3D002000ED00E025498A6882F8C1E066
:1069D0004FF030001044EFF3098C80E8F01F1EF0F8
:1069E000100F03D102F1800080EC108A202080F388
:1069F0001288BFF36F8F1B4F4FF000668A698A6061
:106A00003E604FF0740414192068174C206092F90E
:106A1000C1E0906F0023936780F311881EF0100F80
:106A200003D00023E1EE103A03E002F1800090EC85
:106A3000108AEFF3148323F0040383F31488BFF365
:106A40006F8F02F1300090E8F01F8CF3098802F19B
:106A5000000004B514F056FCBDE804407047000087
:106A6000BC3D002004ED00E0843500201EF0040F42
:106A70000CBFEFF30880EFF30980816911F8021C65
:106A80000229FFD001B514F02AFC01BD40B2002854
:106A900007DB01234109034A00F01F00834042F84D
:106AA0002130704700E100E040B200280CDB0122F9
:106AB0000649430900F01F008240203341F823209B
:106AC000BFF34F8FBFF36F8F704700BF00E100E04F
:106AD000054B420953F82220012300F01F0003FA5E
:106AE00000F01040704700BF00E100E040B2002815
:106AF00001F10101ACBF00F16040064B4FEA4111CA
:106B0000C9B2ABBF00F5614000F00F0080F8001380
:106B10001954704714ED00E0144A08B5144B22F0E4
:106B20007F029A60BFF34F8FBFF36F8FD3F8882037
:106B300022F47002C3F88820D3F8882042F4A0021F
:106B4000C3F888204FF04042C3F83422BFF34F8F80
:106B5000BFF36F8F0023E1EE103A0EF029FF0FF024
:106B6000EFFE00F0AFF80EF06DFF00BF0000000078
:106B700000ED00E042F8203C009B0D4942F81C3C2F
:106B8000019B21F0010142F8183C029B42F8081CCD
:106B900042F8143C4FF0807342F8043C00238367B2
:106BA0004FF47D43203A0265C0F8C030704700BF03
:106BB000D12E0000114B9B6883421BD1EFF305805F
:106BC000C0B94FF02002EFF3118182F31288BFF3B6
:106BD0006F8F1A7B22F002021A73EFF3148323F0F3
:106BE000040383F31488BFF36F8F81F31188BFF31D
:106BF0006F8F70476FF01500704700BFBC3D0020DD
:106C00000023E1EE103AEFF3148323F0040383F33F
:106C10001488BFF36F8FBFF36F8F0A4B446F986078
:106C2000094B1C60436E83F30B88104681F309887F
:106C3000002163B681F31188BFF36F8F0022002318
:106C4000FCF746F9BC3D00208435002001491022A4
:106C50000A60704710ED00E072B6404080F3118882
:106C6000BFF36F8F01B500F013FB00280AD0BFF30C
:106C70004F8F30BF00BF00BF00BF00BF00BF00BFCD
:106C800000BF00BFBDE8014062B6BFF36F8F704721
:106C900072B6494081F3118801B500F0F9FA002875
:106CA0000AD0BFF34F8F20BF00BF00BF00BF00BF9F
:106CB00000BF00BF00BF00BFBDE8014080F31188E6
:106CC00062B67047002320210348C2180133452BC8
:106CD00082F80013F9D1704700E100E001B5EFF34D
:106CE0000580A0F110004FEAC0000449014409C921
:106CF0009847BDE80140024908470000A00A020089
:106D0000116400001FB5094C094A234601210948B6
:106D100000F00AF900230393074B0121E41A01A8AC
:106D20000193029400F00AF904B010BD000007209E
:106D300000000020A4160200B00C002010B50C7A50
:106D40000B6804F01F0223F01F031A43CB68640989
:106D500023F01F03054943EA440343F00103C1F84C
:106D60009800C1F89C20C1F8A03010BD00ED00E0F3
:106D7000072810B508D901210346054A054813F034
:106D80001CFB6FF0150010BDFFF7D8FFFBE700BF3D
:106D90001C300200CC0E02002DE9F04F894614464B
:106DA00006464FF00008514D85B0C84527DAD6F8A1
:106DB00004A0BAF1000F44D0BAF11F0F17D91AF08E
:106DC0001F0F14D1D6F800B01BF01F0F0FD158467B
:106DD00014F09CFA07460AEB0B00013814F096FAFF
:106DE000874210D06FF01507414A3B4601E0434609
:106DF000404A0121404813F0E0FA6FF015042046A4
:106E000005B0BDE8F08F17F1160FEDD0BC42EBDDF9
:106E1000C5F89870D5F89C10C5F89870D5F8A030D2
:106E200021F01F0143F01F0BD6E900321A449942AA
:106E300002F1FF3A1DD1D34507D13146F8B214F023
:106E40006EFA08F101080C36AFE73146C5F89870C4
:106E5000D5F89C3022F01F0203F01F031343C5F83E
:106E60009C30E0B214F05BFA10F1160FC5D0441C50
:106E7000E7E7C5F89870D5F8A020013B23F01F0381
:106E800002F01F021343D3453146E0B2C5F8A030EB
:106E9000E8D014F044FA10F1160FAED0C5F898708F
:106EA000D5F89C209DF808300BF1FF3B62F30403FA
:106EB0008DF80830D5F8A0309DF808205B0863F302
:106EC00047128DF80820D6E900321344009323F0CE
:106ED0001F035B44A3EB0A03013023F01F03694641
:106EE000C0B20393FFF744FFBEE700BF00ED00E030
:106EF0006530020042300200CC0E02000522044B35
:106F0000C3F89420BFF34F8FBFF36F8F704700BF5C
:106F100000ED00E0BFF35F8F0022024BC3F8942026
:106F2000704700BF00ED00E010B5034C2278FFF77A
:106F300033FF207010BD00BF515000202DE9F74FE6
:106F4000294D8A4606464FF00008AB46274FD045EC
:106F50001BDAD6F80490B9F1000F3FD0316808462B
:106F6000019114F0D3F90199044609EB01000138AD
:106F700014F0CCF984424FF014021D4B08D002FBF0
:106F800008F36FF015024BF8032003B0BDE8F08F53
:106F900014F1160F2C60F8D01978A142F5DD02FB30
:106FA00008B0C7F89840C7F89840D7F89C4000F15F
:106FB0000801007B64F304000871D7F8A0000C7985
:106FC000400860F347140C71D7F89C1021F01F01A2
:106FD0006960D7F8A01021F01F01296108F10108AC
:106FE00014350C36B3E700BF8835002000ED00E013
:106FF00051500020F0B53A4D87B02C68082C6CD861
:107000000020FFF787FF374B374AC3F8C020844280
:107010000DD1364D01A82C70FDF774FC00240646F6
:10702000334FA6420AD1FFF769FF002053E0696899
:1070300001EB0011FFF782FE0130E8E70199200122
:1070400001EB0413DA683A40B2F5001F22D0B2F522
:10705000800F2CD0B2F5801F36D15A689B68095832
:10706000013B22F01F0003440120844623F01F034C
:1070700040EA4C10CDE902218DF8100002A92878D1
:107080000593FFF775FE002823DB2B7801340133CD
:107090002B70C6E75A689B680958013B22F01F0015
:1070A00003444FF0020C012023F01F03E0E75A686D
:1070B0009B680958013B22F01F0003444FF0000C6D
:1070C000022023F01F03D3E701210A4A0A4813F0E4
:1070D0006BF96FF0150007B0F0BD4FF0FF30FAE725
:1070E000B016020000ED00E0AAFF4400515000205D
:1070F0000000F0FF88300200CC0E020008B5024B01
:107100001B689847002008BD9C350020034B044AAB
:107110001860937843F00203937070479C35002009
:10712000FC040020F0B587B007460E461446002147
:10713000102268461D4619F0ABF902238DF8023083
:10714000054B2A4621466846CDE90476019310F0A6
:1071500069F907B0F0BD00BF51B3010008B504489C
:1071600011F04AFE404080F311884FF0020002DF28
:10717000B930020008B50649064821F00701C1F1FF
:10718000005202F5E02212F099F8002008BD00BF7D
:10719000E7D20020A035002000F01F0240090DD0EA
:1071A00001280DD1094B03EB8203D3F8002222F012
:1071B000E04242EA0171C3F800127047044BF2E763
:1071C0000023803253F82230FFDE00BF00288450B5
:1071D0000025845038B50124134B144DC3F80045E5
:1071E00002230321C5F8D0360020FFF7D5FF204643
:1071F0000321FFF7D1FFC5F804472146C5F804492C
:107200002120C5F8004BFFF7C7FF21462020FFF7DC
:10721000C3FF21460B20FFF7BFFF21460A20FFF7DF
:10722000BBFF002038BD00BF0010005000400050E0
:1072300007B50DF1070017F0BBFB114B98421CD1AD
:107240004FF480620F4B1049C3F8B8254FF4006229
:10725000C3F83C259DF8070017F096FB0B499DF8F5
:10726000070017F08CFB01209DF8073098400CF0C8
:1072700015FA002003B05DF804FB6FF00B00F9E78E
:107280000000AD0B00A002502CA0025028A102501B
:10729000052370B5144D154E2C780134B4FBF3F36F
:1072A00003EB8303E41A17F058FB114A137823B158
:1072B00056F82430C01A072814D94FF05023D3F8B9
:1072C000141141B10021C3F81411D3F814312C70FA
:1072D0000CB9012313702C7817F03FFB46F82400FB
:1072E000012070BD0020FCE753500020AC35002089
:1072F0005250002048B1054B054A1B68B3FBF2F31E
:107300005843044B43F00103184770472C070020F3
:1073100040420F008010020070B5049CC4F30726A1
:1073200030460BF0DFFEE5B20146284617F038FB89
:1073300000220120074BA40B04F0FC041A51A840C2
:107340000CF0B2F930460CF001F82846BDE8704068
:107350000CF09EBA80A0025073B501A80CF092FA0E
:10736000264B984247D10BF0D3FF041E0ADA9DF852
:1073700004000CF08DFA01212346214A214813F024
:107380001CF835E040F607031F4D8DF80540AE6848
:10739000ADF806307468019B14B96FF05704EAE742
:1073A00008212846194AA047041EE4DB3369002B54
:1073B000F3D00122082128469847041EDBDB012078
:1073C0009DF8043098400CF069F99DF805009DF88F
:1073D00004509DF8076017F0ABFA0146284617F0F5
:1073E000D3FA0B4BB60045F000459D51002CC2D19D
:1073F000204602B070BD6FF01204BCE70000AD0B78
:10740000DB3002000C0F02003C0A02001574000081
:1074100080A102502DE9F341144683681B690BB12A
:1074200000229847C4F3072630460BF063FE05465A
:10743000304617F07DFA4FF00008E7B201463846B3
:1074400017F0B2FA104B220E920043F80280304639
:107450000BF048FE0D4A4FEA943C0CF0FC0C47F050
:10746000004342F80C300146384617F088FA084BC2
:1074700005F132020093304643460194520017F062
:1074800060FA02B0BDE8F08180A1025080A00250F5
:10749000197300000BF0DABF1022174B70B5C3F858
:1074A00040244FF47F03D3F83021D3F83431072A36
:1074B0001BD1023B032B02D8104AD35CABB14FF077
:1074C0005024012600250520C4F81866C4F8145677
:1074D00017F053FA3046C4F8146617F04EFAC4F8A1
:1074E0001456C4F81856002070BD4FF050230022E7
:1074F000C3F81426F7E700BF003000500C3102003B
:107500000E4B402928BF402170B51D460C4C461833
:10751000B04203F1020304D1002305F811300748FB
:1075200070BD02781209A25C03F8022C10F8012B3E
:1075300002F00F02A25C03F8012CE9E77250002070
:107540008831020030B503788BB0044607AD032BB9
:1075500021D8DFE803F0021A1C1E12492846F9F769
:107560008BFB059563781E210493A3780E4A039341
:10757000E3780E4802932379019363790093A3790A
:107580000FF024FE09480BB030BD0949E6E7094970
:10759000E4E70949E2E70A212846084A0FF016FE07
:1075A000DFE700BF43310200653102005450002084
:1075B0004A310200513102005B310200334F0200B8
:1075C000F7B5054616461F461E4CD4E8AF3FDA070E
:1075D0001DD538B901211C4A1C4812F0E5FE6FF098
:1075E000010015E001A912F0CDFF19490246284615
:1075F00018F079FF0028F2D1D4E8AF3FC3F3C005FB
:107600001B0707D50221134A104812F0CDFE0020B7
:1076100003B0F0BDD03C0E2221463846B0470628C4
:107620000BD801210C4A094812F0BEFE0E22294651
:10763000204618F02DFFA573E9E70723B0FBF3F010
:10764000A073E4E7D0000020A03102004C0E02003D
:1076500058310200C1310200E53102002DE9F0414C
:1076600088B0DDF838809C795D791E79DF7893F8F1
:1076700002C093F801E01B78B8F1000F0ED0CDE9FD
:107680000638CDE904CE1346CDE90267CDE90045C1
:10769000084A0FF09BFD08B0BDE8F081CDE905E395
:1076A000CDE9037C1346CDE90156034A00940FF05F
:1076B0008DFDF0E70A3202002E32020010B5FDF710
:1076C000F3FA044628B101210346034A034812F0A5
:1076D00074FE204610BD00BF4F3202004C0E020067
:1076E00070B504461E4615468CB0A2B129B10A46B3
:1076F00002A8042111F005FB02A900912B462246A5
:10770000242103A8FFF7AAFF3146109A03A8FDF72A
:1077100065F90CB070BD03462421044A03A80FF09C
:1077200055FD0028F0DA6FF01500F2E77432020020
:1077300007B50B4B0B489A7BC2EBC20200920022AA
:107740001146FFF7CDFF034638B10121064A07482D
:1077500003B05DF804EB12F030BE03B05DF804FB3B
:1077600000000020583102007A3202004C0E020064
:1077700030B5044615468DB092B129B10A4602A82B
:10778000042111F0BEFA02A900912B4622462421C1
:1077900003A8FFF763FF03A812F0CCFE0DB030BDC5
:1077A00003462421044A03A80FF010FD0028F2DA52
:1077B0006FF01500F2E700BF7432020007B50093C6
:1077C00013460A4601460348FFF78AFF03B05DF8F7
:1077D00004FB00BFAB4C02000A4601460148FFF71C
:1077E000C7BF00BFAB4C020007B5009313460A4663
:1077F00001460348FFF774FF03B05DF804FB00BFC8
:10780000A54C020007B5009313460A4601460348FB
:10781000FFF766FF03B05DF804FB00BF8A4B020070
:1078200007B500220346009103481146FFF758FFB1
:1078300003B05DF804FB00BF1F4B020008B502480F
:107840000EF086FC002008BD0C050020F8B5194D8F
:10785000D5E8AF3F13F0010F2E4628D015F8C23CF3
:10786000A5F1D0078BB901F0A5FD044630B1012187
:10787000114A124812F098FD2046F8BDBB7B23B98F
:1078800001F0F2FD04460028F1D1D5E8AF3F5A07D8
:1078900001D401F071FAD6E8EF3F23F48032C6E854
:1078A000E12F0029F7D1DB0301D5FFF7C7FF002443
:1078B000E2E700BFD0000020953202004C0E02002B
:1078C00007B5009313460A4601460348FFF708FF31
:1078D00003B05DF804FB00BF495102000A460146AF
:1078E0000148FFF745BF00BF4951020030B50024F1
:1078F000094D0A4B85B028460293039418F0F9F914
:1079000002AB284600934FF4A3620A2304490EF009
:1079100025FC204605B030BD90170020C83202007B
:10792000506C0020014601480EF08EBC90170020DC
:10793000014601480EF0B8BC90170020037830B51E
:10794000012B13D0022B27D07BB90A46184B03F129
:10795000100453F8045BA34242F8045BF9D11B788E
:10796000137043884B731B0A8B7330BD0A46104B50
:1079700003F1100453F8045BA34242F8045BF9D10D
:107980001B7813704368C3F307224B731B0CCB7334
:107990001B0A8A730B74E8E700F1100350F8042BFC
:1079A000984241F8042BF9D103780B70DDE700BF52
:1079B000D1320200012838B505460CBF06480748F9
:1079C00016F055FC044620B101210C3016F0B7FC2E
:1079D0002576204638BD00BFFC0B00204C0B002054
:1079E0000246002070B50B460A49D1E8EF4FC1E8C6
:1079F000E50F002DF9D124B9BDE870400120FFF753
:107A0000D9BF01212082217604F10C0016F097FCE9
:107A1000204670BD4001002070B504460F2C0D4675
:107A20001046194605D80D2C0DD9BDE87040FFF75A
:107A3000D7BF132C07D10C4816F019FC044638B9EF
:107A40000024204670BD02460B4645B10748F3E7C7
:107A500001210C3016F073FC01232376F1E701209D
:107A6000BDE87040FFF7A6BF800C0020D00B0020BF
:107A7000C36802211B78024A024813F066BD00BFAA
:107A8000EA320200040E020038B5C368B3F80140C0
:107A90001B7893B90F21204603F04EF8054668B9CC
:107AA0006FEA045003236FEA1050084A32F8021BB1
:107AB00009B922F8020C013BF8D138BD012102F0CE
:107AC0002FFF2846BDE8384014F092B9FC3F002053
:107AD0002DE9F041C5682E78CEB9B5F801700F21B7
:107AE000384603F029F8044638B93B46BDE8F04172
:107AF0000121084A084813F028BDEB78314603738A
:107B000002F00EFF2046BDE8F04114F071B9BDE867
:107B1000F08100BF12330200040E020010B5C368EA
:107B20000121B3F80140204603F006F838B9234696
:107B3000BDE810400121044A044813F006BDBDE829
:107B4000104014F055B900BF38330200040E020093
:107B500010B5C36801211C88204602F0EDFF38B93A
:107B60002346BDE810400121034A044813F0EDBC50
:107B7000BDE8104014F03CB938330200040E020096
:107B8000012110B50C3016F024FCBDE8104003783C
:107B90000121024A024813F0D8BC00BF5C33020046
:107BA000040E0200014610B5084816F067FB0849AC
:107BB000084818F071F8031E06DABDE810400121EC
:107BC000054A064813F0C1BC10BD00BF44010020A7
:107BD00080050020401900207E330200040E0200C0
:107BE0000121024A024813F0A3BC00BF9B330200EC
:107BF000040E020070B5C5680121B5F80160304679
:107C000002F09AFF044638B93346BDE870400121BE
:107C10000B4A0C4813F099BC2B783BB9D5F80330CC
:107C2000C0F8AD30D5F80730C0F8B130201D4FF4A2
:107C3000805113F07FFC2046BDE8704014F0D8B8A6
:107C400038330200040E02000B46B0B50D8A00AFB7
:107C500004462946D868FFF753FC8AB06A46094BA8
:107C6000C2E90750C2E9053440F202439384064B4F
:107C700042F8103F00234FF432510448FCF7C0FB98
:107C8000BD46B0BDB533020005000001040E020080
:107C900037B502EBC303934204D103B0BDE83040D3
:107CA000FFF7D2BF144614F8085B854211D10B8A46
:107CB00054789C4207D901210090074A074812F0E6
:107CC00086FB03B030BD0846536803B0BDE83040C2
:107CD00018472246DFE700BFD7330200040E020038
:107CE00010B5012104460C3016F073FB2146BDE8A7
:107CF00010400C23014A0078FFF7CABF701702003A
:107D000073B53D4816F0D0FA0446002871D0017EC4
:107D1000012945D0032969D1038A032B02D8374AA8
:107D2000012141E004210C3016F053FBFF2342886F
:107D300006886376238AC6F30B009A42608309D0D3
:107D4000012100922E482F4A12F041FB204609F0F3
:107D5000CDFA12E00F2102F0EFFE054610B9638B59
:107D6000294ADDE702F028FF21466076320B2846DB
:107D700002F0A4FC284614F03BF8244BD3F844311D
:107D8000002B36D02249234817F086FF031E30DA35
:107D90000121214A1A4802B0BDE8704013F0D5BB5A
:107DA000038A012B04D81D4A154813F0CEFBCDE7FA
:107DB00002210C3016F00DFB0546007813F08DFB08
:107DC00083070CD440F69B23154A1649164811F038
:107DD000B6FB404080F311884FF0030002DF06231A
:107DE0002146124A2878FFF753FFAFE70B46104AA7
:107DF00096E702B070BD00BF44010020F9330200D5
:107E0000040E02001A3402003E340200000000207A
:107E100080050020401900207E33020060340200FB
:107E20007C340200B0340200DE340200401702004D
:107E3000FB3402002DE9F04383B0064602AF907A8E
:107E40008846144609F0A8F93D4D85421AD0A47A17
:107E5000E846204609F0A0F98AB002AA394BC2E9E7
:107E60000740C2E905360623556242F8103F002359
:107E70004FF442513448FCF7C3FAC5460437BD46B7
:107E8000BDE8F083204609F08FF94FF00C092F4D23
:107E900009FB00504388B3420DD0204609F084F915
:107EA00009FB0050438802210093294A33462648A3
:107EB00012F08DFAE2E7274ED6F8400120B109F022
:107EC00015FA0023C6F84031204609F06DF90C265A
:107ED00006FB00504368ABB1B8F1000F12D1204649
:107EE00009F062F9012106FB00504268D2E9000363
:107EF000127A03F01F06B1405B09DAB100EB830090
:107F000013F018FB204609F04FF90C2606FB005031
:107F10008368002BB2D0204609F046F9704305F87B
:107F20000080204609F040F906FB0055A8680DF0D6
:107F3000EDFFA3E7C94300EB830013F014FBE1E777
:107F4000540C00200F350200040E0200C035002042
:107F5000443502000000002038B5042104460C30EE
:107F600016F037FA4578017822464088FFF762FF1D
:107F700025B1BDE8384002480DF0C8BF38BD00BF8C
:107F80002801002070B5032104460C3016F021FAB8
:107F900040F635420578B0F80100E36890421B785E
:107FA00006D1BDE870400221074A084813F0CDBA57
:107FB00022461946FFF73EFF25B1BDE87040044850
:107FC0000DF0A4BF70BD00BF77350200040E0200A3
:107FD000280100202DE9F84F0123D0F80C80018AF8
:107FE00098F8004000AF03EB84038B427DD96D46C7
:107FF0008AB06A46C2E9073105233E48C2E9050452
:1080000042F8103F00234FF421513B48FCF7F8F9A8
:10801000AD46BD46BDE8F88F5B460121374A36487C
:1080200013F093FA013598F800309D42F1DA08EB2D
:108030008503B3F801B00F215846B3F8036002F08E
:108040007BFD04460028E7D000F1280B16B34FF063
:108050002003EFF3118283F31288BFF36F8FE3697C
:108060006BB1013BE36182F31188BFF36F8F204650
:1080700002F0EAFA013E0DF049FFB6B2E6E76369A5
:1080800063B982F31188BFF36F8F012152461A48FA
:1080900013F04EFA204613F0ABFEC3E7A16918684F
:1080A0008B42606108BFA06182F31188BFF36F8FBC
:1080B0004FF02002EFF3118182F31288BFF36F8F2C
:1080C000DA68E261C3F80C90C3F80090626A4AB9BA
:1080D000C4E9083381F31188BFF36F8F58460EF05F
:1080E00037F8C4E713606362F4E70025DFF810A0F7
:1080F000A94698E7AD350200040E0200D73502000C
:10810000F335020073B5C5680121B5F8016030464A
:1081100002F012FD044640B933460121284A29489D
:1081200002B0BDE8704013F010BA2B78061D1A2B70
:1081300019D1C378012B2AD14FF48061304613F056
:10814000F9F942050FD4D4F8A03069460093D4F869
:10815000A8302046019314F051FA204602B0BDE841
:10816000704013F045BE2B788BB9B5F80330A4F8F6
:108170009E30B5F80530A4F8A430B5F80730A4F85F
:10818000A6306FF48071304613F0EDF914E0D6E8B4
:10819000AF3FDB05F5D52B78202BF2D194F8AC302E
:1081A000002BEED0013B84F8AC304FF4203200239A
:1081B00004F158000EF072F8204602F01FFDCCE7E3
:1081C00038330200040E020010B5C1E900239DF807
:1081D00008300C460B7208F0E7FF0C22024B02FB42
:1081E00000335C6010BD00BFC03500202DE9F047B2
:1081F0004FF0FF324FF0FF33064617480F4616F098
:1082000036F84FF00008044600F10C0A01215046F0
:1082100016F095F8204684F8188008F0C5FF4FF056
:108220000C090E4D09FB00504680204608F0BCFFAB
:1082300009FB0050C0F80880204608F0B5FF09FB94
:10824000005503215046C5F8048016F07CF80680DE
:1082500087702046BDE8F087540C0020C035002010
:108260002DE9F041074615460C4688B021B9FFF7C5
:10827000BDFF0446002854D002AE01220021304642
:1082800017F057FC204608F08FFF0C23DFF8BC8066
:1082900003FB00808660204616F01FF80146244844
:1082A00016F019F84FF4A022304600230DF054FECA
:1082B000064688B140F24B131E4A1F491F4811F071
:1082C0003EF9324639461E4811F039F9404080F3F4
:1082D00011884FF0030002DF204608F065FF0C23F1
:1082E000584318F80060A6B102213B46154A1648CB
:1082F000009612F06CF8204608F0F8FF092E13D013
:108300000D2E0CBF6FF00B006FF0040008B0BDE83D
:10831000F08115B12C600020F8E7204608F0E6FF58
:10832000F9E76FF06800F1E76FF06E00EEE700BF6D
:108330004C0100207C3402000A360200DE340200C8
:10834000133602003F360200040E0200C035002042
:1083500073B506460D4642F22F00002101AAFFF731
:108360007FFF044638B10121084A094813F0E0F8BC
:10837000204602B070BD0198C368B3F80120328076
:10838000B3F803302B8008F0B1FFF1E75B36020051
:10839000040E0200F7B5144B054693F995300C46D0
:1083A000002B1DDA14B9204603B0F0BD082C4FF0A5
:1083B000000142F2180001AA264628BF0826FFF74E
:1083C0004FFF0028F0D1019F3246F968284601315D
:1083D00018F037F8384608F089FF3544A41BE1E768
:1083E0006FF08500E0E700BF000000202DE9F047B6
:1083F00088B08E4BB0F80190198849F470429142D0
:10840000054602AF1BD0598891421AD099889142F3
:1084100019D1022200214FF0010A23F8121000F0B6
:10842000DFFE2C7894B13C2C05D023460221804AF3
:10843000804813F08AF81837BD46BDE8F08700225F
:10844000E8E70122E6E74FF0000AE8E7EB7805F1FC
:108450000408012B08BF784B404608BF93F86940D9
:1084600013F037F8414648B307F1100013F026F82F
:1084700005F1110107F1090013F070F801233B72B7
:10848000EB78012B28D04046FFF75CF86C4688B0AB
:1084900002AA6A4BC2E905304FF400739383684B1C
:1084A00042F8103F00234FF4E2516248FBF7A8FF67
:1084B0001321A546484613F06FF8BCE7204613F099
:1084C000EDF9014607F1100013F041F8414607F1BC
:1084D000080013F03CF8D3E7574E052296F86900E0
:1084E00007F1100102F0DAFC044640B904225549B4
:1084F00096F8690002F0D2FC04460028C3D020465A
:108500000022B5F8013007F1100120F8883B13F084
:108510001EF8B5F81730A4F89E30B5F81930A4F855
:10852000A430B5F81B30A4F8A630EB782273012BE9
:10853000E37011D107F1080104F18F0013F007F87F
:1085400005F10B0104F1970013F008F8D6F8E430B8
:108550005B0601D501F09AFB0721204602F0E0F905
:10856000BAF1000F03D00121204602F0D9F92046CC
:1085700013F074FC637B072B51D1231DD3E8AF3F6D
:10858000DD0420D4E3781BB196F8D83018071AD54B
:10859000022142F21600FFF729FE0546002842D0CC
:1085A00002210C3015F0CFFE2388002203802946DB
:1085B00042F21600FFF754FE034620B10121224A81
:1085C0001C4812F0C2FF96F8D930D9070DD5022306
:1085D00000211A462046009113F017F8034620B1F7
:1085E00001211A4A134812F0B0FF96F8D8309A06C3
:1085F00015D5D6F864319B689B0710D5B91D381D79
:10860000FFF7A6FE58B92046FA88B98812F0DFFFB6
:10861000034620B101210E4A064812F096FF20467B
:1086200013F0E6FB07E76FF06803C7E7FC3F0020A5
:108630007B360200040E0200000000209436020087
:108640000300000129310200B0360200D1360200D9
:10865000E836020070B4C178012923D103780BBB3E
:10866000124A92F8D930DB061CD592F824301BB19F
:1086700092F84330A3B90B46C3EB431125315C019B
:10868000114400F11C0550F8046BA84241F8046B3A
:10869000F9D1E41A012300882244088082F82430AA
:1086A00070BC704770BCFFF7A1BE00BF0000002087
:1086B00000B5C16889B00B7801A88DF80030B1F819
:1086C00001300431ADF8013011F8013C8DF8033070
:1086D000B1F80730ADF81730B1F80930ADF81930FE
:1086E000B1F80B30ADF81B304B7B8DF81D3012F01C
:1086F0002EFF07490DF10B0012F030FF0DF11100B4
:1087000012F02CFF6846FFF7A5FF09B05DF804FBE7
:108710003D31020029289ABF014B185C092070479F
:108720007039020070B5C3680F21B3F801601D787D
:10873000304602F001FA044638B93346BDE87040CD
:108740000121174A174812F000BF65B12846FFF70C
:10875000E1FF29460246204602F0F8FA2046BDE82D
:10876000704013F045BB8678012EEFD108F02EFA49
:10877000204612F0C4FE0028E8D10520FFF7CAFF0A
:1087800005210246204602F0E1FA3146064A054834
:1087900012F0CEFE0521204613F069FBDEE700BF94
:1087A00012330200040E0200043702002DE9F041EA
:1087B000C6680F21B6F801703578384602F0BCF96A
:1087C000044638B93B46BDE8F04101211B4A1C482C
:1087D00012F0BBBE65B12846FFF79CFF2946024652
:1087E000204602F0B3FA2046BDE8F04113F000BB8A
:1087F0008278F378012AC37205D00020FFF78AFF40
:1088000000210246ECE70BB108F0E0F9204612F037
:1088100076FE0028F1D10520FFF77CFF05210246F6
:10882000204602F093FA0121064A054812F080FE24
:108830000521204613F01BFBD5E700BF12330200D1
:10884000040E020004370200024BD3F864315B6966
:10885000184700BF0000002038B505460C4619B97E
:10886000FFF7C4FC0446C8B140F635439D420FD122
:108870002046FFF7E9FF054640B1034601210948BC
:10888000094A12F062FE204608F030FD284638BD45
:108890002146064815F01FFD0025F7E76FF0680533
:1088A000F4E700BF040E02002A3702004C0100204A
:1088B0002DE9F0410446458B477E807A08F06CFC38
:1088C0006169064649B1637ADA0704D4436A2046EF
:1088D0001B689B689847002363612146304617F068
:1088E0001AF9244B93F884309B0641D5384602F0A0
:1088F000C3FC044638B93B46BDE8F04102211E4A9C
:108900001E4812F022BE437B073B012B09D91B48AE
:1089100002211B4A12F00CFE2046BDE8F04113F084
:1089200067BA13F065FA052140F63540FFF75EFCA3
:10893000044630B9BDE8F0410121124A0F4812F057
:10894000F7BD00F10C070121384615F0FCFC0126AB
:1089500004210670384615F0F6FC00230580867069
:10896000C3702146BDE8F04140F63540FFF774BFC3
:10897000BDE8F081000000204C370200040E020028
:1089800075370200A1370200F0B5C56801212F88B4
:1089900087B0BCB2204602F0CFF8064640B9234665
:1089A0000121264A264807B0BDE8F04012F0CDBDAF
:1089B00002ACD5F80220D5F80630019469890091FF
:1089C00015F058FA40B3122142F21A00FFF70EFCDC
:1089D000054648B901211B4A194812F0A9FD304645
:1089E00013F006FA07B0F0BD12210C3015F0ABFC05
:1089F0000346224623F8027B06AF144603CCBC4252
:108A000018605960224603F10803F6D1294642F264
:108A10001A00FFF721FFE2E7022142F21B00FFF7F5
:108A2000E5FB04460028D5D002210C3015F08BFC64
:108A30002146078042F21B00EBE700BF38330200FB
:108A4000040E0200C437020073B5C368D9789A785F
:108A50001E8842EA0122ADF8002059791A79B4B291
:108A600042EA0122ADF80220D9799A79204642EAF9
:108A70000122ADF804201A7A5B7A012142EA03232D
:108A8000ADF8063002F058F8054658B901211C48E7
:108A900023461C4A12F059FD0221204612F001FE25
:108AA00002B070BD694602F0E9F838B91E212046CF
:108AB00012F0F7FD284613F09BF9F1E70E2142F280
:108AC0002000FFF793FB04460028F3D00E210C3062
:108AD00015F039FC00230680C0F80A30BDF80030DC
:108AE00021464380BDF802308380BDF80430C38046
:108AF000BDF80630038142F22000FFF7ADFED9E752
:108B0000040E0200383302002DE9F84F484FDFF819
:108B10004C8107F11409FB6848466FF39433FB60FE
:108B200001F0ACFE451C4FF0FF324FF0FF332946F9
:108B30003F480EF00BF960B140F6183342463D490C
:108B40003D4810F0FCFC404080F311884FF00300DA
:108B500002DF374EDFF8F4B015B90DF03DFEDAE76D
:108B6000F368C3F38633022B51D9042B59D1337BDD
:108B7000002B4FD100220023304815F07DFB044626
:108B800060B940F6AA2342462D492B4810F0D7FC85
:108B9000404080F311884FF0030002DFDFF8C0A0EF
:108BA0004FF0FF324FF0FF3326480DF0D5F9DAF8D9
:108BB00040215AB1244A0121244812F0B9FCDAF8C4
:108BC000400108F093FB0022CAF84021204615F02E
:108BD00084FBCAF840012046FFF736FE0346B0B1D9
:108BE00001211B4A194812F0B0FC16480DF08EF90D
:108BF000204608F0D9FA0C22164B1F2102FB003048
:108C000022464088FFF716F9204608F06FFB14361D
:108C1000013DA1E7012BFAD13069383802F074FA2E
:108C2000F5E7022158460C4A12F08FFCEFE700BF2F
:108C30001C0500200A360200DE3402004C01002030
:108C40007451020028010020DB370200040E0200EC
:108C50002A370200C0350020F63702007C340200BB
:108C6000000000202DE9F041044600F10C063046DA
:108C700015F0BFFBB4F810800546B8F1010F0AD813
:108C800043460121184A194812F05FFC2046BDE80E
:108C9000F04108F02BBB3046022115F09AFB074645
:108CA000007812F01AFCC20706460CD440F6CA63DC
:108CB0000F4A1049104810F042FC404080F31188E0
:108CC0004FF0030002DF052321460C4A3878FEF7F7
:108CD000DFFFB307DAD56369A4F8108013FA85F5CE
:108CE000E560BDE8F08100BF60340200040E0200C0
:108CF0007C34020017380200DE340200181702002C
:108D000038B5037E0446012B05D0032B11D1FEF7A5
:108D100049FF002038BDC368187812F0DEFBC20797
:108D2000054602D52046FFF79DFFAB07F1D520464B
:108D3000EDE70121044A054812F007FC204608F03F
:108D4000D5FA6FF01500E5E730380200040E020096
:108D5000084A0346D2F8640130B9D96839B1596973
:108D600029B1C2F8643170476FF0770070476FF037
:108D700015007047000000200421014812F0DABB02
:108D8000D000002010B5F7F787FF034B1B6813B125
:108D9000BDE81040184710BD3836002070B5364D7C
:108DA0000646D5F8643188B04BB90121334A3448BE
:108DB00012F0BEFB6FF01204204608B070BD6FF0D9
:108DC000020105F1D00012F0CEFB012112F0B2FB3E
:108DD000C3074ED4FEF772FC04460028ECD1294BA1
:108DE0001E60012205F59470114616F0A2FE05F5ED
:108DF000A67016F079FE00220023CDE906236FF05D
:108E000008034FF48062CDE90243CDE900441E4BD4
:108E10001E4904941E480CF017FF1E491C4816F00A
:108E2000CFFD1D4816F065FF6FF0070340F698026E
:108E30001A49194800940DF091F91949164816F08D
:108E4000BFFDD5F86431DB689847044630B103466E
:108E50000121144A0A4812F078FBADE726B908B0A0
:108E6000BDE87040F7F718BF05F1C0000DF070F9CC
:108E7000A2E76FF077049FE7000000202F3902007F
:108E8000040E020038360020098B000068710020B3
:108E90007818002048390200401900206875002029
:108EA0004E39020054390200004870474620020043
:108EB000F8B506460024094DAF7BE3B29F4202D8C5
:108EC0006FF0010007E02946304612F014FC073528
:108ED000631C08B12046F8BD1C46EEE700000020E8
:108EE00037B504460D46B9B12846164912F003FCC1
:108EF00090B929461448C4EBC404204412F00AFC7B
:108F0000124812F0F5FB430703D5FEF797FC12F069
:108F100077FA002003B030BD684612F0C1FA00288D
:108F2000F8D16846FFF7C4FF0028F5DA064BC4EB1A
:108F3000C4006946184412F0EDFB002DE0D0014654
:108F40002846DBE73031020000000020D00000207E
:108F5000064BD3E8EFCF4CF4004CC3E8E2CF002A35
:108F6000F7D1037A19430172704700BFD000002087
:108F70002DE9F341002104460622084601F08EFF48
:108F8000054648B120460221FFF7E2FF284602B01D
:108F9000BDE8F04112F02CBF8DF807000DF107017C
:108FA000324800F045FE9DF8075035B102212046B9
:108FB000FFF7CEFF02B0BDE8F08129462C4800F053
:108FC00037FE284612F0EAFB2A4D064690B10121F1
:108FD0000346294A294811F0F0F995F8213113B1D7
:108FE000012012F0DBFB0021254802B0BDE8F04172
:108FF00000F01EBE95F8213195F820219A420CD23E
:10900000013B85F82131237A024623F00403022034
:109010001C49237207F0B6FEDFE7072142F2280061
:10902000FFF7E4F804F10108074628B90121164AC0
:10903000124812F068FBD0E707210C3015F083F9D5
:10904000414612F067FB3246394642F22800FFF7EC
:1090500007F90028EAD195F82131013B85F8213143
:10906000237A23F004032372B7E700BF7DB8010021
:109070004DB8010000000020DF3902002C0E020074
:10908000CDB7010087B701000C3A0200F7B5002107
:1090900004460622084601F001FF054648B1204675
:1090A0000121FFF755FF284603B0BDE8F04012F05C
:1090B0009FBE8DF8000069463E4800F0B9FD9DF85E
:1090C00000602EB101212046FFF742FF03B0F0BD42
:1090D000394D3146394800F0ABFD95F821314BB19F
:1090E000304612F05BFB28B1354A0221354812F0B8
:1090F0000AFB1DE095F8212195F820319A4221D1F3
:109100000221314A2F4812F0FEFA002242F22900D1
:109110001146FFF7A5F810B12C4A0121E6E795F8B2
:109120002131013385F82131237A43F0040323727E
:10913000012012F033FB0021254803B0BDE8F040C8
:1091400000F076BD2246671C394612F82A0B12F051
:10915000E8FA064608B11F4ADFE795F821310133E6
:1091600085F82131237A43F00403237295F8A13066
:109170005B0701D4184AB8E73946684612F0CAFAC4
:109180000123082142F24E008DF80730FFF72EF838
:10919000044660B1082269460C3015F0DAF8324610
:1091A000214642F24E00FFF75BF80028C0D00B4A80
:1091B000B3E700BF7DB80100000000204DB80100FA
:1091C000313A02002C0E0200563A0200873A0200A1
:1091D000CDB70100A73A0200C73A0200F13A0200F7
:1091E000084BD3E8EF2F22F40041C3E8E01F00282A
:1091F000F7D1130404D500220220034907F0C2BDB1
:10920000704700BFD00000207FB90100002307B5E0
:109210000549CDE900036A46022007F0B3FD019835
:1092200003B05DF804FB00BFF7B70100034610B4BC
:1092300070B10B4991F8204191F821210CB1944271
:1092400009D2013281F821211A7A42F004021A72FD
:109250005DF8044B70475DF8044BFFF717BF00BF84
:1092600000000020034610B4A0B10C4C94F820116B
:1092700094F8212131B101318A4204DC5DF8044BBC
:10928000FFF776BE12B1013A84F821211A7A22F052
:1092900004021A725DF8044B704700BF0000002002
:1092A00070B50D460446C0B1204912F024FAA0B9A9
:1092B0002378012B04D1A37903F0C003C02B07D07E
:1092C00001211B4A1B4812F01EFA6FF0150070BDF9
:1092D0002046FFF7EDFD002821DA002DF5D1164DCF
:1092E000AB7B022B1ED005F1D00012F001FAC307B0
:1092F00007D4002CE9D020460C4912F0FCF90028D4
:10930000E3D1AE7B2146731C3046AB73FFF7E8FD1B
:1093100008B93046DBE7AB7B013BAB73D7E76FF0B7
:109320007700D4E76FF00B00D1E700BF30310200C7
:109330000C3B02002C0E020000000020F7B5044692
:1093400038B9174A0221174812F0DDF9002003B09E
:10935000F0BD002141F2090001AAFEF781FF064697
:1093600008B1114AEEE7019F0622FD680F49013559
:10937000284617F0A8F828B1062228460C4917F00D
:10938000A2F818B9384607F0B1FFDFE72946601C9C
:1093900012F0BBF93846267007F0A8FF0120D6E787
:1093A0003A3B02002C0E0200533B02003D3102000A
:1093B0003731020007B56846FFF7C0FF044B9873CA
:1093C00018B169460020FFF78BFD03B05DF804FB80
:1093D00000000020F7B51F4B054693F8BC300E4641
:1093E000DB0708D41C4A02211C4812F08CF9002427
:1093F000204603B0F0BD00214FF6094001AAFEF758
:109400002FFF034608B1164AEDE701981627C268F8
:1094100054780232B44228BF34469C4209DC07F03B
:1094200065FF002CE4D102210E4A0C4812F06BF9C2
:10943000DEE7114607FB035602F1140C51F804EB6A
:10944000614546F804EBF9D10988013331801632C1
:10945000E3E700BF00000020713B02002C0E020079
:109460009D3B0200BD3B020070B5154D8EB0AC7B3C
:109470002CB9022103A8FFF7ADFFA873C0B90021E2
:1094800008460EB0BDE87040FFF70ABF03AB06FB0D
:1094900002310DF1050012F038F90123104601A93F
:1094A0008DF80430FFF71CFD013410B10EB070BD13
:1094B0001626AB7BE2B29342E8D80020F6E700BF65
:1094C000000000202DE9F04190460E461D46024660
:1094D00050B14BB13103047810D5730708D5012181
:1094E0002A4A2B4812F00FF96FF01500BDE8F08101
:1094F00012F024FA0028F9D1012341E0F70730D512
:10950000244FB8F1000F13D0B0060AD4C4EBC40343
:10951000FB5C012B13D02B70B20620D543F0020365
:109520000BE097F8D8305906F0D46FF08500DDE7EE
:10953000C4EBC403FB5C012B01D02B700FE00721AF
:1095400001FB04711046013112F0B5F90028CDD1AC
:10955000C4EBC4043B5D2B70B8F1000FDCD10020DC
:10956000C4E773070ED50B4EC4EBC407F35D012BA4
:10957000E3D1072111FB0431314412F09CF9F35D72
:109580002B70B3E712F0DAF9B6E700BFE63B020052
:109590002C0E0200000000202DE9F04F9846002319
:1095A00014461D468FB003900191161D002256F8F7
:1095B000330007E054F8331001EBC201497801325F
:1095C00002310D449042F5D101339845EED1039B11
:1095D000FB2D03F1100008D9072112F0F1F905461F
:1095E000002878D06FF00A009FE00C2112F0E8F913
:1095F00010B91F2D28BF1F2505F1040901985FFA36
:1096000089F1FEF7F3FD0746002800F01D81494669
:109610000C3014F098FE4A460646002116F038FF3A
:1096200004EBC8034FF0000806F1040B029300237B
:10963000D4F800A06268934214D3029B0834A3427A
:10964000F5D1039B86F803805B78002233700323F7
:109650003946737001230198B3700FB0BDE8F04F25
:10966000FEF7FEBD9AF8012008F1020081188D4234
:109670009AF800C013D2BCF1090FA5EB000201D18A
:10968000002A0ADC72480121724A10F08DFE384629
:1096900007F02CFE6FF0150047E04FF0080C5FFA62
:1096A00082F909F101010BF8081008F10101C9B2B2
:1096B0000BF801C0DAF804105BFA80F0049309F1AA
:1096C000020916F0BEFE049BC1445FFA89F801331B
:1096D0000AF1080AAEE7014610220AA816F0D8FEE1
:1096E000A94629462B4640F27265CDE9084800227A
:1096F00056F839000AE054F8391001EBC2014978F4
:1097000002310B44AB42C5D8012101328242F2D171
:1097100009F10109C845EAD101B10D9301234FF0C8
:10972000000804930D9D1DB928460FB0BDE8F08FC9
:10973000FB2DAA4628BF4FF0FB0A0AF10406019848
:10974000F1B2FEF753FD029000287DD031460C3077
:1097500014F0F9FD00268346039B5FFA8AF25B78DA
:109760000592037080F80280031D0A990B9A54F841
:109770003100BDF830C000EBC200407804EBC107F7
:10978000023084450BD178680132824208BF013132
:10979000ADF8308006BFCDF82C800A910B920A9A62
:1097A000914515D00B9954F8322012EBC10C0FD013
:1097B000BDF8307098190FBB01279CF801200132C9
:1097C0009A550136F6B2059AADF830709642CCD370
:1097D000049BAD1B002B32D0002D0CBF03230123B3
:1097E000DDE9010100228BF803608BF801300D9553
:1097F000FEF736FD002898D1049093E7012F06D19B
:1098000012F83120013602270270F6B2DBE79CF82D
:109810000120AAEB0601D21B02328A4228BF0A4667
:10982000DCF804C0B91E61440793069216F009FEE5
:10983000069A079B17443244BFB2D6B2C3E7B5FAC3
:1098400085F35B095B00CBE76FF068006DE700BF55
:10985000B40D02000B3C0200F8B5046906464568E9
:1098600044B140F201432B403ED005F48263B3F58E
:10987000806F39D015F4806302D115F4F84F33D1DD
:109880001A4BAB4330D01A4F3078BB7B83422BD975
:10989000C0EBC00007221749384416F014FEA8B1E7
:1098A00015F0010306D197F86A20082A02D8B26899
:1098B0009F2A19D915F0300F09D0ACB1EA060AD4A5
:1098C00005F46035B5F5603018BF0120F8BDEB0632
:1098D00001D4002CF4D1D6E902239A4204D81F2ADD
:1098E00002D9B3F5804FEBD90020EFE70006040062
:1098F0000000002030310200072208B5034909307A
:1099000016F0E1FD003818BF012008BD303102001B
:10991000F8B5154B067804460D4683F86960FFF7E5
:10992000EBFF70B93046114901F03EFA044610B918
:109930006FF00B00F8BD042100F0F2FF00202C6056
:10994000F8E704F109073946304601F06FFA40B9EB
:109950002078394601F028FA04460028E8D005218D
:10996000EAE76FF01500E5E700000020293102006A
:1099700038B504460D46FFF7BFFF0346207873B99C
:109980000422094901F08AFA044660B105730021F6
:1099900000F0C6FF2046BDE8384012F029BA052283
:1099A00004F10901EEE738BD29310200F8B50021C4
:1099B0000E4812F005F8044620B10D4812F000F8E8
:1099C00090B90124582202FB04F60A4F0021F51930
:1099D000284616F05DFD06F110000021384412F013
:1099E0001CF86C702846F8BD0D46FBE7381A0020BD
:1099F000901A0020281A00202DE9F74FD1F810A066
:109A00000746BAF100040E4642F236004FF0190143
:109A1000934618BF0124FEF7E9FB8146002800F0B9
:109A2000028119210C3014F08EFC05461922002108
:109A300016F02EFD716822463846396505F10A0395
:109A4000FFF740FD0446002840F0BC8007F1090004
:109A5000BAF1000F00F0BA80316911F0C2FF304650
:109A600012F074F87B7880462B70B368EB70C3F308
:109A700007221B0C2A716B71F368C3F30722AB71C9
:109A80001B0CEA712B72706811F08BFF0023AB7412
:109A90007F23EB74012368722B75736803F44063B2
:109AA000B3F5806F14BF01230223AB757368D8042C
:109AB00042BF03232B75AB75736883F48064C4F3D2
:109AC000802459044FEA041448BF44F040049A0427
:109AD00044BF44F02004A4B2DB0544BF01232B762D
:109AE000736813F0010F03F4007100F08C8044F0F0
:109AF000010292B2BAF1000F6FD011B9BBF1000FA1
:109B000066D044F00304A4B2DB064CBF44F0040268
:109B100044F00C02316992B205F10B00A24611F03B
:109B200060FF144673784946A5F8014042F23600BA
:109B3000EB7501AAFEF794FB0446002842D1019878
:109B400007F11005C36893F901303B7607F0CEFBAF
:109B50000121284611F061FF6FF0080111F036FF76
:109B6000000758D46FF48041284611F02FFF08F108
:109B7000FF335A425A410821284611F039FFA8F113
:109B800002014A424A412846092111F031FF726818
:109B90000A21284602F0010211F02AFF0B21284673
:109BA000CAF3400211F024FF72680D212846C2F367
:109BB000800211F01DFF72680C212846C2F380223A
:109BC00011F016FF204603B0BDE8F08F174944E7B7
:109BD000B8F1020F95D0144696E758050DD444F01D
:109BE0000304A4B269B9BBF1000F0ED1B8F1020FA2
:109BF0000BD0BAF1000F87D103E051B144F0030458
:109C0000A4B2A2468EE70029EDD044F00204A4B22B
:109C1000EFE71446E7E73846F91C11F04CFE002840
:109C2000A0D00446CEE76FF06804CBE730310200E5
:109C300070B504460D460A48002111F0C1FE10B16E
:109C400029460848A0470021074811F0B9FE28B16D
:109C500029462346BDE870400448184770BD00BF40
:109C6000381A0020281A0020901A0020801A00209C
:109C700010B5054C206A30B16FF00101103011F0C1
:109C8000A5FE0023236210BD0000002073B5334BF6
:109C90001E6A002E3DD006F110050E21284611F057
:109CA0008FFEB0B30721284611F08AFE88BB0A2137
:109CB000284611F085FE60B3304601A9FFF728FE63
:109CC00038BB3046FFF718FE0E210246284611F039
:109CD00077FE80F00104E4B20A212846640011F006
:109CE0006FFE08B144F001040D21284611F068FE12
:109CF00008B144F00404214630460DF10303FFF798
:109D0000E1FB044638B101210346154A154810F01D
:109D100054FB02B070BD3046012111F069FF019E75
:109D200028B9304602B0BDE8704012F061B8214653
:109D3000304600F0F5FD6FF48041284611F046FEF4
:109D40000446304612F054F86304E2D50E2128464A
:109D500002B0BDE8704011F060BE00BF00000020FE
:109D60003F3C0200B40D0200F8B504460F4616460B
:109D7000134BD3E8AF3F5B0719D5FFF76DFDC8B1B3
:109D8000FFF714FE0546C0B1237821460022037078
:109D90004761FFF731FE044638B16FF0010105F16C
:109DA000100011F013FE2046F8BD3560FBE76FF0A0
:109DB0000A04F8E76FF01504F5E76FF00B04F2E71B
:109DC000D00000200023F0B500F1100785B0054653
:109DD0000E4638460721039311F0F2FD002855D1B5
:109DE0000A21384611F0ECFDC8BB002E41D13246A5
:109DF0000621384611F0FCFD0A21384611F0E0FD3D
:109E000038B90D21384611F0DBFD10B9284611F0A4
:109E100095FD284611F08AFE58B10221384611F00E
:109E2000CFFD034628B9024601460090284611F0AE
:109E300012FF32460121284611F098FE044608B36D
:109E40000121144A144810F0AFFA039D75B1284659
:109E5000002100F065FD284611F0CAFF06E0284603
:109E600003A9FFF755FD04460028BED0204605B0E3
:109E7000F0BD338823B9B278003A18BF0122B7E7A2
:109E80000122B5E703980028E6D1EFE76FF07704E9
:109E9000ECE700BF243C0200B40D02002DE9F04FB6
:109EA000C76885B097F80190B9F1010F6CD84FF0F1
:109EB000580B19FB0BFA5B4D0AF110062E440021DA
:109EC000304611F07DFD00285ED07B8805EB0A0846
:109ED0004046019311F08FFE0721304611F070FDCE
:109EE0000BFB09FB00906FF08001304611F06EFD16
:109EF0004D4C15F80B3084F8693094F824304BB190
:109F00007A88E38C9A4205D1009B002B37D100233D
:109F100084F8243094F84330002B3DD13B78002B5B
:109F200048D10121019800F007FE834600284ED158
:109F30006FF04001304611F049FD430611D540460F
:109F400011F013FDFFF74CF9582303FB09556B691A
:109F50003BB11B682BB13A7940468DF80C2003A920
:109F60009847236A434559D10E21304611F028FD08
:109F700000284ED005B0BDE8F04FFFF787BE04F1D2
:109F80002500FEF733FAC2E70121284A284805B028
:109F9000BDE8F04F10F008BAB4F845207B889A422B
:109FA000BCD1009B13B12348FEF720FA002384F8AC
:109FB0004330B3E70A21304611F002FD18B14046A4
:109FC0003978FFF7D5FC3B78002BB1D1A9E75823AE
:109FD00003FB09531B6D96301A0355BF9BF80810FD
:109FE0000AF10201C1EBC101491958BF091911F069
:109FF000F8FC582303FB09535B6933B15B6823B159
:10A000004046CDF80CB003A99847584611F0F0FE31
:10A010008EE705B0BDE8F04FFFF72ABE05B0BDE8FA
:10A02000F08F00BF281A002000000020753C0200BD
:10A03000B40D0200440000202DE9F043C56885B04E
:10A040002C78012C11D8582714FB07F91C4E09F164
:10A0500010000021304411F0B3FC30B16743F31914
:10A060005B6953B905B0BDE8F0830121154A164874
:10A0700005B0BDE8F04310F097B99B68002BF1D014
:10A080000135284611F025FA0DF10808294670B16E
:10A09000404611F013FA582303FB04646369CDF8BA
:10A0A00004809B6801A906EB09009847DAE7F05D98
:10A0B00011F0F4FB0146404611F093FCEBE700BFC2
:10A0C000281A0020753C0200B40D020030B58DB096
:10A0D000202104A8FEF75EF90446E8B915F0D7FF81
:10A0E0004FF47A75A0FB053205FB0121DB0B43EA37
:10A0F0004143C90BCDE902310823202200930848CF
:10A100006B4404A911F087F830B90121054A0648CB
:10A1100010F04AF96FF0040420460DB030BD00BFC6
:10A12000D81A0020893C0200240E020007B508213D
:10A130006846FEF72FF960B908226946084811F011
:10A140004AF848B907480121074A10F02DF96FF085
:10A15000040003B05DF804FBFFF7B8FFF9E700BFA8
:10A16000D81A0020240E0200A03C020038B50D468B
:10A17000044698B191B10B4A11F066F8431C07D11F
:10A18000FFF7A4FF48B929462046064A11F05CF8BB
:10A1900001280CBF00206FF0040038BD6FF01500DF
:10A1A000FBE700BFD81A0020402208B5034916F08B
:10A1B0008AF9B0FA80F0400908BD00BF503D0200A6
:10A1C00070B5334B93F89C3003F00603062B08D090
:10A1D0000221304A304810F0E7F86FF08505284634
:10A1E00070BD002850D02D4E326872B1131F8342CB
:10A1F00007D102212A4A284810F0D6F86FF07705D7
:10A20000EDE75B680BB1043BF1E742607268031D48
:10A21000336002B97360234CD4E8EF2F42F020037F
:10A22000C4E8E13F0029F7D112F0200201D0002557
:10A23000D5E7D4E8EF3F23F01003C4E8E13F00295D
:10A24000F7D1114642F22500FEF70AF8054600282C
:10A25000EDD00121144A104810F0A6F8D4E8EF3FE1
:10A2600023F02003C4E8E23F002AF7D134683CB170
:10A2700054F8043C043C0BB1002098476468F6E7AE
:10A280000023C6E90033AAE76FF01505A7E700BF72
:10A2900000000020C93C0200EC0D02004036002006
:10A2A000E83C0200D0000020043D0200044BD3E84B
:10A2B000AF3F13F0100F034808BF0020704700BFE6
:10A2C000D0000020F350002070B5214E04463368C2
:10A2D0008B4237D01BB16FF00F04204670BD1D4B71
:10A2E000D3E8AF2F9206F6D4D3E8AF3FDB062CD5E8
:10A2F000316042F226004021FDF778FF0546F0B1BB
:10A3000040210C3014F01FF8234604F1400253F8AA
:10A31000041B934240F8041BF9D10022294642F263
:10A320002600FDF79DFF04460028D6D000233360A9
:10A3300002212346084A094810F03FF8CDE76FF0A4
:10A340006804F3E76FF07704C7E76FF07C04C4E7B5
:10A350003C360020D00000202E3D0200EC0D020013
:10A36000F8B5194BC568D3E8EF2F22F02002C3E8F7
:10A37000E12F0029F7D12A788AB914496A1C05F11E
:10A38000410052F8044B824241F8044BF9D1D3E822
:10A39000EF1F41F01001C3E8E21F002AF7D10C4E75
:10A3A00034686CB1094F043C23682BB12A78002A29
:10A3B0000CBF38460020984764680CB1043CF3E7B2
:10A3C0000023C6E90033F8BDD0000020F350002080
:10A3D0004036002005490B6833B1C2680020086090
:10A3E000117801B9501C1847704700BF3C36002057
:10A3F00070B504460A4B1D6825B90A4D0A4EB54290
:10A4000007D370BD2B6813B12046217B9847AD69F7
:10A41000F2E72B6813B12046217B98471C35EEE705
:10A42000883700204C0D0200840D02002DE9F04118
:10A4300004464FF00008144F4FF02002EFF3118351
:10A4400082F31288BFF36F8F216A29B983F31188D1
:10A45000BFF36F8FBDE8F081606A0A68814208BF70
:10A460006262226283F31188BFF36F8FD1E90156D4
:10A470003846C1E90188C1F80C8015F041FB002283
:10A4800031462046A847D7E7340B0020002270B59C
:10A490000446D1E90156CA60C1E90122054815F018
:10A4A0002FFB314620462B46BDE870406FF06D0211
:10A4B000184700BF340B00202DE9F047DFF86C810E
:10A4C0001F46B8F804310446002B08F584700E4688
:10A4D00008BF00201546002200230BF03DFD002898
:10A4E00040F09B80002D77D005F10C0A5046B8F85B
:10A4F000049113F082FF484568D9B8F8049156F8E2
:10A500000C1F4A46504613F024FF4946304613F0CC
:10A5100058FF637BAE69072B7CD14FF02003EFF32C
:10A52000118283F31288BFF36F8F002E5FD0002358
:10A530003360A369002B57D1C4E905664FF00009C9
:10A5400082F31188BFF36F8F042105F10C0013F023
:10A550001BFF238807F0FD0743EA073707802B8A94
:10A56000043B4380022328462B76FEF76DF907460D
:10A5700048B3012103462A4A2A480FF01EFF4FF034
:10A580002003EFF3118783F31288BFF36F8F002E40
:10A590003AD0314604F1140011F0C1FB87F3118861
:10A5A000BFF36F8F6FF00407B8F804311E48002B1B
:10A5B00008BF00200BF0AAFC2EB100233146204634
:10A5C000AB61FFF763FF3846BDE8F087504613F0F4
:10A5D00014FF1FFA80F992E70022002304F13800EB
:10A5E00013F04AFE054694E71E60A661A6E7A3693C
:10A5F00033B103F10C09DB680133C9F800309FE780
:10A60000E36904F11C09F7E7D9F80030013BC9F808
:10A610000030C3E76FF07F07C6E76FF06807D2E747
:10A620002A370200C40D02000801002000000020AB
:10A6300008B50221024A03480FF0B6FE002008BD0B
:10A64000973D0200C40D02000448B0F8043100F543
:10A650008470002B08BF0020704700BF000000205E
:10A6600038B5002204468A4202D10024204638BD73
:10A67000012004F1BC03D3E8EF5F002D04D1C3E84F
:10A68000EC0FBCF1000FF6D102D0C0340244EAE76F
:10A69000002CEAD0BC220021204615F0F9FE04F17E
:10A6A0005800044915F02BFB034904F1280015F06C
:10A6B000C6FADBE70DB000006BBD0100F7B516462A
:10A6C00004460D46FFF7B2FE012E23D0022E50D1D4
:10A6D00023693BB130480121304A0FF065FE204626
:10A6E00011F046FB256121690B8A012B51D9CA68FB
:10A6F0001288043292B293424BD341D90121009285
:10A700002548274A0FF063FE204603B0BDE8F0401D
:10A7100011F02EBB206940B9224A31461E480FF085
:10A7200043FE204611F024FB01E02F8A2FB9284672
:10A7300003B0BDE8F04006F0D9BD0C3013F05DFE6B
:10A7400087420CD9184A314613480FF02DFE0022DB
:10A750002046216901F0C2FA00232361E7E720695E
:10A760002A8AE9680C3013F0F4FD284606F0BEFD95
:10A77000B9E7012133460D4A07480FF01EFED0E726
:10A78000002301222046236103B0BDE8F04001F020
:10A79000A5BA03B0F0BD00BFC40D0200C03D020069
:10A7A000403E0200DD3D0200FB3D0200223E020071
:10A7B0002DE9F3419846CB7A0646072B0D461746FE
:10A7C0000BD80822264800920121264A0FF0FFFDEF
:10A7D0006FF0150002B0BDE8F081437B072B07D076
:10A7E0000121214A1E480FF0DFFD6FF07F00F1E7E5
:10A7F000002A30D016F08CF81C4B1A581C4B9A4289
:10A800001C4807BF002200234FF0FF324FF0FF33F8
:10A810000BF048FB044600B3737B072B0DD00221DD
:10A82000154A0F480FF0C0FD00232146C4E901334B
:10A830001048E36015F064F9D7E70023C0E9017818
:10A84000C360AC61002406F1380029462C7713F070
:10A8500042FD2046BEE71446F3E76FF06800B9E713
:10A86000C40D02005B3E0200803E020008000000B2
:10A87000182B0020340B00208F3E02002DE9F84FEA
:10A8800006460125224815F0B9FD00220121304677
:10A890001F4B15F089FD00274FF0140AAB461D4CE5
:10A8A000DFF8789004F1BC03D3E8AF3F5BB1637B82
:10A8B0008BB96FF04001201D11F04CFA43060AD508
:10A8C000204611F05EFA0137032F04F1C004E9D1EC
:10A8D0002846BDE8F88F637B072BF4D1B9F8043123
:10A8E000002BF0D00AFB0568D9F81021A36B4BB1FF
:10A8F00042B90221084B404615F056FD013588F853
:10A900000CB0E0E70022042104F13803F3E700BFB4
:10A9100090050020101C00200801002000000020ED
:10A920002DE9F041467B04468E420D4600AF1CD116
:10A93000082E98BF774B6C4688B094BF53F82630EA
:10A94000754B6A467549C2E905134FF4007393834A
:10A95000734B42F8103F00234FF4E4517148F9F76C
:10A960004FFDA546BD46BDE8F081417326B9837809
:10A97000082B01D011F028FA637B082B00F2C68067
:10A9800001A252F823F000BF2BAA0000ADA90000DD
:10A9900065A9000065A9000065A9000065A900007F
:10A9A00065A90000EBA9000065A900004FF00008B0
:10A9B0005D4D05F584764FF02002EFF3118382F3AD
:10A9C0001288BFF36F8FE269002A7AD0013AE26100
:10A9D00083F31188BFF36F8FB5F80431002B14BFD8
:10A9E000304600200BF092FAE5E7A378042BB9D0AB
:10A9F00004F1380015F078F800214C480CF002FA08
:10AA00000023C4E91433E378012BABD1A3784FF4CE
:10AA10002032012B08BF032304F1580008BF84F83B
:10AA2000AC3000230BF03AFC9CE7A378042B03D155
:10AA3000204611F0DDF995E7082E93D801A353F8CD
:10AA400026F000BFB5AA000069AA0000A7AA00006E
:10AA500031AA000031AA0000A7AA0000A7AA00009E
:10AA6000B5AA0000B5AA00002046FFF7DFFCA378D6
:10AA7000012B0AD104F15805284615F04CF910F0C5
:10AA80000C0F02D0284615F048F90434D4E8EF3F03
:10AA900043F04003C4E8E23F002AF7D100212348F5
:10AAA0000CF0B0F95EE7237B002BC1D02046FFF706
:10AAB0009FFCBDE72B461E4A02211A480FF07DFC81
:10AAC00050E7616921B983F31188BFF36F8F49E7BC
:10AAD000A0690A68814208BFA261626183F311889C
:10AAE000BFF36F8F4FF02002EFF3118382F31288D0
:10AAF000BFF36F8FCA68E261C1F80C8083F31188DD
:10AB0000BFF36F8F2046FFF7C1FC65E7094A2B466C
:10AB1000D2E700BFE0170200B53E0200BF3E0200D0
:10AB200003000001C40D0200000000209005002079
:10AB3000D03E0200E73E020070B5024605460E46D2
:10AB40000A48032111F068F9044610B90024204690
:10AB500070BD83781E42FAD102212B46044A054873
:10AB60000FF02BFC204611F043F9EFE7101C0020FA
:10AB7000033F0200C40D02002DE9F04706460F46D0
:10AB8000904600254FF0C009DFF828A009FB05A07A
:10AB900011F01AF9044620B183781E4206D111F053
:10ABA00027F90135032DF1D1BDE8F0874146B847BB
:10ABB0002046F4E7101C0020034BC01A034B801101
:10ABC0005843C0B2704700BF101C0020ABAAAAAA0D
:10ABD00038B50D460849002808BF084613F047FB62
:10ABE000044618B9BDE83840FFF722BD691D0C3096
:10ABF00013F0A5FB204638BD780B0020F8B50446BD
:10AC00000430D0E8AF3F9B0511D5B4F89E30B4F8BE
:10AC1000A0209A420BD8B4F8A2209A4207D3D4E9D4
:10AC200029239A4203D16FF4007111F093F8104B6D
:10AC30001D6825B90F4D104FBD420CD3F8BDEE680D
:10AC40003EB12046B4F8A630B4F8A420B4F89E1063
:10AC5000B047AD69EDE7EE683EB12046B4F8A630E6
:10AC6000B4F8A420B4F89E10B0471C35E4E700BF48
:10AC7000883700204C0D0200840D02002DE9F041C0
:10AC8000074608460C4610F0EBFC054618B90025AF
:10AC90002846BDE8F081134B1E6846B9124EDFF816
:10ACA0004C804645F4D2B36883B91C36F9E7B368E3
:10ACB0000BB9B669F1E72146384698470028E6D037
:10ACC000204610F0CDFC0028F3D1E0E721463846BD
:10ACD00098470028DBD0204610F0C2FC0028E4D1C1
:10ACE000D5E700BF883700204C0D0200840D02001C
:10ACF0002DE9F041C378044673B900F19606104B74
:10AD000004F188071D6855B90E4D0F4F04F18808EE
:10AD1000BD420CD3BDE8F08100F18F06EFE72B694F
:10AD20001BB13A46314620469847AD69EBE72B699F
:10AD30001BB142463146204698471C35E8E700BF24
:10AD4000883700204C0D0200840D0200F8B5437ACC
:10AD500004468372164611F0B0FB0C4B1D6825B9F2
:10AD60000B4D0C4FBD4208D3F8BD6B691BB1324689
:10AD70002046617A9847AD69F1E76B691BB13246AD
:10AD80002046617A98471C35ECE700BF88370020E1
:10AD90004C0D0200840D0200024B1A68186082619B
:10ADA000704700BF8837002038B505460C460B4871
:10ADB0000321FFF755FC80B105722368C0F8883085
:10ADC000A388A0F88C30A37980F88E3001234372D9
:10ADD00083728370024BC0F8A03038BD101C002075
:10ADE000180028002DE9F0410746884600250E4E40
:10ADF000304610F0E9FF044620B18378012B0AD0D9
:10AE000010F0F6FF0135032D06F1C006F0D1002445
:10AE10002046BDE8F0814246394611F094F80028FA
:10AE2000F6D12046ECE700BF101C0020B0B500AF03
:10AE30000D46FFF7D7FF044610B32846FCF782FB08
:10AE4000637B6D46082B98BF0E4A8AB094BF52F8B8
:10AE500023300D4B6A46C2E907030C4B0C49536281
:10AE60000C4BC2E9051442F8103F00234FF4425145
:10AE70000948F9F7C5FA2046AD4610F0B9FF0120A0
:10AE8000BD46B0BDE0170200B53E0200010302045A
:10AE90001A3F020005000002C40D02002DE9F04730
:10AEA00006460F46904600254FF0C009DFF844A043
:10AEB00009FB05A010F088FF044620B18378012B20
:10AEC00006D010F095FF0135032DF1D100240DE0DF
:10AED00037B13A46314611F036F808B92046F0E766
:10AEE000637B4345FAD1237AB342F7D12046BDE8CC
:10AEF000F08700BF101C002010B5837802460B704D
:10AF0000C3784B70037A8B70437B0020023BDBB22B
:10AF1000062B8CBF0346214CC87798BFE35C1046D4
:10AF20000B77537A4B7710F0D9FF88779378012B02
:10AF300031D102F188038B60137A1948C3EBC30344
:10AF400003444B60D47802F1960302F18F0014B1F0
:10AF50001C4603462046C1E90303B2F89E308B82AB
:10AF6000B2F8A430CB82B2F8A6300B83D2F8B83056
:10AF700023B15B7BD80644BF0123CB77D2F8B8302E
:10AF800013B15B7B9B0601D4002010BDCB7F43F047
:10AF90000203CB77F8E76FF01500F6E7D23F020027
:10AFA0000000002038B5044608460D4610F058FB56
:10AFB00038B3154B93F8D830990707D4E37873B1B9
:10AFC00029462046BDE8384011F018BB94F8AD3052
:10AFD0009A07F3D5231DD3E8AF3F5B05EED429468E
:10AFE000204610F0D2FF58B92B88A4F8A0306B8807
:10AFF000A4F8A230AB88A4F8A830EB88A4F8AA3053
:10B0000038BD6FF01500FBE700000020F7B510F821
:10B010004B3C0446A0F15806FBB9304611F010F93C
:10B020002F4B1D684DB92F4D2F4FBD420DD33046CC
:10B0300003B0BDE8F04010F0DBBE6B681BB13046DA
:10B0400014F84C1C9847AD69ECE76B681BB13046AF
:10B0500014F84C1C98471C35E7E710F8563C012BB8
:10B060001FD1A0F154056FF40071284610F072FE54
:10B0700081051ED5A36C69460093236D304601936C
:10B08000FFF790FF034670B96FF48071284610F007
:10B0900061FED5E8EF3F43F08003C5E8E23F002AB8
:10B0A000F7D103B0F0BD114A022111480FF085F924
:10B0B000EFE74FF428130F4A69463046CDE90023E5
:10B0C000FFF770FF034640B9D5E8EF3F43F48073C4
:10B0D000C5E8E23F002ADCD0F6E7074AE4E700BF14
:10B0E000883700204C0D0200840D0200533F0200FF
:10B0F000C40D020018002800783F020001460148F4
:10B10000FFF766BD280C00202DE9F047437B05467C
:10B110005BB96FF04001043010F01CFE430604D50B
:10B120002846BDE8F04710F02CBE05F1380014F0B9
:10B13000FCFC044660B94FF46673344A3449354820
:10B140000EF0FDF9404080F311884FF0030002DF5C
:10B15000204613F0C2F8DFF8C090028AB9F8043133
:10B1600004469A42027F07D832B902232146284674
:10B17000FFF7A2F9064632E017464FF0000A228A8E
:10B18000B9F804319A4204D801230022237703231B
:10B19000ECE74FF0FF334FF0FF320020FFF7AEFF38
:10B1A0006B7B8046072B06D006F0A0F82046BDE852
:10B1B000F04706F09BB8C0F818A080F81CA0637F89
:10B1C0000246437721463B462846FFF775F9064677
:10B1D000B8B107F001074046277706F087F8204608
:10B1E00006F084F805360ED10023A6692046A36137
:10B1F00006F07CF83EB131462846BDE8F047FFF73F
:10B2000045B90127BBE7BDE8F08700BFA23F0200B8
:10B2100074510200DE340200000000200B4B58B1D4
:10B220001A6862B902693AB902685AB942684AB9F9
:10B2300082683AB942692AB91860002070476FF0F5
:10B24000770070476FF01500704700BF94370020FB
:10B2500068B10023C360074B00F10C02596819B9AB
:10B26000C3E90022002070470A605A60FAE76FF0D5
:10B27000150070478C370020022806D8044B00EBDD
:10B28000400003EB801010F09FBD0020704700BF0E
:10B29000101C002070B50C4814F026FC00240B4D47
:10B2A000094E29463046013414F02AFC142C05F1CD
:10B2B0001005F6D102F064FA05F028FD044608B93D
:10B2C00000F09AFB204670BD340B00204836002069
:10B2D000044B18780130C0B2012838BF0120187023
:10B2E000704700BF3351002070B5D0F8E02004460D
:10B2F00000F1B8032AB115F00BFB1A490958914225
:10B3000025D0184604F1E80114F01BFDA06C18B11B
:10B3100005F0ECFF0023A36404F1300500220023B4
:10B32000284612F0A9FFB0B904F1980600220023C4
:10B33000304612F0A1FF054680B9D4F8800028B14C
:10B3400005F0D4FFC4F88050A4F8845070BD1846AE
:10B3500014F0E3FCDAE705F0C9FFDFE705F0C6FF0C
:10B36000E4E700BF0800000010B5044600211022E9
:10B3700015F08EF82146BDE81040014814F0C0BB1E
:10B380001C0B002008B503460121034A03480FF0B7
:10B3900014F8002008BD00BF444002003C0E02002B
:10B3A0000628F8B505460F460D4816464FF000032F
:10B3B0004FF480324FF0040118BF0020FFF708FC63
:10B3C000044620B92846BDE8F840FFF7DBBF04215A
:10B3D0000C3012F0B8FF0570477046802046F8BD6B
:10B3E000A40B002010B5C38A04460BB94023C382C6
:10B3F000E28A6168402A134628BF402302339BB289
:10B400002383096951B901329A4207DB0221084AB4
:10B41000084810F079FE238B023BE38201231C34A1
:10B42000D4E8EF2FC4E8E13F0029F9D110BD00BFF7
:10B430006C4002003C0E0200002310B5044643623B
:10B440008362C36200F12C02D2E8EF1FC2E8E03F42
:10B450000028F9D104F1300014F046FB04F150004B
:10B460000249BDE8104014F04ABC00BF33C30100DC
:10B4700080B500AF88B06A46074BC2E905300323A8
:10B4800042F8103F00234FF4C2510448F8F7B8FFC8
:10B490006FF00B00BD4680BDA04002003C0E0200D4
:10B4A0000B4B1A6842B1D3F8102122B1D3F82022F5
:10B4B0005AB1FFF7DDBF01224FF4887000FB023361
:10B4C000044A00205A600B6070470222F4E700BF74
:10B4D000501E002024180200014B1860704700BF66
:10B4E00098370020F8B56E4600AF88B0A0F1B804D8
:10B4F00050F8B85C6A460F4BC2E90534032342F8A2
:10B50000103F00234FF4C2510B48F8F779FF28464B
:10B51000B546214610F063FE204610F077FE94F801
:10B52000B4100122284610F0AEFD04460028F4D1E4
:10B53000BD46F8BDC74002003C0E02002DE9F04FA9
:10B5400006460D46904685B000F12C07384610F0AF
:10B55000D8FDB8B3431ED7E8EF2F824203D1C7E826
:10B56000E13F0029F7D1F1D105F10C09484612F06D
:10B5700040FFB5F810B0338D0BEB08029A420290F1
:10B5800023D8484612F035FF08F109039BB29842D0
:10B590001BD36B68CBB9B8F1000F06D0284610F06A
:10B5A0006AFD81B2484612F0F7FE284612F095FE79
:10B5B000044600283FD1D7E8EF3F0133C7E8E23F18
:10B5C000002AF8D16FF00A0A73E0A87A05F0E4FDCA
:10B5D0007368DB68002B53D0304698470446002838
:10B5E00053D009210C3012F0AAFE04F10C0AB8F174
:10B5F000000F06D0284610F03EFD81B2504612F0F2
:10B60000B9FE504612F0F9FE338DA3EB08039842C1
:10B6100044D2504612F0F1FE83B22A8AE9689A4277
:10B6200028BF1A465046039212F093FE039A4846EA
:10B63000114612F0C6FEA542B4F810903068B18CE5
:10B64000AB6901D02A8A5ABB0093244B224610F0E2
:10B6500012FE824638B3D7E8EF3F0133C7E8E23F36
:10B66000002AF8D1204605F041FE1AF1690F20D1D9
:10B670006B69029AA5F810B013FA82F3EB60A1E7A8
:10B680000022002312F0F3FDA8E70022002304218A
:10B69000FFF79EFA04460028A7D18CE79BB2BCE7CF
:10B6A00000930F4BD2E7384610F02BFD28B1A9EBE1
:10B6B000080A504605B0BDE8F08F06F11001D1E848
:10B6C000EF3F23F00103C1E8E23F002AF7D173689E
:10B6D000DB69002BEBD030469847E8E797C50100BF
:10B6E00081C5010070B50446FFF7F2FD0E46042245
:10B6F00001461620FFF754FE054600283BD10121E4
:10B70000284A294810F000FD04F11006D6E8EF3F62
:10B7100043F00203C6E8E23F002AF7D1D4F88000E4
:10B7200028B105F0E3FDC4F88050A4F88450A06C63
:10B7300018B105F0DBFD0023A36404F130050022FD
:10B740000023284612F098FD78B904F198050022EC
:10B750000023284612F090FD50B96368DB6903B3FB
:10B7600031462046BDE87040184705F0BFFDE6E7CA
:10B7700005F0BCFDEBE704F11C03D3E8EF2FC3E8B1
:10B78000E16F0029F9D1042105F10C0012F0DBFD75
:10B79000A38A4680038029462068BDE8704010F0E7
:10B7A000FABD70BDD74002003C0E020070B58B8A16
:10B7B00005460C462BB94021284610F016FFF0B97B
:10B7C000A182002104F11003D3E8EF0FC3E8E61FC4
:10B7D000002EF9D1A160696D04F10803D1B9C5E962
:10B7E000143314492560E26004F1B80014F087FABC
:10B7F000A38A403B9BB23F2B0FD9012009E00131C6
:10B8000089B28029D8D10C4801210C4A10F07CFC67
:10B81000002070BD0B606B65E3E7094904F1880007
:10B8200014F00DFA04F1980014F05EF9012384F885
:10B83000B030E2E7E5B400003C0E0200F540020043
:10B84000A3C6010073B50546164C174EB44201D38A
:10B8500002B070BD2846636801A9984700281FDB25
:10B860000199238828468B828B84A268FFF79EFF6C
:10B870000028EDD0019843681B6803B19847019BED
:10B880001033D3E8EF1F41F00101C3E8E21F002AA3
:10B89000F7D101984368DB6913B100F110019847B3
:10B8A0000C34D3E7280D02004C0D02002DE9F843BB
:10B8B0000A9E90461F4632464B6881460D46984781
:10B8C000041E11DA14F10C0F21D014F10B0F07DA5A
:10B8D00014F1860F37D00D3437D00B20BDE8F88334
:10B8E0000134FAD10720F9E7346863685B692BB942
:10B8F0000121174A174810F007FCEEE7AB784846DD
:10B9000084F8B530144A3168FFF750FF08B90420B5
:10B91000E4E72046FFF790FDBDF820302046238560
:10B92000BDF82410A4F82480E78410F005FC20461C
:10B93000FFF758FD03222B880020A4F8B2303368AB
:10B9400083F8B020CAE70220C8E70620C6E700BF98
:10B95000194102003C0E0200E9B20000054A03460C
:10B96000106830B130F8082C08389A4201D080684D
:10B97000F7E770479C37002010B54368014613B9BC
:10B980006FF0150010BD008840B1431EFE2BF7D8A4
:10B99000FFF7E4FFA8B16FF06F00F3E780242046C3
:10B9A000FFF7DCFF60B10134A4B2B4F5807FF6D1BB
:10B9B0000E4802210E4A10F0A7FB6FF07C00E1E771
:10B9C0000C808B78042BDBD80BB901238B70002300
:10B9D0008B60084B01F10802596819B9C3E90022CC
:10B9E0000020CFE70A605A60FAE700BF3C0E020071
:10B9F0003B4102009C37002070B50A4814F074F8EF
:10BA00000025094C074E10220021204614F040FD6D
:10BA100001352146304614F073F8142D04F110045A
:10BA2000F1D170BD1C0B0020A43700202DE9F04798
:10BA30000D469146804600283DD000293BD00E6837
:10BA40007EB3531EFE2B4FF000041ED82746DFF8AE
:10BA50006CA03046FFF7F0FC3046FFF7C3FC5246BF
:10BA600031464046FFF7A2FEC0B10137052FA6F8C8
:10BA7000B29004D055F827603C46002EE9D13946F3
:10BA80002846BDE8F04710F0B3BC6FF0150605EB93
:10BA90008404A54207D13046BDE8F0876FF00B065D
:10BAA000F5E73746EBE754F8041D0029F1D040468E
:10BAB00010F095FBEDE76FF01506ECE7E9B200003A
:10BAC00030B50D46D0F88010044685B0084610F019
:10BAD000D2FA83B203B10B8B2A8A12FA80F0B4F83F
:10BAE000842090420ADD2E4A01212E4810F00CFBE2
:10BAF000204605B0BDE8304010F0AABD01330B83ED
:10BB0000294B002202930023CDE900230394EA6825
:10BB1000298AD4F8800005F005FC2B8A80B2834284
:10BB200001D0224AE0E7D4F88050284610F0A3FA6A
:10BB3000B4F8843098420BD204F11C0010F0E1FA02
:10BB400060BB0121204605B0BDE83040FFF7CABD0B
:10BB50000023C4F88030A4F88430636829465B6908
:10BB600020469847031E10DA13F1770F16D00D48C0
:10BB700001210F4A0EF021FC204610F069FD2846F5
:10BB800005B0BDE8304005F0B1BB94F8B030032BF0
:10BB9000F5D101212046FFF7A5FDF0E705B030BD46
:10BBA0005A4102003C0E0200F9C001006E41020041
:10BBB00082410200F7B504460E4600F11C03184608
:10BBC00010F09FFA002877D0421ED3E8EF1F814281
:10BBD00003D1C3E8E52F002DF7D1F0D1338A228BB2
:10BBE00093420BD9022100923548364A0EF0EFFB02
:10BBF000204603B0BDE8F04010F02ABDD4F8802004
:10BC000032B13146204603B0BDE8F040FFF758BFDF
:10BC1000012B05D802212C4A294810F075FAE7E7D4
:10BC200006F10C0012F0DDFBE38A0546834202D2E6
:10BC3000264A0121F0E763681A691AB32046904743
:10BC4000C4F8800008B9224AF3E7A4F884500C3005
:10BC5000378A12F0D2FBEF1BB8420DD9338AE81AAB
:10BC6000238B591E0144B1FBF3F189B20029C8D0DE
:10BC70002046FFF737FDC4E7D4F880000C3012F0FF
:10BC8000BCFBEDE75B69314620469847031E08DAA6
:10BC900013F1770F12D001210E4A09480EF08DFBE7
:10BCA000A6E794F8B030032B08D10121204603B059
:10BCB000BDE8F040FFF716BD074ABAE703B0F0BD94
:10BCC0003C0E020089410200A2410200B84102007C
:10BCD000CB41020082410200ED41020070B50B8AA7
:10BCE0000546032B0C46164605D80121254A264851
:10BCF00010F00AFA10E0042104F10C0012F069FBC4
:10BD00004188284610F071FC054650B91F4A0B4681
:10BD10001D4802210EF051FB2046BDE8704005F0A1
:10BD2000E5BA838A403B9BB23F2B26D816B390F8E6
:10BD3000B030042B02D1164A0221D8E7103010F09F
:10BD4000E0F9830701D5134AF6E7B5F8B23021468A
:10BD5000803B9BB27F2B03D92846FFF72BFFDBE705
:10BD600005F1980012F0B7FA05F18800BDE87040BF
:10BD70000AF0EEB910F06CFCCEE7436821465B692F
:10BD80009847C9E70A4202003C0E0200274202001F
:10BD9000534202007E4202002DE9F04F01F10C03F4
:10BDA00095B08B4604AF054604211846FB6112F09E
:10BDB00010FBBBF81030428806469A4206D000922B
:10BDC000B24A0121B2480EF002FB06E0447844B9C1
:10BDD000B04A0121AE4810F097F94437BD46BDE89E
:10BDE000F08F0278511E192900F2EA83DFE811F082
:10BDF0009201E803E803E803E80305015E01E803B4
:10BE0000E803E803E803E803E803E803E803E803DA
:10BE1000E803E8031A001E00A6006B0198018202E5
:10BE20004F03BF03012BD8D89B4AD2E7092B2E68BA
:10BE3000DBF80C2001D8994ACBE7B2F804A01389AB
:10BE4000BAF1160FB2F80290B2F806B0B2F800805C
:10BE5000FB6102D9BBF1160F04D8914A5346CDF8C5
:10BE600000B0AEE70A2221461520FFF799FA0546F1
:10BE70000028B2D00A210C3012F065FA00230446E3
:10BE80000360436003814046FFF768FD8046002859
:10BE90003FD0737A82789A4206D8A9F140033F2BAB
:10BEA00018D94FF0090807E0012B03D830460FF0EE
:10BEB000FEFF88BB4FF005080023A4F808802A463F
:10BEC00005213046009310F0D6F958B3284605F006
:10BED0000DFA82E74946304610F049FBF862F0B9A6
:10BEE00007F12C030293FB694146CDE900B34A46B2
:10BEF00053463046FFF7DAFC80460028DCD1FB6A67
:10BF00009A8A22801A8BA280DA8A6280DB69E380B7
:10BF1000D2E74FF00208CFE74FF00808CCE74FF028
:10BF20000A08C9E7B8F1000F7FF457AFF86A436811
:10BF30001B68002B3FF451AF98474EE7092B2E6842
:10BF4000DBF80C2001D8574A43E7D388B2F802A0A7
:10BF5000B2F80490FB611589B2F800B025F008032F
:10BF60000BB1052D0DD100222146304610F08BF883
:10BF7000804658BB012123464B4A45480EF01DFA26
:10BF80002BE701222146304610F07DF8804600283C
:10BF9000F0D0B83013F0C1FE002288F8B420082D8C
:10BFA0001CD035BB032288F8B020D8F80420A8F8AC
:10BFB00024B0A8F826A0A8F8289012680AB1404634
:10BFC00090474046F96910F0B7F806E7B83013F02B
:10BFD000A4FE0022052D88F8B420E0D12946404671
:10BFE00010F0C8F800283FF4F8AE4146304610F093
:10BFF000F6F8404610F00AF9EFE6032B2E68DBF85E
:10C000000C807FF618AF3046B8F8001010F058F8E2
:10C01000054630BB98F8032098F80230214643EAE1
:10C020000223BB85B8F8003006220120FB85FFF70C
:10C03000B7F9044600283FF4D0AE00F10C08022105
:10C04000404612F080F902234570037004224046F6
:10C0500007F12C0112F07DF92146304610F09BF9D2
:10C06000BBE6214604220720FFF79AF90446002880
:10C070003FF4B3AE04210C3012F065F9AB8A0380B3
:10C08000AB8C4380284610F0C1F8E5E7B0420200CF
:10C090003C0E0200D1420200F24202000E430200B6
:10C0A000304302005A4302007C430200032B2868FD
:10C0B000DBF80C2001D8924A8BE6518810F000F88A
:10C0C000002897D189E6032B2868DBF80C1001D8EB
:10C0D0008C4A7EE64A88098810F049FA044608B975
:10C0E000894A76E62C3010F00CF81044B0F5803F09
:10C0F00008DB0121854A864810F006F8204610F03A
:10C10000A7FA6AE62046114610F016F8204610F00D
:10C1100000F862E60122214628680FF0B4FFCFE75D
:10C12000D5F800800025072BC7E908553D8522D8A2
:10C130000121784A76480FF0E7FFA946AA460C2667
:10C140004FEA4902214618200832FFF729F9DFF8A3
:10C15000D4B10446002840F08A80DBF80030002B80
:10C160003FF43BAE5B68002B3FF437AE524631469E
:10C170004046984731E60821F86912F02AF9BBF8E1
:10C1800010300A2BC3F347090AD90121624A6048DB
:10C190000FF0BAFF4FF00509AA460C260025CFE79D
:10C1A0004388B0F800A03B618388FB60C3887B6054
:10C1B0003B693F2B02D9FB683F2B08D8FB68012164
:10C1C00000933B69554A52480EF001F9E5E75046A5
:10C1D000FFF7C4FB7861002846D098F809308278D0
:10C1E0009A4230D82E4607F12003BB6007F12C039A
:10C1F000BB61BBF81030012BA2D9F86912F0F1F83D
:10C20000A0F140039BB23F2B024627D8014640468F
:10C2100010F0ADF9BB69186020BB02937B68404603
:10C220000193FB680093D7E90431FFF73FFBB0B9F6
:10C23000BB691D68AB8ABA6822F8023BBB69BA6069
:10C240000433BB61D5E7012B01D90526A6E740469B
:10C250000FF02DFE0028F8D0082671E709200646C9
:10C260000023E8E70A20FAE702267D6968E700F183
:10C270000C0318460821FB6112F065F80022FB69E7
:10C28000026042602DB12A8B4280EA8A0280EA690C
:10C290008280C6804FEA4902184607F1200112F059
:10C2A00058F8002322460521404600930FF0E3FF93
:10C2B0000546B0B9DBF800300BB15B68ABB907F1EC
:10C2C000200407F12C064D45BFF687AD34F8023B3C
:10C2D0002BB156F8250043681B6803B19847013518
:10C2E000F1E7204605F002F837E75246314640466E
:10C2F0009847E4E7072B2D6816D8094A69E500BF7F
:10C300009D430200C2430200E34302000F440200C7
:10C310003C0E02000E430200204402004244020090
:10C320006F440200983700200821F86912F051F894
:10C33000038800227B61438821463B618388FB6040
:10C34000B0F8069028460FF09EFE60B3B0F8B23009
:10C35000BB61B9F10A0F00F29280012340F2116231
:10C3600003FA09F3134240F0858013F4907F00F044
:10C3700086800022214628460FF085FE0646A0B999
:10C380000026B0469B4B1B68002B3FF426AD1C6873
:10C39000002C3FF422ADBB69424600934946334628
:10C3A0002846A04719E5B861D3E706F1B80013F0B5
:10C3B000B4FC494630460FF0DDFE00283FF40DADD9
:10C3C000284631460FF00BFF30460FF01FFFD0E735
:10C3D0000AF1B80013F0A1FCBBF81020012A14D810
:10C3E0000121854A85480FF08FFE284651460FF0FF
:10C3F000F6FE50460FF00AFF0022214628460FF0B5
:10C4000042FE82460028E3D1BCE7F86911F0E9FF5B
:10C4100008F1010801465FFA88F80028E5D02846AF
:10C4200010F0A5F860B15146B86028460FF0D7FE6D
:10C4300050460FF0EBFEBA68104610F009F9DBE742
:10C4400003227B698AF8B020AAF826303B69DAF823
:10C450000420AAF824108AF8B400AAF82830126838
:10C460000AB1504690475046F96801360FF064FE15
:10C47000F6B2C1E70026B046BEE70FF0C7FE0122C4
:10C48000214628460FF0FFFD0028F6D178E7032B60
:10C490002E6801D85A4A9CE40421F86911F099FFEA
:10C4A000B0F802A0BAF13F0F5BD9B0F80090B9F133
:10C4B0003F0F34D9BBF810300A2B52D80025A846BC
:10C4C000BBF81030012B0AD81DB1B8F1010F4CDCBC
:10C4D000002507F12C0BA84537D1002520E0F8698D
:10C4E00011F07FFF0146304610F041F800283AD0A5
:10C4F000C38C07F12C0299451ED26D468AB004AA5E
:10C50000C2E9073905233F49C2E9051042F8103F47
:10C5100000234FF421513948F7F772FFAD4601254A
:10C52000214602221A20FEF73BFF022104460C306E
:10C5300011F009FF05808FE5038D42F8280053456F
:10C5400088BF012508F10108BAE75BF825004368B8
:10C55000A0F82690A0F828A05B6A03B1984701359F
:10C56000B9E70425DCE70325DAE70225D8E7012B44
:10C57000D5F8008001D8244A2BE40221F86911F093
:10C5800028FF0026B0F800900022214640460FF018
:10C590007AFD054600283FF420AC05F1B80013F001
:10C5A000BCFBB9F1000F01D12B8CEB826B682E84A0
:10C5B00085F8B4605B6A002BE6D028469847E3E72D
:10C5C000022113460D48114A0DF0F7FE0222012008
:10C5D00071782D68FEF7E4FE044600283FF4FDABB9
:10C5E00002210C3011F0AFFE00232146037043708E
:10C5F000284633E598370020944402003C0E0200A0
:10C60000B4440200DB440200FA4402002145020067
:10C6100008B50B8A032B06D80121044A04480FF001
:10C6200073FD002008BDFFF7B7FBFAE7494502009C
:10C630003C0E02002DE9F3471F460368054691466C
:10C640000C46D1F818800191002B5ED05B7B072B44
:10C650005BD110300FF055FD8307C0F3400A57D46B
:10C66000002200232C4809F01DFC064650B9022187
:10C670002A4A2B480FF048FD6FF06804204602B0AC
:10C68000BDE8F087C0F800A0AB8CC0E902978380BA
:10C69000A061AB6C73B10024019905F130008B6986
:10C6A0001C6011F018FE0022002305F1500009F073
:10C6B00029FEE3E72A6B002AEDD105F12C000FF0EB
:10C6C00020FD0028E7D0284601A90FF0EDFD041E4B
:10C6D000D4DA14F10B0F0BD1019FBB691B683BB17E
:10C6E000394605F1300011F0F6FDBB691C68C5E75D
:10C6F000012123460B4A0A480DF05FFE019B30469C
:10C70000C3F81880FEF730FEB8E76FF07F04B5E796
:10C710006FF06D04B2E700BF1C0B002067450200FC
:10C720003C0E02008545020023281FD81A2804D891
:10C73000431E182B0ED906207047A0F11B03082BAF
:10C740001ED8DFE803F0051D1B231D19251D05005C
:10C750000320704701230F4A83401A40C2B90E4A92
:10C760001A40002A14BF01200620704700F07F0302
:10C77000522B05D1002070470120704705207047DB
:10C7800010F0400F0CBF06200020704704207047B7
:10C7900002207047AAAA8A025455450108B5437B76
:10C7A000072B06D002210C4A0C480FF0B4FF0020E2
:10C7B00008BD04210FF019FF034610B9084A0121F2
:10C7C000F2E7022100F588700FF09AFF08B9054AD8
:10C7D000F5E753F8080CEBE7AF450200BC0D02008B
:10C7E000BD450200D8450200A0F10801014813F040
:10C7F000BBB800BFDC09002010B50446002114229C
:10C8000013F046FE2146BDE81040014813F078B908
:10C81000040B0020B0B5032100AF054610F01DF851
:10C82000041E18DA28460FF0AEFBFAF78BFE6D46B1
:10C830008AB06A46094BD461C2E905304FF40073EF
:10C840001384074B42F8103F00234FF41251054860
:10C85000F7F7D6FDAD46BD46B0BD00BFF2450200BC
:10C8600004000001BC0D02002DE9FF414FF000085B
:10C870004FF4205305460E46006802A91446176877
:10C880008DF80880ADF80A300EF0BCFDA0B142F67C
:10C890000103286803A98DF80C80ADF80E300EF066
:10C8A000B1FD48B123691BB15A88B24200D25E8003
:10C8B000012004B0BDE8F081616828680EF0A2FD97
:10C8C00010B100232361F3E7E368A0681A786AB126
:10C8D000B7F81EC0F98D038A8C4594BFC3EB0C03D7
:10C8E000C3EB0103934201DA0020E2E704210C309C
:10C8F00011F029FD20610680236929465E80074BDF
:10C900000194009338460023A26810F060F80028D4
:10C91000EADB2069003818BF0120CAE7DBC8010044
:10C920002DE9F34700F58C788F6906460D46CB68F4
:10C9300040460221D7F800900FF0E2FE50B90121E5
:10C940004C4A4D480FF0E7FE6FF01504204602B048
:10C95000BDE8F0871A78022A05D1B28D042A02D0E8
:10C960006FF08504F2E730460FF0D0FE00283BD090
:10C97000042140460FF0C4FE014610B16FF00A04D6
:10C98000E4E71878D228EBD0FFF7CEFE012819D0C3
:10C99000D8E8EF3F43F01003C8E8E23F002AF7D1A0
:10C9A0003E60EB6808361878FFF7BEFE052810D900
:10C9B000324A3B4629463046FFF73CFE041E0CDB5C
:10C9C0000024C3E706F118000FF09AFE0028DFD11B
:10C9D000D4E72B4B53F82020EBE704214046C7F85F
:10C9E000009010F0B4F8B1E71B78D22B12D1336865
:10C9F0002946186811F0D1FA044658B10121214A9C
:10CA00001D480FF088FEA869FFF7F6FE284604F0DF
:10CA10006DFC9BE705F10C0011F0EBFCB5F810A0E4
:10CA20003E60336880461C68EB6804211878FFF785
:10CA30007BFE052898BF144B2A4694BF53F820303C
:10CA4000124B204600970FF016FC04460028B7D082
:10CA500010F1690F04D101210D4A07480FF05BFE68
:10CA60006B69A5F810A013FA88F3EB60C7F8009083
:10CA70006CE700BFD8450200BC0D02008BC7010067
:10CA8000741802003B4602005C180200EDCF010062
:10CA90004E46020000B5024613F03AFF0B46064927
:10CAA000085806498842064804BF002200235DF862
:10CAB00004EB09F0F7B900BF08000000182B0020B4
:10CAC000040B00202DE9F7430D46C38BC18D0132C5
:10CAD0008B4228BF0B469A4207460AD90221009290
:10CAE0002248234A0DF073FC0024204603B0BDE821
:10CAF000F0832846FFF718FE022814D0042812D02D
:10CB00004FF0FF384FF0FF39002142464B460846B0
:10CB10000FF0AEFB044658B901212B46154A1348C5
:10CB20000DF04BFCE0E74FF470284FF00009EBE705
:10CB300040464946FFF7AEFF064640B902210E4A7D
:10CB40000A480FF0E8FD204604F0D0FBCCE704F1E2
:10CB50000C080B21404611F0F2FB376001214046E2
:10CB6000A66111F0F0FB0570BFE700BFBC0D02002D
:10CB70007146020044400200964602002DE9F74348
:10CB8000176805468846006851681446BE680EF06E
:10CB900039FC8146002842D130469522294610F0C2
:10CBA00058FE0646207540B1E3681B780BB184F847
:10CBB0001490002003B0BDE8F083A06811F091FB51
:10CBC00002210C3011F0BFFB164B2061A0F8008051
:10CBD00000930194334629463846A2680FF0F7FEC9
:10CBE000002807DA10F1FF0F32BF0E204042C0B21A
:10CBF0002075DEE72369002BDBD0A0680FF066FD0F
:10CC0000FB8BFA8D9A4294BFC0EB0200C0EB03008D
:10CC1000E3681B78984294BF00200120CAE70120F6
:10CC2000C8E700BFDDC6010010B5B0F8623090F86B
:10CC30006610042B17D1B0F86430042B13D10023F5
:10CC4000A0F86230A0F8643080F8663059B100680E
:10CC50000FF003FE031E06DABDE810400121024A70
:10CC600002480DF0AABB10BDB5460200BC0D020083
:10CC70002DE9F04F42F60103002591B01668804679
:10CC80000F4600680BA9D6F8089014468DF82C5072
:10CC9000ADF82E300EF0B6FB002870D04FF42053C4
:10CCA000D8F800000BA98DF82C50ADF82E300EF0FE
:10CCB000A9FB38B1A3681BB15A88BA4200D25F8081
:10CCC00001200EE0616808460FF000FDF28BF38D45
:10CCD0009A4294BFC0EB0200C0EB0300032803D8C4
:10CCE000002011B0BDE8F08F084611F0FAFA0546B1
:10CCF00060680FF0EBFCF28BF38D05F10C0B9A42A0
:10CD000094BFC0EB020AC0EB030A584611F075FB52
:10CD1000824537D260680FF0D9FCF28BF38D9A42CE
:10CD200094BFC0EB0200C0EB030070B96368987A4F
:10CD300004F032FA0022002311F099FA0546002887
:10CD4000CED00146606811F0DDFA00230093D8F8D8
:10CD5000046010234146484602AAB047061E0EDB77
:10CD6000227CE068B2422BD001460BA80EF078FB83
:10CD700060B9237C144A022114480DF01EFB0023E5
:10CD8000A3609DE7584611F038FBCEE7F2B202A946
:10CD900006A80EF065FB10B90D4A3346EBE706A96D
:10CDA0000BA80EF02FFB0028E9D1002304216374A7
:10CDB00005F10C0011F0C7FAA0600780A3687EE7B8
:10CDC00002A913F080FBEEE7E8460200BC0D02006A
:10CDD00007470200F0B583B0436A04460D4600AF32
:10CDE0007BB10022A3F5B4737B601968A14202D124
:10CDF0000132042A20D0D3F8683113B1A3F5B473FB
:10CE0000F2E70026391D0022002327487E6008F043
:10CE1000AFFE0146A0B123686C4688B06A4623493C
:10CE2000C2E90513032342F8103F4FF4C4513346BF
:10CE30001F48F7F7E5FAA54600200C37BD46F0BDC0
:10CE40007B684FF4B872184613F022FB194AC2608F
:10CE500000F5907012F048FE7B6803F58C73D3E800
:10CE6000EF2FC3E8E15F0029F9D17B681C60636A9A
:10CE70007D681BB904F10C0012F036FE626A05F5FC
:10CE8000B473C5F86821A26A636202B9A3627868C4
:10CE90000FF03CFC7B6818B140221846DA83CCE7DF
:10CEA0001722DA85F9E700BFDC09002026470200D7
:10CEB000BC0D0200AC0500202DE9F04182B000AFAE
:10CEC00005460E46002200231F48391D08F050FE7B
:10CED0000446B0B16C4688B06A461C4BC2E90535C1
:10CEE000032342F8103F00234FF4C2511848F7F7CC
:10CEF00087FAA5466FF00B0420460837BD46BDE80B
:10CF0000F08113F005FD134BD7F804801A58124B2B
:10CF100021461A6008F10400642213F0B9FAC8F837
:10CF2000005078680D49C0E90144C0E90944303037
:10CF300012F0E5FE21467868FFF74CFF0028D9D0B3
:10CF400008303060D8E700BFC00900204B4702001E
:10CF5000BC0D020008000000743A002049D7000010
:10CF600010B5044600F58873D3E8EF1F41F00401C3
:10CF7000C3E8E21F002AF7D1A4F108000FF0CDFBAF
:10CF800004F59870034912F0BAFE2068BDE810401D
:10CF900002F04AB9C1D900002DE9F3470B8A0446D3
:10CFA0000E46076843B90121384A39480FF0B3FBF0
:10CFB000002002B0BDE8F087012106F10C0011F05D
:10CFC00008FA7B7B0546072BF2D154F8083C002B6E
:10CFD000EED0002203782F4FA4F1080817F8320092
:10CFE0004FEAC20A984207EBC2010DD191F80290B4
:10CFF000B9F1010F20D1002104F588700FF0B8FFBE
:10D0000028B3254A0221D0E701320E2AE6D10221B7
:10D010001F48224A0DF0D1F929780846FFF784FB12
:10D020000028C5D00528C3D00029C1D0062300227E
:10D0300040460FF003FEBBE7B9F1050F07D1012110
:10D0400004F588700FF094FF08B1154ADAE75744E9
:10D05000338A7A789A420BD92A78012100920C48B7
:10D06000104A0DF0B4F9B9F1010FA1D1042309E080
:10D070007B68314640469847B9F1010F034697D186
:10D08000002895D02978002992D0D0E77047020077
:10D09000BC0D020094180200A54702008B47020055
:10D0A000C1470200E0470200F0B51E4603680D4686
:10D0B0000039044618BF012187B01868174610F0E0
:10D0C00089FC48B9052104F58C700FF051FF002848
:10D0D00048D0002007B0F0BD002E45D01822002116
:10D0E000684613F0D5F967BB236831461B683046A4
:10D0F00000930023ADF812300C9B1C4A0393BDF83B
:10D1000034308DF80850ADF8103001238DF814300C
:10D110006B460FF097FB9DF81430E3B1002FD8D089
:10D12000019B9869FFF768FB019804F0DFF89DF810
:10D130001430002DCDD03246294620460FF07EFD1A
:10D14000C7E7002239462046FFF7BCFC01900028C3
:10D15000CAD11120BEE701990029BAD020460FF0AC
:10D160005DFDB6E71220B5E70120B3E7E3C7010094
:10D17000F8B50F461646FFF711FBB8B1446ABCB1CB
:10D18000A4F5B47024680CB1A4F5B474731C1946EA
:10D1900038B1C28DC58BAA4228BF2A469A4209D20D
:10D1A00074B902210B4A0C480DF007F90020F8BDB4
:10D1B0002046EBE732463946BDE8F840FFF782BC2F
:10D1C000D4F868510DB1A5F5B47520460B462C4630
:10D1D000DFE700BFFF470200BC0D0200F8B50D46B7
:10D1E000002106464FF47022002308460FF040F855
:10D1F000044640B901212B46144A15480DF0DDF8CC
:10D2000000242046F8BD30460FF080FA04F10C07E8
:10D21000002814BF0B210921384611F090F84FF473
:10D2200070200021FFF736FC40B90221094A084866
:10D230000FF071FA204604F059F8E1E70660012189
:10D24000A061384611F07FF80570DAE7444002002B
:10D25000BC0D0200964602002DE9F0410E8A0446FC
:10D26000043EF6B2022E08468CB001D0102E6BD1CF
:10D2700004210C3011F0ADF80DF10808058847883D
:10D28000011D324640460EF0EBF800285ED0002D1E
:10D2900039D00026002F35D0BD4234D84FF420536A
:10D2A000404601A98DF80460ADF806300EF0AAF8EA
:10D2B00068BB1422002107A813F0EAF8012211210B
:10D2C0002046FFF78BFF099000283BD001210C304E
:10D2D000CDE9074811F037F800230A90394603706A
:10D2E0001B4A0B93284607AB0FF0ACFA0A9B1B783E
:10D2F0001BBB099B9869FFF77FFA099803F0F6FFBB
:10D300000A2301E03D4601232A4610210EE042F6A1
:10D310000103404607A98DF81C60ADF81E300EF0E1
:10D3200071F80028C5D010232A46194620460FF070
:10D3300085FC00200CB0BDE8F081204609990FF073
:10D340006DFCF6E71120F5E70420F3E70E20F1E786
:10D3500069C800002DE9F043036804460D4685B016
:10D360000121186810F036FB50B9052104F58C70C6
:10D370000FF0FEFD00283BD1122005B0BDE8F08380
:10D3800010220021684613F083F800222121204654
:10D39000FFF724FF029068B34FF00108DFF85890C0
:10D3A000009405F10C072B8A012B04D82046029922
:10D3B0000FF034FC1CE0384611F013F86B464A4677
:10D3C000014606468DF80C800FF03CFA9DF80C30B3
:10D3D000002BE8D0029B9869FFF70EFA029803F041
:10D3E00085FF3246202120469DF80C300FF026FCA8
:10D3F0000020C2E71120C0E7BDCC01002DE9F043B9
:10D40000036804460D4685B00121186810F0E2FA61
:10D4100050B9052104F58C700FF0AAFD00283BD10E
:10D42000122005B0BDE8F08310220021684613F0F9
:10D430002FF800220F212046FFF7D0FE029068B39C
:10D440004FF00108DFF85890009405F10C072B8A83
:10D45000012B04D8204602990FF0E0FB1CE038466F
:10D4600010F0BFFF6B464A46014606468DF80C8019
:10D470000FF0E8F99DF80C30002BE8D0029B98697A
:10D48000FFF7BAF9029803F031FF32460E21204629
:10D490009DF80C300FF0D2FB0020C2E71120C0E74E
:10D4A00077CC0100F0B51D46036804460E4685B0F2
:10D4B00001211868174610F08DFA40B9052104F5CE
:10D4C0008C700FF055FD70BB122005B0F0BD8DB310
:10D4D00010220021684612F0DBFF00223946204668
:10D4E000FFF77CFE029038B3BDF828302946ADF82E
:10D4F0000430012328468DF80C30104A6B46009406
:10D500000FF0A0F99DF80C307BB1029B9869FFF7F2
:10D5100073F9029803F0EAFE2A46314620469DF848
:10D520000C300FF08BFB0020CFE7204602990FF064
:10D5300075FBF8E70120C8E71120C6E777CC0100AA
:10D540002DE9F0410D8A0446043DEDB2022D084656
:10D550008CB001D0102D50D104210C3010F039FFC7
:10D560000DF1040806884788011D2A4640460DF043
:10D5700077FF002843D096B187B1B7420FD3182266
:10D5800000210DEB020012F083FF01220921204649
:10D59000FFF724FE089060B9112007E03E46012302
:10D5A0003246082120460FF049FB00200CB0BDE8B0
:10D5B000F08101210C30CDE9064810F0C4FE0023B3
:10D5C000099003700A2339468DF82C30304606AB9B
:10D5D0000C4A0FF037F99DF82C304BB1089B986935
:10D5E000FFF70AF9089803F081FE9DF82C30D7E781
:10D5F000204608990FF012FBD7E70420D6E70E204B
:10D60000D4E700BF7DCB00002DE9F0430F46044670
:10D61000062187B007F10C0010F0DBFE0588B0F89A
:10D6200002808288D7F80C90C5B10023B8F1000FB2
:10D6300013D0454512D88DF800308DF804304FF4E2
:10D640002053684601A9ADF80220ADF806300DF070
:10D65000D9FE064660B10A2301E0454601232A4669
:10D66000062120460FF0EAFA002007B0BDE8F0835B
:10D670000146142201A83F7C12F00AFF324607211E
:10D680002046FFF7ABFD0290F8B10A2341468DF822
:10D690001530284601AB0E4ACDE9036901948DF897
:10D6A00014700FF0CFF89DF815304BB1029B9869BC
:10D6B000FFF7A2F8029803F019FE9DF81530CEE7A7
:10D6C000204602990FF0AAFACEE71120CDE700BF5D
:10D6D00071CC00007FB5CB6804461D885E888DB193
:10D6E0007EB1B5420ED810220021684612F0D0FE5D
:10D6F000002205212046FFF771FD019058B9112045
:10D7000007E0354601232A46042120460FF096FA09
:10D71000002004B070BD6B4631462846094A00948B
:10D720000FF090F8029B43B9019B9869FFF764F8EA
:10D73000019803F0DBFD0A23E5E7204601990FF08D
:10D740006DFAE5E717C9010013B5044690F83010EB
:10D7500050F8300C0FF0F5FC10F10C0F09D0002838
:10D7600007DA94F8303002210090034A03480CF0A5
:10D770002EFE02B010BD00BF1A480200BC0D020010
:10D7800070B5134812F0B0F90024124D104E29461E
:10D790003046013412F0B4F9142C05F11405F6D119
:10D7A0000D4C00F003FF2088FEF7D8F8844209D022
:10D7B0002046FEF7E1F8031E04DA0121074A084873
:10D7C0000CF0FBFDBDE870400648FDF785BE00BFCC
:10D7D000040B0020E4380020A00500204748020088
:10D7E000BC0D02008C18020013B50B460021024646
:10D7F00013F08EF801910D490C680D4909580D4838
:10D800008C4208BF002201A908BF134608F0B0F9F6
:10D81000014640B9019B1C22184612F039FE03460E
:10D82000184602B010BD0023FAE700BF743A00208A
:10D8300008000000140A002010B5836804463BB1BC
:10D840009869FEF7D9FFA06803F050FD0023A3609C
:10D850002146BDE81040014812F086B8140A0020A5
:10D860002DE9F347044600F59C700E4617461D4609
:10D8700012F053FAD4F81C0158B90221164A17487D
:10D880000EF049FF20680FF0F7FA002002B0BDE863
:10D89000F087134B4FF00008984202D1C4F81C8166
:10D8A000F0E7D0F80490C0F80480D4F81C01D0F858
:10D8B00018A0FFF7C1FF2068C4F81C810FF0DCFA44
:10D8C000B9F1000FE1D02068CDF800A03B46324608
:10D8D00029460068C847D8E76A480200BC0D020024
:10D8E000783A00202DE9F04150F8084C05468CB0FC
:10D8F000002C60D000F5B07104F124000FF00EF997
:10D90000A5F1080705F58C7800220023404610F0A9
:10D91000B3FC064670BBD5F814312BB10246014664
:10D920000E233846FFF79CFF0023022145F8083CF0
:10D9300005F588700FF00BF9636A002B3BD102A943
:10D9400004F1300012F0FDF904F10C07002200236D
:10D95000384610F091FC064698B96668C6B921466B
:10D960001648266012F000F828680CB0BDE8F041B7
:10D9700001F02CBDB069FEF73FFF304603F0B6FC66
:10D98000C2E7B069FEF738FF304603F0AFFCDDE7D1
:10D99000A26833689642636008BFA360776837B1B6
:10D9A000B3690E210093002320681A46B847304619
:10D9B000FFF742FFD1E70CB0BDE8F081C0090020BD
:10D9C0002DE9F04192B0A0F59C731B6806AF0646A6
:10D9D00018680EF0D8FA037804463D1D032B3BD897
:10D9E000DFE803F0023436381E492846F3F744F9DD
:10D9F000A3790595627807F110080492A2781E2198
:10DA00000392E278404602922279019262796C4652
:10DA10000092154A09F0DAFB88B006AA134BC2E956
:10DA200005384FF400739383114B42F8103F0023E5
:10DA30004FF4E2510F48F6F7E3FCA6F59870A546BF
:10DA4000FFF750FF3037BD46BDE8F0810A49CCE70B
:10DA50000A49CAE70A49C8E70A212846094A09F0DB
:10DA6000B5FBC5E743310200653102008148020081
:10DA700003000001BC0D02004A31020051310200D6
:10DA80005B310200334F0200F8B506460F46002412
:10DA9000094D15F8013CB34207D1294638460FF02D
:10DAA00005FD10B105482044F8BD1034402C05F1A7
:10DAB0001005EED10020F7E7DD3A0020DC3A002027
:10DAC000F8B506460F460024094D15F8013CB3424F
:10DAD00004D1294638460FF0E9FC30B90C34302C1B
:10DAE00005F10C05F1D10020F8BD02482044FBE708
:10DAF0008121002080210020F8B506460F46002431
:10DB0000094D15F8013CB34207D1394628460FF0BC
:10DB1000CDFC10B105482044F8BD0C34302C05F183
:10DB20000C05EED10020F7E70F4000200E4000204A
:10DB300010B51846144607491022A047041E07DAFC
:10DB400023460121044A05480FF0E8FC204610BD99
:10DB50000024FBE7F0210020A2480200F40D02009F
:10DB6000102110B50648F9F75BFE034630B1BDE859
:10DB700010400121034A04480FF0D0BC10BD00BF83
:10DB8000E0210020C3480200F40D02002DE9F0411D
:10DB9000054600260C4CDFF834802746621C6DB920
:10DBA000414610460FF082FC28B90136042E04F1DC
:10DBB0001004F2D100273846BDE8F08128462178CC
:10DBC0000EF0C1F9F0E700BFDC3A0020303102006E
:10DBD000F8B506460B4F4C1C01F11F056EB12246ED
:10DBE000304614F8011C0EF0AEF908B1601EF8BD05
:10DBF0000A34AC42F2D10020F9E7394620460FF052
:10DC000055FCF2E7303102000246014610B504230C
:10DC100011F8010B0832F9F7D1FD034630B1BDE828
:10DC200010400121024A03480FF078BC10BD00BF2C
:10DC3000E9480200F40D0200022110B509480FF076
:10DC400057FC084007D10849084A0B88084CA242F3
:10DC500002D300B10B8010BD5068083203449BB260
:10DC60000120F4E71C3B00203E400020840D020010
:10DC7000A40D02002DE9F04106460F4690460DF036
:10DC80002EFD50B339463046FFF71AFF054678B9E6
:10DC90000446134A10460FF043FCC0B90C2254430B
:10DCA000104A601C394610440FF063FCA518165545
:10DCB000012105F1080001FA08F10FF019FCBDE897
:10DCC000F0414FF400420023074808F01BBB013429
:10DCD000042C02F10C02DDD1EAE7BDE8F08100BFBF
:10DCE0008821002080210020B021002070B5204B29
:10DCF000144682689A420FD1A568C66875B9227920
:10DD0000304621680FF0DAFB024628B1194901308C
:10DD10000FF02FFC15701581012070BDE068002800
:10DD2000FBD02B888B420AD0F6D2E068A36801387A
:10DD30000433E060003818BF0120A360EDE72568D8
:10DD40002279294630460FF0B9FB024660B93046C9
:10DD500008490FF0B3FB02460028E6D029460130FF
:10DD60000FF007FC23791370A3685B881381DCE74D
:10DD7000C1E10000303102002DE9F04180460F463C
:10DD800016461D46FFF7B8FE044680B91549FFF751
:10DD9000B3FE044630B9BDE8F0410121124A1348F0
:10DDA0000FF082BB394600F8018B0FF0E2FB2289AD
:10DDB00063896AB973B926816581214611F8010B1F
:10DDC0000DF08DFC40B12046BDE8F041FFF71CBFCF
:10DDD000964203D39D42EFD8BDE8F0819D42268153
:10DDE000EBD9E9E73031020005490200F40D0200E9
:10DDF00010B5FFF781FE044670B1014611F8010B22
:10DE0000F9F7EAFC034620B10121044A04480FF067
:10DE100085FB20460FF0B4FB002010BD2449020012
:10DE2000F40D020070B500F1880504462946007A19
:10DE30000DF055FC03462946207A53B1FFF7D8FF71
:10DE4000034668B1BDE870400121064A06480FF05C
:10DE500065BBFFF751FE18B1BDE870400FF090BBF5
:10DE600070BD00BF41490200F40D020008B5012158
:10DE7000034A04480FF018FB6FF0150008BD00BFFF
:10DE800057490200F40D02001FB519464FF428133C
:10DE90001046064ACDE902230823BDF81820009356
:10DEA0006B440FF081FB05B05DF804FB18002800FF
:10DEB00008B513468168074A914209D11A79196851
:10DEC000C0680FF0FBFA18B10023036043600381C0
:10DED000012008BDC1E1000070B50B4B16468268F9
:10DEE0009A420ED1C5686C1C1F35204631680FF070
:10DEF000DDFA18B1204671680FF03BFB0A34AC42E2
:10DF0000F3D1012070BD00BFC1E1000038B5144657
:10DF10000B4B82680D469A420FD122792168C06866
:10DF20000FF0CCFA48B1D4F8C83004EB8302158165
:10DF3000018901335181C4F8C830012038BD00BFC8
:10DF4000C1E100004FF4A4720023014808F0DAB9DF
:10DF50007822002008B5042108480FF0C9FA6FF0B4
:10DF6000020106480FF0CFFA04480FF0D9FAC307B0
:10DF700001D5FFF7E7FF002008BD00BFA822002061
:10DF8000024608B5074901300FF0F3FA00230C32BE
:10DF900002F8043CD2E8EF1FC2E8E03F0028F9D1C4
:10DFA00008BD00BF3031020037B504460D46FFF70B
:10DFB0006BFD0246C0B1037A0C308DF804300FF0CF
:10DFC000AFFA022300F001008DF8050001AA2946EE
:10DFD0002046F9F709FC034620B10121034A044811
:10DFE0000FF09CFA03B030BD0346F0E7634902002E
:10DFF000F40D02002DE9F04784B08A469046994618
:10E00000044600AF58B90121384A39480FF04CFA9C
:10E010006FF0150528461037BD46BDE8F08707F1BB
:10E0200008010DF0C9F9054698B16D4688B06A46F9
:10E03000304BC2E905344FF4007393832E4B42F802
:10E04000103F00234FF4E2512948F6F7D9F9AD46C5
:10E05000DEE72046391D0CF095FA786820B30A22D5
:10E06000294609F0DFF80128034605D90121234A92
:10E070001F480FF053FACBE7C6B2304607F108014C
:10E08000FFF73AFD044630BBBAF1000FC2D01C497D
:10E09000FFF732FD044648B901211A4A14480FF02F
:10E0A00003FA6FF00B05B5E72E46E6E700F8016BC3
:10E0B00007F108010FF05DFA04F108010422484657
:10E0C000C047041EA6DA234601210F4A08480FF074
:10E0D00025FA25469EE7BAF1000FEDD1C0F800A061
:10E0E000C0F804A0C0F808A094E700BFA031020067
:10E0F000F40D02008C49020003000001A84902004F
:10E1000030310200C3490200A24802002DE9F04765
:10E11000284B1646826807469A422BD1C568EB8B7E
:10E1200043B34FF000086C1C05F11F09B4F8073029
:10E130009BB12246304614F8011C0DF004FFE0B9F3
:10E14000214614F8010CFCF74DFE30B1437B072B40
:10E1500008BF4FF001080DF04BFE0A344C45E5D1E5
:10E16000B8F1000F06D12B6AA5F81E8013B1414605
:10E17000384698470120BDE8F08706F1880A5146E5
:10E18000307A0DF0ACFA78B90B4B9D4202D1304693
:10E19000FFF748FE204609490FF0EBF9002304F889
:10E1A000013CA4F80730D8E7514620460FF0E1F9CA
:10E1B000D3E700BFC1E1000020060020303102009B
:10E1C0002DE9F0471F46BDF8203006468846D1F8B5
:10E1D0000C90002B4ED17B1E012B4ED8012F4946AF
:10E1E000157818BF1588FFF7F3FC0446B8B915B9C0
:10E1F0003846BDE8F0874946FFF7EAFC044638B9DF
:10E200001F4802211F4A0FF04FF96FF01000F0E78E
:10E2100006F1880101300FF0ACF9337A2370D9F898
:10E220002430DBB9B4F808A02581B9F81E30AB4220
:10E2300003D0494640460FF0B9F8AA4505D0002260
:10E24000307A06F18801FFF715FD002DD0D10E4977
:10E25000601C0FF08EF925702581C9E72A464146DA
:10E26000304698470028C4DB01380128DAD96FF01E
:10E270000D00BEE76FF00600BBE76FF00C00B8E7DB
:10E28000F40D0200E54902003031020038B50546C0
:10E290000C460F4801210FF02BF910F0010F0D4B28
:10E2A0000AD11D835C830A480FF03AF9830709D429
:10E2B000BDE83840FFF746BE198B5A8BA94202D8F9
:10E2C0009442EFD838BD94421D83ECD9EAE700BFF1
:10E2D000A822002058220020F8B500250A4C0B4F38
:10E2E000661C394630460FF0E1F8014630B9204649
:10E2F0000FF0F5F931462078FFF756FE0135042D71
:10E3000004F11004ECD1F8BDDC3A002030310200F9
:10E310002DE9F0411F46BDF818300646012B904606
:10E3200035D83B44012B3D4634DCFFF72FFC044637
:10E3300068B9FFF72BFC044648B90221184A19486E
:10E340000FF0B2F86FF010052846BDE8F08197B1E4
:10E350000023217A98F8002021FA03F0C70703D59B
:10E3600022FA03F0C00718D50133032BF4D102F0D1
:10E3700007021143217206F18801601C0FF0F9F8C1
:10E38000337A0121204623700FF0B9F9DCE76FF0F2
:10E390000605D9E76FF00C05D6E76FF01205D3E755
:10E3A000FF490200F40D020010B56FF002010446AF
:10E3B0000E480FF0A8F80D480FF0B2F8C20704D5C8
:10E3C000002200230A4807F09DFF20460EF096FF2A
:10E3D00058B12046FFF7DAFB38B1037ADB0704D5E2
:10E3E000BDE8104001210FF08AB910BDA82200201D
:10E3F00078220020F8B56FF0080117480FF083F875
:10E400004FF4A47200231548F9F792FA0026144C31
:10E41000144F651C394628460FF048F8B0B9237AE6
:10E42000DB0713D52946FCF7DDFC054620B10EF0CD
:10E430007AFF28460DF0DCFC6FF0020104F10C00BD
:10E440000FF061F8002120460FF059F90136042E33
:10E4500004F11004DDD1F8BDA82200200022002024
:10E46000DC3A0020303102002DE9F04784B08A46C2
:10E4700090469946044600AF58B90121424A4348A4
:10E480000FF012F86FF0150528461037BD46BDE8AD
:10E49000F08707F108010CF08FFF054698B16D4633
:10E4A00088B06A463A4BC2E905344FF4007393834F
:10E4B000384B42F8103F00234FF4E2513348F5F750
:10E4C0009FFFAD46DEE72046391D0CF05BF878680B
:10E4D00000B30A22294608F0A5FE0128034605D903
:10E4E00001212D4A29480FF019F8CBE7C6B2304672
:10E4F00007F10801FFF7C8FA044698B9FFF746FB91
:10E50000044648B90121254A20480EF0CDFF6FF09E
:10E510000B05B9E72E46EAE700F8016B07F10801A1
:10E520000FF027F8BAF1000F2AD0022239464846E8
:10E53000C047061E07DA33460121194A13480EF078
:10E54000EDFF3546A0E73B78022E237209D0022169
:10E55000144A0E480EF0A8FF002120460FF0CFF815
:10E5600092E77B78012B05D931460F4A07480EF018
:10E57000D5FFF1E7204603F001010FF0B0F883E783
:10E580002046FFF7FDFC7FE7A0310200F40D0200FA
:10E590008C49020003000001A84902002B4A020036
:10E5A000A24802004D4A0200A14A020008B501211A
:10E5B00012480EF09DFFC3071FD4FFF73DFB104923
:10E5C000104811F09CFB00234FF4A4720D48F9F79A
:10E5D000A9F90D490D4811F092FB02210C480EF0EB
:10E5E00087FF0C490C4811F08AFB0C48FCF730FE01
:10E5F000BDE808400A48FCF7CFBB08BD1C3B002023
:10E6000027D8010000220020BDED00007822002064
:10E61000A8220020B3DA0100B0210020F00500207C
:10E62000D405002003462DE9F04148B1008A38B9ED
:10E6300001244FF0140C1149DFF844E0714501D377
:10E64000BDE8F081D1E90076BB4204D30CFB067231
:10E65000143A93420ED93444A2B214460831EDE77D
:10E660000CFB0578434507D001356219B54292B2DB
:10E67000F6D1F2E70025F8E71046E1E7840D020045
:10E68000A40D02002DE9F04F89B09946BDF848303D
:10E6900004460F4690461BB94FF6FF73ADF848305D
:10E6A000314B1B88A34230D2BDF84830ADF81E3044
:10E6B0002E4B1D687DBB09B0BDE8F08F69685144E1
:10E6C000A14220D289B28A460835294B9D42F5D312
:10E6D000EAE7149B28680493139B2246039312AB2A
:10E6E000CDE901930BFB06003B46CDF800800EF010
:10E6F0001AFF0028DFD001366B680AEB0601B3422F
:10E7000089B2E6D8DFE70026F6E74FF0010A4FF0BE
:10E71000140B184DD9E74FF0140A083D0DF11E0BEC
:10E72000AE68BEB96B689E4219D22868149B0AFB7A
:10E730000600018A0493139B2246CDE902B3CDE97A
:10E7400000893B460EF0EFFE0028B4D00136E9E721
:10E750000026E7E756F8083C1B8AA342F8D8AD68C4
:10E76000002DA8D0083DDBE73E400020203B0020E4
:10E77000A40D0200840D020010B50024C8B0694643
:10E780001CAA04A8CDE90044CDE902440CF0AFFA7C
:10E7900030B9134A012113480EF086FE48B010BD6F
:10E7A0004FF6FF710120104A04AB0FF031F80F480B
:10E7B00004A90CF031FB08B90D4AEBE721460B4BDD
:10E7C00003F11002187812F8014D0131082903F8FD
:10E7D000014B1070F6D107480EF08AFEDEE700BF4D
:10E7E000F24A0200F40D020003D40100E0210020EF
:10E7F0000B4B0200A82200202DE9F04118490446E5
:10E80000A1F1300015461E46BDF8187011F099FAB6
:10E8100014480EF085FE010705D4FFF7ADFFFFF7A2
:10E820005BFDFFF79DF92046FFF7B0F968B1037A69
:10E83000DA070AD500F10C0420460EF071FEC3077A
:10E8400003D4022120460EF053FE10233A460693CD
:10E8500031462846BDE8F041034B0EF0A5BE00BF8F
:10E8600030220020A8220020E021002010B51B4803
:10E870000EF056FEC0F3C00080F0010408B9FFF7A7
:10E880007BFF16480EF04CFE034614480EF048FE7F
:10E89000DA0622D5830606D5FCB1FFF71DFDBDE8DB
:10E8A0001040FFF75DB920210C480EF021FE102228
:10E8B0000B49881811F007FE48B90A4811F02DFAE3
:10E8C000BDE810406FF0010104480EF01CBE4FF689
:10E8D000FF710120FFF7DAFCDFE710BDA82200205E
:10E8E000E02100207822002008B5102103480EF016
:10E8F000FFFDFFF7BBFF002008BD00BFA8220020DE
:10E900002DE9F74F044662480EF00AFEC1070ED506
:10E9100060480EF005FE420709D401215E4A5F48B7
:10E920000EF0C2FD6FF0150003B0BDE8F08FFFF7E9
:10E9300083F92368002518684FF4C05369468DF8A1
:10E940000050ADF802300CF05DFD10B96FF07700AB
:10E95000EAE7236801A9186841F601038DF804501D
:10E96000ADF806300CF04EFD0028EFD04C4D07F00E
:10E97000FBFE2B682768B4F80490ABB9494A1688A7
:10E98000002F5DD1002204F10803A2606A68002A0A
:10E990005ED1C5E900333E480EF0C2FDC30767D41F
:10E9A00007F0F6FE0020BFE76B68002B6DD053E93F
:10E9B0000232142101FB023333F8046C002F45D1DD
:10E9C000002EDFD023681F8AB742DBD829680029D0
:10E9D000E1D00022A1F108031868008AB84240D9AA
:10E9E00004F10803002A36D09168A1600029CDD037
:10E9F0009360D0E7398A69B9711C89B239820E46B1
:10EA000009F1FF3914371FFA89F9B9F1000FF1D173
:10EA10004646D5E7B142F2D801AB5A460846CDF892
:10EA200004A00EF0F5FE019B43B101213B8A1E4A72
:10EA30001A480EF073FD07F0ABFE73E73146DEE7D0
:10EA400098464FF0000ADFF864B0DEE7B046F8E71A
:10EA500013606B609FE76A68A1602B60002A9AD1FF
:10EA6000F7E79868002896D01A46A0F10803B3E7A4
:10EA70001421D4E9002301FB0323108A33F8041C7A
:10EA8000FFF704FCFFF7B6FC8AE71B68FFDE00BF58
:10EA90001C3B0020A8220020244B0200F40D0200A1
:10EAA000203B00203E400020664B0200A7D301001F
:10EAB0002DE9F047B8B000AF0C46164636493A4645
:10EAC000D7F8000198460BF039FD38B9FFF7CEF9B9
:10EAD00081464846E037BD46BDE8F0873D68391DB0
:10EAE00028460BF04FFD3DB901212C4A2C480EF071
:10EAF000DBFC6FF015043CE0786868B10A22002165
:10EB000008F090FB0128034605D90121254A244835
:10EB10000EF004FDEDE7C0B207F1080A3875514662
:10EB200028460CF049FC814698B16C4688B06A468C
:10EB30001D4BC2E905354FF4007393831B4B42F81C
:10EB4000103F00234FF4E2511548F5F759FCA54654
:10EB5000CFE7C7F810A0E4B1C022404607F120017A
:10EB6000B047041E07DA23460121114A0C480EF073
:10EB7000D5FCA146ADE7A40807F12003C7E9063498
:10EB80004FF6FF7101200B4A07F110030EF040FE13
:10EB90009FE72346F2E700BF874B0200A031020047
:10EBA000F40D0200A84902008C4902000300000194
:10EBB000A2480200EDDC0000002307B50193FFF737
:10EBC00031FD411C89B20846034A01AB0EF020FE1C
:10EBD000019803B05DF804FBD9D601002DE9F04798
:10EBE000154689469422696806460EF032FE804634
:10EBF00048B10221304A31480EF056FC4FF0FF3543
:10EC00002846BDE8F0870222304669680EF05BFEB8
:10EC100038B902212A4A29480EF046FC6FF0150542
:10EC2000EEE73046E97D0EF0A3FB0028F6D04FF466
:10EC300070200021AF8AFEF7D7FD02370446A8B145
:10EC40001D21204B47613A464174C0F80C80436057
:10EC500085613046FEF78CFA074650B91748022105
:10EC6000194A0EF021FC2046FEF7E6FD6FF00B0579
:10EC7000C6E7EB7D4246414607F10C0A0EF071FBF8
:10EC8000022150460FF05FFB804628F8029BA98ABC
:10EC900050460FF058FBAA8A2969404611F0D1FB73
:10ECA00021463046A7600EF00CFB05460028A7D091
:10ECB0002046FEF7C1FDA3E78E4B0200F40D0200D3
:10ECC000A44B0200D1D30100CF4B020030B5044663
:10ECD0008BB037480EF024FC42070D4661D514B1C5
:10ECE000637B072B60D168680590FFF79BFC2A685F
:10ECF000ADF818003AB305A902912E4900230191FD
:10ED0000012100914FF6FF710593FFF7BBFC059BB6
:10ED10001BB96FF001000BB030BD6B60059B04A9FF
:10ED2000186800238DF8103042F60303ADF8123056
:10ED30000CF068FB70B90598C3689B799B0605D4F5
:10ED40006FF01500E7E70028E8D1E2E70EF019FDC3
:10ED5000ADF81800BDF818003CB1012301462A4661
:10ED60002046AB75FFF73AFFD5E76FF07F030793B7
:10ED70000223ADF8203042F60213ADF8123005AB95
:10ED8000AC7502930C4B4FF6FF710193012304AA5B
:10ED90000093234609958DF81040FFF773FC079800
:10EDA000B9E76FF00A00B6E76FF07F00B3E700BF86
:10EDB000D0000020F7D30100EDF0000073B5044649
:10EDC00050F8083C00F130056FF00101A0F1200679
:10EDD000284601930EF097FB0E4B002044F81C3C94
:10EDE0000D4B314644F8183C01AB44F8103C042369
:10EDF00024F8080C24F8060C24F80C3C04F8090C40
:10EE0000FFF764FF18B9022128460EF071FB02B02B
:10EE100070BD00BF2C190200A9E300002DE9F84FD6
:10EE2000904614683F4B826805469A4200AF75D100
:10EE3000D0F80C9009F1010609F11F0AB6F8073065
:10EE4000F3B13246204616F8011C0DF07CF8B8B13B
:10EE50004FF49572294620460EF0FBFC30B3032890
:10EE600012D1EB4688B06A462F4BC2E9053542F80D
:10EE7000100F00234FF4C4512C48F5F7C1FADD46BA
:10EE80000A365645DAD149E0052820460CBF4FF036
:10EE9000030B4FF0020B0DF054F8834506D998F898
:10EEA00004305B45ECD288F804B0E9E749462846CF
:10EEB0000EF07CFA1E4B994530D1207A04F188017E
:10EEC000FEF71AFE054648B303890BB943892BB3F5
:10EED0002046FBF771FE2B89164A22F820306989FB
:10EEE00002EB8003598018231349144D03FB0013D0
:10EEF00000B202EB80021A61042200EB40005D6068
:10EF00000F4D01EBC00120469D609A82FFF7DEFEA7
:10EF100020B101210B4A05480EF0C6FA0120BD467A
:10EF2000BDE8F88FC1E10000F64B0200F40D0200CD
:10EF30002006002002400020943A00202C190200F4
:10EF40001BD701000A4C02002DE9F84314468846FD
:10EF50009422616805460EF07CFC40B125480221F0
:10EF6000254A0EF0A1FA4FF0FF30BDE8F8830122E8
:10EF7000284661680EF0A7FC38B902211F4A1D48D7
:10EF80000EF092FA6FF01500EFE72846217E0EF0A2
:10EF9000EFF90028F6D0A2891B2128460232FEF79D
:10EFA000E7F8064638B913480221154A0EF07CFAF4
:10EFB0006FF00B00D9E700F10C09022148460FF071
:10EFC000C2F9074627F8028BA18948460FF0BBF922
:10EFD000A289A168384611F034FAD4E90412304607
:10EFE000237E0EF0BEF931462846BDE8F8430EF008
:10EFF0002AB900BFF40D02008E4B0200A44B0200A0
:10F00000274C020030B504468BB035480EF088FA24
:10F0100042070D465DD514B1637B072B5CD1686850
:10F020000590FFF7FFFA2A68ADF818003AB305A972
:10F0300002912C4900230191012100914FF6FF71AB
:10F040000593FFF71FFB059B1BB96FF001000BB089
:10F0500030BD6B60059B04A9186800238DF8103043
:10F0600042F60303ADF812300CF0CCF970B90598F4
:10F07000C3689B79DB0605D46FF01500E7E700282D
:10F08000E8D1E2E70EF07DFBADF81800BDF81800FE
:10F090002CB101462A462046FFF756FFD7E76FF00E
:10F0A0007F0342F6021207930123ADF8122005AA4E
:10F0B00002920D4AADF82030CDE900324FF6FF71D3
:10F0C000234604AA09958DF81040FFF7DBFA07984C
:10F0D000BDE76FF00A00BAE76FF07F00B7E700BF47
:10F0E000D0000020F7D30100EDF000002DE9F84F2B
:10F0F0001446474B826881469A4239D1D0F80CA019
:10F10000444B9A451CD10026434D444F394628466E
:10F110000EF0CCF978B90722294615F8010CFBF757
:10F12000BDFE40BB236929461A6915F8010C5388B6
:10F130001288FEF721FE0136042E05F10C05E5D1FB
:10F140000AF101070AF11F0BB7F80720A3899A42B9
:10F150000BD1394617F8010CFBF744FE054620B1E8
:10F16000437B072B0AD00CF043FE0A375F45EBD1F7
:10F170004FF0010849E00CF03BFEDCE7DAF82830FC
:10F1800023B14946984708B92846ECE794224946F6
:10F1900028460EF05EFB804628B10221204A214815
:10F1A0000EF082F9F0E7A389022B15D1B7F80730EA
:10F1B00013F0020604D128460CF01AFEA660D4E72C
:10F1C00028462269A188FFF709FD0646B8B92269D9
:10F1D000937D01339375EEE7012B05D028460CF0A3
:10F1E00007FEC4F80880C0E7B7F8073013F001063F
:10F1F000E1D028462269A188FFF7A6FE06462846E8
:10F200000CF0F6FD002EA660AFDA4046BDE8F88FA0
:10F21000C1E10000200600200F4000203031020034
:10F220008E4B0200F40D0200012370B500F1880539
:10F230008EB0044603902946007A8DF810300CF009
:10F240004EFA90B1227A52B302AE0421304609F050
:10F2500058FD00962421134A05A82B46F8F7FEF91D
:10F2600005AA10461049F5F719FC4FF6FF71012069
:10F270000E4A03AB0EF0CCFA20460CF062FE9DF86D
:10F280001010884209D220460CF030FE034620B10F
:10F290000221074A07480EF041F90EB070BD0092F6
:10F2A000D8E700BF8A4B0200B1EA00001DEE000063
:10F2B000504C0200F40D0200F8B505460E46174604
:10F2C000064B1C684CB154F8043C043C1BB13A4654
:10F2D0003146284698476468F4E7F8BD283B00208B
:10F2E00037B5012504464FF6FF7100906B4628465E
:10F2F000084A8DF804500EF08BFA002120460EF0DB
:10F3000069FB20B94FF6FF712846FEF7BFFF03B037
:10F3100030BD00BF1DEE0000002330B5B5B0019137
:10F320008DF808003393044601AB0D4601204FF6DB
:10F33000FF710C4A0EF06CFA339B83B19B0003AA59
:10F3400020462946F8F75EFA044628B10346012113
:10F35000054A06480EF0E2F8204635B030BD1A46A0
:10F36000EEE700BF0DDF00007C4C0200F40D020050
:10F370002DE9F34100F18808CDE9001204460F465B
:10F38000007A414616460CF0AAF905466B464FF640
:10F39000FF7101200C4A0EF03BFA1DB14146207A64
:10F3A000FFF7BAFF3946207AFEF76EFB40B13146CF
:10F3B00001300EF0DEF81DB14146207AFEF7F4FD73
:10F3C00002B0BDE8F08100BFD9DE000073B504468D
:10F3D00003464FF6FF710120184A04F188060EF02B
:10F3E00017FA3146207A0EF02EFB3146207A0CF0C7
:10F3F00076F950B1237A4FF6FF718DF80430012071
:10F400006B460F4A00960EF003FA2046FEF7BEFB4D
:10F41000054688B13146207A0CF061F928B92846B2
:10F4200002B0BDE87040FEF7ABBD3146681C02B0CB
:10F43000BDE870400EF09DB802B070BD0DE1000057
:10F44000B1DE000001460023074A10B5141DE01884
:10F450000EF051FB08B1981810BD03F50E73B3F50B
:10F46000D56FF4D1F8E700BFB0220020084B00F5BB
:10F470000C701A68074BD0E8EF1F994204D1C0E81E
:10F48000EC2FBCF1000FF6D1D0E8AF0F704700BFF2
:10F4900094370020B022002008B5FFF7E7FF0346AD
:10F4A000C8B1D0E9001221B9002A0CBF0320022004
:10F4B00010E032B1836813B9094B1B7833B90420CB
:10F4C00008E00749087828B19B6833B9003A18BFAB
:10F4D0000122500008BD0320FCE70120FAE700BF2D
:10F4E0003451002008B50121024A03480EF001FB07
:10F4F000002008BDB64C0200540E02000221024A50
:10F5000002480EF0F6BA00BFD14C0200540E0200C1
:10F5100037B513460022009204460D460A46D0F83D
:10F52000F00006210CF0A7FE60B1693004D1012182
:10F53000074A08480EF0DDFA284603B0BDE830401F
:10F5400001F0D4BE204603B0BDE830400EF019BB38
:10F550004E460200540E020038B50546F022002146
:10F5600010F096FF102105F12700FAF7FFFD044681
:10F5700048B9052128460EF00DFBFAF797FE034B1C
:10F580001860204638BD0824FBE700BF303B002050
:10F5900038B50446051D082128460EF0FBFA084937
:10F5A00004F15700FAF790FE48B1082128460EF002
:10F5B000C9FA04480121044A0EF09BFA082038BD1C
:10F5C000A1DF0100540E0200EA4C020073B5047A78
:10F5D0000546022C23D844B190F8DC30D0F8D8404E
:10F5E000DC4004F0010444F08004032128460EF0BE
:10F5F000E1FA0646D8B110210C300EF0A4FE0090BE
:10F6000013482346006805F1270205F157010EF063
:10F61000B8FD044680B1304601F068FE07E0032CD7
:10F6200008D0234601210B4A0B480EF096FA082019
:10F6300002B070BD0024D8E7024631462846FFF7E5
:10F6400067FF281D21460EF07DFA2046F0E700BF37
:10F65000303B0020034D0200540E0200F8B5044672
:10F66000FFF704FF251D06460E2128460EF043FA3B
:10F6700070B94C4B2022196804F1570010F023FF99
:10F6800030B90221484A49480EF033FA082034E0E4
:10F690000C2120460EF08EFA07460028F6D04021B5
:10F6A0000C300EF050FE3F4B02461B68014603F142
:10F6B000200053F804CB834241F804CBF9D1203227
:10F6C00003F1200153F8040B8B4242F8040BF9D1EB
:10F6D000002239462046FFF71BFF237A052B58D816
:10F6E000DFE803F003380C035754042120460EF0E2
:10F6F00051FAFFF76BFF00283BD0F8BD2046D4F845
:10F70000F070FFF7B3FE0421064604F1D800FAF7C3
:10F710002DFD0028BAD1D4F8D830254A84F8DC0071
:10F72000B3FBF2F102FB1133C4F8D83056B13368A1
:10F7300043B10B2128460EF02DFA38463368D4F831
:10F74000D8109847032120460EF024FA0E210EF01F
:10F7500021FA0EE0204603210EF01CFA0E210EF0D5
:10F7600019FA28460A210EF015FA7368D4F8F00049
:10F770009847284607210EF00DFA0820FFF762FE91
:10F7800068B92046BDE8F840FFF702BF04212046D3
:10F79000DDE70121074A05480EF0DFF976E7002092
:10F7A000ABE700BF303B00201F4D0200540E0200AB
:10F7B00040420F00034D020038B504460D46FFF7E6
:10F7C00055FE04F157000246EB6803F1200153F89F
:10F7D000045B8B4242F8045BF9D104F1770203F138
:10F7E000200153F8045B8B4242F8045BF9D1FAF72D
:10F7F000DBFC40B9154B1D681DBB201D06210EF01A
:10F80000C9F928461CE00E21201D0EF0C3F9D4F8DA
:10F81000F050D5F8B83033B9287A05F1880101F0F5
:10F820008BFAC5F8B800D5F8B830002BE2D0DA89E9
:10F8300002F02402002ADDD05B7B9B07DAD4032090
:10F8400038BD2046BDE83840FFF708BF303B0020F8
:10F850002DE9F047044690B00CAD10220021284657
:10F8600010F016FE237A052B34D8DFE803F00603E8
:10F8700003063323D4F8D8300C93D4F8F03004F1D5
:10F88000470204F1C707CDE9017204F1370803F11B
:10F89000960204F12709009241464A468F3304F14B
:10F8A000970001F0C7FBF0B1454A012145480EF031
:10F8B00020F914E0D4F8E430002BDED02E4603F11A
:10F8C0001007324618685968083303C2BB4216460F
:10F8D000F7D1D2E701213C4A3A480EF03EF9082020
:10F8E00010B0BDE8F087D4F8F03008AE03F18F0215
:10F8F0009633019304F111030292009342462B4682
:10F900004946384603960EF061FC08B12F4ACCE711
:10F91000237A052B0ED1D4F8E01011B30B46AC4678
:10F9200001F1100E624618685968083303C2734526
:10F930009446F7D1D4F8F0300DF1100A03F1960295
:10F940008F33019304F10A03029200934A462B4637
:10F9500041463846CDF80CA00EF038FC30B11C4AB8
:10F96000A3E71022284610F093FDE3E7102251464A
:10F9700004F1B70010F0A7FD00BB0D2120460EF0EA
:10F9800019F907460028AAD010210C300EF0DBFC34
:10F9900032460346164603CEAE42186059603246E0
:10F9A00003F10803F6D1002239462046FFF7B0FDE7
:10F9B000201D01210EF0EEF8002091E70B208FE7CB
:10F9C0003A4D0200540E0200034D02004F4D02005A
:10F9D000724D020038B5134B05461B78E3B101F0B8
:10F9E0000F042846FFF758FD0F4B03281B780CBF68
:10F9F00004F00B0444F0040405F50D70D0E8EF2F7B
:10FA0000013203D1C0E8E13F0029F7D1D0E8AF3F90
:10FA10002BB144F0010038BD01F00704E1E704F028
:10FA2000FE00F8E734510020310900202DE9F341B0
:10FA30000D460446D0F8F060FFF718FDD5F80C80AD
:10FA4000074698F80330073B092B03D9062002B07C
:10FA5000BDE8F081D6F8B8305BB1251D0F212846EE
:10FA60000EF049F880B92046FFF776FD60B1C0B2CC
:10FA7000EDE7307A06F1880101F05EF9C6F8B800CA
:10FA80000028EAD10820E2E701236372D8F80030A9
:10FA90002046C4F80A30B8F80430E3810223237406
:10FAA00098F80210FFF796FFE0742046FFF7F4FC89
:10FAB00010236074237598F8043003F00303637512
:10FAC00098F8053003F00103A375E37C1B070DD5FF
:10FAD00098F80230180709D5052128460EF05AF883
:10FAE000637D03F0020363750023A3750521284697
:10FAF0000EF001F8002851D0A24B1B78A374E37CD0
:10FB0000990607D598F802309A0603D5142128469D
:10FB10000EF040F8E37CDB0742D598F80230D807B6
:10FB20003ED50D2128460EF035F8A37D032184F83B
:10FB3000E830637D284684F8E9300EF02BF8052183
:10FB400098F800800DF0D7FF70BBB8F1040F4BD8C8
:10FB5000E37AA27C1340D90744D4217BE37C194388
:10FB600011F0040111D02046FFF796FC864B08EBFC
:10FB70008808984418F80010042906D1D4F8F03009
:10FB8000DB78002B14BF0121022121722046D6F818
:10FB9000B8100DF0B6FF48BB032058E77B4BACE72D
:10FBA00000236375A375C0E7237BE07C03EA0002B2
:10FBB000120706D5E27A94F812C042EA0C02D20784
:10FBC000E3D4B8F1040F0FD843EA000111F00401A7
:10FBD000DBD02046FFF760FC6D4B08EB8808434400
:10FBE000195CD2E70621D0E70021CEE7D4F8F03047
:10FBF0009B7A032B38D026D8013B012B3FF642AF2E
:10FC0000052128460DF077FF002840F0A680204609
:10FC1000FFF72CFC07462046D4F8F080FFF726FCBF
:10FC200008F18801064698F8080001F021F9237AC6
:10FC3000F0B1427BD2071BD5D3B90121554A5648B2
:10FC40000DF057FF1EE7042B7FF41CAF237D627B72
:10FC5000934228BF1346102B7FF4F8AE05212846A7
:10FC60000DF049FF002897D0237A002BC8D193E7E5
:10FC7000062B5ED8DFE803F018552D5D5D5D0400AE
:10FC8000002E5CD0F368002B59D000230A212846AF
:10FC9000ADF804300DF07EFFF368D4F8F00001A950
:10FCA0009847237A002B4CD10F2128460DF023FFD3
:10FCB000002846D1002F44D07B69002B41D0284634
:10FCC0000A210DF067FF7B69D4F8F0009847002007
:10FCD000BDE604210DEB0100FAF748FA00287FF495
:10FCE000D1AE019B2D4AB3FBF2F102FB113301931C
:10FCF0004EB133683BB10B2128460DF04BFF404617
:10FD0000336801999847019BC3F3072284F8473071
:10FD10001B0C84F849301B0A84F8482084F84A30C8
:10FD2000BFE728460A210DF035FF40467368984723
:10FD3000B7E701211A4A18480DF00FFFA2E602208A
:10FD400085E6032120460DF025FF0E210DF022FF50
:10FD500002B0BDE8F0410DF04CBF237A73B90F211A
:10FD600028460DF0C8FE48B947B17B6933B1284633
:10FD70000A210DF00FFF30467B69A7E70C212046D2
:10FD8000E4E700BF365100208A50020035510020C0
:10FD900071500200964D0200540E020040420F00C6
:10FDA000034D020038B504460E49A0F1F00500F5F8
:10FDB00088700FF0A4FF28460DF0A6FF0A4A04F54C
:10FDC000A073D3E8EF1FC3E8E02F0028F9D14FF06C
:10FDD000FF3304F5A274D4E8EF2FC4E8E13F002913
:10FDE000F9D138BD9D0B0100B022002080B500AFD5
:10FDF00088B06A46074BC2E90530032342F8103F3A
:10FE000000234FF4C2510448F4F7FAFA6FF00B00E4
:10FE1000BD4680BDC34D0200540E020010B40F4A0F
:10FE2000D2F8F03053B1D2F8283333B1D2F860357C
:10FE300093B15DF8044BFFF7D9BF01234FF40E7067
:10FE40004343074CD018F033C0F8F4401A44002064
:10FE50005DF8044B0A6070470223EFE7B0220020F0
:10FE6000581A02002DE9F0410B46064600AF0D215D
:10FE700004300DF040FE78B3DD68D6F8F030022093
:10FE800003F188084246197A0EF01EF90446C8B9F3
:10FE90004046F7F757FB6D4688B06A46114BC2E9FA
:10FEA00005304FF4007393830F4B42F8103F0F4817
:10FEB00023464FF4E251F4F7A3FA0820AD46BD46BD
:10FEC000BDE8F0812B462A3405F1100253F8041BDB
:10FED000934244F8041BF9D1304609210DF05AFE33
:10FEE0000020ECE7E84D020003000001540E020080
:10FEF0002DE9F0410B46064600AF0D2104300DF010
:10FF0000FAFD78B3DD68D6F8F030042003F18808F4
:10FF10004246197A0EF0D8F80446C8B94046F7F7B9
:10FF200011FB6D4688B06A46114BC2E905304FF4AB
:10FF3000007393830F4B42F8103F0F4823464FF452
:10FF4000E251F4F75DFA0820AD46BD46BDE8F08108
:10FF50002B461A3405F1100253F8041B934244F85F
:10FF6000041BF9D1304607210DF014FE0020ECE708
:10FF7000E84D020003000001540E020070B5061D9A
:10FF8000CD6804460B2130460DF0DCFD2B4604F114
:10FF9000170205F1100153F8040B8B4242F8040BD1
:10FFA000F9D1052130460DF0A6FD20B92046BDE867
:10FFB00070400DF01FBF237A012B09D0022B13D103
:10FFC000204604210DF0E6FDBDE87040FFF7FEBAC3
:10FFD0000A2130460DF08FFD0028F1D03046002177
:10FFE0000DF0D8FD002070BD03480121034A0DF03B
:10FFF000B4FD0820F7E700BF540E0200034D0200D5
:020000040001F9
:100000002DE9F041044688B00E46FFF72FFA04F1BF
:10001000370805464246F36803F1100153F8040B14
:100020008B4242F8040BF9D1271D052138460DF00B
:1000300062FD002848D1D4F8F03004F1470603F1FE
:10004000960204AD8F3301920093414630460295EB
:1000500004F1100304F109020DF071FEE8B9102259
:10006000294604F1170010F02EFA00286DD12B4616
:10007000D4F83700D8F804102A4603C3D4F8270070
:10008000D4F82B1003C3294630460BF011FE40B1C3
:100090005A4A01215A480DF02CFD082008B0BDE84D
:1000A000F081334608AE2A4603CAB242186059604E
:1000B000154603F10803F6D1012138460DF06AFD1B
:1000C00020460DF0B0FDE9E7237A052B00F28D8084
:1000D000DFE803F0191F1F038B6104AB494900934C
:1000E0004246096804F1270304F1570001F00AF8B9
:1000F0000028D2D10A2138460DF04CFDAB68049996
:10010000D4F8F00098470D2120460DF043FD102152
:10011000D3E794F8DC20D4F8D8303A49D34004AD82
:1001200003F0010300954246096843F0800304F19F
:1001300057000EF026F808B1334AAAE710222946E4
:1001400004F1170010F0BFF908B10420A6E703215D
:1001500020460DF01FFD0DF066FD00289ED194F89D
:10016000DC300133DBB2142B84F8DC3009D10D21F3
:1001700020460DF00FFD102138460DF00BFD00203C
:100180008CE7102104F12700F9F7F0FF003818BFC1
:100190000120C00082E7102104F12700F9F7E6FFF3
:1001A00000287FF47AAF35B3EB6823B3174BE27ABC
:1001B0001B88D207ADF81030A37C03F0010312D4E2
:1001C000002B14BF012303238DF811300023384680
:1001D000C4E938330C210DF0DDFCEB68D4F8F000F5
:1001E00004A99847CBE75B00EEE70121084A0448E1
:1001F0000DF0B3FC51E7022050E700BF024E0200B1
:10020000540E0200303B0020174E0200481002003E
:10021000034D02002DE9F743C6780446012E05D0B0
:100220006FF01504204603B0BDE8F0830DF09EFC8E
:100230000546002800F0AC80071D042138460DF06B
:100240005AFC002840F0A780032138460DF053FCEB
:1002500010B16FF00F04E5E7314638460DF04BFC66
:100260000028F6D12846FFF701F9D5F8F030064608
:100270009B7A032B42D032D8013B012B48D90B216A
:10028000201D0DF038FC0028CAD1D4F8B83083B94D
:1002900004F1880632462020217A00F08DFDC4F852
:1002A000B80030B932460420217A00F085FDC4F848
:1002B000B800D4F8B830002BB2D0DA8912F0240F8D
:1002C000AED0A17A022923D9587BC007A8D503292B
:1002D0001ED09206A4D51B7B102BA1D118E0042BB5
:1002E000CDD12846FFF7D8F8032804D1002EC6D078
:1002F000F368002BC3D0294B1B7807E02846FFF793
:10030000CBF8032804D1002EB9D0F368002BB6D067
:10031000D4F8B8303BB12846FFF71EF9804670B1DB
:100320006FF068047EE7207A04F1880100F004FD94
:10033000C4F8B8000028EED16FF00B0472E70B216F
:1003400028460DF037FC06460028E9D001210C3084
:100350000DF0F9FF092181462846FFF73BFB434694
:1003600089F80000324620460621CDF800800BF0C7
:1003700082FF044618B1304600F0B8FF52E7384615
:100380000F210DF007FC012128460DF003FC49E781
:100390006FF07F0446E76FF0040443E73451002018
:1003A000F8B5D0F8F0400646D4F8B830051D002B5B
:1003B00033D10221404A41480DF09BFB0721404BBD
:1003C0005F5CD4F8B8304BB11B7B002B5DD1D4F807
:1003D000B8000DF08DFE0023C4F8B8300221284685
:1003E0000DF089FB48B9072F94BF364B1F213A46C1
:1003F000204698BFD95DFAF7A9FC032128460DF0E5
:100400007AFB68B3304B1B6853B31D6805B10C3DD4
:1004100053F8083C002B41D143E081BB0D21284615
:100420000DF069FB074620B1D4F8B80008B100F020
:10043000E9FD254B1B689BB11D6805B10C3D53F8C8
:100440000C3C13B13946204698474DB12B46ED6818
:100450001B681DB10C3D002BF4D1F7E7002BF1D147
:1004600030460DF051FC637B072B24D1627AA37ACE
:100470009A4220D02046BDE8F840FFF7CBBE0139B4
:10048000C9B20E299BD909279BE7022128460DF006
:1004900032FB00289BD1A1E70C3D23B13946204611
:1004A0009847002DDCD02B46ED685B68002DF3D11A
:1004B000002BF3D1D4E7F8BD304E0200540E0200F9
:1004C00062500200515002008C370020031DF7B526
:1004D00006460F46184602210DF00DFB044620B1DA
:1004E000B6F8E840B4FA84F46409032118460DF024
:1004F00002FB88B139463046FFF752FFCCB10221EA
:100500001A481B4A0DF0F5FA0521D6F8F0000BF059
:10051000AEFC002003B0F0BD012118460DF0EBFA4F
:100520000028E7D10F2118460DF0E5FA0028E1D1A7
:10053000E4E7052130460DF03DFB054690B1012171
:100540000C300DF000FF0770009423462A46062168
:10055000D6F8F0000BF08FFE0028DAD0284600F025
:10056000C5FED6E76FF06800D4E700BF540E020066
:100570005A4E02002DE9F3410B8A04460E4643B958
:1005800001212D4A2D480DF0B4FA002002B0BDE83B
:10059000F081012106F10C000DF01BFFA4F1F00524
:1005A000EC3C0746042120460DF0A5FA3B7828B123
:1005B000234A022121480DF0D0FAE6E70E2B01D99B
:1005C000204AF6E7DFF88C8058F833204AB9022138
:1005D0001D4A1A480DF0C1FA07212846FFF776FF99
:1005E000D3E7194628460DF06CFB3B7860B9022131
:1005F0001248164A0DF0B1FA032120460DF07BFA9D
:100600000028C2D00821E8E708EBC301328A097943
:10061000914208D001210093084813460C4A09F082
:10062000D6FE0A21D9E73146284658F83330984794
:1006300001460028A9D0D0E7B24E0200540E0200B5
:10064000CD4E0200FE4E0200204F02003A4F020043
:10065000E0470200801A020038B50F4B186018B945
:10066000BDE83840FEF74ABF0C4805F04FFC0025B6
:100670000B4C0621201D0DF03EFA38B12046FEF746
:10068000EDFF014610B12046FFF720FF0135032D95
:1006900004F50E74EDD138BD303B0020EC0A00208B
:1006A000B02200202DE9F04782B090F8E930D1F86F
:1006B0000C8023F0020380F8E930D0F8F06098F85D
:1006C0000030044600AF06F18809BBB398F8063045
:1006D00003F0C003C02B31D04046F6F733FF6E461F
:1006E00088B06C464FF4007A2546564BDFF864819B
:1006F000C4E90530A4F81CA045F8108F00232A4651
:100700004FF4E2515048F3F77BFE4846B546F6F702
:1007100019FFA5464D4BA4F81CA0C4E90530C4F848
:100720001080494800232A464FF4E251F3F768FE4F
:100730000A20B5460837BD46BDE8F0870722414686
:1007400048460FF0C0FE68B14146307A00F090FB99
:10075000054638B1014620460DF0D3F928B32846A6
:100760000DF0C6FC0D21201D0DF0C5F9002858D054
:100770004A460220317A0DF0A7FC0546B8B9484632
:10078000F6F7E0FE6C4688B06A46314BC2E90530A8
:100790004FF4007393832F4B42F8103F4FF4E25114
:1007A0002B462948F3F72CFEA5460820C2E7F3782C
:1007B0008BBB06F196031878012821D19A7902F0B3
:1007C000C002402A1CD1D3F80120C5F83A20B3F862
:1007D0000530EB8796F8883093B196F88E3003F0A9
:1007E000C003C02B0CD01C493A46C7E90098FAF761
:1007F000C3F9681C41460DF0B2F93046FAF778FAB1
:100800002846F8F703FD48B10F480221134A0DF0BE
:1008100070F903208EE706F18F03CCE72846F8F73E
:1008200005FD94F8E9305B0703D50A2120460DF059
:10083000B1F9B4F8E81009B100207BE72046FFF7D2
:10084000AFFDF9E7554F0200540E0200D34F0200EE
:10085000E84D020003000001E7DC0100694F0200DF
:100860002DE9F0410B460446D0F8F05000AF0D21C1
:1008700004300DF040F960B305F18808297A42464A
:100880000420DE680DF020FC0546C8B94046F6F7A6
:1008900059FE6C4688B06A461A4BC2E905304FF4DF
:1008A00000739383184B42F8103F18482B464FF4BF
:1008B000E251F3F7A5FD0820A546BD46BDE8F0814D
:1008C000324632F8023B0383D6F8023003615368A4
:1008D000436194F8E93023F0010284F8E9209A0793
:1008E00008D5082120460DF055F9B4F8E81029B1D3
:1008F0000020E2E75B07F8D50A21F3E72046FFF77F
:100900004FFDF5E7E84D020003000001540E020020
:100910002DE9F0410E460446D0F8F080FEF7A6FD22
:10092000F6680121054633780F48104A271D0DF05F
:1009300014F90A2138460DF0C4F938B16DB92046D2
:100940003178FFF72DFD0020BDE8F0810B213846FE
:100950000DF0B7F90028F1D1F1E72B69002BEED0AB
:1009600040469847EBE700BF540E0200A44F020038
:100970002DE9F04F89B00546A0F1EC060446884603
:1009800000AF0121304655F8F0990DF09AF938B3CF
:10099000B8F1000F19D0032130460DF0ACF8F8B1D2
:1009A0004046F7F7B7FE0138C0B208288CBF0024D4
:1009B000724B4FF0020198BF1C5C30460DF0EAF814
:1009C00021462846FFF7ECFC0AE099F80B303BB1D2
:1009D000032130460DF08FF830B928460DF094F918
:1009E0002437BD46BDE8F08F052130460DF083F871
:1009F000B8B114F8083C1A0707D514F8073C1B07D0
:100A000003D5112130460DF0C5F814F8083C23F049
:100A1000080304F8083C14F8073C23F0080304F822
:100A2000073C14F8073CD80725D5062128460DF0C9
:100A3000B1F8022130460DF0ADF82368D3F8B88044
:100A4000B8F1000F1FD103F18800F6F77BFD6C466B
:100A500088B06A464A4BC2E905304FF4007393836D
:100A6000484B42F8103F4FF4E25143464648F3F7F3
:100A7000C7FCA546B4E7990701D50821D6E75A0770
:100A8000D7D50A21D2E705210DF035F888B914F839
:100A9000083CDB070DD523681A21381DD3F8B88030
:100AA000F9F764FB824648B1384A012136480DF017
:100AB00020F834F8081C002992D182E70621284644
:100AC0000DF078F8814608B9314AEEE710210C3074
:100AD0000DF039FC98F80C20391D83460FF0B1FC5D
:100AE00098F80C000F2805D8C0F110025146584460
:100AF0000FF0CEFC494600222846FEF709FD0721EB
:100B000028460DF057F8814608B9224ACDE70A2158
:100B10000C300DF018FC034607F1140203CAC3F8A9
:100B20000200C3F80610BA8B494628461A801A4AB2
:100B3000FEF7EEFC30460D210CF0DDFF07F1140648
:100B40000028B6D0012140460DF0CEFA3B1D08F139
:100B50004A0C1A4603CAB242CCF80000CCF8041082
:100B600013460CF1080CF4D1334603CBBB8BC8F809
:100B70004000C8F84410A8F848309AE759500200DD
:100B8000C64F020003000001540E0200DB4F0200BA
:100B9000F64F02001D50020097E0010010B5044618
:100BA0000121084A08480CF0A4FFA4F500700821B0
:100BB000FFF7F6FBA4F5FE700421BDE810400CF031
:100BC000E9BF00BF45500200540E02002DE9F84372
:100BD00000AF04460CF0CAFF054670B3061D0321A2
:100BE00030460CF088FF40B3D4F8B80008B10DF0DF
:100BF0007FFA04F188094946207A00F09DF8804682
:100C0000C4F8B800E0B94846F6F79CFC6C4688B0DA
:100C10006A463B4BC2E905304FF400739383394B6E
:100C200042F8103F4FF4E25137484346F3F7E8FBF0
:100C30000821A5462846FFF749FCBD46BDE8F883D4
:100C40000E2130460CF057FF28B1D4F8B820537B62
:100C500043F0020353732A7AD4F8B810032A4B7B6B
:100C60003AD8002A3FD0D4F8B820537B43F0010390
:100C700053732B7D697BD4F8B8208B4228BF0B4679
:100C80003046137305210CF036FFD4F8B8305A7B88
:100C900090B342F010020D2130465A730CF02BFF36
:100CA0000028CAD02021D4F8B8000DF01DFAD4F8DD
:100CB000B83005F147021A33573552F8041BAA42DF
:100CC00043F8041BF9D10023D4F8B8201361536111
:100CD000D4F8B8201383B0E7053A012A03D843F0CB
:100CE00020034B73BFE723F020034B73D4F8B820E5
:100CF000537B23F00103BBE722F010025A739CE7F9
:100D0000E84D020003000001540E020008B5074B35
:100D1000074893F89C3003F006039A1F534253414F
:100D2000044A1370F9F74CFA002008BD00000020B7
:100D3000640600203451002070B50F4C064614F8AC
:100D4000013B0D46834204D1072220460FF0BBFB36
:100D500068B1072209490A480FF0B5FB48B904F801
:100D6000016C2B682360AB88A380AB79A371024828
:100D700070BD0020FCE700BF343B00203031020092
:100D8000353B002010B40B461146054AD489044275
:100D900003D010465DF8044B18475DF8044B7047CC
:100DA000343B002008B5002202200249FFF7EAFF89
:100DB000002008BDC5E00100F8B50C4C07462046F0
:100DC000E3890D463B4011464FF0000610F8012B19
:100DD00007D0954203D107220FF075FB18B13046BA
:100DE00000E01846F8BD2046FCE700BF343B002079
:100DF000F8B50B780646012B0C4601D00020F8BD53
:100E00008B7903F0C003402BF8D1164D00232946FF
:100E1000EF8911F83A2BBF0704F1010006D5B24261
:100E200004D106220FF04FFBD0B10023EA892978C4
:100E300002F00202002BE1D1002ADFD0B142DDD165
:100E4000671C394608480AF08EFA01230028EDD0C5
:100E5000D4F80130C5F83A30B4F80520034B9A8035
:100E60000048CCE7343B00205E3B00206E3B002076
:100E700010B5074C2378834208D10722601C0FF07D
:100E800022FB00280CBF2046002010BD0020FCE7FC
:100E9000343B0020F0B59BB01446064602AF50B973
:100EA00001214F4A4F4809F07FFA6FF01505284697
:100EB0006437BD46F0BD5022184607F11001A04727
:100EC000041E06DA2346484A0121464809F075FA0D
:100ED000EBE7304607F108010AF06EFA054698B1D3
:100EE0006C4688B002AA414BC2E905364FF4007344
:100EF00093833F4B42F8103F00234FF4E2513948AF
:100F0000F3F77EFAA546D0E73046391D09F03AFBE3
:100F10007868B0B10A22294606F084F90128034610
:100F200001D9344AD0E7C0B22CBB014607F1080210
:100F30003F20FFF741FF30B15C2221460FF0A8FAB5
:100F4000B5E72846F0E707F10800F6F7FBFA6E462A
:100F500088B002AA284BC2E905304FF4007393838E
:100F6000234B42F8103F4FF4E45123461D48F3F75A
:100F700047FAB5469BE707F10801FFF7DDFE064695
:100F8000C8B907F10800F6F7DDFA6C4688B002AA86
:100F90001A4BC2E905304FF400739383144B42F8A7
:100FA000103F4FF4E25133460E48F3F729FA6FF041
:100FB0000B05A5467BE7502C0BD050230121009355
:100FC0000F4A2346074809F002FA30460DF090F820
:100FD0006BE7224607F110010C300FF032FA66E79A
:100FE000A0310200340E0200AA5002008C49020017
:100FF00003000001A8490200C9500200EC500200A1
:101000000B5102000246014610B5502311F8010BA6
:101010000C32F6F755FC044628B101210346034A79
:10102000034809F0CAF9204610BD00BF295102004B
:10103000340E02002DE9F0479AB01646DDE92397F9
:101040000CAA84468A4690461D462C4B03F1300E6E
:10105000144618685968083303C473452246F7D10B
:1010600018681B79614620602371202204A80DF0C6
:1010700052F86B462022224804A90DF064F8044679
:10108000C0BB102251460DF135000DF044F810227E
:1010900031460DF145000DF03EF8294611F8013BAF
:1010A00006220DF156008DF855300DF034F82299D6
:1010B000062211F8013B0DF15D008DF85C300DF05A
:1010C0002AF84B463522414668460DF03CF8044666
:1010D00080B948460DF029F8012335228DF83030CB
:1010E00041463B4668460DF02EF8044610B9384696
:1010F0000DF01BF820461AB0BDE8F0874A10020038
:101100005651020070B50E461D46144698B0014671
:10111000202204A80CF0FFFF202231460CA80CF07E
:10112000FAFF1022294614A80CF0F5FF10222146E0
:1011300068460CF0F0FF6B465022184604A90DF0EB
:1011400002F840B9039B054A1BBAB3FBF2F102FB5C
:1011500011331C9A136018B070BD00BF40420F00DD
:1011600070B541690446867A0A4D59B1437ADB0766
:1011700006D42C2303FB06535B6A1B689B689847C5
:10118000002363612C20214606FB0050BDE870401F
:101190000EF0C1BC4C0B00202C22024B02FB003095
:1011A000704700BF4C0B00202C21827A054B01FBBD
:1011B00002339A6A1B7F801A1B3323F00303B0FBB0
:1011C000F3F070474C0B002038B52C24827A094B81
:1011D00004FB02335B6A0C685B681A68944294BF34
:1011E0000C600A60D3E90054FFF7DEFF05FB004006
:1011F00038BD00BF4C0B00202DE9F04385B00546FB
:10120000684690461C4603910EF043FFDDE90067F7
:101210004FF02003EFF3118983F31288BFF36F8F30
:101220006B8B002B41D02A8B9A4225D900220023B8
:10123000284604F037FE0446F0B189F31188BFF365
:101240006F8F039B002B41D032463B4668460EF021
:1012500044FF2C21A27A234B204601FB02335B6A18
:1012600003A91B681D68DDE90023A847606170BB06
:101270002046FFF775FF24E0698B4B1E6B8389F3D3
:101280001188BFF36F8F2B7F2A8BAC6A1B3323F03F
:101290000303521A02FB0344124B134AEB1A9B102E
:1012A0005343A3722B7FE372CBE789F31188BFF31B
:1012B0006F8F23464246284604F0F4FD044600287A
:1012C000BFD10024204605B0BDE8F0836361002350
:1012D0000122636022812382039A63696282E36050
:1012E000F0E700BF4C0B0020A38B2EBA70B52C2565
:1012F0000B4C00B970BD037A4668013BDBB2037248
:10130000002BF7D1C3604360837A05FB03431B6A5C
:1013100013B198473046ECE7FFF722FFFAE700BF2A
:101320004C0B00202DE9F84F07460E469046054627
:1013300029466D68002DFBD14FF02C0ADFF864B010
:1013400001F10C0420460DF058F886421AD32046CD
:101350000DF053F81FFA80F941464A4620460CF03A
:10136000F8FFB6EB09064D44C84417D00C9B63B197
:10137000DDE90A010D9A9847014678B138460CF02C
:10138000C1FFDDE71FFA86F9E6E7B87A3146DDE905
:101390000A2300FB0AB0FFF72FFFEDE72846BDE860
:1013A000F88F00BF4C0B002010B5027E0446022AC5
:1013B0000CD0042A09D0BAB10C490D480DF027F819
:1013C0002046FFF793FF002010BD0522114604F1CF
:1013D0000C000CF0EDFF228AE1680648F2F75EFA95
:1013E000021EEDDA0449E8E70122EFE78751020027
:1013F0000C0E0200903B00209751020010B50648E9
:10140000F7F7A6FC041E04DA2246044904480CF04F
:10141000FEFF204610BD00BF041B0200AF510200BA
:101420000C0E0200014804F071BD00BFBC0A002090
:1014300010B51248F2F7A4F9044648B110F1780F3C
:1014400006D002460E490F480CF0E1FF204610BDC1
:101450000D4A0E490948F2F7D3F9044610B1024685
:101460000B49F0E74FF4004200230A4804F074FDF2
:1014700004460028EAD002460749E4E7640A02006D
:10148000D95102000C0E02006C060020903B002097
:1014900009520200BC0A00202D5202002DE9F04F33
:1014A000074600780C46042885B001F1FF3309D0C7
:1014B000052800F09580022840F0B980032B6ED8F3
:1014C0005F4A02E0012B07D85E4A01215E4805B061
:1014D000BDE8F04F0CF099BF7B783E2B3BD1FB78F9
:1014E000022B36D00D2B36D13B79012B33D1B7F8F7
:1014F0000550C5F30015B7F80130033CB4EB132FCA
:10150000ADF80C302CD145B34FF000084FF0000976
:10151000DFF858B1DFF830A142464B4629469DF826
:101520000C00F6F779FA064610B300F10C0502221A
:1015300003A928460CF00DFF28460CF05EFF8442FC
:101540001ED9012100902346404A3F4808F03FFF42
:1015500040E00125CFE70025CDE74FF4A028D5E7EF
:1015600001213B4A38480CF050FF05B0BDE8F08F30
:10157000002DFAD15A46022150460CF046FFCBE727
:101580002246F91C28460CF0E4FE05F0EDF8304642
:10159000F7F7B6FB05B0BDE8F04F05F0F9B800224B
:1015A00000230320F6F706FA0646B8B1D7F8013053
:1015B00000F10C050422284603A903930CF0C9FE90
:1015C000BDF80E30053C9C4229D0224A01211E481C
:1015D0000CF01BFF3046FFF789FEC6E71E4A74E792
:1015E000032B01D81D4A70E700220023F6F7E2F929
:1015F000064690B1D7F8013000F10C0504222846C8
:1016000003A903930CF0A5FEBDF80E30053CC3F30F
:101610000D039C4203D0124AD8E7124A55E72846E8
:101620000CF0EBFE84428CD82246791DAAE70246D4
:101630000D49054805B0BDE8F04F0CF0E8BE00BF0D
:10164000EA5202004D5202000C0E0200C752020084
:101650006E52020023530200095302004553020058
:101660007E53020064530200A05302009252020013
:1016700010B5002000F054F8044618B9BDE8104039
:10168000FFF7D6BE0246034903480CF0C0FE2046D1
:1016900010BD00BFB45302000C0E020010B50E487E
:1016A000F2F7D0F8044630B102460C490C480CF071
:1016B000AEFE204610BD0B48F2F782F8044610B18A
:1016C00002460949F2E70CF0A7FE04460028F0D0D4
:1016D00002460649EAE700BF903B0020D9530200CA
:1016E0000C0E0200640A0200045402002854020096
:1016F000002210B5114640F60340F6F7B1FD04464E
:1017000018B9BDE81040FFF7C9BF024602490348B7
:101710000CF07DFE204610BD4F5402000C0E02005E
:101720001022044B0020C3F840244FF05023C3F88C
:101730001406704700300050084B70B5C31A0D46B0
:1017400007499B1004465943402206480CF087FE87
:101750002B4601462046BDE870401847AC3B0020B0
:10176000B76DDBB6EC090200402373B50B4C009358
:10177000041B0B460D460A49A41061430646094A5C
:1017800009480CF098FE011E05DA30462B4602B0DF
:10179000BDE87040184702B070BD00BFAC3B0020F0
:1017A000B76DDBB621E50100EC0902002DE9F84335
:1017B0000022012106460520F5F798F9114801F0AD
:1017C00079FF114B984219D101F084FF00244FF0AA
:1017D0001C090C27DFF834803569414609FB0450A9
:1017E00007F015FE002807DB012307FB04551C4406
:1017F000042CAB67F0D10020BDE8F8836FF0040043
:10180000FAE700BF451801000000AD0B1C1B0200E9
:1018100001460C2300224B4370B50848C4187833A6
:101820001844D4E91C5622670CF006FE2DB132464E
:101830002B46BDE870400248184770BDAC3B002005
:10184000EC090200062812D8DFE800F0040F11119D
:10185000110D0B00064B986F10F0070007D1FFF732
:10186000D7BF0220FBE70320F9E70120F7E7704725
:10187000AC3B002008B54FF02003EFF3118183F358
:101880001288BFF36F8F124A136843F00200106092
:10189000DA0708D481F31188BFF36F8FBDE80840E1
:1018A000012001F02FBF4FF05023D3F80C24D3F8C0
:1018B0000C34DB07EED507480CF0BEFD81F3118830
:1018C000BFF36F8FBDE808400020FFF7A1BF00BF46
:1018D0004C3C0020243C00207FB500220123CDE9B0
:1018E000022304ABCDE90433094A6B46CDF800D09E
:1018F000CDF804D00CF00DFE002805DB4FF480423B
:101900000023684604F028FB07B05DF804FB00BF25
:1019100059E5010010B54FF02003EFF3118483F374
:101920001288BFF36F8F074A136823F00201DB07A9
:10193000116002D401200DF0EEF884F31188BFF39A
:101940006F8F10BD4C3C00202DE9F041012207466D
:101950003749D1E8EF3FC1E8E02F0028F9D133B98A
:10196000344935484B60CB608A6007F063FD7B1ECD
:10197000012B2BD8012F07D14FF05023D3F81C3463
:1019800003F00303022B21D00EF014F80546F8B93A
:101990002A4B1B78E3B14FF0502302220646C3F8CE
:1019A00008234FF05024DFF89880D4F81824D4F896
:1019B0001834D20316D503F00303022B01D0012FF4
:1019C00010D175B386F31188BFF36F8FBDE8F08136
:1019D0004FF02003EFF3118683F31288BFF36F8F6C
:1019E0000125DEE7C5B13046F5F752F9D4F81835D0
:1019F000DBB2012BD9D1D4F80421002AD5D00022A2
:101A0000C4F80421D4F804210222C4F818252022A5
:101A1000C8F88021A360C8E70021212004F05EFF00
:101A2000E4E74FF050230222C3F80423CEE700BFBF
:101A3000A83B0020983B0020C83B002049510020D3
:101A400000E100E008B507480DF0F2FE38B10648A5
:101A5000F5F75CFB0448F1F71DFA002008BD6FF0B4
:101A60001200FBE7280A02006D1A01000A2838B5A7
:101A70000446074D04D1AB680D2128465B689847A2
:101A8000AB6803485B68E1B29847204638BD00BFA9
:101A9000280A020000F1744000F5A6000A289ABF47
:101AA000024B33F910006FF00F007047E41E020084
:101AB000024B0B6001231360704700BFF41B020050
:101AC00000487047741B02000268154BFF2A08BFCC
:101AD0004FF0FF32C3F824254268FF2A08BF4FF0B9
:101AE000FF32C3F828258268FF2A08BF4FF0FF3273
:101AF000C3F83025C268FF2A08BF4FF0FF32C3F891
:101B000034250269FF2A08BF4FF0FF32C3F8382599
:101B10004269FF2A08BF4FF0FF32C3F83C257047E7
:101B200000B00250054B994206D14FF0FF324FF002
:101B3000FF33303004F010BA704700BF0000AD0B27
:101B400030B50D46416885B0B9B1D1E9001384685C
:101B5000ACB1D4E900249CB193B19C4209D15C1C86
:101B6000092C03780FD90221114A1248009408F079
:101B70002EFC6FF0150005B030BD0B46E7E722469E
:101B800001331C44ECE78DF8083040F20113ADF846
:101B90000A30002302A88DF809408DF80C308DF82A
:101BA0000D5002F08FFD05B0BDE83040FFF772BF69
:101BB000E1540200F40E02002DE9F04F91B04368A9
:101BC00000AF5D6B81460021284607F128020CF02A
:101BD0002CFE041E7FDBBB6A2A681979186800F0A6
:101BE000A3FF041E77DB002201212B20F4F77EFFE8
:101BF00001254FF05023C3F8B855D9F804A0D9F8FF
:101C000010205046774902F03DFDFFF743FF041EC8
:101C100057DB754E4FF000080FCE07F128040FC4B4
:101C200096E80300AB2307F1040B84E80300C7F830
:101C30000480CBE901883B716C4B07F12800D3F895
:101C4000242507F11006D2B23A61D3F82825D2B282
:101C50007A61D3F83025D2B2BA61D3F83425D2B242
:101C6000FA61D3F83825D2B23A62D3F83C35DBB208
:101C70007B62FFF729FF284602F07AFD01463046D5
:101C8000FFF722FF5A4B99422AD141465846FFF7A7
:101C900057FF041E15DB23200DF0C5FD03229F23F3
:101CA000C7E90A887A614146C7F810B087F828303A
:101CB0003E6307F12800FFF743FF041E4FF00302C5
:101CC00011DA4FF050230222C3F8B82502F06EFD5E
:101CD00008B102F059FD20464437BD46BDE8F08FFB
:101CE0006FF00404EDE759460AF130000EF0EBFB0B
:101CF000044610B36C468CB06A4697F804C07E79EF
:101D0000BD799AF830009AF831109AF83230D362DF
:101D10000823DFF8F8E0C2E90765C2E905ECC2E98B
:101D2000090142F8103F44F2400143463148F2F7BE
:101D300067FBA5466FF01204C3E7D9F80420537F70
:101D4000023B012B05D9157F033D012D8CBF0025DA
:101D500001250CF00AFCB0F1000807DA0121434626
:101D6000254A244808F029FB4446AAE75FFA88F28E
:101D7000C8F380184545A4D00023012182F0400219
:101D8000BB623F6179613B6387F82810FE6207F10F
:101D900028003B803A70FFF7D3FE041E07D10CF0F9
:101DA000E4FB041E04DB14F00104F8D189E788DAAF
:101DB000124A134B002D18BF13466D468AB06A466F
:101DC0001049D461C2E905134FF4007313840E4B1C
:101DD00042F8103F00234FF411510648F2F710FB70
:101DE000AD466EE75FE501000C10020000B0025046
:101DF0000000AD0BF40E02003C550200FF3E020055
:101E0000045502004C550200040000010A5502006E
:101E10002DE9F74F0B460F46804614464668C1F33E
:101E20000B012AB96FF01506304603B0BDE8F08FFC
:101E3000C2F30B0252EA0105F4D1002B03DBF16A75
:101E40001A198A4206D90121304A3148009408F013
:101E5000BEFAE7E70CF0D3FB2846D8F804900CF064
:101E60009FFB0646D0B9DFF8B8A0D9F82C309C42C9
:101E700018D10CF0E1FEA34605462946D8F810001B
:101E8000FFF750FE554534D1B4EB0B045F44ECD161
:101E900001200CF085FB002E08BF064640460CF0E2
:101EA00094FBC1E7B4F5803F09D3BBB253B93946BF
:101EB000012002F085FC4FF4803B0546DDE7B4F5D8
:101EC000805F09D3C7F30B0030B9394602F078FCC4
:101ED0004FF4805B0546D0E701213B460D4A0C4894
:101EE000009408F074FA0C49D8F81000FFF71AFEB5
:101EF000094D07483B460121084A009408F067FA5B
:101F00002846FFF7C7FD0646C2E700BF5D55020041
:101F1000F40E0200A75502000400AD0BC5550200E7
:101F20000000AD0B2DE9FF470E4607461D469046C3
:101F30004168A2B19BB1042B01D9AB070FD116F0B8
:101F400003040CD1002E03DBCA6A731993420CD927
:101F500001213346384A3948009508F038FA6FF0C5
:101F60001504204604B0BDE8F08738460CF047FB66
:101F700020460CF015FB044630B101200CF010FB9C
:101F800038460CF022FBECE7032D1CD83246042126
:101F900003A80CF04EFE044601463869FFF7C2FD67
:101FA000274B9C4234D12A46414603A80EF049FAF9
:101FB0003246042103A80CF039FE04460146386974
:101FC000FFF7B0FD24E008F06043B3F1005F02D1F9
:101FD00018F0030F2BD0DFF868A0042DA94628BF06
:101FE0004FF0040941464A4603A80EF02AFA324649
:101FF000494603A80CF01AFE044601463869FFF76B
:1020000091FD544504D1B5EB0905C8444E44E4D1D3
:102010002046FFF73FFD044601200CF0C1FA0546BB
:1020200038460CF0D2FA002C08BF2C4699E732460D
:1020300029464046BFE700BFE3550200F40E020008
:102040000000AD0B2DE9F04F82460E461C4690462F
:1020500087B082B1002B00F08F800029426803DB3B
:10206000D26A0B4493420BD901213346434A444878
:10207000009408F0ACF96FF0150007B0BDE8F08FE0
:10208000754205F003050CF0BAFAA54228BF2546B3
:10209000D8F1000303F0030308F0030758BF5F42C1
:1020A0007F4207F00307A74228BF2746631BE41BB4
:1020B00024F0030423F00309A145C8BFA14603F09F
:1020C000030BC8BFA3EB040BB9F1000F19D008EB49
:1020D000070372194946184603930CF0AAFD0446FB
:1020E0000146DAF81000FFF71DFD264A944238D168
:1020F000BD4206D0039B4A46194608EB05000EF088
:10210000ADF9ADB1C5F104070421F21B04A80CF030
:1021100090FD04460146DAF81000FFF703FD194B65
:102120009C421ED104AB2A464046D9190EF089F9CB
:10213000BBF1000F1ED0721908214A4404A80CF00C
:1021400078FD04460146DAF81000FFF7EBFC0D4B72
:102150009C4206D109EB05005A4604A940440EF002
:1021600070F950460CF031FA204607B0BDE8F04F48
:10217000FFF790BC034CF4E718467EE72D560200AB
:10218000F40E02000000AD0B024B0B600123136044
:10219000704700BF503C002000487047101C0200F0
:1021A00007B50346054A00910548012108F00FF9DB
:1021B0006FF0150003B05DF804FB00BF8C56020001
:1021C000740E020010B50122064811460DF0B1FC54
:1021D0000CF029FD044C20600CF022FD6060002012
:1021E00010BD00BF583C0020503C0020F7B50E4603
:1021F00014460CF015FD2146054630460CF016FA43
:10220000374660B3B6FBF5F305FB136323B9B4FBA4
:10221000F5F305FB13434BB13346134A00941348BF
:10222000012108F0D4F86FF0150002E0A54202D9B0
:10223000002003B0F0BD4FF0FF324FF0FF330C48E9
:1022400003F08AFE0CF0ECFC0546384601F098FFDE
:10225000641B2F44F9D1064803F058FEE8E7054A0D
:1022600033460094DBE700BFA9560200740E02005B
:10227000583C00208C560200F7B50E4619463046F1
:1022800017461C460CF0D2F950B93346174A009451
:102290001748012108F09BF86FF0150003B0F0BD5E
:1022A00046EA040515F0030503D0124A33460094AC
:1022B000EEE7A4B14FF0FF324FF0FF330E4803F0CA
:1022C0004BFE24F00304A54205EB060009D10B4A9E
:1022D000D2F80034DB07FBD5074803F017FE0020D7
:1022E000DCE7795901F06AFF0435ECE78C5602000F
:1022F000740E0200C8560200583C002000900350A3
:10230000F0B5406801F01F04057B87B044EA45142E
:102310000569002D63D0B2F5001F00F1100506D14C
:10232000214628460CF077FC002007B0F0BD0027BE
:10233000B2F5800F01AE0197776039D1B3F1007F1C
:1023400014BF052304238DF804300023CDE9046372
:102350000393836823FA01F111F001011AD1B2F15C
:10236000A07F17D104F01F03620903F180032AD074
:10237000012A3AD11E4A52F82330DB070AD40DF164
:10238000030632462146284601F0EEFC194B9842DE
:102390001BD002962146284603AA01F0A1FB164B4A
:1023A00098421FD101222146284601F043FDBBE798
:1023B000B3F1C06F05D0B3F1007F14BF0123022336
:1023C000C1E70323BFE70D4AD5E73146284601F0B0
:1023D0002BFD094B9842DCD06FF00B00A5E76FF0A6
:1023E0008500A2E76FF015009FE751F82330FFDE6C
:1023F000002884500400AD0B0000AD0B0025845074
:1024000038B545682B69B3B11035284601F0FCFC9E
:10241000044680B90146284601F0C0FC084B9842AA
:102420000BD122462846074901F098FC2246052197
:102430000D20F4F75BFB002038BD6FF00400FBE7D4
:102440000000AD0B492401004209034670B502D0DB
:10245000012A17D070BD0D4E326951680029F9D09C
:10246000012503F01F030C689D400029F2D08A6803
:102470002A4002D030464B6898472CB12368214649
:102480001C46F2E7024EE7E72346F8E7140A02008B
:10249000000A02002DE9F04340F206354668D006F6
:1024A00048BF0320337B02EA050558BFC2F3401042
:1024B00087B001F01F07B5F5837F144647EA43173D
:1024C0008DF8030043D00FD8062D18D007D8B5B12A
:1024D000022D3ED06FF0150007B0BDE8F083B5F5D2
:1024E000807FF7D101250AE040F20222954232D0E6
:1024F000B5F5407F31D0B5F5007FEBD10225220341
:102500002DD5012372688B409360326982BB07F03E
:102510001F037F092AD0012F77D13E4A02EB8302A5
:1025200084F48033D2F80012C3F30043C4F3404470
:1025300044EA430421F4706144EA800421F00F016D
:1025400044EA05230B43C2F800320020C4E7072504
:10255000D5E70425D3E70525D1E70325CFE76303B6
:1025600041BF012372688B40D360CEE72A4AD5E78A
:102570001036394630460DF1020201F0F5FB14F435
:10258000403F80460CD1394630460CF042FB234B8D
:102590009845DAD130469DF8021001F03FFCD4E7AF
:1025A0004FF0000901AB3946304603AACDE90439A2
:1025B000CDE90199CDF80C9001F092FA174B9842B1
:1025C00088D114F4003315D09DF8033084F480349E
:1025D000C4F300448DF80E3039464B46304603AA0A
:1025E0008DF80C508DF80D4001F036FB0B4B9842E6
:1025F000CDD06FE7CDE9043339460DF10303304602
:1026000003AA039301F06CFAF0E7803352F8233009
:10261000FFDE00BF00288450002584500000AD0B71
:1026200008B5CA0743681BD4C1F3420102290AD086
:1026300003290CD001290ED14FF0CC721B68002069
:10264000C3F8242508BD4FF0C8621B68F7E74FF0B8
:102650007F621B68F3E70121034A044807F0A4FEE8
:102660006FF01500EEE700BF235702008C0E02004A
:10267000F8B5446800AFE369054606699847206AE3
:102680000CF0B1F800281FDB33462046124A04F153
:10269000080102F071F9114B984217D06C4688B0CE
:1026A0002B686A460E49C2E905134FF40073938301
:1026B0000C4B42F8103F0C4800234FF4E251F1F765
:1026C0009FFE6FF00400A546BD46F8BD204602F00F
:1026D000AFF90020F8E700BF292701000000AD0B8B
:1026E00035570200030000018C0E020070B54468EB
:1026F00023682046D3F80855D3F80C6502F0A8F9F2
:102700003146284602F040FC0546206A0CF06BF882
:10271000204602F08DF9034B9D4214BF6FF00F006D
:10272000002070BD0000AD0B0378012B08D0022BF8
:1027300008D04BB9054B0B6301F1180003F0E6BB61
:10274000034BF8E7034BF6E7034BF4E70000AD0B50
:102750000100AE0B0200AE0B0100AD0B2DE9F04FF6
:102760008DB002AF7A6014221D46D0F804B0D0F8C4
:102770001080BBF8183006460C46B8180021D8F86F
:1027800034A0BB600DF084FE7D754FF0FF324FF03A
:10279000FF33404603F0E0FB08F11803FB604FF005
:1027A000000900220023F86803F0D6FB4D467B6841
:1027B000994501D300243FE0207A020700F1AB8065
:1027C0007B6809F101099945D4F800E00AD2830732
:1027D00008D4237D80EA030202F0010203F004031F
:1027E0001A4307D025B90EF06043B3F1005F36D02D
:1027F000002300E001236268B96805EB020C8C45F8
:102800001ED96C468CB0316802ABDA61BA684348B5
:10281000C3E9082140F203521A851A46C3E90505A7
:102820003F4B42F8103F00234FF451513D48F1F720
:10283000E7FDA5466FF01B04404603F067FB23E06D
:10284000C10706D471460AEB05003B600DF0F9FDA7
:102850003B6862682A4495B2002B47D1CDB9002568
:1028600023683B626368227ABB6102F0010139751B
:10287000BBF82410994210D22B4A0091294801211B
:1028800007F0A5FD6FF01B0420462C37BD46BDE8C0
:10289000F08F2B46C7F820A0E5E782F00202C2F3D2
:1028A00040025846520107F1140102F0EFF81F4BA5
:1028B000984205D00B3398420CD16FF00F04BBE760
:1028C0004FF480420023F86803F046FB28B13046FD
:1028D000FFF70CFF6FF00404AEE7D8F83030134A6E
:1028E0009342F7D1237ADB0702D400250C345EE74C
:1028F0003B6A9A45F9D1234608E0A91AD8688DB2F7
:102900001AFA81F13B600DF09CFD3B685A680C3B64
:102910009542F2D2E9E76FF085048DE75557020042
:10292000060000018C0E0200205802000000AD0BD2
:1029300010B504460269A2B0C2F880001F49002009
:1029400001F0A0FB002201212A20F4F7CFF86468EF
:102950008422002101A80DF09BFD6368B3F5803F40
:1029600004D30221164A174807F01EFD2368B3F569
:10297000803F04D30221144A124807F015FD0023BA
:102980000120219301AA61680432D940C90744BFDC
:1029900000FA03F142F8041C2168D940C90748BF76
:1029A00000FA03F103F1010348BFD163102BEAD110
:1029B00001A801F07FFB002022B010BDA52A010074
:1029C0007E580200C40E0200AA58020038B50F2932
:1029D0000C4605693CD843681B68CB40DB0737D5FC
:1029E000D5F88430CB4003F001031AB9EBB96FF08E
:1029F00077002CE0002BFAD155F8213023B90221C1
:102A0000154A164807F0D0FCD5F8843013B92A20AF
:102A1000F4F73CF80122D5F88430A2401343C5F8FE
:102A20008430E0B201F066FB0AE0C8B201F06AFB54
:102A30000122D5F88430A24023EA0203C5F884308D
:102A4000D5F8843013B92A20F4F72EF8002038BDC9
:102A50006FF01500FBE700BFD6580200C40E02005D
:102A600038B505460C4622B102210C4A0C4807F045
:102A70009BFC0F2C0ED86B685B68E340DB0709D525
:102A800001230020A400E4B204F1A04404F528349A
:102A9000236038BD6FF01500FBE700BF0659020048
:102AA000C40E020070B5D1F880600F2804460D46B0
:102AB000736803D81B68C340DA0704D402210E4AA6
:102AC0000E4807F071FCD5F88430E340DB0704D4EE
:102AD00002210B4A094807F067FC05EB840255F810
:102AE00024503DB121463046AC46BDE8704000233D
:102AF000126C604770BD00BF21590200C40E020075
:102B00003D590200036803F01F025B09026004D014
:102B1000012B034818BF002070470248704700BFD0
:102B200000288450002584502DE9F04F1546824638
:102B3000DFF88C81DFF88C9185B000EB8101514585
:102B400003D1002005B0BDE8F08FDAF80030C3F300
:102B50004322082A03F07F0400F2AC807F2C4FEA66
:102B6000134308BF4FF0FF3418F80270222B00F215
:102B7000A480DFE803F012191F22252B22A2A2A2B3
:102B8000A23B67A2A2A2A2A2A2A2A2A26A7F82855F
:102B9000A2A2A288909396999C00C5F80C45601C4F
:102BA0005DD10AF1040ACAE7C5F81445621CF8D0E1
:102BB00000265DE0C5F80845F1E7C5F81045F5E7E2
:102BC000631CC5F80845ECD0002604E0661CC5F877
:102BD0000C45E6D001264FF0010B03A80394FFF744
:102BE00091FF039B0BFA03F3C36008E0C5F80845A7
:102BF000002FDBD1631CD4D000260627B346DAF8B9
:102C0000003003A803F40052002A1CBF01264FF035
:102C1000000B01930394FFF775FF039A019B00EBF0
:102C20008200D0F80022C3F3C1143B0243EA8403BC
:102C300043EA0B0302EA0902134343EA4603C0F8DE
:102C40000032AEE7C5F80C45D2E7C5F86045601C18
:102C5000DAF80030A5D0C3F38033002BBAD00126B8
:102C600003A80394FFF74EFF039B06FA03F3836068
:102C7000B346C4E7C5F86445E9E7C5F86845E6E743
:102C8000C5F86C45E3E7C5F82445621C89D00126E8
:102C90004FF0000BB3E7C5F8284580E7C5F830458D
:102CA000F3E7C5F83445F0E7C5F83845EDE7C5F872
:102CB0003C4574E76FF0150044E76FF0850041E78D
:102CC00073590200F0F0FCFF2DE9F74306464FF080
:102CD0000008002201210820F3F708FF0820F3F77D
:102CE000D5FE776835693C684146C4F800852E609A
:102CF000D7F80C9001AA48460BF097FD00283FDB5F
:102D0000019BD9F8002019791868FFF70DFF0028FA
:102D100036DB6B7AD6F810C0012B03D0032B2DD1F4
:102D20004FF01008AB7A032B28D195F80BE0BEF1D9
:102D3000000F02D0BEF1010F20D1297A012922D043
:102D4000022924D0D1B90A466B687068B3F5164FD2
:102D5000006800F0898037D8B3F5165F00F08780EF
:102D60001FD8B3F5966F00F0848012D8B3F5967F24
:102D700000F08280B3F5167F00F081806FF085004F
:102D800003B0BDE8F0834FF480720E21DCE700222F
:102D9000FBE7B3F5166F75D0B3F5965FEED15E4BDA
:102DA0003EE0B3F5E14F70D007D8B3F5615F6ED068
:102DB000B3F5964FE2D1594B32E047F612294B4515
:102DC000DCD14FF400032BE0B3F5613F61D013D8A1
:102DD000B3F5963F60D009D84DF6C0294B455DD07C
:102DE000B3F5614FCAD14FF46B0319E0B3F5E13F7E
:102DF000C4D14FF0EB7313E0B3F5612F51D009D874
:102E0000DFF838914B454FD0B3F5E12FB6D14FF0F5
:102E1000E86305E0DFF828914B45AFD14FF08053D0
:102E2000C0F82435736848EA01081B6842EA0E02BC
:102E300042EA0802C3F86C250CF10403D5E901014C
:102E400083E803007B6899073DD505F1180000F081
:102E500019FD334B98422AD032480121324A07F0FB
:102E6000A3FA6FF004008BE74FF41D03D8E72F4B54
:102E7000D6E74FF49E23D3E74FF4A033D0E74FF4C7
:102E80001C33CDE74FF41D23CAE7294BC8E7294B74
:102E9000C6E74FF06C73C3E7274BC1E74FF46503F8
:102EA000BEE74FF07063BBE74FF08063B8E7287E62
:102EB00004F10C0204F590710BF06BFD01202B7EE8
:102EC000984000F0EBFB0823C4F800353B7A53B977
:102ED000C4F81031D4F810316B69C4F834350123CB
:102EE000C4F8383523607B6800209A075CBF4FF434
:102EF0008073C4F804337B68DB0644BF4FF480035F
:102F0000C4F804332B69C4F844350123C4F84805D8
:102F1000A360E36034E700BF00B0130000A04E00E0
:102F20000000AD0B140F02007C5902000050270076
:102F300000C0750000F03A0000903A0190D0030004
:102F400040420F00F8B504460D4607690CF032FD0B
:102F5000B0B92E4B1B789BB1642660680BF093FCD4
:102F600000BB01200BF009FD013EF6D1002121201C
:102F700003F0B4FCF0E786F31188BFF36F8FF5E739
:102F80004FF02003EFF3118683F31288BFF36F8FA6
:102F9000606831460BF077FC90B986F31188BFF377
:102FA0006F8FEDE74FF02003EFF3118683F3128864
:102FB000BFF36F8F606831460BF065FC0028DAD0F4
:102FC0003B691D70626838691368C3F844050120C5
:102FD000C3F848050020C3F82001D3F82051C3F8F6
:102FE00058015268D3F85801D20608D50820626803
:102FF0001268C2F800054FF48002C3F804230122CE
:103000009A6081F31188BFF36F8FF8BD495100209A
:103010000123834070B5DC430B4AD2E8EF1F01EA7D
:103020000405C2E8E65F002EF7D14FF480328240FB
:103030000648C0F80823BFF35F8FBFF36F8F0B42C2
:1030400014BF0120002070BD183D00200050015029
:1030500070B40E4922F07F46D1E90034D01AC3186B
:1030600044F10004C1E90034A6F50013B3F5400FA4
:1030700009D2074B1B681A0A1B069C19054B42F123
:103080000005C3E9004570BC03F030BD782900207D
:103090001C3D002080290020D9B101230D4A834026
:1030A000D2E8EFCF4CEA030CC2E8E1CF0029F7D118
:1030B0004FF48033084A8340C2F80433074BD3E807
:1030C000AF3FC340DB0742BF4FF40012044BC3F8CD
:1030D00000217047183D002000500150103D002095
:1030E00000E100E0C3B202489B001844704700BFF3
:1030F00040510150024B00F5A87053F82000704772
:10310000005001500D4B1868010A0006BFF35F8F95
:103110000B4BD3F80435181841F10001B3F5801FAB
:103120000AD2084BD3E90023904271EB030303D288
:1031300010F1807041F10001704700BF1C3D00207C
:1031400000500150802900202DE9F04F85B016462F
:103150001F4604469DF840A0FFF75AFF0190FFF775
:10316000D1FFB04271EB070352D23B4B301A67EBF1
:103170000101984271F100014DD2384B03EB041369
:10318000D3E902239F4208BF964258D04FF48038BB
:10319000334908FA04F8204626F07F4BC1F84883EB
:1031A0000BF0BAFB4FF00309584604F15005AD008F
:1031B000ADB205F1502504F5A87305F580350293ED
:1031C000029A20F07F4341F82230C1F84483D1F8BD
:1031D0000435244AC01A033820F07F4090422ED98B
:1031E000286868B1D1F80435A3EB0B0020F07F40CC
:1031F000B0F5000F039322D920460BF08DFB039B03
:10320000BAF1000F07D109EB030009F10109D7E773
:10321000BAF1000F09D06FF0150520460199FFF7AC
:103220003BFF284605B0BDE8F08F01230E4AA340BE
:10323000D2E8EF0F1843C2E8E10F0029F8D107499F
:103240000E982301C8500F9B01EB04120025C2E920
:1032500002675360E1E700BF0100800058290020A9
:1032600000500150FDFF7F00103D00207FB500257C
:103270004FF0FF304FF0FF314FF480321C4C1D4BAC
:103280000226C4F80833C4F848331B4BC4F8085569
:10329000C3E90201C4F80423C3E906014FF4003373
:1032A0004FF40012C4F80433144B0121C4F8046332
:1032B0001520C3F880212A46F3F718FC1520F3F7F0
:1032C000E5FB01230322A36023600D4B28461A600F
:1032D0000C4B0D4A1E600D4BCDE9015500930023A8
:1032E000FFF732FF3046FEF72FFB284604B070BDD3
:1032F0000050015003000F005829002000E100E0B9
:10330000183D0020143D0020FFFF7F0051300100D8
:1033100070B501240C4B186890B1B0FA80F0C0F180
:103320001F0004FA00F1C943D3E8EF2F02EA0105B8
:10333000C3E8E65F002EF7D1C240D207EBD570BDDF
:103340006FF00B00FBE700BF143D00200123054A8E
:103350008340D2E8EF0F1843C2E8E10F0029F8D10B
:10336000704700BF143D002030B5431C124C85B09F
:1033700005D08442A8BF0446012CB8BF0124FFF742
:10338000C1FE0E4B0C4DD3E90013401AB0F5000FEF
:103390000FD22218AA4228BF2A46002052180849F4
:1033A000CDE90100009143F10003FFF7CDFE05B028
:1033B00030BD2A46F1E700BFFFFF7F0078290020DB
:1033C0005130010008B5FFF79DFE024B1B68C01A83
:1033D00008BD00BF78290020012310B5074C152037
:1033E0006360F3F761FB4FF40012054BC4F8083338
:1033F000C4F84833034BC3F8802110BD005001507E
:1034000003000F0000E100E008B5F0F715FF0448E5
:103410000121044A06F0C8FF0020F3F75DFA00BF5F
:103420006C0E0200B55902004FF47F03D3F830212F
:10343000D3F83431072A05D1023B032B02D8024AC4
:10344000D05C704700207047DA59020008B5FFF7DA
:10345000EBFF58B1694BD3F8202A3AB90D21C3F8D4
:10346000201A0121C3F81C19C3F81C290022D3001B
:1034700003F57F03D3F80013013107D0D3F800130D
:103480000132D3F80433202A0B60F0D1FFF7CCFFD0
:10349000002840F0AA80FFF7C7FF40B1584B594AB7
:1034A000C3F830254FF050230122C3F858254FF4BC
:1034B0007F03D3F83021D3F83431072A09D1023BF6
:1034C000032B06D8504AD35C1BB100224F4BC3F8E4
:1034D0004C25FFF7A9FF50B14FF05023D3F800243B
:1034E000D10742BF0022C3F81421C3F818214FF4BA
:1034F0007F03D3F83021D3F83431072A09D14FF0B4
:103500005023D3F80024D20744BF6FF00102C3F860
:103510000024FFF789FF18B16522384BC3F80C2748
:103520004FF47F03D3F83021D3F83431072A16D172
:10353000364BD3F82034002B11DA4FF050230322FE
:10354000C3F8182501229A60D3F80421002AFBD081
:103550000022C3F804210122DA60C3F818254FF4D1
:103560007F03D3F83021D3F83431072A23D1023B2B
:10357000032B02D8264AD35CEBB17E221F4B204995
:10358000C3F80C27C3F83C297F23224AC2F818311C
:103590000023C1F8043EC1F8083E01F54821C1F8F6
:1035A0001031C2F82431C2F82C3102F5FF1202F5B5
:1035B0008052C2F8A032184B1849D3F88C2042F43C
:1035C0004062C3F88C200868154AC2F84405C969EE
:1035D000C2F84C15D3F8882042F47002C3F8882052
:1035E000BFF34F8FBFF36F8F08BD2922034BC3F882
:1035F0000C270322C3F83C274DE700BF00400050D2
:10360000009003504400EFBED65902000020035042
:10361000D25902000020005000ED00E00080FF00C1
:103620000060005030B50468ACB1B4FA84F30122F4
:10363000C3F11F03DBB29A4024EA0202D0E8EF5F35
:10364000A54204D1C0E8EC2FBCF1000FF6D1EAD1BD
:1036500002480B7030BD0248FCE700BF0000AD0B14
:103660000200AD0B10B50368CB40DB0710D401237B
:103670008B40026843EA0201D0E8EF4F944204D144
:10368000C0E8EC1FBCF1000FF6D1F2D1014810BD2B
:103690000148FCE70000AD0B0400AD0B014BC3F883
:1036A0000405704700700150014BC3F808057047CE
:1036B00000700150044B1A7922B9012218601A7166
:1036C0000248704702487047203D00200000AD0BC3
:1036D0000C00AD0B08B50A4B1B6833B10520F3F79E
:1036E000F7F910B90520F3F7D1F94FF05023012273
:1036F000C3F81825C3F81425C3F8802508BD00BFFA
:10370000203D002010B5032845D8DFE800F018025E
:10371000554F00224FF480730121002003F1502304
:1037200018601C68012402F150221460284A1268B3
:10373000002A47D04FF05023C3F804132BE04FF07A
:103740005023D3F81814D3F81824C90312D502F063
:103750000303022B05D0012B02D000200BF02AF925
:1037600001234FF050220221C2F8183508224FF4ED
:103770008273D2E7D3F81424D207F1D5D3F81C24EE
:1037800002F00302013A012AE7D8114A12681AB17D
:103790000222C3F8042310BDD3F80421002AFBD071
:1037A0000022C3F80421D3F80431F4E718224FF4BF
:1037B00090734FF48071B0E720224FF492734FF46E
:1037C0000071AAE71A68002AFCD018601B68E2E7BB
:1037D000203D00204FF0502310B5D3F8002152B106
:1037E0000020C3F80001D3F800210122C3F8082308
:1037F000234B1B6898474FF05023D3F8042182B124
:103800000022C3F80421D3F80421D3F81824D3F8F4
:103810001824022102F00302012A28D1C3F8181546
:103820009A604FF05023D3F8202162B10022C3F8F0
:103830002021D3F820214FF48072C3F80823104BC5
:1038400005201B6898474FF05023D3F82421AAB1D4
:103850000022C3F82421D3F824214FF40072C3F8C6
:103860000823074B0620BDE810401B681847C3F823
:103870000813034B01201B689847D2E710BD00BF17
:10388000203D002001460148FFF7CCBE3007002054
:103890000123044A83400146C2F808350248FFF775
:1038A000E1BE00BF0070015030070020036803F044
:1038B0001F025B09026004D0012B034818BF0020DF
:1038C00070470248704700BF00288450002584508C
:1038D000034A4309D35C00F01F001844C0B270478C
:1038E000DE59020070B50546FFF7F2FF0C4C0830B8
:1038F00034F810300E46DA0508D5C3F3432304EB41
:10390000C302284654F8333052689847A3682BB155
:1039100031462846E268BDE87040184770BD00BFD8
:103920003407002008B5FFF7D3FF034B083033F806
:103930001000400B08BD00BF3407002008B5FFF79A
:10394000C7FF034B083033F81000C0F3400008BD38
:103950003407002008B5FFF7BBFF034B083033F8EE
:103960001000C0F3401008BD34070020034611F0DA
:10397000010010B5CCB20BD1A207C4F340000DD5A5
:10398000074A106A58601062003818BF012005E02D
:1039900004490A6A1A600A62002AEDD010BD00BF0D
:1039A000002884500025845010B5FFF791FF124A7B
:1039B000083032F81030D9051CD5C3F3432123F465
:1039C000F85322F81030002002F10E0434F8023FC0
:1039D00013F4807F03D0C3F3432399420AD001300C
:1039E0003028F3D1002342F831300448BDE81040BC
:1039F000FFF738BE10BD00BF34070020AC07002021
:103A0000F0B5054600200126044607468C420BD13E
:103A1000114BD3F87C2132B10022C3F87C21D3F8BA
:103A20007C3140F00040F0BDE3B29B0003F58072B2
:103A30009B0806FA03F31D420BD002F1A04202F5E7
:103A40005042D2F800C0BCF1000F02D017601268DB
:103A500018430134DAE700BF00D00050F7B506463E
:103A60000846FFF735FF1A4F00F1080537F8153003
:103A70000C46DB072AD530460BF0A7F82046FFF7A7
:103A800069FF58B12046FFF74DFF0022316800B2B0
:103A900001EB8003C3F81025C3F810252046FFF77B
:103AA00083FF002301A827F815300194FFF7FEFEDD
:103AB000019B00EB8300D0F80022064B134043F03B
:103AC0000203C0F80032044803B0F0BD0348FBE72E
:103AD00034070020F0F0FCFF0000AD0B0400AD0B3C
:103AE0002DE9F0431646804685B00846FFF7F0FE04
:103AF0000D463168044609B32846FFF71FFF18B189
:103B00002846FFF727FF10BB00230DF10F02CDE978
:103B100000338DF80E308DF80F3028460B460DF12E
:103B20000E010AF0FAFF484A04F1080132F8113098
:103B300023F0020343F0010322F8113073687BB3D2
:103B400028461F785968FFF7F9FE10B1E9B13F48E0
:103B500029E03D4A04F1080032F8103023F0200338
:103B6000DB04DB0C22F8103079B1032FEFD8716839
:103B7000D1F804E0D8F800109EF800C001EB8C01E9
:103B8000A7B9C1F81075C1F810752F4A04F10801E2
:103B900032F8113023F01C0343EA870322F8113076
:103BA000B3683BBB2A4805B0BDE8F083D1F810E507
:103BB00043EA4C332EF0030EC1F810E5D8F800109C
:103BC00043F0200301EB8C0EDEF8101522F81030C4
:103BD00021F44F3121F44071CEF810152902DEF89E
:103BE000108501F47C5141EA074141EA0801CEF811
:103BF0001015CAE72846D3E90067FFF7D5FE002E67
:103C0000D0D0114DD5E90023964203D19F4201D176
:103C1000002209E00F480DF10F01FFF703FD0C4BE7
:103C20009842C0D19DF80F2005EBC20308345F60B5
:103C300035F8143045F8326043EA422343F4807388
:103C400025F81430AEE700BF340700200400AD0BA8
:103C50000000AD0BAC0700202DE9F0430C46804678
:103C600085B0204611461D46FFF732FE064629B3B1
:103C70002046FFF763FE18B92046FFF76BFE18BB1E
:103C8000334F06F1080937F8193013F01C0F02D032
:103C90004B78012B18D001238DF80F3000234A1CDC
:103CA000CDE9001320468B1C0DF10F010AF035FF02
:103CB00037F8193043F0030327F81930002D44D0AA
:103CC0002046FFF73BFE18B9224805B0BDE8F08357
:103CD000002295F800C0D8F800301D4F03EB8C038C
:103CE000C3F81025C3F8102506F1080237F81210A2
:103CF0004FEA8C0E21F02001C904C90C27F81210DC
:103D00006E7816B3D8F80000AD787044D0F810354E
:103D1000360423F4991323F4F853C0F81035230222
:103D200003F47C5306F440362D05D0F810E53343F8
:103D300005F480152B4341EA4C3143EA0E0341F070
:103D40002001C0F8103527F812100348BDE700BF66
:103D5000340700200400AD0B0000AD0B014BC3E99C
:103D6000021270473407002010B508461446FFF7CA
:103D7000F1FD50B10846FFF7ABFD054B083033F8B5
:103D8000103004485B0B237010BD0348FCE700BFF4
:103D9000340700200000AD0B0400AD0B70B5174ECA
:103DA000054696F880403CBB2146602206F1100093
:103DB0000CF06EFB21462D68306F884212D1002333
:103DC00045F30730C5F87C31D5F87C31F2F75EFE5B
:103DD0004FF00043C5F804330123094886F88030CA
:103DE000B36770BDCBB29B0003F580727C2B04BF20
:103DF000AC50AB580131E0E70248F2E7340700204D
:103E00000000AD0B0C00AD0B034B93F880000038A5
:103E100018BF0120704700BF340700200148FFF79A
:103E200021BC00BFA80700200148FFF7FBBB00BF73
:103E3000A807002073B5054608460C461646FFF74E
:103E400089FD00B30846FFF779FD0146D8B9204641
:103E5000FFF768FD04B2A4000346286804F58072E9
:103E60008150296882582144D1F8102542F001027E
:103E7000C1F810252EB10122296802FA03F3C1F816
:103E8000043302B070BD2046FFF722FD0E4B083010
:103E900033F81030C3F38203042B11D0052B11D05B
:103EA00001A80194FFF702FD019A0369D34003F0D2
:103EB0000103991C204602B0BDE870400AF076BEAE
:103EC0000321F7E70221F5E7340700202DE9F04F41
:103ED000684BDFF8AC81D3F80403D8F87010C0B297
:103EE00089B040F00040FFF78BFD051E2FDAC24677
:103EF00000235AF87C1F06A8CDE90633FFF736FDEC
:103F00004FF0000B5C4B0DF118090193019A12F868
:103F1000013B0192DA081AF8022003F0070322FAA3
:103F200003F3DA071CD409F10409BBF1000F14D024
:103F3000D8F870104FF00040FFF762FDD8F87C1001
:103F400006A8FFF713FD0028DAD125F0004501246B
:103F5000002D76D109B0BDE8F08F4FF0010BD5E709
:103F6000464B5B440293D9F800100029DBD091FA4C
:103F7000A1F1B1FA81F1029B1C7841EA4414204678
:103F8000FFF7A6FC083038F81070C808BB08039388
:103F9000012319F8002001F0070103FA01F122EAD8
:103FA000010209F8002005A80594FFF77FFC059A97
:103FB000039B803250F82220C7F382065B07374606
:103FC000C2F3014222D520463946D6B2FFF78AFC19
:103FD00005A80594FFF76AFC059B803350F8233051
:103FE000C3F301439E4207D1002120460AF0DEFDC3
:103FF000314620460AF0DAFD05A80594FFF756FC85
:104000000122059B02FA03F30362ACE7022A0CD1FA
:10401000032120460AF0CAFD06F00503012BEBD16F
:1040200039462046FFF75EFCE6E702212046039270
:104030000AF0BCFD032EF3D0039A032ADCD1022E32
:10404000EDE795FAA5F3B3FA83F304FA03F29B00C4
:1040500003F1A04303F55043D3F81005D3F810152E
:10406000C0F30520C1F3014125EA0205FFF73AFC40
:104070006EE700BF00D00050EE590200EE5902007A
:104080003407002070B5084C0E462379154643B915
:104090002A20F2F7FBFC0123044823712660A56067
:1040A00070BD0348FCE700BF283D00200000AD0BB9
:1040B0000C00AD0B002330B50D4A50F8234003F53A
:1040C000A2710133102B42F82140F6D10023084A97
:1040D00000F13C0103F5B27451F8045F0133102B79
:1040E00042F82450F6D1D0F88030C2F8043330BD05
:1040F00000A002500123024A8340C2F804337047F3
:1041000000A002500123024A8340C2F808337047DE
:1041100000A00250F8B5012600270B4B0B4DD3F839
:104120000C4304B9F8BD94FAA4F0B0FA80F006FA92
:1041300000F324EA0304064B82009F502B68002BF7
:10414000EFD0A9689847ECE700A00250283D002076
:1041500000A102500022034BC3F88425C3F80425B4
:10416000704700BF00900350044AD2F80034DB07C8
:10417000FBD50160BFF35F8F704700BF0090035015
:1041800008B5C0F30B0383B90222094BC3F8842599
:10419000C3F804254FF0FF320260D3F80024D207A1
:1041A000FBD5FFF7D7FF034808BD0348FCE700BF76
:1041B000009003500000AD0B0A00AD0B012208B5C2
:1041C000054BC3F88425C3F80425FFF7CDFFBDE8F0
:1041D0000840FFF7BFBF00BF00900350002201213D
:1041E000054B83F83820054BC3F808131961C3F851
:1041F0000025C3F800217047343D002000B0025074
:1042000070B5104D6C6B9CB14FF47A735C430A230C
:10421000B4FBF3F40C4ED6F8003163B995F839309D
:104220004BB90A200AF0A9FB013CF4D1074870BD44
:104230004CF25034EEE795F83930002BF6D10448B3
:10424000F5E700BF343D002000B002500700AD0B81
:104250000000AD0B10B500220124084BC3F8004547
:10426000C3F800211C6038B1FFF7CAFF044B984225
:1042700003D1044B83F83840014810BD00B0025010
:104280000000AD0B343D002070B500F06044B4F187
:10429000005F5CD184075AD12F4C94F83050012D27
:1042A00005D09D4255D194F83850002D51D00026AC
:1042B0002A4D022B0BBFC5F81025C5F80425C5F8FB
:1042C0001405C5F808050CBFC5F81815C5F80C1578
:1042D00084F8396026680CBF08250425BEB994F817
:1042E00038306BB100221D4B05F1A045C3F8002109
:1042F000012305F52C352B60BDE87040FFF780BF2A
:104300000120FFF7A7FF164B9842EBD170BDA668BE
:1043100026B1E0606161E2611248F7E784F830306D
:104320000123A2610D4AA0602161C2F80061C2F8B8
:10433000043394F8382002F0FF0012B9FFF78AFF27
:10434000EAE705F1A04505F52C352B60E4E70648C2
:10435000DCE70648DAE700BF343D002000B0025039
:104360000700AD0B0000AD0B0A00AD0B0B00AD0B51
:10437000084B9A685A621A699A629A69DA62DA682C
:104380009A6032B15A691A61DA699A610022DA6078
:1043900070477047343D002000F01F0340090FD0E4
:1043A00001280FD10A4A02EB8302D2F80002094B1E
:1043B000034043EA012343F00203C2F8003270478E
:1043C000054AF0E70022803352F82330FFDE00BFB9
:1043D00000288450F0F0FCFF0025845010B50E4BEF
:1043E0000238D3F83C26D3F83836072813D8DFE84C
:1043F00000F0110F0D0B0A080604100EC871100C06
:104400008871100A48710A711A0ECA701A0C8A70E3
:104410001A0A4A700B7010BD00B00250023807280B
:104420001FD8DFE800F02927251123211F04CB79AD
:104430001B068A7943EA02434A7943EA02230A794E
:1044400013430E4AC2F83C36CB781B068A7843EAFF
:1044500002434A7843EA02230A781343074AC2F820
:10446000383670470023E4E70023E5E70023E6E75A
:104470000023EBE70023ECE70023EDE700B0025058
:104480000268154BFF2A08BF4FF0FF32C3F82425FE
:104490004268FF2A08BF4FF0FF32C3F82825826820
:1044A000FF2A08BF4FF0FF32C3F83025C268FF2A49
:1044B00008BF4FF0FF32C3F834250269FF2A08BF56
:1044C0004FF0FF32C3F838254269FF2A08BF4FF08A
:1044D000FF32C3F83C25704700B0025030B5194D8B
:1044E0008DB006AC0FCD0FC495E8030084E803003F
:1044F000154906A8D1F82435DBB20093D1F8283548
:10450000DBB20193D1F83035DBB20293D1F8343508
:10451000DBB20393D1F83835DBB20493D1F83C35E4
:10452000DBB20593FFF7ACFF0023C1F80031012394
:104530000B60D1F80031002BFBD06846FFF7A0FFDD
:104540000DB030BD2410020000B0025070B590F8DC
:10455000293004461BB190F82A20002A3CD160681B
:10456000FF2800F08580A168FF2900F08180E268C3
:10457000FF2A7DD025690E2D7AD1112878D11229F4
:1045800076D10D2A74D16269FF2A01D00F2A6FD12A
:10459000A269FF2A01D0102A6AD1BBB903211120D8
:1045A000FFF7FAFEA068FFF7F7FEE068FFF7F4FEFA
:1045B0002069FFF7F1FE6069FF2801D0FFF7ECFEEC
:1045C000A069FF2802D00321FFF7E6FE94F82A3005
:1045D00013B9201DFFF754FF636A264E264D7363FF
:1045E00094F8293086F83A300123C5F80833FFF7EC
:1045F00075FF2368C5F84035A37F617F227F9B014B
:1046000043EAC1031343E27F43EAC213C5F84435CA
:1046100094F82320D5F844352ABB43F44033C5F839
:1046200044354FF4C063C5F84036D5F8002694F8F9
:10463000203022F07F4222F0FF02134394F8212021
:1046400043EA026394F8222043EA426394F8232069
:1046500043EA0273C5F80036336813B12B20F2F732
:1046600015FA064870BD23F4003343F48033D6E7CF
:104670000348F7E7343D002000B002500000AD0BC6
:104680000400AD0B38B50C4C94F8305095B9C4E922
:10469000001248B900230122C4E90233074884F814
:1046A000302084F8383038BDFFF750FF034B984274
:1046B000F9D1EFE70248F6E7343D00200000AD0BEA
:1046C0000C00AD0B2DE9F843DFF8A090074699F8F0
:1046D00030008846012814463DD199F838301F4EE5
:1046E0006BB301231E4DC5F80833FFF7F7FEB8F191
:1046F000000F2BD14FF0000889F83980C5F80081F0
:10470000BB787A781B0343EA02233A781343FA789A
:1047100043EA42333A7943EA82337A7943EAC2334D
:10472000C5F83436FFF76CFDB0420CD0C5F80081F7
:104730001CB121467878FFF751FE0A4804E0FFF7E4
:1047400089FDB042CDD10548BDE8F883414678786F
:10475000FFF764FECEE70448F6E700BF0700AD0BA5
:1047600000B002500000AD0B0B00AD0B343D00203B
:10477000034B93F838300BB9FFF76CBD0148704715
:10478000343D00200C00AD0B08B5054B93F83030DC
:10479000012B03D1FFF722FD024808BD0248FCE7C8
:1047A000343D00200000AD0B0B00AD0B034B93F824
:1047B0003000003818BF0120704700BF343D002092
:1047C00038B511F0030539D11E4B1A68D2B193F8F0
:1047D0003040012C34D11C4AC2F81C150421C2F807
:1047E000200583F8395083F83010C2F80051C2F820
:1047F000044393F8383003F0FF00EBB9FFF72AFDCC
:10480000124818E0104CC4F81C15C4F8200583F8B1
:10481000392093F8383043B10023C4F80031012324
:10482000E360BDE83840FFF7EBBC0120FFF712FD65
:10483000074B9842F0D138BDD460E1E70548FAE76C
:104840000548F8E7343D002000B002500000AD0BF1
:104850000700AD0B0A00AD0B0B00AD0B10B5224BE2
:10486000D3F8002192B10022204CC3F8002194F823
:10487000381094F8302071B90121032A84F83810D7
:1048800005D0042A05D0022A00D1996010BD5960D4
:10489000FCE7D960FAE7032A19D0042A19D0022AC2
:1048A00004D1012384F82030FFF762FDA36813B917
:1048B000012384F8303094F8393003F0FF0013B945
:1048C000D4E900319847002384F82030DEE7022342
:1048D000E8E7032284F82020D3F81C256262D3F88D
:1048E000203584F82830E1E700B00250343D002044
:1048F00030B500F01F04400911D0012811D10B4838
:1049000000EB8400D0F80052094C1B0243EA8202FB
:104910002C4042EA41012143C0F8001230BD054855
:10492000EEE70023803453F82430FFDE0028845063
:10493000F0F0FCFF0025845010B4CC7B8A6803683B
:104940002CB9D1E90041C3F80845C3F80C15C3F8E8
:104950002425282203795343064AD35833B10068EB
:104960005DF8044B40F30730F2F790B85DF8044B64
:10497000704700BF703D00202DE9F843074690F8CE
:104980000490282000FB09F0254D0C462E1896F8BF
:10499000221000293FD1B1602A50736086F825109B
:1049A00086F824103CB394F80E8086F82780A3681C
:1049B000B3F17F6F2DD32368222B25D16368232B7E
:1049C0002BD10B26B8F1000F0BD133460322414601
:1049D0002068FFF78DFF3346032241466068FFF7EA
:1049E00087FF282303FB0953627B2146384683F85F
:1049F0002620FFF7A1FF282303FB095501230948BF
:104A000085F82230BDE8F883232B06D16368222B7A
:104A1000D6E70626D6E70448F4E70448F2E700BFE5
:104A2000703D00200000AD0B0C00AD0B0400AD0B81
:104A3000062103680279C3F800152821034B01FB06
:104A40000233022283F82220704700BF703D00200D
:104A5000282102790B4B01FB023300219960026887
:104A60000948C2F80803D2F8000220F4BC50C2F88A
:104A70000002C2F80015012283F8241083F82220D6
:104A8000704700BF703D002002029C012DE9F84FE5
:104A900028239046002290F80490AE4D046803FB52
:104AA000095383F823204B680E4633B1CB6803F0DB
:104AB0006043B3F1005F40F085813378023B012B06
:104AC00006D8336903F06043B3F1005F40F07A81A8
:104AD000A14BC4F80833282303FB095393F824108F
:104AE00001F0FF0239B19B68DFF878B2C4F80433F3
:104AF0005846BDE8F88F18F0140F0CBF01210021B3
:104B000083F82410317809EB890783F82010717835
:104B100005EBC70783F82110F168D9607168196146
:104B200031695961B168C3F81C809961C8F30011FB
:104B300083F825107378C4F88835C4F86021D4F858
:104B40006031C4F84821D4F84831C4F82421D4F89D
:104B50002431C4F80421D4F8043118F0010318BF3B
:104B60000123C4F8503518F0020318BF0123C4F81C
:104B700040353378032B00F2A480DFE803F0799905
:104B800062024FF48073C4F80032D7E90323C4F8FB
:104B90004425C4F848350123A3604FF48011204612
:104BA0000AF090F80028F8D1D7E90523C4F8442585
:104BB000C4F8483528234FF4802203FB09539A6038
:104BC000DFF8A4B1282202FB09F218F0080AAB585A
:104BD00005EB020013D13178032910D0012940F0F0
:104BE00086802160002B6FD0282202FB09F27168B9
:104BF000AA5821B9002A00F0BB8001226261282254
:104C000002FB09F2A918AA58002A00F0B18018F096
:104C1000040F1CBF00228A6018F0400F06D1282222
:104C200002FB0952916841F002019160282202FBC7
:104C30000952916841F4007191609268C4F80423AC
:104C400056E7D7E90323C4F84425C4F84835D7E923
:104C50000523C4F83425C4F838354FF48453C4F818
:104C60000032012323622823022203FB0953A6E713
:104C700018F0200FD7E90323C4F8442514BF4FF4DC
:104C800080724FF40072C4F848354FF0280315BF06
:104C9000C4F80022C4F800224FF48022022214BF7C
:104CA00003FB095303FB09539A600123236287E73F
:104CB000D7E90323C4F83425C4F838354FF48053BA
:104CC000CDE7DFF8A8B07DE7026902B96161234949
:104CD000DFF88CA0204609F0F5FF012210F4007FD8
:104CE00018BF626110EA0A0F1C49F3D07CE701216A
:104CF000A160002B7FF478AF006918B3184B1AEA53
:104D0000030F7FF471AF2046144909F0DBFF10F464
:104D1000007F8246F2D04FF08071204609F0D2FF2A
:104D2000D4F8001280B111F4007003D10122824640
:104D300022626261CB05E1D54FF48021204609F063
:104D4000C1FF04E06161D9E70122226262614FF094
:104D5000000AD3E7703D002002029C010202040019
:104D6000020004000B00AD0B0000AD0B0400AD0B06
:104D7000282101FB09550021D4F8C424C4F8C42417
:104D800085F824108AB11149114B12F0010F14BF9C
:104D90008B469B46013112F0020F18BF8B4612F072
:104DA000040F0C4A18BF9346A2E618F0400F7FF498
:104DB0009FAE3946204609F043FF054A002808BF48
:104DC000934695E6DFF810B092E600BF0000AE0B08
:104DD0000100AD0B0200AE0B0A00AD0B70B55D4DCE
:104DE000022186B0284609F06DFF4FF40071064697
:104DF000284609F067FF584CD8B1E6B9A3684FF0D0
:104E00008071C5F808330223A360A3682846C5F85B
:104E1000043309F057FF18B1D5F800329B0503D4CD
:104E200001224C4B1A625A61012384F8233006B0E8
:104E300070BD002E58D0E5696E060AD494F8233070
:104E40003BB94549434809F0FBFE80F0010084F876
:104E5000230015F0040525D13E4B94F82520C3F816
:104E60006051D3F86011C3F85C51D3F85C1112B1F2
:104E700094F823205AB10022C3F80022A260374AD6
:104E8000C3F808234FF40072354BC3F88021238CFC
:104E9000ADF80430E36804932369029363690593D2
:104EA000A36903932B4AD2F8C4349807C2F8C434D8
:104EB0004AD459074AD4DA074AD494F823309B00DD
:104EC000DBB28DF8003094F825300BB984F824302B
:104ED000E3695B0703D594F82330002BA7D0D4E90E
:104EE000003168469847A2E74FF48021284609F030
:104EF000E9FE94F82030ABB994F8253053B94FF45B
:104F00000072C5F80032A360144BC5F80833144B87
:104F1000C3F8802100238DF8043094F821308DF8F7
:104F20000530B7E74FF40073C5F8003240F20223B2
:104F3000A36003F1CE73C5F80833A368C5F8043342
:104F40000123AB602B6272E70123BAE70223B8E7C3
:104F50000323B6E700900050703D002002029C0140
:104F600000E100E0036803F01F025B09026004D067
:104F7000012B034818BF002070470248704700BF4C
:104F80000028845000258450F7B5064609F0C4FE79
:104F9000084609F0C1FE01A80196FFF7E3FF0C46A1
:104FA00040F20D61019B2B4D00EB8300D0F80032E5
:104FB00001942B400B43C0F8003201A8FFF7D2FF49
:104FC000019B012700EB8300D0F800322B400B43FC
:104FD000C0F80032042009F0D0FC092501A8019492
:104FE000FFF7C0FF019A0369D340DB0714D401A87F
:104FF0000196FFF7B7FF019B013D07FA03F3C3607A
:10500000042009F0BAFC304609F086FE042009F0BD
:10501000B4FC15F0FF05E1D101A80194FFF7A2FF50
:105020000123019A9340C360042009F0A6FC2046A6
:1050300009F072FE042009F0A0FC01A80194FFF71A
:1050400091FF019A03690448D34003F00103C01A99
:1050500003B0F0BDF0F0FCFF0100AD0B2DE9F04115
:105060000E4617460C4D55F8184FAC4203D16FF061
:105070001200BDE8F081314654F8440CA4F1440814
:10508000EBF7F0FD30B9C7F800804046BDE8F041CD
:1050900009F042BF2468E8E7983D002010B5D0E948
:1050A00009124A60416A00F124031160C0E9093322
:1050B0004368044603B19847054B1A78062A05D978
:1050C0005B681BB10720226802499847002010BD89
:1050D000983D0020F05902002DE9F04107460D46A9
:1050E0000B4E56F8084FB44202D16FF001000AE0AF
:1050F000394654F8240CA4F12408EBF7B3FD20B989
:105100001DB1C5F80080BDE8F0812468EBE700BF61
:10511000983D002010B5044600B30068F0B1037854
:10512000E3B10021FFF7D8FFD8B104F11C03C4E9B3
:1051300007330D4B04F12402D96803F10800DA604B
:10514000A16260620A601A78062A05D95B681BB101
:105150000720226805499847002010BD6FF0150010
:10516000FBE76FF01000F8E7983D0020F2590200CD
:1051700010B5036893B11B7883B18368012B0DD8F8
:10518000084B00F144014360074BDA6903F118044E
:10519000826444640020D961116010BD6FF0150075
:1051A000FBE700BFB8070020983D00200E4B10B56C
:1051B00004462022002118460BF06AF9226842605A
:1051C0000246217902F8081BC0E9022200F1100210
:1051D000C0E9042200F11802C0E906222046BDE819
:1051E000104000F00FB800BF983D002008B500F057
:1051F00011F8BDE808402022002101480BF048B911
:10520000983D002008B50248FFF784FF002008BD44
:10521000B80700200148FFF741BF00BFB8070020D2
:105220000EB4431E062B33B588BF0020094B05ACD6
:1052300054F8045B53F82010074803F0DDFD2146C5
:1052400028460194EDF72CFE02B0BDE8304003B0D3
:10525000704700BF1C1D0200525702002DE9F04F9D
:1052600087B017469B460446DDF840A000284BD087
:10527000056A35B12D6825B1AC4607B0BDE8F04FE1
:105280006047A36A9F4242D80026BE4203D1002055
:1052900007B0BDE8F08F182303FB06F8D4F82C9074
:1052A000A26909EB08052B1D0593CAB968696968ED
:1052B0000368B5F80CC0C91AAB680CF1030E5D1E8B
:1052C00005EB0C155B4205EB4E051D4005EBCC03D1
:1052D00085680633A94228BF4FF0FF3109F0E9FD88
:1052E00059F8083020460293236AB1B29B6A0193B1
:1052F0005AF8263000935BF82620059B09F053FEF0
:105300000028C5D10136C0E76FF01500C0E701489D
:10531000BEE700BF40F4FFFF10B5044690B1028D18
:1053200043899A4209D0084B1A78032A05D95B6849
:105330001BB142680549042098472046BDE810404B
:105340000BF074B810BD00BF983D00209D5A0200BC
:1053500030B544898C4212D9436A013C5D882C40A7
:1053600003EBC40359609A60BFF35B8F426A5388B2
:1053700001335380438D01334385002030BD014804
:10538000FCE700BF41F4FFFF70B4039E144658B120
:10539000006A48B143B1013406D0002E04DB846FAB
:1053A00014B1A44670BC6047014870BC704700BF90
:1053B0002DF8FFFF70B4039E144660B1006A50B12F
:1053C0004BB1013407D0002E05DBD0F8884014B172
:1053D000A44670BC6047014870BC70472DF8FFFFC1
:1053E00070B50C46114605461E460C4B202200297E
:1053F00008BF194620460BF088F8049B6662A3623A
:10540000059B2562E362069B23636A6804F134030B
:10541000C4E90D526B60A26B136070BDBE5A0200EE
:105420002DE9FF47DDF834900D4692461F460646AB
:1054300000286CD000296AD0B9F1000F67D001F1C3
:105440005808404609F018FF781C40D1AC6C05F1B3
:10545000480314F001040BD000240134802C54D0F4
:10546000620953F8222004F01F01CA40D107F4D486
:105470000121600953F8202004F5806704F01F041F
:10548000A1400A4343F820200E9B5246CDE90193E8
:105490000C9B3146009328463B46FFF7A1FF404650
:1054A00000F034FD347874B195F890405CB1B36A83
:1054B00001332ED10021304609F00DFF044610B112
:1054C000304609F0DFFE204604B0BDE8F087B7F5AE
:1054D000806FD9D3A7F580637F2B05F148010FD8E2
:1054E000580951F8204003F01F0324FA03F2D207B1
:1054F0000BD4012202FA03F3234341F82030C3E71F
:10550000054C404600F002FDDDE7044CF9E7024C93
:10551000D9E70024D7E700BF2DF8FFFF29F8FFFFE8
:105520002DE9FF478A46904603A90D9A05469946FC
:105530000AF0E0F80446D8B10C9E039BD5F8AC0005
:105540009E42A8BF1E4601688768611A33464A46D4
:10555000B94228BF4FF0FF3109F071FC23464246A3
:105560005146284600960AF065F804B0BDE8F08779
:105570000048FAE72EF8FFFF38B50446E0B100F125
:105580005805284609F036FFD4F8A0309B6953B976
:10559000D4F89440103C002C00DC084C284609F05C
:1055A00027FF204638BD012BF7D1D4F8A80009F019
:1055B0004BFEA0F11004EEE7014CF2E72EF8FFFFDE
:1055C0002DF8FFFF2DE9F0478AB00D46DDE912976F
:1055D00090461E46044620B9824F38460AB0BDE8C0
:1055E000F0870029F8D0002BF6D0942200210AF091
:1055F0004FFF012204F1580011460AF09AFA7A4B43
:10560000C4F8A050C4F870806C62A367774BE3675E
:10561000774BC4F88030774BC4F88430764BC4F8AD
:105620008830764BC4F88C30D4F8A030D3F818808A
:10563000B8F1000F6FD1002FCED097E8070004F12A
:10564000940383E80700D4F8A000036A1B69984715
:105650000023286100F001006B6184F89000B8F12C
:10566000000F6ED13B7A002B69D009F10C03C4F80E
:10567000B030B9F1000FAFD0D9F80820002A00F0FF
:10568000AE809B68002B00F0AA805D4B04935D4BBD
:1056900005935D4B06935D4B0793EB6A1B68C4F85B
:1056A000A430EB6A9B69C4F8A830002104F1B4036C
:1056B000C4E92D3306ABC4F8AC600093019102221B
:1056C000D4F8A00004ABFFF7C9FD0746002884D139
:1056D000D4F8A80009F053FDEB6A1B68DE62EB6AA0
:1056E0009B69DE62B8F1000F61D1C246D4F89830F0
:1056F0000993D4F8A4305B89534534D894F890309A
:10570000C4E90044002B59D1D4F8A0000421036A55
:10571000DB68984761E7B8F1010F94D1D4F8A00095
:10572000036A9B689847420606D5D4F8A00000217A
:10573000036ADB689847F1E74307EFD583E74B46F9
:1057400095E7B8F1010FB0D12E4B04932C4B059384
:105750002E4B06932C4B0793EB6A9B69C4F8A4303D
:10576000EB6A1B689FE74846D4F8981009F0B3FF2E
:105770000546C8B131680890411AB06800228142DC
:1057800028BF4FF0FF31D4F89830304609F091FB34
:10579000009501230022D4F8A40008A909F030FCE8
:1057A00018B90AF1010AA4E71948074615E794F861
:1057B0009030C4E90044002B3FF40FAF0023029364
:1057C000144B204601933523134A009304F108013A
:1057D000FFF706FEB8F1000F7FF4FFAE94E70C4F21
:1057E000FBE600BF2DF8FFFF21550100E1F30100AA
:1057F000F5F50100F5F6010035F6010001F40100B0
:10580000BF5A0200C55A020041F50100EFF3010042
:105810002EF8FFFF43F40100CB5A0200F0B5054615
:105820000E46174687B0074A03AC07CA84E807004C
:105830000C9A3146009228463A460194FFF7C2FE80
:1058400007B0F0BD3C1002002DE9F84304460D46B8
:1058500000AF4FF02003EFF3118883F31288BFF3FA
:105860006F8F0428294A98BF294BE9468AB0966869
:10587000117C98BF53F820306A4688BF254BC2E997
:10588000073140F2013324489384244BC2E90504D4
:1058900042F8103F00234FF431512148EEF7B0FD9C
:1058A000CD4645B1EB69C3F3080323B101211D4A7D
:1058B0001B4804F079FD2EB130460AF084F808B197
:1058C000037803B91848E9468AB06A46174BD06195
:1058D000C2E9053640F201331384154B42F8103FFC
:1058E00000234FF411510E48EEF78AFD2946CD46AC
:1058F0002046FDF789FD88F31188BFF36F8F30468E
:10590000F1F734F8BD46BDE8F88300BFBC3D002088
:105910003C1D0200CE5A0200E45A020005000001BC
:10592000EC0E02000C5B0200DC5A02002D5B020050
:1059300004000001104B70B553F82040013053F8BB
:105940002060A64200D870BDD4E9003595B153B1AE
:105950002846984738B10028B8BF4042FF28A8BF62
:10596000FF20EB681870EA68537843F00103537026
:105970000834E6E79847FBE7501D0200012208B50E
:10598000094B03201A70FFF7D5FF01F089FA0420B4
:10599000FFF7D0FF00F084F9EBF7A8FE034A137B72
:1059A00023F00103137308BD49510020502A002041
:1059B00008B50348034A0021121A09F044FF08BD44
:1059C000B00C00204C510020C82370B5174E0122A6
:1059D00003FB0066002386B0CDE904230F22019368
:1059E000CDE9023218234FF4A0720446104D11493C
:1059F00003FB005502FB00110F4B3046009500F0F1
:105A0000E5F8737B2C7423F0040373730B4B0134A0
:105A100003EBC4236B600A4BEE60D3E8EF1F013148
:105A2000C3E8E21F002AF8D106B070BD8829002023
:105A3000BC3D002078980020CFF90100789000202C
:105A4000B83D002080B50020B8B0FFF773FF2F4BA2
:105A500003F5006282F3088883F30A880024E023B8
:105A60002B4D2C4E85F82230EC772C766C76AC766C
:105A700085F820406B6A284F43F4E0236B6285F879
:105A80002340F0F7E3FEF1F7E1F84FF0FF33AB62AC
:105A9000EB62F1F7AFFAF1F735F9EEF73DFB40F2C3
:105AA000011306AD2846ADF82430CDE91F4401F0BE
:105AB000D9F9B56009F0BBFE0120FFF73BFF0220DA
:105AC000164DFFF737FF00F07FFE154BB5610593CC
:105AD000012314494FF48062CDE9034328463B4635
:105AE000CDE90144009400F071F806466A7B28462F
:105AF00022F004026A730AF098F92046FFF764FF67
:105B00003A4631462846F1F77BF800BF78900020EE
:105B100000ED00E0BC3D00207D590100502A00202E
:105B20008F5B0200B899002038B5064C064DAC4298
:105B300001D3002038BD2046D4E9011209F087FEC8
:105B40001434F4E7300A0020440A0020002038B55D
:105B5000054C064DAC4200D338BD204609F0E0FEAE
:105B60000028F9DB1C34F5E7C0090020300A0020CA
:105B700073B50C464FF02005EFF3118185F31288C1
:105B8000BFF36F8FC5685DB125602B68C360836903
:105B900001338361002081F31188BFF36F8F11E01F
:105BA00052EA030603D16FF00B002560F3E7CDE95D
:105BB00000230246083000F043FD18B9024B9B68F1
:105BC0005B69236002B070BDBC3D00202DE9F0434D
:105BD000984685B000F15803C0E91633109B0026A3
:105BE00003730423073222F0070543730F9B01EB75
:105BF00005090F4683734946C0E906668660C67389
:105C00000446F0F7D7FB0E9B073020F00700E06654
:105C1000C4E9197502930D9BA9EB000901930C9B34
:105C20004A460093394643462046F0F7A3FF054B0A
:105C300066659B6803B11B6F4846236705B0BDE8E6
:105C4000F08300BFBC3D0020F0B5002587B005956E
:105C5000109DDDE9127604950F9D044603950E9D77
:105C600002950D9D01950C9D0095FFF7AFFFB6F1D4
:105C7000FF3F08BFB7F1FF3F05D056EA070305D144
:105C8000204600F053FD204607B0F0BD3A463346AB
:105C9000024904F1180000F0B3FEF4E7E9FE010048
:105CA00070B5224C224D86B02646AE4204F1300437
:105CB0000AD300F059FD1D4C1E4EAC4220D306B055
:105CC000BDE8704000F064BD54F80C3C059354F8F6
:105CD000103C049354F8143C039354F8183C02937A
:105CE00054F81C3C019354F8203C009354E90A23D7
:105CF00054E90C01FFF76AFF54F8303C5E65D3E7C6
:105D0000D4E90A23B3F1FF3F08BFB2F1FF3F05D04A
:105D100052EA0301206803D100F008FD3034CCE7DB
:105D20003146183000F06CFEF8E700BFC80C0200E6
:105D3000280D0200E9FE010038B5836804466BB304
:105D4000194A926893422CD1C368012B03D9013BB5
:105D5000C360002038BD4FF02003EFF3118583F3BB
:105D60001288BFF36F8F0169806809F03CFE2046FE
:105D70000AF0D5F8A06058B190F90E2022610022F7
:105D8000C2670AF052F82946084800F0BDFCE0E777
:105D9000E06085F31188BFF36F8FDAE76FF01500CD
:105DA000D8E74FF0FF30D5E7BC3D00204A51002036
:105DB0002DE9F341044617461E464FF02003EFF34A
:105DC000118883F31288BFF36F8FC368334A7BB1A6
:105DD00080689168884219D057EA060318D188F381
:105DE0001188BFF36F8F6FF00F0002B0BDE8F08134
:105DF000916891F90E100133E36093682161A3600B
:105E000088F31188BFF36F8F0020EEE72169F2E776
:105E100091F90E1090F90E306FF07E029942A8BFF2
:105E200019469142B8BF11468B422EDD09F0DBFDC9
:105E3000054622464146CDE90076194800F000FCAF
:105E40000028E1D04FF02003EFF3118683F312888E
:105E5000BFF36F8FA068D0B1236821699C420AD03C
:105E60004BB193F90E309942A8BF19466FF07E03EB
:105E70009942B8BF194609F0B6FD40B1314608480D
:105E800000F042FC6FF00A00AFE70025D1E7002DDB
:105E9000F4D186F31188BFF36F8FF3E7BC3D002088
:105EA0004A51002037B511464FF02002EFF311851B
:105EB00082F31288BFF36F8F04689CB12368426835
:105EC00023F003039442036008BF4360012120468E
:105ED00009F0FEFD044685F31188BFF36F8F20465D
:105EE00003B030BD51EA0302F5D000F10802CDE95C
:105EF00000131046294600F0A3FB0028EFD1024B07
:105F00009B685C69EBE700BFBC3D002038B50446E8
:105F10004FF02003EFF3118583F31288BFF36F8FE7
:105F200009F0FDFF48B10022C26709F07EFF294653
:105F3000BDE83840074800F0E7BBD4E902329A4296
:105F400018BF01330221A36004F110000AF03BFAEC
:105F5000EDE700BF4A51002013B54FF02004EFF3E6
:105F6000118184F31288BFF36F8F846844B1013CC0
:105F7000846081F31188BFF36F8F002002B010BDE1
:105F800052EA030406D181F31188BFF36F8F6FF0DB
:105F90000F00F3E7CDE900230246024800F050FB72
:105FA000ECE700BF4A5100201FB50024084B4FF416
:105FB0008062029302AB009306494FF0FF3306481C
:105FC0008DF80C4000F0CAF8204604B010BD00BFA8
:105FD000975B0200B89D0020182B002070B5C368A5
:105FE0000546C3F340069B070C460DD50122002150
:105FF00004F1080009F09DFD00232360054B656056
:106000005A681AB9C3E90044304670BD14605C6038
:10601000FAE700BFE43D0020F8B5C36804469A07DC
:106020000F46C3F340062CD45B071AD40B680BB998
:1060300083680B60E368DD0742BFA36802263B600C
:106040003D6858BF0126002D3AD01F4B9B68AB42DC
:106050000AD0D5F8E030D807C3F3800214D46FF02B
:10606000120600233B6025E009F0A4FCD5F8E030DF
:106070000028F0D1D907C3F3C002F0D552B15B07B5
:1060800008D46FF00F06ECE7002AFAD1C3F3C0037F
:10609000002BF6D100232360D5F8CC3063B9C5E9D5
:1060A0003244284609F06FFDE36843F00403E360DF
:1060B0003B68A3603046F8BD1C60C5F8CC40F0E7F3
:1060C0006FF01506CDE700BFBC3D00202DE9F04183
:1060D000C368074603F00503002B0C4614BF4FF0BE
:1060E00001084FF000081ED08668D6F8C85025B1C8
:1060F000AF4201D02D68FAE701250021012204F109
:10610000100009F016FD2046104909F098FD9DB1D8
:106110003B68236073B9D6F8CC303BB9C6E932444A
:10612000304609F030FD4046BDE8F0811C60C6F8FD
:10613000CC40F5E73C60F3E7D6F8C8302360D6F8EA
:10614000CC30C6F8C840002BEAD1F0E7FBFB0100D9
:106150000146014809F0A0BD182B0020F0B5044607
:10616000002089B0C4E932000E9D04F1D000C4E9DA
:10617000340004F1D800C4E936001DB328790028A2
:1061800040F2011008BF0120C4F8E00000204FF0E9
:10619000FF364FF0FF37CDE90330CDE90100CDE9FF
:1061A00006672046084B0094FFF74EFD25B129688D
:1061B00011B1204609F004FC204609B0BDE8F040CA
:1061C00009F003BC0120DFE76112000030B50A4688
:1061D000044685B04FF02003EFF3118583F3128856
:1061E000BFF36F8FD0F8E03013F0060F1DD1B1B1BF
:1061F00043F00C03C4F8E030204609F0C4FC00234F
:106200004FF0FF3202934FF0FF332946CDE90023D0
:106210000C4804F1D80200F081FB05B030BDD0F885
:10622000C80048B143F00403E4E743F00401C0F8B8
:10623000E010002AE0D0DBE785F31188BFF36F8F11
:10624000EBE700BF4A51002037B5019008464FF0F8
:106250002001EFF3118481F31288BFF36F8FC168BF
:1062600011F00E0F16D153EA020508D101A9FFF76C
:10627000D3FE84F31188BFF36F8F03B030BD41F0BC
:106280000801C160019910308161034900F0B8FB39
:106290000120EEE70020ECE701FC01000146014887
:1062A000FFF7D2BF182B0020F7B50C4616461D4647
:1062B00001904FF02003EFF3118783F31288BFF3AF
:1062C0006F8F084609F050FC55EA060309D12046B5
:1062D00001A9FFF7A1FE87F31188BFF36F8F03B009
:1062E000F0BDE36804F1100043F00803E360019B94
:1062F0003246A36202492B4600F082FB0120EAE706
:1063000001FC010001460148FFF7CEBF182B002019
:10631000C3897F2B12D80A4B1B6863B1094B90F9D4
:106320000E201B689A4209DB437BDB0606D1064B35
:10633000C31A18BF012303F0010070470023FAE7D6
:10634000F43D0020F03D0020882900200122044B6C
:10635000C01A044BC0105843034B1A54704700BF77
:10636000002C0020ABAAAAAA4A51002070B50E4BFF
:106370000E4C1E7C054606EB460304EBC304204688
:1063800009F06BFE00220A4B28469A55FFF7C0FF22
:1063900048B1084B2046BDE870401A680649013AEA
:1063A000D31700F02DBB70BDBC3D0020002C002099
:1063B0004A510020F43D00204D63010038B50D4DD9
:1063C0002B4653F81C4F9C4200D004B9EC68AB68D4
:1063D00038B95A7BD20604D1A26912B9DA897F2A68
:1063E00005D89C4202D02046FFF7C0FF2346AB6190
:1063F00038BD00BFBC3D002070B590F90D200146AE
:10640000002A437B04DA03F07F03437309F0CAFCDC
:10641000154A4B7B104663F07F034B7350F81C3FCB
:10642000146A834208BF002323B9C1E90004216034
:1064300011620CE091F90E5093F90E60B5420ED046
:10644000AE420CDD5868C1E90030016059609068C7
:10645000BDE87040431A58425841FFF7AFBF9C4215
:10646000E3D01B68E0E700BFBC3D002070B490F9AA
:106470000D30427B002B29DBD30627D183692BBB50
:10648000134962F07F0242730A4652F81C4F94424D
:1064900018BF23460C6A23B9C0E9002420600862B3
:1064A0000CE090F90E5093F90E60B5420AD0AE425E
:1064B00008DD5A68C0E9003210605860002070BCE6
:1064C000FFF77CBFA342E7D01B68E4E770BC7047CE
:1064D000BC3D002008B590F90D200146002A437B01
:1064E00004DA03F07F03437309F05CFC044B986803
:1064F000431A58425841BDE80840FFF75FBF00BF4C
:10650000BC3D002070B515461C46064609F065FCEA
:10651000B4F1FF3F08BFB5F1FF3F08D02A4623463C
:1065200006F118000249BDE8704000F069BA70BD7C
:10653000E9FE0100002A2DE9F0410E460CBF1021B2
:106540000821437B044619420AD10B43DD0903F0BD
:106550009F0211D14273082914D00120FFF72EFFAA
:106560001E4B9B68A34232D1EFF305837BBB3046C1
:10657000BDE8F041F0F710BA03F01F03437309F0D0
:1065800011FCE8E7A36813B1204609F013FC04F1FD
:10659000180009F062FD4FF0000804F15807A56DDE
:1065A000BD4200D035B90120FFF708FF2046F0F7C3
:1065B00001FBD5E7284609F0FDFB05F1180009F0BD
:1065C0004CFD2846C5F87C80FFF750FFE7E786F3CF
:1065D0001188BFF36F8FBDE8F08100BFBC3D002084
:1065E00038B54FF02003EFF3118583F31288BFF322
:1065F0006F8F104B104A9C681068A04206D1FFF7BD
:10660000B5FE85F31188BFF36F8F38BD00211B7C69
:1066100011600A4AD35C002BF3D02046FFF778FEC6
:106620000028EED0637BDB0602D12046FFF7E4FEB4
:106630002046E4E7BC3D0020EC3D00204A5100200C
:1066400070B50C480C4D86680C462E601146DDE98D
:1066500004234FF02006EFF3118586F31288BFF371
:106660006F8F8068FFF74EFF2046BDE87040F0F75F
:1066700093B900BFBC3D0020EC3D0020F8B50446B6
:106680004FF02003EFF3118683F31288BFF36F8F6F
:10669000437B49B2DA0619D18569BDB903F07F039E
:1066A000437309F07FFB437B164A63F07F03437318
:1066B0001346817353F81C0F984218BF0546106AA1
:1066C0005DB9C4E900300460146211E00020A173D8
:1066D00086F31188BFF36F8FF8BD95F90E70B9423C
:1066E0000BD08F4209DD6B68C4E900531C606C60FD
:1066F0000120FFF763FE0120EAE7A842E1D02D6800
:10670000DEE700BFBC3D002049B9EFF3058030B99A
:10671000054B9A699B689A4201D0F0F73DB981F325
:106720001188BFF36F8F7047BC3D002010B54FF04C
:106730002002EFF3118482F31288BFF36F8F427B44
:10674000510704D484F31188BFF36F8F10BD22F07A
:1067500004024273FFF78AFE2146BDE8104001485B
:10676000FFF7D2BF4B5100204FF02003EFF3118110
:1067700083F31288BFF36F8F044B9A68D37B013B7E
:10678000D37381F31188BFF36F8F7047BC3D002036
:1067900010B54FF02003EFF3118483F31288BFF399
:1067A0006F8F084B00209A68D37B0133D373FFF7B8
:1067B00005FE84F31188BFF36F8FBDE8104009F028
:1067C000EEBB00BFBC3D0020024B03F11C02C3E93D
:1067D00007227047BC3D0020F8B54FF02003EFF3CF
:1067E000118583F31288BFF36F8F19498868437B43
:1067F00003F07F03437309F0D5FA08468B685A7B90
:1068000062F07F025A7350F81C2F0C6A824208BF54
:10681000002222B9C3E9000423600B620CE093F963
:106820000E6092F90E70BE420ED0B7420CDD516878
:10683000C3E900210B6053600120FFF7BFFD28462C
:10684000BDE8F840F0F7A8B8A242E3D01268E0E74C
:10685000BC3D002050EA01032DE9F04105460E46FB
:1068600003D1FFF7B9FF00202CE0831C71F1FF3347
:106870002ADB09F008FC2C184FF02003EFF31188F5
:1068800083F31288BFF36F8F114F124BB8681860F3
:10689000FFF720FEB86810492A463346183000F04A
:1068A000AFF8BA684046537B43F010035373F0F7D8
:1068B00073F809F0E8FB201A63EB0303012873F176
:1068C0000003D0DBBDE8F0816FF00104241AD3E7A8
:1068D000BC3D0020EC3D0020E9FE0100B1F1FF3F8E
:1068E00008BFB0F1FF3F08B506D1084B986809F022
:1068F000ACFA4FF0FF3008BDFFF7ACFF4FF47A73EE
:1069000080FB0303C00B40EA4340F4E7BC3D00209A
:10691000014B9868704700BFBC3D0020D3B5DDE94E
:106920000667089CCDE90067FFF78AFE1CB1034BA0
:106930009B685B69236002B0D0BD00BFBC3D0020F6
:1069400008B50648064A0749121A08F07EFFBDE856
:106950000840054A0549064808F077BF00000020B6
:10696000AC0C0020DC5B020000000000DC5B0200DD
:1069700000000020034B1B680BB9FCF723BD00206F
:10698000704700BFF83D002010B50E4B1C689C42BC
:1069900004D1FFF7EFFF6FF0004010BDFFF7EAFFF3
:1069A000002CF8D0D4E904321B1A62EBE072B3F188
:1069B000004F72F10001EEDA002AACBF1846002049
:1069C000EBE700BFE407002030B570B10B4B5B680C
:1069D00098420AD0036843B1D3E90421D0E90445C1
:1069E000121941EB0501C3E90421D0E9003213601B
:1069F0005A600023C0E9003330BD00BFE407002027
:106A0000B3F1FF3F08BFB2F1FF3FF8B504461D46A2
:106A100016465CD081604FF02003EFF3118783F3BB
:106A20001288BFF36F8F013275F1FF3324DA6FF0F4
:106A300001032C49D1E900209B1A4FF0FF3262EB91
:106A400000009E1B60EB0500012E70F1000301DACF
:106A500001260020C4E90460234ED6F800C0756802
:106A6000B44508BF4FF0000CBCF1000F0DD1C4E9D4
:106A700000652C6074601CE0FFF77CFF013645F177
:106A80000005361845EBE070E4E7DCE90420D4E9C2
:106A90000431934271EB000E1ADAD21ADCF804309A
:106AA00060EB0100CCE90420C4E900C31C60CCF811
:106AB00004403368B34206D09C4204D1FFF764FF20
:106AC0000021FCF751FC87F31188BFF36F8FF8BDED
:106AD0009B1A61EB0001AC45C4E90431C7D0DCF876
:106AE00000C0C1E7182C0020E40700202DE9F84F72
:106AF0004FF02003EFF3118783F31288BFF36F8FFA
:106B0000DFF8B8902B4E4FF0000A3060D9F8000043
:106B10004FF0000B484508BF0020274C3D46D4E904
:106B2000001E336888B3D0E904874FEAE37C43450D
:106B30007CEB070206DAB8EB030267EB0C07C0E94F
:106B4000042722E018EB01014EEBE873C0E904AB27
:106B5000C4E90013FFF738FF85F31188BFF36F8F87
:106B6000836898474FF02003EFF3118583F3128871
:106B7000BFF36F8F3368D9F80000A3EB08034845D3
:106B80002F463360CAD1D4E9001E59184EEBE37387
:106B9000C4E9001300243460FFF7F6FE2146FCF739
:106BA000E3FB85F31188BFF36F8FBDE8F84FFFF764
:106BB00017BD00BFF83D0020182C0020E40700207E
:106BC00010B54FF02003EFF3118483F31288BFF365
:106BD0006F8FFFF7CFFE0346054AD2E90001181870
:106BE00041EBE37184F31188BFF36F8F10BD00BFD9
:106BF000182C0020F8B504464FF02003EFF311875E
:106C000083F31288BFF36F8F026822B187F3118874
:106C1000BFF36F8FF8BDD0E90A36581C46F100016A
:106C2000022871F1000127D3012B76F10001BCBFCE
:106C3000012316465D1E46F1FF3609F028FA0130A1
:106C400041F10001401946EB0101012871F10001F9
:106C50003ADB09F01CFA013041F100016FF001024A
:106C6000401946EB01034FF0FF31121A61EB0303A9
:106C700020461849FFF7C4FE236B01332363236AC0
:106C800073B187F31188BFF36F8F2046236A98474B
:106C90004FF02003EFF3118783F31288BFF36F8F58
:106CA00054F8185FA542B1D0002DAFD0284609F0A6
:106CB000E7F80023EB6787F31188BFF36F8F28464F
:106CC000BDE8F84009F0B1B86FF001024FF0FF33B2
:106CD000CEE700BFF56B01002DE9F04105461C46EB
:106CE00090461F464FF02003EFF3118683F312887E
:106CF000BFF36F8FB4F1FF3F08BFB2F1FF3F05D183
:106D000086F31188BFF36F8FBDE8F081531C74F1D7
:106D1000FF3309DB012A74F10003BCBF0122002408
:106D200012F1FF3844F1FF37284609F096F9DDE902
:106D30000623C5E90A23002342462B6328463B4627
:106D40000149FFF75DFEDBE7F56B01002DE9F34735
:106D50001D46294B16469F68012387F8603087F847
:106D6000613052EA05030CBF0123002307F16002E2
:106D7000804609F05CFA81464FF02003EFF3118A58
:106D800083F31288BFF36F8F97F8604064B90146B0
:106D90005246404609F0EBF98AF31188BFF36F8F32
:106DA000204602B0BDE8F087002387F8603056EA3D
:106DB000050306D18AF31188BFF36F8F6FF00A04C1
:106DC000EEE75146CDE900650C4A0D48FFF738FC67
:106DD00004464FF02003EFF3118583F31288BFF3CD
:106DE0006F8F2A464946404609F0C1F985F311885C
:106DF000BFF36F8FD4E700BFBC3D0020EC0700203D
:106E00004B51002038B503464FF02002EFF31185B7
:106E100082F31288BFF36F8FC16001218160006827
:106E2000834206D185F31188BFF36F8F002420467B
:106E300038BDD0E9003213605A600023C0E9003346
:106E400009F06CFA294604460148FFF75DFCEEE7BD
:106E50004B5100200A460146014809F0D4BA00BF50
:106E6000300A0020014B0367704700BF300A002042
:106E700038B504460D4608F09DFD20B9064B9B68C9
:106E80001B6F0BB938BD054B2A4621461846BDE895
:106E9000384009F0B8BA00BFBC3D0020300A0020DD
:106EA000014801F0A9BF00BFA05B020010B50A4C69
:106EB00023681BB101232360002010BD00F0F2F80D
:106EC0000028F7D00138072803D8044B53F82000D6
:106ED00010BD034810BD00BFFC3D0020681D02002E
:106EE000FE8FFFFFBFF34F8F0549064BCA6802F4C0
:106EF000E0621343CB60BFF34F8F00BFFDE700BFDD
:106F000000ED00E00400FA0530B44FF0FE32002539
:106F10000B4B0C4C0C494968C3F80024C3F80424FB
:106F2000C3F80824C3F80C24C3F81024C3F81424AD
:106F3000C3F81824C3F81C24C4F8005530BC084713
:106F40000050845000408450F4070020024BD0E9E8
:106F50000012C3E900127047F407002010B5044680
:106F600050B1636813F0685F05D0064A934202D0BF
:106F700000236260236010BD034B04485B689847A0
:106F8000EFE700BF2C5F5CA9F4070020881D02001A
:106F9000C8B143680D4A934213D013F0685F0ED016
:106FA000012350E8002F194640E8001C9CF0000F18
:106FB000F7D1012AF5D0BFF35F8F00207047044856
:106FC0007047044870476FF4E04070472C5F5CA93D
:106FD000E98FFFFFEA8FFFFF034680B1426809494E
:106FE0008A420AD012F0685F05D0BFF35F8F00229B
:106FF00010461A60704704487047044870476FF4A1
:10700000E04070472C5F5CA9E98FFFFFEA8FFFFF2C
:1070100010B5044620B10023034A2360626010BD0E
:107020000248FFF771FFF6E73A00003AB01D020090
:107030002DE9F041174C4768066867608768C068AB
:10704000A760E06026600868134B144D186048681C
:10705000D5F818215860886812F0685F9860C86891
:107060000969D860196112D000230D4A05F58A70AC
:10707000C5F81431C5F8B831C5F81821C5F8BC21D8
:10708000B047236805F5DC70BDE8F0411847BDE85E
:10709000F08100BF10080020FC070020143E0020F3
:1070A0002C5F5CA908B500F011F830B900F010F8B9
:1070B00038B9054AC2F80C0A08BD00F037F80320B9
:1070C00008BD042008BD00BF005084500020704758
:1070D00010B5114800F048F800B110BD0F4800F09D
:1070E00043F80028F9D10E4C204600F03DF8002866
:1070F000F3D10C4B0C481C6000F036F80146002818
:10710000EBD100F02DF8044608B1204610BD00F088
:107110003FF82046FAE700BF500800204C08002046
:1071200048080020400800204408002008B508480E
:1071300000F024F8074800F021F8074800F01EF896
:10714000064800F01BF8BDE8084000F00BB800BF8F
:10715000500800204C080020480800204408002067
:1071600000207047704700BF08B5034B02681B68DA
:1071700010689847002008BD1008002008B5034B90
:1071800002685B6810689847002008BD100800205E
:1071900070B5094C094D2069AB68984718B1084B88
:1071A00008485B6898470021074AEB68116020692E
:1071B000BDE87040184700BFFC0700201008002001
:1071C000F4070020D41D0200103E00200CB430B59E
:1071D00089B005460C461C22002101A809F058F987
:1071E000022305958DF806300D4B029323462CB1F2
:1071F000B4F1004F28BF4FF00043013B1D440DAADE
:107200000C9901A80695009200F00CF914B1059BA9
:1072100000221A7009B0BDE8304002B0704700BFCC
:1072200001090200242AF0B5044601D8012A40D100
:107230002E4B162209F06CFB1A5001B10C60002095
:10724000F0BD2F463D4615F8010B2028F9D0A0F1DE
:1072500009060346042EF4D92B282CD02D282CD136
:107260000126BD1C7B78302B2DD1287840F02000E2
:10727000782824D132F0100021D16B782C461022CE
:1072800002350020392B82BF03F1FF3343F0200386
:10729000263B303B9A421AD9A0FB02040CB9C01815
:1072A00001D346F002062F462C4617F8013B3D4617
:1072B000E8E70746C6E70026D3E70026D3E7002A1B
:1072C00008BF0822DDE7002A08BF0A22D9E701B17A
:1072D0000C60F20748BF4042B307B1D5034B2222EE
:1072E00009F016FB1A504FF0FF30A9E70C00000020
:1072F0002DE9F04101260746B24201DCBDE8F081EC
:107300003B461F4613F8014B002CF7D0252CF8D133
:107310001C780237252CF3D00023DFF804819C462B
:107320001D461F2D18D8A4F1200EBEF1100F09D94B
:10733000A4F1300EBEF1090F1ED80A24202504FB4B
:1073400003E304E028FA0EFE1EF0010F06D017F842
:10735000014B002CE5D128E07F2D1CD8A4F1300E84
:10736000BEF1090FE9D9242C10D1BCF1000F46D091
:10737000B34246D00023EAE724F0040EBEF12A0F00
:10738000F8D06C2C09D145F08005E0E724F0040E1C
:10739000BEF12A0FEED06C2C22D06C2C1BD8682C9E
:1073A00023D06A2C28D04C2C26D0BCF1000FA5D0BD
:1073B000B445A1D144F020070B68A7F1650CBCF1DE
:1073C000020F01D9612F1ED1073323F007030833C1
:1073D00001360B608FE7742CB9D07A2CB7D0E4E774
:1073E0002C0648BF45F40075CDE7EC0548BF45F4D1
:1073F000007545F48075AAE745F42075A7E79C461B
:10740000B8E76324D6E7692C02D007D8632C03D0F1
:107410002F0601D5AC05D7D40433D9E7732CF6E792
:10742000892801002DE9F04F436893B0804601930D
:1074300083789807CDE9061216D50B4600250B92E6
:107440001F789FB1252F15D001330593414638464B
:10745000019B01359847002880F2458498F8023056
:1074600043F0040388F802304FF0FF35284613B08C
:10747000BDE8F08F5F789A1C252F0592E6D0002496
:107480002646A246A346BBF11F0F32D8A7F1200320
:10749000102B0AD8DFE803F02409092A0909091B7F
:1074A00009090922092709091900A7F13003092B45
:1074B0002DD92A2F39D154B90B9B1BF0400F53F80B
:1074C000042B0B9329D0164601E04BF0010B059BD2
:1074D00013F8017B0593002FD5D15BE04BF0020B35
:1074E0004BF0040BF3E74BF0080BF0E74BF0100BFD
:1074F000EDE7BBF17F0F3FD8A7F13003092BD8D8B8
:107500001BF0400F03D00A2202FB0636DFE70A22F7
:1075100002FB0A3A4BF0200BD9E7B2F1000AF9DA84
:10752000CAF1000A4BF0280BD1E72E2F05D11BF032
:10753000400F9BD14BF0400BC9E7242F1CD1002CEE
:1075400000F03F81079B1BF0400F0B930AD152467E
:107550000BA90698FFF7CCFE0B9B1A1DD3F800A0D1
:107560000B92B4E732460BA90698FFF7C1FE0B9BBE
:107570001A1D1E680B92AAE76C2F00F00F8100F213
:107580000681682F00F012816A2F00F017814C2FBE
:1075900000F0148134B1079B22460BA906980B9387
:1075A000FFF7A6FE002E47F02003B8BF2BF0400BDC
:1075B0000293A3F16503BCBF00261FFA8BFB022BCD
:1075C00040F20481029B612B40F07282FF431BF06A
:1075D000400F0CA84BF4C05407F0200314BF3146F1
:1075E0004FF0FF31A346049301270B9B073323F091
:1075F000070303F1080293ED000B0B92049A09F0C4
:10760000BEF8431C0646DDF83090DBB203937023CE
:10761000029309F10903122B0CD909F16303C62B5C
:1076200040F20D8109F2E73340F2CE72934294BFEB
:10763000032704279DF8342002F00C0312F0010206
:1076400040F018811BF0020F40F011811BF0040480
:1076500000F0F780002B40F0108120231BF4405FE6
:1076600022D1039A002E02F1480208BF01266A4483
:10767000133A039921B112F8011D302900F032812B
:107680001BF0100F039A18BF324619F1040FC0F215
:107690002E81B14580F22B814A454BF4005B40F3CB
:1076A000288109F10106961B1BF40052089200F094
:1076B000228129EAE974013403B10134002E00F07B
:1076C0002181721C1444A245CCBFAAEB04040024FF
:1076D0001BF0090F04D12C44A54240F0188100246E
:1076E0003BB118464146019B013598470028FFF6FB
:1076F000B5AE1BF4006F12D041463020019B984775
:107700000028FFF6ABAE049B41460235C3F178007A
:10771000019B00F0F80098470028FFF69FAE1BF091
:10772000080F05D12C44AC4240F0FD8025460024D2
:10773000089B002B00F0268129EAE97A7642A9EB22
:107740000A02039B0AF1FF3A6F1C0292934289BF1F
:107750000CAB3020D3185879564500F3ED804146E4
:10776000019B9847029A002802F10102FFF676AECB
:10777000BAF1FF3F09D141462E20019B0292984762
:107780000028FFF66BAEAF1C029A3D46D9E7742F76
:107790003FF49DAE7A2F3FF49AAEFBE61BF0800FCC
:1077A00018BF4BF4007B4BF0800B90E61BF4807FFE
:1077B00018BF4BF4007B4BF4807B88E64BF4207BB6
:1077C00085E626465446B346B24680E6FF431BF0A4
:1077D000400F07F0200308BF062604930B9B0733D6
:1077E00023F0070303F1080293ED000B029B0B92B9
:1077F000652B12D1711C00224BF4805BC9B2134679
:1078000011290CA84FF0020728BF112100F008FB36
:10781000DDF83090C3B20393FBE6029B662B05D1E3
:107820004BF4005B334601221121E9E7F1B200225B
:10783000652001291346029038BF0121E0E70227A5
:10784000F8E6002B3FF40AAFBAF1030F39DC9DF8DC
:107850003430A44E13F0080FA34B08BF1E46B146A8
:107860004F4619F8010BA0BBAE1B374485E023BB84
:107870002B23F3E61BBB2D23F0E62022BAF1040FE5
:1078800012DD1BF0080FAAF104040ED12C4441466E
:107890002020019B0135029298470028FFF6DEADBB
:1078A000A542029AF3D192B1002441461046019BB1
:1078B000013598470028CADAD0E52B22DEE72D22D1
:1078C000DCE71BF0080FAAF10304C0D1DEE7144681
:1078D000BDE7049B4146C01A019BC0B298470028EF
:1078E000BEDABBE503990139C9B20391C1E6561E60
:1078F000DAE60026D8E61BF4006F0CBF032405244B
:107900003C44D9E61BF0100F18BF0134DBE60993A5
:107910004146019B20209847002805F10105099B5D
:10792000BFF6DAAE9AE541463020019B0135984713
:107930000028BFF6F8AE91E5D1450AD19DF8353063
:10794000352B1DD805D19DF8343013F0100F08BF2A
:1079500031204146019B98470028FFF67FAD1BF080
:10796000100F0AD0BAF1FF3F07D1AF1C41462E20BD
:10797000019B98470028FFF671AD3D463C4436E236
:107980003120E6E79DF83500414631281EBF9DF8BD
:10799000343023F010038DF83430019B98470028D1
:1079A000FFF65CAD002E68DD41462E20019B984716
:1079B0000028FFF653AD4FF0010A039B4146D34622
:1079C0009A45B7BF0CAB302053445879019B984778
:1079D0000028FFF643AD0AF1010A5645EDDA0235FB
:1079E0005D44029B4146049A981A019BC0B2984795
:1079F0000028FFF633ADB9F1000F04DB4AD19DF842
:107A00003430DB0646D5C9F100092D204146019BE3
:107A100098470028FFF622AD042F3DD14FF47A7726
:107A20004146019B033599FBF7F606F13000C0B2E1
:107A300098470028FFF612AD07FB169964274146C8
:107A4000019B013599FBF7F606F13000C0B298476B
:107A50000028FFF603AD07FB16990A274146019B54
:107A6000013599FBF7F606F13000C0B298470028BF
:107A7000FFF6F4AC07FB169914E01BF0100F01D1D0
:107A80000135AEE741462E20019B0235984700287C
:107A9000A7DAE3E42B20B9E7032F05F10205CDD0E7
:107AA000012FDAD109F130006F1C4146C0B25FE707
:107AB000A7F16303122B00F2FF80DFE813F0170039
:107AC0005700FD00FD00FD00FD005700FD00FD001A
:107AD000FD00FD00FD001701F800FD00FD002C0079
:107AE000FD00B900D05B0200BB2702000B9B012404
:107AF0000CAF1A1D1B680B928DF830301BF0080F6D
:107B00002AD007EB04093E464E4527D1EF1B3744E8
:107B1000AAEB040431E70B9B1A1D0B921F68AA4BBA
:107B2000002F08BF1F461BF0400F384614BF3146D8
:107B30004FF0FF3108F0F9FC0446DFE74146202012
:107B4000019B98470028FFF689AC013EB442F5D36B
:107B50005544B246AD1BD4E75646F7E7414616F802
:107B6000010B019B98470028CEDA77E41BF0800FC9
:107B70000B9B35D01BF4007F2DD0073323F0070378
:107B800003F10802D3E900010B922BF01009002940
:107B90001FFA89F936DA404249F4806961EB410104
:107BA0000DF1300B0A235A4608F0CBFC19F0400FB8
:107BB000A0EB0B0B65D029F001025E4592B240F3B9
:107BC000B280002F00F0A98019F0100334469146CE
:107BD00026D002345CE01A1D18680B92C117D4E756
:107BE0001A1D1BF4807F19680B9201D10846F5E736
:107BF0001BF4007F19BF48B241F3C01108B241F332
:107C0000C031C2E750EA0103CAD11BF0400FC7D010
:107C1000002EC5D12BF0110B34461FFA8BF9B34659
:107C200040F2064319EA03031CBF013400232FE08E
:107C30002BF0100B0A231FFA8BFB1BF080040B9A0E
:107C400057D01BF4007115BF0732101D22F0070238
:107C50000B900FBF106802F108010B91D2E90001EF
:107C600050EA010252D12BF016091BF0400F1FFA07
:107C700089F94FD0002E4DD12BF0170B1FFA8BF93D
:107C8000B34619F0100352D0002F4ED10BF101046E
:107C900019F0080F5ED119F0010F06D0A2456DDD75
:107CA000AAEB040404EB0B06544622464DE04BF0CD
:107CB000100B10237827C0E7029B782B04D1C7F163
:107CC000780343F01003B8E741462520019B98470D
:107CD0000028FFF6C3AB41463846019B9847002871
:107CE000FFF6BCAB0235059BFFF7AABB08230027B4
:107CF000A3E7111D10680B911BF48071B0D01BF429
:107D000000711ABFC0B2214680B2A9E72BF0060B62
:107D10001FFA8BF90DF1300B45E729F011093446B4
:107D20001FFA89F97CE79146ABE75C4651E75C4670
:107D300076E7CDE9022341462020019B98470028A1
:107D4000FFF68CAB029A039B01329245F1DC2C1BAF
:107D5000A5181446EBB141463020019B98470028F6
:107D6000FFF67CAB67B901352F462E44F31B5B450C
:107D700021DC5D460CAE4DBB5F44C9E65E4694E730
:107D8000023541463846019B98470028ECDAFFF758
:107D900065BB40F2064319EA030FE5D019F0020F64
:107DA00005F10105414614BF2B20202019F4806FF6
:107DB00018BF2D20E7E741463020019B0137984747
:107DC0000028D3DAFFF74ABBD45B0200013D4146ED
:107DD000019B705D98470028CDDAFFF73FBB414615
:107DE0002020019B013598470028FFF637AB631B25
:107DF000002BF4DC77E700BF1FB502AB074A009306
:107E00004FF0CC3308F081FCDDE90201C00840EA04
:107E10004170C90805B05DF804FB00BFCDCCCCCCE7
:107E20002DE9F04F9DB055EC104BCDE90B122A46D1
:107E3000290D0D93C5F31303D20FC5F30A5507900F
:107E40008DED050A0A9275B922461A431BD13023DB
:107E50000126056043710A9B43F00203037130461B
:107E60001DB0BDE8F08F40F2FF7295424DD1059AEA
:107E7000002613430A9B079A14BF43F0080343F0FC
:107E800004031371EBE7059A4FEA83089A46B14D54
:107E900002F001020992059A48EA927897000122BD
:107EA0001646C5F1000B0892584600F017FAB5F1D6
:107EB000FF3FACBF8146A0F10109ABEB090B09EB19
:107EC00005035846069300F00FFA18A9A0F17D05A6
:107ED000584600F029FA14AB089AA9EB050501935E
:107EE00012AB02925146009318AA2B46059808F04F
:107EF0004FFBB9F1010F04460D4600F2D880099BF3
:107F0000002B40F0CB8001276FE0059A43F4801AE4
:107F1000A5F2354502F001024FEA8A080992059A56
:107F2000134348EA92784FEA82074BD140F2FE733E
:107F300019420CBF01260026002D3246B1DB28462F
:107F400000F0C6F90346032DC8BF013B184606934F
:107F500000F0CAF9069B7C3018A95D1B0544184641
:107F600000F054FA14AB18AA0598019312AB5146CD
:107F7000029600932B4608F00BFB069B04460D4629
:107F8000152B00F2888016AB734A384641460093A1
:107F90004FF0CC3308F0B9FB169B179A9B0843EAC5
:107FA000827303EB8303BB42DDE9129A0CD138469E
:107FB000414600F0A1F9069B83428CBF00270127B0
:107FC000002612E00126B7E7099B002B53D1013FA1
:107FD00048F1FF31B81B61F1000100F08DF9069BFB
:107FE000099F83428CBF002601260C9B002B40F08A
:107FF0009280DDF82CB04FF000084FF00A0ACDF85F
:108000002080CDF81480DDE91201FFF7F5FE149B06
:10801000CDE90E01184615991093FFF7EDFE0E9B62
:1080200081460F9A98420B461191934180F08D80C2
:1080300020462946FFF7E0FE0AFB09F3109AB8F143
:10804000000F14BF002707F001070AFB10480D4678
:10805000934214BF002606F001060E9B5FFA88F8D3
:10806000044612930F9BCDE91339119B1593089B7E
:1080700001330893C7E7B81C48F1000100F03CF950
:10808000069B83428CBF00200120B9EB00006AF1FF
:108090000002CDE9120200273E46A6E7129B012707
:1080A000139A013B42F1FF32CDE9123288E7B9F170
:1080B0003E0FF0D84FF0FF33A9F12000C9F12001A5
:1080C00003FA09F203FA00F023FA01F103FA09F3C3
:1080D000024327EA03070A4328EA020857EA080787
:1080E0000CBF012700276BE700FB02FC0133A1FB5B
:1080F000001262448C4275EB020CF5D2069A1344CE
:108100000D9A13440B9A012BB8BF01239A42A8BFC2
:108110001A4693466FE70A21002201230846E9E741
:108120000AFB03F00131A2FB0A230344944275EBDE
:108130000300F5D2594511DDBBF1000F02D154EA1D
:1081400005030BD00123059372E70A2200230121C6
:10815000ECE700BFCCFBFFFFCDCCCCCC7EB34FF027
:108160000A0A149B159918460F93FFF745FE0F9BBB
:108170000AFB00F281460E919A4220D1B8F1000F1D
:1081800014BF002707F00107DDE91201FFF734FEF5
:1081900010900F9120462946FFF72EFE0F9B0AFBF9
:1081A0001048109A04460D465FFA88F81292CDE9FD
:1081B00013390E9B1593089B01330893D1E7069B57
:1081C000089A13449946002F5BD0B8F1050F58D197
:1081D00014F001034BD1059A32B9DDE914239D4215
:1081E00008BF944260D0059B18194FF00A044FF065
:1081F00000024FF0010645F100012546A04271EB57
:10820000020754D2EBB1B3451BDA0C9B63B106EB0A
:1082100009030D9A1A4422EAE2730B9A9A42A8BF04
:108220001A46964293460CDD053009F1010906F124
:10823000FF364FF00A024FF0000341F10001E8F76A
:10824000A9FB5E450FFA89F9079BA8BF5E4636B2C7
:10825000B14406F1050809F1FF3798444FF00009D1
:10826000B1452BDB079B0A9A1F601A71F7E5059B46
:108270002BB9DDE914239D4208BF944209D00123A4
:10828000B2E7059B53B9DDE914239D4208BF944230
:1082900004D1099B002BF2D1002EF0D0B8F1040FCD
:1082A00094BF002301239FE74FF00408F1E705FB8B
:1082B00002F70136A4FB05423A449FE70A22002355
:1082C000E8F768FB303209F1010908F8012DC7E72A
:1082D000014B5843800C704741340100014B584317
:1082E000000D7047FB2E0B00024B5843C00C0130B1
:1082F000704700BF4F93120070B50346094A002033
:108300004FF0CC364FF0333506FB03F402FB01444B
:10831000A3FB023121449D4275EB010401D30130DE
:10832000F2E770BDCDCCCCCC1A232DE9F04FB0FBD9
:10833000F3FA334E03FB1A0389B004460D4606EBED
:108340000A1653B9D6E90023C1E90023D6E9020190
:10835000C5E9020109B0BDE8F08F2A4A02EBC30368
:10836000D3E9008904AB404649460093D6E902238D
:1083700008F0CBF906AB83460F46404649460093CA
:10838000D6E9002308F0C1F900238146DDE9066241
:1083900016EB0B0652EB070828BF012333B1049BF1
:1083A000059A013342F10002CDE9043220460391DF
:1083B000FFF79AFF07461A2000FB0AF0FFF794FF29
:1083C0003F1A3246434648460399009708F0B8F9E9
:1083D0000D4A4FEA141C640004F01E0352F82C40AE
:1083E000DC4004F003042418304641F10001DDE9CB
:1083F0000423C5E900414146009708F0A1F9A7E729
:108400005811020088100200F41D02002DE9F04FFF
:108410001A2700F11905DFF8E8A089B004460E46D6
:10842000B5FBF7F56F434FEA051B0AEB05153A1A42
:108430000AD1D5E90023C1E90023D5E90201C6E943
:10844000020109B0BDE8F08F2B4B03EBC203D3E967
:10845000008904AB404649460093D5E9022308F061
:1084600054F95AF80B206B68013ACDE9020106A9CC
:1084700063F1000340460091494608F046F98A46F8
:10848000029900238146DDE906526D18039952EBEB
:10849000010828BF012333B1049B059A013342F13F
:1084A0000002CDE904323846FFF71EFF074620469A
:1084B000FFF71AFF3F1A2A4643464846514600979F
:1084C00008F03EF90D4A4FEA141C640004F01E0344
:1084D00052F82C40DC4004F00304013424182846F0
:1084E00041F10001DDE90423C6E90041414600975E
:1084F00008F026F9A3E700BF88100200481E02001A
:108500002812020010EE102AF0EE407A22F000430A
:10851000B3F17E5F0CD19FED5C7ADFED5C6A20EEFB
:10852000077A00EE267AF0EE477AB0EE670A7047D7
:1085300001D900F071BAB3F17C5FF7EE006A0BD29B
:10854000B3F1485F50D29FED527A30EE077AB4EE25
:10855000E67AF1EE10FAE8DCB6EE007A9FED4D6AAD
:10856000F0EEE77A76EEE77ADFED4B5A67EE877A40
:108570009FED4A7A07EE876A9FED497A16EE277AD1
:108580009FED486A07EE276A9FED477A16EE277A35
:108590009FED466A07EE276A9FED457A17EEA57AAA
:1085A000DFED445A26EE276A47EE275A9FED427ABE
:1085B00015EEA77A47EE276AB1EEE77A3F49C6EE95
:1085C000265A8B423FD905EE877ADFED3D7A37EEAA
:1085D000077A37EE277ADFED2D7A77EEC77A002A11
:1085E000D8BFF1EE677AA0E720EE007ADFED2B5AD4
:1085F0009FED286A9FED285A07EE256ADFED285A7D
:1086000056EE075A9FED276A05EE876ADFED265A78
:1086100056EE075A9FED256A05EE876ADFED245A6C
:1086200057EE055A9FED235A26EE076A05EE875A44
:10863000DFED215A55EE075A45EE876A86EE267A17
:1086400047EE007A71E717EE103A37EE075A23F437
:108650007F6323F00F0306EE903A46EEE67A37EE9C
:10866000267A76EEA66A87EE876A9FED077ADFEDB7
:10867000157A77EEE66A36EE066A37EE467A15EE3A
:10868000257A37EE667AA8E72EBD3BB3DB0FC93FEC
:10869000CAF24971047F4F3A2EC69D3D08EF11384A
:1086A0004611243DA80A4E3E90B0A63EABAA2A3EF3
:1086B0006133303F2D57014039D119409999793FA5
:1086C0002EBD3B33DB0F493F10EE902AF0EE407A8F
:1086D00022F00041B1F1FF4F10B506D810EE100A9C
:1086E00020F00043B3F1FF4F04D977EEA07AB0EE4B
:1086F000670A10BDB2F17E5F03D1BDE8104000F003
:108700009FB9941704F0020444EAD0748BB9022C88
:1087100008D0032CEBD1DFED407A9FED407A77EE65
:10872000C77AE4E7DFED3E7A9FED3C7A77EE877A11
:10873000DDE739B9002802DADFED3A7AEDE7DFED5F
:108740003A7AF1E7B1F1FF4F2CD1B3F1FF4F1DD1D0
:10875000022CDFED327A0BD0032C10D0012C02D08A
:108760009FED327AE2E79FED327A77EE677ABEE7E5
:10877000B0EE087ADFED2D6A46EE877AB7E7B8EEFD
:10878000087ADFED2A6A56EE877AB0E7022CC9D064
:10879000032CC0D0012CDFED277A9FED277A47FE0E
:1087A000877AA4E7B3F1FF4FC4D05B1AB3F1F45F4B
:1087B0004FEAE35112DBDFED1C7A9FED207A77EE72
:1087C000C77A012C1AD0022C1FD0002C8FD09FED1D
:1087D0001C7A77EE877A9FED127AA0E7002A01DAF9
:1087E0003C3108DB87EEA00AB0EEC00A00F028F9A1
:1087F000F0EE407AE5E7DFED107AE2E717EE903A27
:1088000003F1004307EE903A71E79FED0D7A77EEA2
:10881000877A9FED037AA8E7DB0F49C06042A20D7B
:10882000DB0F4940DB0FC9BFDB0FC93FDB0F493FFF
:10883000DB0F49BF00000080000000002EBD3B336D
:108840002EBDBB3310EE102A22F00043B3F1FF4FD0
:1088500002D930EE000A70474FEAD27105D10029E3
:10886000DFED4D7A00FE270A70474C48824202DD58
:10887000002000F0C3B8002A05DA494A934202D921
:10888000002000F0ADB8474AF7EE005A934252D9A3
:10889000454A93424FEA810234D8444B1344D3ED06
:1088A000006A434B70EE666A1344C1F10102D3EDD6
:1088B000007A521A36EEE70A20EE007A9FED3D5A12
:1088C0009FED3D6A17EE056A9FED3C5A06EE075A8A
:1088D0009FED3B6A15EE076A9FED3A5A06EE075A7E
:1088E000B0EE406A05EE476AB0EE007A20EE065A16
:1088F00092BB36EE476AC5EE067A37EEC00A35EE11
:10890000C00A7047304BF0EE406A9FED307A134456
:10891000D3ED007A40EE077A9FED2D7AFDEEE77AEF
:1089200017EE902AF8EEE77A47EEC76A9FED297AAC
:1089300067EE877ABEE7B3F1505F0BD29FED267AE0
:1089400030EE077AB4EEE57AF1EE10FA02DD30EEA1
:10895000250A70470022AFE737EE467A12F17D0F05
:10896000B8BF643285EE076A77EEC67A77EEE67AAC
:1089700075EEE77A17EE903AB5BFDFED187A03EBA4
:10898000C25303EBC25300EE103ABCBF00EE103AE4
:1089900020EE270A704700BF000000001772B142A6
:1089A000B5F1CF421872B13E9115853FA41E020069
:1089B0009C1E02004CBB31330EEADD3555B38A38BC
:1089C000610B363BABAA2A3EAC1E02003BAAB83F65
:1089D0008071313FD1F71737CAF249710000800D1D
:1089E0009FED040A0028DFED047A40FE277A27EE87
:1089F000800A704700008000000080809FED040A1C
:108A00000028DFED047A40FE277A27EE800A7047BF
:108A1000FFFF7F7FFFFF7FFF08B52DED028BB0EEDC
:108A2000408A00F0E3F820B938EE080ABDEC028B6A
:108A300008BDDFED027A87EEA70AF7E70000000025
:108A400010EE102A22F00043B3F1A14F12D3B3F17C
:108A5000FF4F02D930EE000A7047002A9FED4F0AFF
:108A6000CBBFDFED4F7ADFED4F7A37EE800A37EE7E
:108A7000C00A70474C498B4211D8B3F1445F0BD206
:108A8000DFED4A7AB7EE007A70EE277AF4EEC77A15
:108A9000F1EE10FA00F381804FF0FF3315E0444906
:108AA000F0EEC07A8B424FD8A1F5D001B7EE007A34
:108AB0008B4241D877EEA76A002336EEC77AF0EEF4
:108AC000006A77EEA67A87EE270ADFED3A7A591C1C
:108AD0009FED396ADFED395A60EE006A26EEA67A1C
:108AE00007EE276ADFED367A46EE077A9FED356AA4
:108AF00007EE876ADFED347A46EE077A9FED336A38
:108B000007EE876ADFED327A57EE275ADFED317ACA
:108B100055EE877ADFED305A57EE875ADFED2F7A20
:108B200055EE877A67EE877A46EE267A67EE807A88
:108B30001FD130EE670A704777EEC76A012377EEE0
:108B4000877A86EEA70AC0E725498B420BD8F7EE55
:108B5000086A0223B7EE007A37EEE66A07EEA67AD5
:108B600086EE070AB1E7BFEE007A032387EE270AF5
:108B7000ABE71C49002A1C4801EB830100EB83038F
:108B800093ED007A77EEC77A77EEC07A91ED000A1E
:108B900030EE670AB8BFB1EE400A70476821A233D1
:108BA000DA0FC93FDA0FC9BFFFFFDF3ECAF24971D2
:108BB000FFFF973FD769853C59DA4B3D6BF16E3D1E
:108BC000356B883D6E2EBA3D2549123EABAAAA3EB2
:108BD00021A215BD95879D3D388EE33DCDCC4C3E01
:108BE000FFFF1B40C41E0200B41E020010EE103A2C
:108BF00033F000400DD0A0F50003B3F1FE4F0AD3CF
:108C0000421E074B9A4208D9A0F1FF4358425841EF
:108C1000704702207047042070470320704700BF50
:108C2000FEFF7F0070477047052103F020B9E8F789
:108C30006DBCE8F78BBC014640F2E73008B54FF455
:108C40007A72002300EBC1304914E7F7A3FEBDE8B8
:108C50000840FDF743BE2DE9F04706460D4617468E
:108C600098462BB34FF0000A98F8004093F8019013
:108C7000DB78A40004EB430498F802301C4444441D
:108C8000CA4509D339463046AC46D8F8042008F125
:108C90000803BDE8F047604714F8013B0AF1010AF8
:108CA000204648F82340E7F7EFFF01300444E7E7A8
:108CB0006FF01500BDE8F08770B500250246284624
:108CC000144614F8013B0BB9184609E098B18D42DF
:108CD00007D1702B04D0A3F140023A2A0BD8002010
:108CE00070BDA3F140063A2E05D853780135941C87
:108CF000002BE9D00020252B224608BF80F0010080
:108D0000DEE7F0B564230546042600200A2769B98A
:108D1000F0BD9A42B2FBF3F40CD2012B0AD048B951
:108D200003FB14220A24B3FBF4F3D2B2013EF0D1C8
:108D30002E70EDE7303405F8014BB2FBF3F403FB82
:108D40001422B3FBF7F301390130C9B2C0B2D2B279
:108D5000DBB2DCE7A0F13003DBB2092B02D8002044
:108D60000B707047A0F16103052B02D85738C3B2CE
:108D7000F5E7A0F14103052B01D83738F7E76FF08D
:108D800015007047F7B5054601F0010000EB5106EC
:108D90009E424FEA510703D90026304603B0F0BD8A
:108DA00058B128780DF10701FFF7D4FF0028F3DB55
:108DB0009DF80730013502F8013B01351744BA42EE
:108DC000EBD015F8010C0DF10701FFF7C3FF0028E8
:108DD000E2DB9DF807402401E4B2147015F8020BA1
:108DE000FFF7B8FF0028D7DB9DF807301C4402F8D6
:108DF000014BE4E7002070470FB407B504A951F810
:108E0000040B0191EAF74CF803B05DF804EB04B0F1
:108E10007047836800EBC101B3F5004F2CBF51F8D8
:108E2000220031F81200704700EBC1018068B0F5F4
:108E3000004F2CBF41F8223021F812307047012238
:108E400008B5FFF7E6FFD04008BD836800EBC1011D
:108E5000B3F5004F08D34B681AB143F001034B60E0
:108E6000704723F00103FAE74B881AB143F001037E
:108E70004B80704723F00103FAE753000122FFF70C
:108E8000D3BF8368B3F5004F34BF04230823C91A46
:108E9000081AC0087047B0F5004F34BF04230823F8
:108EA000481C0833A0EBD300B0FA80F0C0F11F00DB
:108EB00070472DE9F041174603220E460446FFF79E
:108EC000A8FF8642054607F104080AD10122E3689B
:108ED000BA4023EA0203E360002344F82830BDE8E7
:108EE000F081314602222046FFF793FF06462B46CB
:108EF00001460322204644F82850FFF795FF3346E9
:108F000029462046BDE8F0410222FFF78DBF70B52B
:108F10000D4686680446FFF792FFB6F5004F0146FE
:108F200001D3012809D03046FFF7B5FF2946024694
:108F30002046BDE87040FFF7BCBF70BD2DE9F0478B
:108F400005468068FFF7A7FF05EB800ADAF8109066
:108F500088460646B9F1000F1BD00327DAF8104007
:108F600028462146FFF76BFF404507D3324621468E
:108F70002846FFF79EFF2046BDE8F08703222146E2
:108F80002846FFF746FF013FCAF8100001D081458F
:108F9000E4D14FF0FF34EB680136B4401C40EAD016
:108FA00094FAA4F2B2FA82F2131D55F82340DEE7D8
:108FB0002DE9F04114460E460546FFF740FFA4EBAD
:108FC0000608371B0744424631462846FFF755FF3F
:108FD0003A4621462846FFF750FF434600222146E5
:108FE0002846FFF721FF21462846FFF728FF3B468A
:108FF000211800222846BDE8F041FFF715BF2DE9F2
:10900000F041164604460F46FFF719FF3146054664
:109010002046FFF714FF05442A4639462046FFF74D
:109020002CFF31462046FFF70AFF2B46311800225D
:109030002046BDE8F041FFF7F7BE2DE9F0410D46AF
:1090400086680446FFF7FBFEB6F5004F014601D3E4
:10905000012832D03046FFF71EFF04EB80010E6975
:1090600096B90122E36882401343E36002220D6156
:109070002B4629462046FFF7D7FE032229462046E5
:10908000BDE8F041FFF7D0BE022231462046FFF78F
:10909000C0FE0746034629462046FFF7C5FE0322C9
:1090A000334629462046FFF7BFFE39462B46204669
:1090B000FFF7BAFE02223146E1E7BDE8F081F8B5DC
:1090C0000C460546FFF7BBFE26180122314628460E
:1090D000FFF79FFEC3070CD431462846FFF717FF62
:1090E00021462846FFF7ABFE214622182846FFF707
:1090F00086FF002221462846FFF78BFE271A012211
:1091000039462846FFF785FE10EA020613D1394694
:109110002846FFF7FCFE214632462846FFF779FE37
:109120002246211A2846FFF76AFF21463246284682
:10913000FFF76FFE241A21462846BDE8F840FFF7E6
:109140007CBF38B571B1056800222846FFF799FE4B
:10915000044601462846FFF778FE2146BDE8384020
:10916000FFF7ADBF38BD70B5066809B9002070BD06
:10917000B368B3EBD10FF9D9B3F5004F34BF042373
:109180000823CC1D1C44E40821463046FFF7D6FED8
:1091900005460028EAD001463046FFF750FEA042BF
:1091A00009D92C44294630462246FFF701FF2146C3
:1091B0003046FFF742FF304601222946FFF745FEC1
:1091C000B368B3F5004F34BF0423082303EBC50392
:1091D0001844CCE72DE9F84306681446B26801F15B
:1091E000FF39B2F5004F34BF0423082319EA0109FF
:1091F0000F460BD0494239408B424F4628BF0B46A1
:10920000894654B900252846BDE8F8839942F8D824
:109210002146BDE8F843FFF7A6BFB2EBD40FF1D962
:10922000B2F5004F34BF04220822E11D3944C91AA7
:1092300011443046C908FFF781FE80460028E1D07E
:10924000B36809EBC005B3F5004F34BF042308230E
:109250001D4435447B1E1D44B5FBF7F57D43A5EB4E
:10926000090529463046FFF70CFE2C44073424F04C
:109270000704A41B804507464FEAE40408D20246CF
:1092800041463046FFF794FE41463046FFF7D5FE93
:1092900039463046FFF7D3FD3844844208D2394678
:1092A00030462246FFF784FE21463046FFF7C5FED2
:1092B000012239463046FFF7C8FDA4E7B2F5802FFA
:1092C0002CBF082304232DE9F0410026D21A8C1864
:1092D000CD1D25F0070524F00704641BE408056094
:1092E00021462046AC60EE60FFF7D5FD421D92009E
:1092F000013002F107074FEAD7073146A2F1100209
:1093000005F11000B8BF324607F0C2F83A463146C0
:109310002846FFF7B2FD3346324631462846FFF76E
:1093200083FDA4EB0708284631460122FFF78DFD97
:1093300042463946FFF7A1FD3B46324639462846AC
:10934000FFF772FD21462846FFF797FD4346324658
:1093500021462846FFF768FD214628460122FFF7EF
:1093600074FD3946BDE8F041FFF767BE038B13F08B
:10937000070305D10368002B0CBF002003207047B2
:10938000022B05D1408BB0FA80F040098000704775
:10939000012B05D10368002B0CBF0020052070476E
:1093A0000020704710B50C4600B111B96FF01500E0
:1093B00010BD081D00F096F80028F9D1A368032B12
:1093C000F6D9F3E72DE9F0410D4607461946281D69
:1093D00090461E4600F09AF8044638B1334642469D
:1093E00029463846A446BDE8F0416047BDE8F08113
:1093F00010B44FF02004EFF3118284F31288BFF30E
:109400006F8F41615DF8044B0121E9F77BBD38B5F1
:109410000C46054658B151B10B6843B14B6833B1A6
:109420001C22002107F034F800202C6138BD6FF0B9
:109430001500FBE770B505460E46FFF7B3FF041EA7
:1094400015DB4FF02003EFF3118283F31288BFF393
:109450006F8F4FF6FF716B8B2C8B8B4204F00704E0
:1094600007D182F31188BFF36F8F6FF00A04204693
:1094700070BD022C0CD101336B8382F31188BFF3D2
:109480006F8F0023224631462846FFF79BFFEEE709
:10949000062C14D8DFE804F004131313041A040094
:1094A000002333606B683BB9C5E90066ACB90221A3
:1094B0002846E9F727FDDAE71E606E60F6E782F3DB
:1094C0001188BFF36F8F6FF00404D0E782F3118827
:1094D000BFF36F8F6FF08504C9E782F31188BFF384
:1094E0006F8FC4E7034640B1426802F00302022ACC
:1094F00006D0032A04D0012A05D06FF0150070476A
:109500001A68002AF9D000209860704710B54268A8
:10951000034602F00302022A4FF00004816007D0E4
:10952000032A02D05C60002001E018685C6010BD76
:1095300018685C600028F6D0FDF764FCF3E70FB410
:1095400007B504A951F8040B0191E9F7A9FC03B090
:109550005DF804EB04B0704710B50369024613F0E0
:10956000080009D11368D4689C429BBF0120126A8D
:10957000E31AD31A0B6010BD00231846FAE713B59F
:1095800001A90446FFF7E8FF20B1019BE268013B17
:1095900013440193206A019BC01A013802B010BD28
:1095A00010B5044650182269236AD20702D5013B40
:1095B000184010BD984228BFC01AFAE710B50446FB
:1095C0000A46C168FFF7ECFF2369E06023F0080357
:1095D000236110BD38B50D46C2698B00016843F0A8
:1095E0000203044642F8213001682A46FFF7D8FFFB
:1095F000E3686168984208BF2369206008BF43F0B0
:1096000008032A46204608BF2361FFF7C9FF6060B0
:1096100038BD2DE9F74FC768C6699B4616F8273055
:10962000044603F00303022B884691464FF00003E3
:1096300006EB870A09D01360CBF80030236999073D
:1096400010D4002003B0BDE8F08F56F82710136047
:109650008908CBF80030F1D0FFF7B0FFE368A360D2
:109660000120EFE7A3695046984716F827300546D2
:10967000DA07E6D513F002031DD0B8F1000F03D0CE
:1096800041462046FFF7A6FF61682A462046FFF7BD
:1096900087FFD4E902319942606004D12A4620460E
:1096A000FFF77EFFA060A3682360E360236943F0B7
:1096B00008032361D4E7014620460193FFF77EFFAC
:1096C000E268A260B8F1000F04D02168E269019B52
:1096D00042F8213005EB0802CBF800202168204633
:1096E000FFF75EFF2369206043F00803236116F84B
:1096F00027306FF3000306F82730C9F800A0AFE762
:1097000070B504461546FFF74BFF2368834205D129
:109710002369216023F00803236170BDE269AB0077
:1097200043F0020342F8213061682A462046FFF7E1
:1097300037FF6060F1E738B5036904465B0706D57B
:10974000456AFFF71CFF85422CBF6562606238BD29
:1097500038B50D4604461C22002106F099FE002271
:10976000EB68A361AB6863612B68E3616B6862625D
:1097700023622A6923B1591E194208BF42F001022F
:109780002261012204F128000021BDE8384006F0E2
:10979000D0B92DE9F04F002587B00093036A044645
:1097A0008B420E469246A946039505953AD34FF053
:1097B0002003EFF3118B83F31288BFF36F8F059AA9
:1097C000D8462AB129462046FFF79AFF0023059381
:1097D00004A92046FFF7C0FE04990746B1422AD3E8
:1097E0002268E369204613F8221003EB820921F076
:1097F000030103F8221021683246FFF7D1FEE36827
:109800002060984212D0002788F31188BFF36F8F31
:10981000039929B162690AB1204690470023039356
:10982000002FC4D1484607B0BDE8F08F236943F04C
:1098300008032361E7E718B12046FFF7CBFEE3E713
:10984000009B5AEA03031AD0019106F0B3F801997C
:10985000A8B98BF31188BFF36F8F5246009B04F1B8
:109860002800FCF779FB4FF02003EFF3118883F316
:109870001288BFF36F8FB0FA80F77F09C4E72046E4
:1098800005AB03AA2568FFF7C4FE0746BCE770B521
:109890000446836908460D46984702464FF0200368
:1098A000EFF3118683F31288BFF36F8F2B78204676
:1098B00043F001032B706168FFF772FE6060204681
:1098C000FFF739FF86F31188BFF36F8F70BDF8B5CE
:1098D00004464FF02003EFF3118683F31288BFF3A1
:1098E0006F8F236913F0080FA36802D16268934257
:1098F00000D9226AD21AE1692AB986F31188BFF326
:109900006F8F002733E011F8232001EB830712F05B
:109910000300F2D0022803D151F82350AD0805D13D
:10992000D00712D43846A36998470546A1682A464D
:109930002046FFF735FE2946A0602046FFF73EFE91
:1099400086F31188BFF36F8FC3E742F0020201F87C
:109950002320A3693846A568984729460246204631
:10996000FFF71EFEA06086F31188BFF36F8F3846A5
:10997000F8BDF8B50446836908460D469847064683
:109980004FF02003EFF3118783F31288BFF36F8F3B
:109990002B786FF300032B7023699B0705D5E268D2
:1099A000E36903EB82039D421AD12B786FF34103E5
:1099B0002B70D4E90231994204D132462046FFF798
:1099C000EFFDA06031462046FFF7F8FD87F31188D0
:1099D000BFF36F8F04F12800BDE8F840FCF796BA9A
:1099E0002B6860F39F032B60F0E70269836812071E
:1099F00002D442689A4200D2026AD31A181E18BFD3
:109A000001207047704770B4066884890D0C16FAFF
:109A100081F105FB0411806A84682468A44670BC47
:109A200060470B6803F580330B60C0891A0CB0EBFC
:109A3000134F04BFA3EB02430B60704700F0B4BCAC
:109A40002DE9F04381460E4617461C46C36A89B08D
:109A50001D686D4205F020051CB9204609B0BDE81F
:109A6000F083AC42A04628BFA8466A46434631462A
:109A70004846FFF7C8FF0028F0D1424669463846FD
:109A800006F021FD20B9A4EB080446444744E3E76F
:109A90000120E3E7014610B507220446FF20E9F75D
:109AA00003F8E07110BD2DE9F0411C46C36A88B08F
:109AB0001D6807466D4205F020050E4668461146B2
:109AC0002A4606F0E5FC1CB9204608B0BDE8F08146
:109AD000AC42A04628BFA8466A46434631463846AF
:109AE000FFF7AEFF0028F0D1A4EB08044644EAE7F4
:109AF00038B5828903680D0C090C044602FB01315C
:109B0000806A2D0483689B68984750B9E26A2946A9
:109B10002046A3891279FFF7C6FF002818BF6FF00F
:109B2000050038BD0378012B81BF01F1FF31C91851
:109B30005B4219400846704770B50C46054608213F
:109B4000C06AFFF7EFFF072206462146FF20E8F72D
:109B5000ABFFE379834207D1AA896388901B8342D4
:109B60002CBF0020012070BD0020FCE738B5054661
:109B70000C46FFF7E1FFA0B1A08898B94FF6FF733C
:109B800022889A420DD10821E86AFFF7CBFF62884C
:109B9000AB899B1AB3FBF0F202FB1030B0FA80F0F5
:109BA000400938BD0020FCE7F7B504460D46C06A01
:109BB0000821FFF7B7FF0823074629682046FFF76B
:109BC00022FF0646002836D12B683B442B60A28931
:109BD00099B2D21B91422ED11A0C09BFE289A3F58A
:109BE000803102F1FF3203EB0241204608236A462E
:109BF0002960FFF708FFE8B9E36A1A796B4613F8A2
:109C0000011B8A420CD101300828F8D1636805E0B5
:109C10002B68BDF802201B0C1B0413442B600AE0C8
:109C200069462046FFF7A2FF0028F1D129462046C9
:109C3000E9F78EFA0646304603B0F0BD2DE9F04351
:109C4000074690461E4689B01BB9002009B0BDE802
:109C5000F0833C688389080C14FA81F100FB03143B
:109C6000FB6A1D686D4235400CD0B86A8368214696
:109C7000D3F804902B46C8470028E7D1761BE4D0E0
:109C80002C44A844202332464146684606F008FC8E
:109C9000FD6A0DEB06002A682979921B06F0F8FB95
:109CA000B86A2B688268214655686A46A847CDE79E
:109CB00010B50A46082341680446FFF7BFFF082194
:109CC0000246E06AFFF72EFF63681B1A63601046C6
:109CD00010BD4FF6FF7313B500220446ADF80030F7
:109CE0008DF8063083686846ADF80420ADF8023080
:109CF000FFF7D0FE69462046FFF7DAFF02B010BD3D
:109D00002DE9F04F082195B00446C06AFFF70AFF1D
:109D10000546636820461B0C1B0403A90393FFF749
:109D200080FEDDF80CB0A68906AA5E44761B0823E7
:109D3000314620460496FFF766FE021EC0F2A98057
:109D4000E36A06AA1979002312F8010B814240F058
:109D50008F800133082BF7D1A36862682B449A42A5
:109D60007ED259462046FFF7C3FE024691E0BDF879
:109D70001A30360C36041E44049608AA204604A95C
:109D8000DDF810A0FFF710FF0246002840F08180A8
:109D9000204608A9FFF7D0FE18B9019B9A45ECD1DF
:109DA000DAE7636805930AAA204605A9059EFFF72E
:109DB000FBFE024600286CD1BDF82820BDF82030FB
:109DC0009A4227D06268059B9A42ECD15645E4D16D
:109DD000BDF82430002BE0D0BDF822704FEA1A43C2
:109DE0001B041F44A36808A8ADF82230FFF752FEF9
:109DF000E36ABDF824901E68764206F02006B9F1A9
:109E0000000F0ED1204608A9FFF752FF0246002896
:109E1000C3D03EE020460AA9FFF78EFE0028D1D02D
:109E2000D4E74E45B04628BFC8460CAA434639463B
:109E30002046FFF7E8FD024658BB4346A1680CAA3E
:109E40002046FFF7FBFE41460246E06AFFF76AFE46
:109E5000A3680344A360E2B9A9EB08094744CEE72D
:109E60002046FFF736FF024600283FF47AAF10E0A5
:109E7000731B204606A90193FFF778FE00287FF4A4
:109E800076AF204604A9E9F763F9024600283FF4BB
:109E900074AF104615B0BDE8F08F00231A46E9F7FD
:109EA0002FBB13B500240094E9F702FC02B010BDEB
:109EB0000A46012100F078BA0369D3F8B00370476D
:109EC0006FF085007047084608B5114618B105F0D7
:109ED00023FA002008BD6FF00100FBE7084608B533
:109EE000114618B105F010FA002008BD6FF001000E
:109EF000FBE713B504460846216901F56B71D1E80B
:109F0000AF1F022909D15BB168B100931346D0E9B4
:109F10000912FBF74FFA02B010BD6FF00F00FAE71D
:109F20006FF04C00F7E76FF00100F4E72DE9F8431C
:109F30001C46DDE90853164698460F46006939B3BA
:109F40004AB344B36A1C43F10003022A73F10003CD
:109F500024D2226842B1D0F8B0339A4204D96FF0CB
:109F60000B002360BDE8F88305EA080909F1010345
:109F70005A425A412146384605F0D7F988B9B8F116
:109F8000FF3F08BFB5F1FF3FF0D06FF06800E9E791
:109F90006FF00100E6E76FF01500E3E76FF0850072
:109FA000E0E730600020DDE705F003BA38B50D4684
:109FB000044600F140012846E6F754FE30B1284639
:109FC00004F1B001E6F74EFE20B90120702303FB37
:109FD000004038BD0020FCE702F52C7102F530701E
:109FE00005F05ABED0F8F830A0F52C70003B18BF31
:109FF000012300EB8300D0F89C0205F037B9CB6851
:10A0000033B1C86883681B6813B100220969184717
:10A010007047FBF791BED0E8EF3FC0E8E21F002A8F
:10A02000F9D1704710B5436804691B68C4F8A833B8
:10A0300004F5D87005F0DFFC002104F56B70FFF724
:10A04000EAFF084610BD2DE9F34117460D4679B3E6
:10A050000B786BB3D0F8B040A4F5CE7814344FF041
:10A06000FF324FF0FF332046FBF7A2FE2A46404660
:10A0700001A9E9F76DFC019E2EB9204602B0BDE8AA
:10A08000F041FFF7C6BF58B12046FFF7C2FF3B467D
:10A090002A463146404602B0BDE8F041E9F736BCF9
:10A0A0002022294606F1400006F02FFA3766E4E741
:10A0B00002B0BDE8F081030103EB4003093323F054
:10A0C000030303EBC00348430330083320F00300CD
:10A0D0001844400070472DE9F84306464FF0010947
:10A0E0000569D0F8048005F56B77D7E8EF3F022BC0
:10A0F00003D1C7E8E29F002AF7D141D195F8643037
:10A10000002B40D195F8D430002B3CD12846D5F80F
:10A11000A81300F054F8044680BB7168366948699A
:10A1200083681B6943B3224689699847044628BB64
:10A1300006F5307649463046FCF748F8304605F5D6
:10A14000E476ECF713FC3046D8F8001000F074F811
:10A15000044698B90146E822304606F099F92146AE
:10A160004FF4E272284606F093F921463846FFF78D
:10A1700052FF2046BDE8F8836FF057040221F5E74F
:10A180006FF07704F5E76FF00F04F2E710B50846BB
:10A19000029B114652B993F864202AB9012218464D
:10A1A00083F86420E9F7C0FC002010BD9A6E546863
:10A1B000002CF9D0DA6EA047F6E705F0FAB838B50A
:10A1C0000D46044660B1E03005F01FFB0DB10020E4
:10A1D00038BDC4F89C51C4F8A051C4F8A451F6E7A6
:10A1E0006FF01500F4E70268D2F8E03013B1D2F84E
:10A1F000DC10184770477047836913B9D0F888306E
:10A2000019707047012070478369012B04D1D0F881
:10A2100088301878C0B270470420704738B5C41D24
:10A22000E400204606F009F9054618B1224600214F
:10A2300006F02EF9284638BD38B5044630220021F4
:10A2400006F026F91822002104F1BC0006F020F9DE
:10A250001822002104F1A40006F01AF9D4F8D8005D
:10A26000FBF75AF8D4F8D400FBF756F8002304F1B2
:10A270003400C4F8A03004F079FDFAF7B7FFE36EBC
:10A2800004F140050BB128469847382200212846A2
:10A2900006F0FEF8002038BD03785B075FBF036857
:10A2A0004288C3F34A2303EB12105DBF173020F03E
:10A2B00007008008002070470020704704F04DBB65
:10A2C0000346D3E8EF0F421CC3E8E12F0029F8D181
:10A2D00070470120E9F7D8BE0020704770B5D2E979
:10A2E00001369B1B8B420C4615460AD313680A465F
:10A2F0000146981906F0A5F82046AB682344AB60E8
:10A3000070BD6FF01B00FBE770B50E461546194691
:10A310000446120D18B9BDE87040E9F7B5BE2BB17F
:10A320001030C5F34A23184406F08BF8C4E90056F0
:10A330002046BDE87040EAF72FB82DE9F3415F1CD5
:10A340004FEA8708064608F1170020F0070080084A
:10A350000C461546E9F7FAFE00238DF80470ADF8B7
:10A3600005308DF8073068B10346019AA8F1040161
:10A3700043F8102F2A46294452F8045B8A4243F8D6
:10A38000045FF9D100233146A20102F4E07242EAEF
:10A39000482222F07F4222F4700222F03F0202B0F3
:10A3A000BDE8F041FFF7B0BF07B50123019201AA54
:10A3B000FFF7C3FF03B05DF804FB07B5CDE9002349
:10A3C00002236A46FFF7B9FF03B05DF804FB1FB52F
:10A3D000CDE90123069B01AA03930323FFF7ADFFF9
:10A3E00005B05DF804FBF8B506460D4614461F4659
:10A3F000214628463A46B047241A0544F8D1F8BD0C
:10A4000010B542680446D2E9002381680068FFF76E
:10A41000EAFF002263681A6010BD38B54B68054634
:10A420001A68CB680C469A4202D10846FFF7E8FF4B
:10A430006368D3E8EF2F511CC3E8E01F0028F8D170
:10A44000A36800209D5438BD0A2838B504460D463F
:10A4500002D10D20FFF7E1FF29462046FFF7DDFF7F
:10A46000002038BD436800201B685B689961704715
:10A4700043681B681A68526853607047012143683B
:10A480001B685A6811771868FFF7BABF43681B68E2
:10A490001868EAF7E3B970B543680C461D686B6845
:10A4A0009869E9F7CDFD214603460F222868BDE8EB
:10A4B00070401847704770B54C680368A34201D2DA
:10A4C000012070BD8A682244934201D30020F8E73E
:10A4D0004E69D1E90325B54203D36FF00B038B61BD
:10A4E000F4E71B1B42F835304368086902EBC002F1
:10A4F00053600B6901330B61E2E72DE9FF41D1F8AD
:10A500000C80054640461F460C461646E6F7BCFB47
:10A51000BDF8283080B2CDE90180009332463B4639
:10A520002146284603F016F904B0BDE8F08100206A
:10A53000EAF78EBA00221146EAF750BA034610B580
:10A5400008460AB10021116053B1D0B1411E11F883
:10A55000010F80B113F8014BA04201D13D28F6D183
:10A5600000200EE0013313600AE03D2808D0B0FA65
:10A5700080F0400905E018782F28F6D1002AF1D1A3
:10A58000012010BD10B509B100230B6058B103467E
:10A590001A781C4601332AB13D2A03D02F2AF7D15D
:10A5A00001B10B60201A10BD0830704710B513467A
:10A5B00014460A4681880068FFF773FCA042A8BFD2
:10A5C000204610BD2DE9F04F97B004469A468946C3
:10A5D000019200297CD0DAB1BAFA8AF67609258F81
:10A5E00004F1080B0135ADB2A8466F1EBFB2B7F536
:10A5F000004F26D04A233946584603AAFFF751FC9C
:10A60000002807DA10F1020F08BFB8463D46ECE714
:10A610000126E4E700F158030DEB0300002303A932
:10A6200000F84C3C4846E6F71DFB0028EED126B367
:10A6300039465846FFF731FC002805DA17B0BDE867
:10A64000F08FBEB30020F9E705F57F513F31584642
:10A6500089B2FFF722FC0028F0DB238FBB42F1D147
:10A660002246013B22F8383F4FF40041022358466E
:10A67000E8F746FF00EAE070E0E7B846B8F5404F7B
:10A6800029D0238F04F10805434515D308F58041EF
:10A6900053462846019A89B2E8F732FF0028CDDBFD
:10A6A000002ECFD04846E6F7EFFA4A460346414629
:10A6B0002846DDE70126E1E7224602234FF4004168
:10A6C000284622F8388FE8F71BFF0028DEDAB5E7C6
:10A6D0006FF01500B2E76FF00B00AFE773B5C36B17
:10A6E00004460363C3B100F108063046E8F762FD93
:10A6F000054670B902234FF4004130460DF10602C1
:10A70000FFF7CFFB0028B4BF4FF40043BDF806307D
:10A710002387284602B070BD6FF01205F9E70246A4
:10A72000F0B500200125884200D1F0BD546805FA3B
:10A7300000F3D4E8EF6F46EA0307C4E8EC7FBCF10E
:10A74000000FF6D13342F0D00130ECE70A46012188
:10A75000FFF72ABE01234A0901F01F018B40DB43AA
:10A7600000EB8200D0E8EF2F1A40C0E8E12F00296B
:10A77000F8D17047FBF71CBBFBF7DEBA38B50D46C6
:10A7800004464FF0FF3280694FF0FF33FFF7F2FFCE
:10A7900004EBC50045681DB9A069FFF7EDFF284629
:10A7A00038BD0368994205D08368994202D0036995
:10A7B000994202D18069FFF7DFBF7047C368012962
:10A7C0009B6B02D123B1002018470BB10120FBE79E
:10A7D0007047C36801291B6B02D123B100201847C1
:10A7E0000BB10120FBE77047C36801291B6B02D145
:10A7F00023B1002018470BB10120FBE770471FB5BC
:10A8000004240294CC680194BDF81840009402F02E
:10A81000A1FF04B010BD30B5CC6885B0A588029505
:10A8200024680194BDF82040009402F093FF05B025
:10A8300030BD10B5CC6886B024788DF81440012462
:10A840008DF815400224029405AC0194BDF8204017
:10A85000009402F07FFF06B010BD10B5CC6886B042
:10A8600024788DF8144002248DF81540029405AC2C
:10A870000194BDF82040009402F06CFF06B010BDBA
:10A8800010B5CC6886B024788DF8144003248DF878
:10A8900015400224029405AC0194BDF820400094B8
:10A8A00002F058FF06B010BD70B51C46BDF8103060
:10A8B0001546CE6893B9012C13D8107820B1012821
:10A8C00002D06FF0050070BD736803B1984722464F
:10A8D0002946304605F0B5FD2046F4E76FF0060046
:10A8E000F1E76FF00C00EEE70A460221FFF75CBDCE
:10A8F0002DE9FF47CD680646A5F5E0750F460146F0
:10A90000D5F84C0290469946BDF830A0EAF77AFC9B
:10A91000044620B904B0BDE8F047EAF747BE082373
:10A920000293431C42463946CDE900A330464B46CC
:10A9300002F010FF06462146D5F84C02FFF731FF22
:10A94000304604B0BDE8F0872DE9FF47CD680646E4
:10A95000A5F50E750F460146D5F84C02904699466E
:10A96000BDF830A0EAF74EFC044620B904B0BDE8BB
:10A97000F047EAF71BBE01234246CDE90103394601
:10A980004B463046CDF800A002F0E4FE06462146D4
:10A99000D5F84C02FFF705FF304604B0BDE8F0875C
:10A9A0002DE9FF47CD680646A5F5FA750F46014625
:10A9B000D5F84C0290469946BDF830A0EAF722FC43
:10A9C000044620B904B0BDE8F047EAF7EFBD08231C
:10A9D000029300F1090342463946CDE900A330460F
:10A9E0004B4602F0B7FE06462146D5F84C02FFF76B
:10A9F000D8FE304604B0BDE8F08770B40D4611466D
:10AA00001A46034688B9284670BC05F01ABDE0080E
:10AA1000185C04F00706F040C00744BF085D2855E5
:10AA200001349442F3D370BC70470024F9E738B581
:10AA30000D46AB4211461C4604D81A4605F001FDEE
:10AA4000204638BD0024FBE705F022BDC30903EB17
:10AA5000430303EBC30383EA4000C0B27047CB78E3
:10AA60000278534003704B884278534043700A6821
:10AA7000837883EA122383700A68C3785340C370D3
:10AA8000CB79027953400371CB88427953404371AB
:10AA90004A68837983EA122383714A68C3795340F1
:10AAA000C371CB7A027A53400372427A4B89534086
:10AAB00043728A68837A83EA122383728A68C37A2C
:10AAC0005340C372CB7B027B53400373CB89427BE1
:10AAD00053404373CA68837B83EA12238373CA6833
:10AAE000C37B5340C37370471FB50278C37A8DF898
:10AAF000002042798DF80120827A8DF80220C27BF5
:10AB00008DF8032002798DF80420427A8DF8052013
:10AB1000827B8DF80620C2788DF80720027A8DF8A6
:10AB20000820427B8DF8092082788DF80A20C279AE
:10AB30008DF80B20027B8DF80C2042788DF80D20CB
:10AB400082798DF80E208DF80F3010236A46194651
:10AB5000FFF76DFF05B05DF804FBF8B50646087811
:10AB60000C46FFF773FF05466078FFF76FFFA2788A
:10AB700063785340E27853405D40684030706078BD
:10AB80002778FFF763FF0546A078FFF75FFFA378FC
:10AB90005F40E3785F407D4068407070637827785D
:10ABA000A0785F40FFF752FF0546E078FFF74EFFC1
:10ABB000E3785F407D406840B0702078FFF746FF43
:10ABC000627823785340A278534080EA0305E07806
:10ABD000FFF73CFFEDB24540F570F8BD70B5144687
:10ABE000054688B0002849D0002949D0002A49D01C
:10ABF00010230A4668461946FFF719FF21466846A2
:10AC0000FFF72DFF103401F1A0066846EBF7E0F8DE
:10AC10006846FFF769FF694604A8FFF79EFF01A990
:10AC200005A8FFF79AFF02A906A8FFF796FF03A958
:10AC300007A8FFF792FF1023684619460DEB0302A1
:10AC4000FFF7F5FE214668461034FFF708FFB442CF
:10AC5000DBD1EBF7BDF86846FFF746FF21466846B3
:10AC6000FFF7FDFE10236A4619462846FFF7DFFE70
:10AC7000684610220021FFF7E7FE012008B070BDF2
:10AC80000846FBE71046F9E70A4610B512F9103BF3
:10AC90000F30002BACBF0023872312F8014D83EA4D
:10ACA00044038A4200F8013902D01378DB09F4E743
:10ACB00010BD08B520B158220021FFF7C5FE0120C4
:10ACC00008BD10B5044688B110220021FFF7BCFE74
:10ACD000102204F130000021FFF7B6FE002300220D
:10ACE00063644FF480330120C4E9142310BD70B5B0
:10ACF00004460D46164610B311B358220021FFF743
:10AD0000A3FE29463046A664EBF76EF81022002118
:10AD10002046FFF799FE04F11005A26C214620465B
:10AD2000FFF75CFF21462846FFF7AEFF294604F1F6
:10AD30002000FFF7A9FF2046FFF7C3FF012070BDE9
:10AD40000846FCE72DE9F0410E461546044600286A
:10AD500060D0FAB100295DD0D0E9143253EA020183
:10AD600058D0013BD0F8448042F1FF32C0E91432A0
:10AD7000B8F1000F2CD0C8F1100708F13000BD4227
:10AD800020440AD22B4632462946FFF750FE636C18
:10AD90002B4463640120BDE8F0813B4632463946CE
:10ADA000FFF745FE0023103D636445443E44631EA7
:10ADB00004F10F0113F8012F93F830008B4282EA5F
:10ADC00000021A70F6D121462046A26CFFF706FF5A
:10ADD00004F10F07102D0AD8002DDBD02B46324688
:10ADE000294604F13000FFF722FE6564D2E7631EB6
:10ADF000711E13F8012F11F8010FBB4282EA000205
:10AE00001A70F6D121462046A26CFFF7E7FE1036F5
:10AE1000103DDFE70020BEE770B50C460546F0B1F7
:10AE200071B34A6C102A1BD11031631E013904F131
:10AE30000F0013F8012F93F83060984282EA06025F
:10AE400011F8016F82EA06021A70F2D12146A26C53
:10AE50002846FFF7C3FE2046FFF72BFF012070BDF9
:10AE600002F130000021C2F110022044FFF7ECFD96
:10AE70008022636C04F12001234483F83020D4E75E
:10AE80000846ECE7F8B50C4610B1F9B10AB9012053
:10AE9000F8BD00278D1800F12806836E5A1C8266C3
:10AEA00014F8011B03443F2A83F828100BD93146BC
:10AEB000EAF7EEFFD0E9083213F5007342F1000221
:10AEC000C0E908328766A542E7D1E0E70846DFE738
:10AED000F8B50C460546002854D0002953D08B6E97
:10AEE000D1E90821D800121841F10001C4E9082174
:10AEF0008022581C38282344A0664FF0000783F8AE
:10AF0000282004F128060AD9C0F14002394630440D
:10AF1000FFF79AFD31462046EAF7BAFFA766A06E12
:10AF20000021C0F138023044FFF78EFD236A31461C
:10AF30001ABA636A62661A0A84F8633084F8622077
:10AF40001A0C1B0E84F86030204684F86120EAF762
:10AF50009FFF2B1D211F243551F8042F0433100EA1
:10AF600003F8080C100C03F8070C100A03F8060C81
:10AF700003F8052CAB42EFD1204670220021FFF7E9
:10AF800063FD0120F8BD0846FCE770B51446054690
:10AF9000431E8818884212D1402CC4F1400688BF55
:10AFA000002604F1400032465C21284405F070FA86
:10AFB000324628193621BDE8704005F069BA0A7892
:10AFC00082F0360203F8012F11F8012B82F05C02A7
:10AFD00083F84020DEE7F0B50E4614460546CDB0B6
:10AFE000B8B141B34AB3402A00F1700713D810A892
:10AFF000EBF730F82246694610A8FFF743FF10A987
:10B0000034A8FFF765FF224631463846FFF7BDFFFB
:10B0100001204DB0F0BDEBF71DF82246314605F199
:10B0200090042846FFF72EFF29462046FFF750FFE1
:10B0300020222146E9E70846EBE71046E9E710B58C
:10B04000044640B1EBF706F84022204604F17001B7
:10B05000FFF718FF012010BD08B510B1FFF712FF70
:10B06000012008BD70B50E4614460546F0B12029F2
:10B070001CD1EAB11146FFF72BFF2046EAF7EAFFA1
:10B08000402204F1B0012046FFF7FCFE324629467B
:10B090002046FFF7F7FE21462846FFF719FF204616
:10B0A000F0220021FFF7D0FC012070BD0020FCE75A
:10B0B0001046FAE72DE9F74F04464FF0010B1F4603
:10B0C0000023884600F1F0063146914620228DF893
:10B0D0000630DDF830A08DF807B004F58875FFF76D
:10B0E0007AFF2046FFF7ABFF202229462046FFF7D4
:10B0F000B3FF5A4620460DF10601FFF7ADFFB8F148
:10B10000000F07D0B9F1000F04D04A46414620464F
:10B11000FFF7A2FF3FB1BAF1000F04D05246394603
:10B120002046FFF799FF224620213046FFF79AFF7D
:10B13000202231462046FFF74EFF2046FFF77FFFD3
:10B14000202229462046FFF787FF22462021284655
:10B15000FFF788FFB8F1000F3AD0B9F1000F37D0F0
:10B16000202231462046FFF736FF2046FFF767FFD3
:10B17000202229462046FFF76FFF01220DF107012B
:10B180002046FFF769FF4A4641462046FFF764FF25
:10B190003FB1BAF1000F04D0524639462046FFF7BE
:10B1A0005BFF224620213046FFF75CFF202231461C
:10B1B0002046FFF710FF2046FFF741FF20222946D7
:10B1C0002046FFF749FF224620212846FFF74AFF85
:10B1D00003B0BDE8F08FF7B50C4617460546B0B191
:10B1E000B9B1002620220021F030FFF72DFC2022EB
:10B1F000012105F58870FFF727FC284633463A46BB
:10B2000021460096FFF756FF0120C5F8306103B0D4
:10B21000F0BD0846FBE7F7B5089C054680B179B15B
:10B220001F2A0DD953B16CB10094FFF743FF4FF0C3
:10B23000FF330120C5F8303103B0F0BD0093F4E7CF
:10B240000020F9E72046F7E72DE9F7430D461446BD
:10B250008046D8B3D2B34B1EB3F5002F36D2D2F806
:10B260003031ABB3013BC2F8303102F1F00902F5E5
:10B270008877202249462046FFF7ADFE2046FFF79B
:10B28000DEFE202239462046FFF7E6FE2246202138
:10B290003846FFF7E7FE202D2E4628BF20264046E1
:10B2A00033463A463146FFF7C2FB202D38BF2025F2
:10B2B000203DB044DDD120462B462A462946009544
:10B2C000FFF7F8FE012003B0BDE8F0830020FAE7A5
:10B2D0004FF0FF30F7E7002008B5E7F721FF014600
:10B2E0000068EAF7E1BF08B5EBF760F8BDE8084091
:10B2F000EBF78EB80A460121FFF756B8002101206E
:10B30000EAF7D2BF436E83F30B88704740E800F33F
:10B3100013F4803FD8B208BF6FF01500704730B506
:10B320000C684B6885B00A894D890094013B24F074
:10B330001F04234402F01F0242EA451223F01F03B8
:10B3400069468DF808200393EBF712FD05B030BD78
:10B3500008B5D1E904319847002008BD08B5EBF7DE
:10B36000CDFE002008BD30B50546B1F8032087B0FA
:10B370004B79ADF808200C460D2200210DF10B0091
:10B380008DF80A3005F084F802AA1146284600F02C
:10B390008FFC10B1002007B030BD029B0322ADF836
:10B3A000043020461B0C01A98DF8063005F08BF8FF
:10B3B000B0FA80F04009EEE770B50D460021044672
:10B3C000FFF7E0F80D2818D1237B302B13D0312B59
:10B3D00013D1012305F8063B04F10C062A4620464A
:10B3E000012302210234FDF7CDFCB44205F1FF3503
:10B3F000F4D1002070BD0023ECE76FF01500F9E7F1
:10B400000020704710B50C46017822788AB08A4235
:10B410000FD06946ECF792FA204605A9ECF78EFAB0
:10B4200010220DF115010DF1010005F04CF80AB0E4
:10B4300010BD012A06D0022A07D072B9408863885D
:10B44000C01AF4E740686368FAE71022611C013013
:10B450000AB0BDE8104005F036B86FF01500E6E719
:10B46000042A0AD0102A0DD0022A4FF0000315D169
:10B4700003700B88438001207047012303700B6821
:10B480004360F8E7022300F8013B01F1100351F893
:10B49000042B994240F8042BF9D1ECE71846704789
:10B4A000012310B50621044600F8013BEEF75EFECD
:10B4B00018B9A37963F03F03A37110BD0B68036053
:10B4C0008B8883808B798371037823F00203037068
:10B4D00070470078C0F3400070470F2807D80D2848
:10B4E0000BD8052808BF032018BF02207047132877
:10B4F00003D01A2808BF0120F6E701207047D0F8D2
:10B50000B83083B15A7BD1070DD5D2060DD51B7B40
:10B51000102B14BF032304234372807A98428CBFFC
:10B520000020012070470223F6E70323F4E7704769
:10B53000FEF73ABF034610B5D3E8EF0F40EA010229
:10B54000C3E8E42F002CF7D110BDFEF736BF0B681F
:10B5500003608B8883808B79837170470B680360ED
:10B560008B8883807047D0E8EF3F0B40C0E8E23F14
:10B57000002AF8D17047C0F30723537000231070DE
:10B58000000C9070000AD070C1F30720090E1371EF
:10B5900050719371D171704770B506460D4640F2F7
:10B5A00006400321ECF722FE044668B103210C306B
:10B5B00002F0C9FE068085702146BDE87040002279
:10B5C00040F20640ECF74CBE6FF0680070BDF8B575
:10B5D00007460E4642F2220006211546ECF706FE0B
:10B5E000044678B106210C3002F0ADFE3B8846805F
:10B5F000038085802146BDE8F840002242F2220007
:10B60000ECF72EBE6FF06800F8BD2DE9F0478146DB
:10B61000884642F23200072117461E469DF820A0B8
:10B62000ECF7E4FD0546A0B107210C3002F08BFEDB
:10B63000B9F8003080F802800380C7700671A0F866
:10B6400005A02946BDE8F047002242F23200ECF79F
:10B6500007BE6FF06800BDE8F087C068ECF7FABF7E
:10B6600010B503884288934219D8052B17D9B2F533
:10B67000486F14D88388B3F5FA7F10D240F6764429
:10B68000C088A0F10A0189B2A14208D801339BB257
:10B690005343B3EB800F34BF0120002010BD0020C6
:10B6A000FCE770B506460D4642F221000321ECF797
:10B6B0009DFD044618B9BDE87040ECF791BA03212E
:10B6C0000C3002F040FE068085702146BDE87040D7
:10B6D00042F22100EDF7C0B840F2C230704708B521
:10B6E000F5F7C6FB18B1C089003818BF012008BDA6
:10B6F000D0E8AF0F7047072208B504F0E4FEB0FAB7
:10B7000080F0400908BDFEF74FBE0B6803608B88D0
:10B71000838070470B6803608B8883808B7983718B
:10B7200070470128F8B50F46144626D8272142F263
:10B730002700ECF75BFD054610B327210C3002F023
:10B7400002FE224606463946FFF7E4FFC31D04F118
:10B75000100152F8040B8A4243F8040BF9D110226D
:10B76000002106F1170004F093FE2946BDE8F840D9
:10B77000002242F22700ECF773BD6FF01500F8BD10
:10B780006FF06800FBE7037A02465B0705D50146C8
:10B790002A3211F8010BFFF7C4BF704738B50121F9
:10B7A000054642F22D00ECF721FD044658B129462A
:10B7B0000C3002F0D7FD2146BDE83840002242F2AD
:10B7C0002D00ECF74DBD6FF0680038BD10B400F1EE
:10B7D0001003D3E8EF2F22F40041C3E8E41F002C4C
:10B7E000F7D1130404D501215DF8044B00F000BA31
:10B7F0005DF8044B70472DE9F041D1F80480044610
:10B800000D4686B0B8F1000F1DD1037A5B071AD53B
:10B810000E68411C701CFFF76EFF2A361622414647
:10B820000746684604F034FE10226946304604F0AC
:10B830004AFE30B11022304604F12A0104F043FEE2
:10B8400000B107B16C6006B0BDE8F08100F11002F4
:10B8500008B503461046FFF74BFF01060DD5D2E8A9
:10B86000EF0F40F40040C2E8E10F0029F7D118467D
:10B87000BDE80840002100F0BBB908BD08B500F1E3
:10B8800010031846FFF734FF020606D51846FFF7E7
:10B890002FFF430644BF01230B7008BD012810B5DC
:10B8A0000C4606D819B1F5F7A3FA00B1441C20469E
:10B8B00010BD0024FBE770B50D460446C0B3B9B314
:10B8C00000F110021046FFF713FF83070ED4E01CAF
:10B8D000FFF71BFF0123A370D2E8EF3F43F00803FB
:10B8E000C2E8E13F0029F7D1002070BD072142F2F4
:10B8F0003500ECF77BFC0646E8B107210C3002F07E
:10B9000022FD6378294600F8013BFFF7FEFE002286
:10B91000314642F23500ECF7A3FC0028E5D1E01CEB
:10B92000854202D02946FFF7F0FE0123A370DBE732
:10B930006FF01500D9E76FF06800D6E713B504463D
:10B9400080B106216846EEF711FC48B99DF8053034
:10B95000694603F03F0320468DF80530FFF7ABFF43
:10B9600002B010BD6FF01500FAE71030D0E8EF3FDD
:10B9700023F01003C0E8E23F002AF7D17047037AB2
:10B98000D90704D523F001030372EDF74FBC9907E3
:10B9900004D523F002030372EDF764BC7047002066
:10B9A0007047034610F4004F0CBF07200620DA034F
:10B9B00048BF00F005009B0348BF00F0FB00704744
:10B9C000D0E8AF0F084100F001007047034610B502
:10B9D000D3E8EF0F00EA0102C3E8E42F002CF7D10F
:10B9E00010BD0B6803608B8883808B7983717047EF
:10B9F000012310B403FA01F104464AB1D4E8EF3F41
:10BA00000B43C4E8E23F002AF8D15DF8044B7047CD
:10BA1000C9435DF8044BFFF7D9BF01238B40D0E841
:10BA2000EF2F1A43C0E8E12F0029F8D170472DE924
:10BA3000F04F87B09DF84C4007460E4692460021D5
:10BA4000102202A81D469DF844B09DF8488004F0DD
:10BA50001FFD44BBBBF1000F02D0B8F1000F15D1A0
:10BA6000CDE9026A012342F23701384602AAEDF716
:10BA700093FD40B9B8F1000F2AD107F1100002215F
:10BA8000FFF7CBFF002007B0BDE8F08F109B0295B9
:10BA90000393012342F23801384602AAEDF77CFDF8
:10BAA0000028EAD0EFE7EDF7FFF9814626BB7DBB22
:10BAB0004846E5F7E9F809228DF801008DF80020E5
:10BAC000CDF80490BBF1000F24D0B8F1000F21D0C5
:10BAD000109B022C02950393DBD10123CDF810D0EB
:10BAE00005932346D6E716F83210083901291AD9EA
:10BAF00001329245F7D1DAE70022FAE715F8321061
:10BB0000083901290FD90132109B9342F6D1CFE7B2
:10BB10000022F9E7012CCDE9026AA3D10223CDF876
:10BB200010D005949FE76FF01500ACE708B500F161
:10BB3000100309211846FFF743FF28B91846BDE84E
:10BB400008400821FFF73CBF022008BD436813F0FE
:10BB500008000AD05A0307D403F4C063B3F5806F1A
:10BB600014BF022001207047012070472DE9F041E9
:10BB700080460F4642F23900062186B01446ECF7A3
:10BB800035FB064688B300F10C0537B30121284682
:10BB900002F0E8FB0121284602F0E4FB284698F871
:10BBA000011002F0DFFBD4B12188284602F0E2FB4D
:10BBB000A178284602F0D6FB304608F1100203A90E
:10BBC00007230097ECF700FB0022314642F23900D0
:10BBD000ECF746FB06B0BDE8F0813946D7E72146D1
:10BBE000284602F0C7FB2146E3E76FF06800F1E763
:10BBF0000022FFF7BBBF203004F08FB838B50446F1
:10BC000004F11005FFF7F7FF6FF480412846FFF7B6
:10BC1000DDFE07212846FFF7D3FED8B16FF04001C3
:10BC20002846FFF7D3FE430604D52046FFF79DFEC6
:10BC3000EDF7D6FA0A212846FFF7C2FE18B1002117
:10BC40002046EDF795FE00222046BDE8384011461B
:10BC5000FFF78CBF38BD2DE9F043984600F1100383
:10BC600085B004460F4618460C21DDF83090FFF7EA
:10BC7000A7FE0B2105461846FFF7A2FE064645B172
:10BC800028B9B9F1000F04D06FF085000DE0002A4B
:10BC9000FAD12046FFF74AFF4346CDE90260394614
:10BCA0002046CDE90095FFF7C2FE05B0BDE8F08360
:10BCB000F0B50D461446B1B070B369B362B36E46C9
:10BCC0003246374600F1100313F8011D834202F893
:10BCD000011BF9D1314604A8EAF786F8E0B105F175
:10BCE000100313F8012DAB4206F8012BF9D13946A8
:10BCF000204604AAFEF772FF70B1631E04F1100221
:10BD0000073413F8011F12F8010D9C4218701170CE
:10BD1000F7D1002031B0F0BD6FF01500FAE7002236
:10BD200003680BB9184670478B4210D10B6842B9B3
:10BD300042680360914200D14360002301200B6000
:10BD4000704713604368994208BF4260F5E71A469E
:10BD50001B68E6E7034610B5D3E8EF0F00EA0102DF
:10BD6000C3E8E42F002CF7D110BD2838EEF75EBBF6
:10BD700010B50446006918B1F5F7B8FA002323613D
:10BD800010BD2DE9F0410446002704F138060023D8
:10BD90000022304602F070FA034650B92046FFF701
:10BDA000E7FF04F158000022BDE8F0410023FAF754
:10BDB000A9BA9D699F61F5F799FA002DE7D0294648
:10BDC0002046EEF763FBE0E710B500F1BC02D2E8D5
:10BDD000AF3F5BB1591CD2E8EF4F9C4204D1C2E89F
:10BDE000EC1FBCF1000FF6D1F1D110BD1846FCE7F5
:10BDF00000F1BC03D3E8EF2F013AC3E8E12F00299B
:10BE0000F8D140F201124188914204D1D3E8AF3F0A
:10BE10000BB9EDF73BBF70472DE9F84307460E46D7
:10BE2000904600244FF0C009B44203D100231846C5
:10BE3000BDE8F88309FB0470FFF7C6FF034658B15D
:10BE4000457B012D02D0073D012D03D81A884245BC
:10BE5000EDD01846FFF7CCFF0134E5E710B50446F6
:10BE6000EFF7F0FC2046BDE81040EEF7C1BA10B580
:10BE7000437B0446023B062B16D8DFE803F004158B
:10BE80001515090B0900017300212046EEF748FD46
:10BE9000002010BD0088FFF77FFB0028F9D1637BED
:10BEA000072BF5D10821F0E76FF07F00F1E710B51F
:10BEB0000446D0F8B80028B9207A04F18801F4F7D4
:10BEC000D7FF38B1E278C3892AB913F0210F14BF24
:10BED0000120002010BD13F0240FF8E70346C07ABC
:10BEE00018B1D3F8B80000B1007B704738B5437B78
:10BEF0000446072B22D10B0601F07F050FD5031D49
:10BF0000D3E8EF1F41F40061C3E8E21F002AF7D134
:10BF10002046A572F4F77EF968B9002038BD437A4F
:10BF2000AB42FAD2837AAB42F7D26FF400610430AD
:10BF3000FFF710FFECE7637AA372EFE76FF07F0083
:10BF4000ECE7407A704738B5037A04468B421546D1
:10BF500015D100F188010722284604F0B4FA80B117
:10BF6000E378072243B904F19601284604F0ABFABE
:10BF7000B0FA80F0400938BD04F18F01F5E70020E8
:10BF8000F9E70120F7E788307047F8B507460D4616
:10BF900042F213000E21ECF729F90646D0B10E212A
:10BFA0000C3002F0D0F904460E22002104F070FAA1
:10BFB0003B88314623802B88002263806B8842F2C5
:10BFC0001300A380AB88E380EB882381BDE8F840B1
:10BFD000ECF746B96FF06800F8BD10B5B0F89E20D8
:10BFE0000C880346944200F1040013D84C88944214
:10BFF00010D3B3F8A4408A8894420BD1B3F8A6407A
:10C00000CA88944206D16FF40071FFF7A3FE6FF067
:10C01000770010BDD0E8AF4FC4F3C012240604D59A
:10C02000BDE810401846EEF7BDBF0C88A3F8A0404D
:10C030004C88A3F8A2408C88A3F8A840C988A3F82C
:10C04000AA10D0E8EF3F43F40073C0E8E13F0029B5
:10C05000F7D11046DDE7136839B9416803608A42B9
:10C0600000D143600023136070470B6043689A421D
:10C0700008BF4160F6E70346002003B970471A8AFB
:10C080005B681044F9E738B50346006D0D4670B1A2
:10C090000021A0F1080494F8B400A84208D12AB104
:10C0A00004F1080203F15000FFF7D5FF204638BD28
:10C0B000A0680028FBD004F10801A0F10804EAE719
:10C0C000A1F140023F2A38B50B4613D8046D4CB19C
:10C0D0000021083CA58A04F108029D4204D1503099
:10C0E000FFF7B9FF204638BDA468002CFAD01146EE
:10C0F000083CEFE70024F5E7536810461B69184732
:10C100007047D0E8AF0F7047FEF74EB9B83003F074
:10C1100004BE014610B52C30FFF7F3FF58B10B6B8E
:10C120000BB98B6C3BB1BDE810400022002301F13C
:10C130005000FAF7E7B810BD034630B400F12C0206
:10C14000D2E8EF5F0D44C2E8E45F002CF8D103F1C0
:10C150001001D1E8EF2F42F00104C1E8E54F002DB6
:10C16000F7D1D20704D45B68DB690BB130BC184748
:10C1700030BC704710B5044654F8102B03462046D7
:10C18000FFF7BFFF400721D4052906D0082920D199
:10C19000527A012A20D8022107E0527A012AFAD9DC
:10C1A000022A11D0032A17D104211868FFF79EFE36
:10C1B000002808DBD4E8EF3F43F00403C4E8E23F83
:10C1C000002AF7D1002010BD0321EEE76FF07600C2
:10C1D000F9E76FF01500F6E76FF07700F3E710B4BA
:10C1E000036D0C467BB10021083B9C4203F1080221
:10C1F00004D15DF8044B5030FFF72DBF9B6813B19D
:10C200001146083BF1E75DF8044B704770B50446F2
:10C21000D0E9003523B16B6803B198470023236050
:10C22000002384F8B030A4F8B230E3680BB12046A4
:10C2300098472B6A1BB12046BDE87040184770BD77
:10C2400038B5006D30B150F8084904B1083CFFF72B
:10C25000DDFF04B938BDA5682DB12046083DFFF7C4
:10C26000D5FF2C46F7E72046BDE83840FFF7CEBFA4
:10C270000431EEF7ADBC2DE9F041144605460F46FA
:10C2800002F10C0004211E46DDF8188002F07CF853
:10C29000228A4780043A0280434632462146284695
:10C2A000BDE8F041EEF784BA2DE9F0410C6805468F
:10C2B00020469046FFF7DFFEEB8C08EB0007BB4201
:10C2C0000E4633DB238A1BB96368002B18BF1C465C
:10C2D000B8F1000F11D1022221462846EFF72EF9BE
:10C2E000002808DA10F10B0F04BFA369C3F800801F
:10C2F0003460BDE8F0811FFA80F8B84504DB2046C1
:10C30000F4F7F4FF4046F4E7208A18B9214602F01A
:10C310000AF80446002221462846EFF70FF90028C4
:10C32000E0DB08EB00021FFA82F8E6E76FF0790025
:10C33000DFE7F7B504460027A0F15006A0F120057D
:10C3400054F8080CE8B144F8087C0190836901A90D
:10C350001A883046FFF7A8FF031EF1DA0B33019865
:10C360000AD144F8080C4FF400420023204603B0E1
:10C37000BDE8F040F9F792BF03B0BDE8F040F4F734
:10C38000B5BF00220023284601F076FF0190002867
:10C39000DCD103B0F0BD002313B50A460C46009370
:10C3A0000521FFF768FF28B1204602B0BDE8104024
:10C3B000F4F79CBF02B010BDF7B51E4600230093F2
:10C3C00004460D46174600680A460521FFF753FF4D
:10C3D00028B1284603B0BDE8F040F4F787BF3A46DD
:10C3E000334604F1B80003B0BDE8F040F9F78ABF66
:10C3F0002DE9F8430D460446A0B399B3EEF768FF64
:10C400000A1D5200014692B206461720EEF7C8FFF9
:10C4100000F10C0907460821484601F094FF4FF04F
:10C4200000082368B3F8B2200280DA8A42801A8BAF
:10C430008280DB69C380A84509DB20684FF4A01225
:10C4400000233946FFF7B8FF0020BDE8F88354F811
:10C4500028304846998A83F8B46001F08BFF08F1D0
:10C460000108E8E76FF01500EFE738B50446EEF78E
:10C470002FFF0A22014684F8B4001420EEF790FF43
:10C480000546B8B10A210C3001F05DFFB4F8B230B6
:10C490004FF4A0120380A38A29464380E38A838055
:10C4A000238BC380E369038120460023FFF784FFC9
:10C4B000002038BD6FF00B00FBE770B5046D0E4631
:10C4C00086B0002C51D054F8085905B1083D04F14C
:10C4D0001003D3E8EF2F22F00401C3E8E01F002887
:10C4E000F7D1530707D59EB120682146FFF777FEA5
:10C4F0002046FFF78BFE63689B6813B131462046E8
:10C50000984795B3AB6803B1083B2C461D46DEE760
:10C5100094F8B4301BB323681B6DDBB13146083B84
:10C5200094F8B40093F8B42090420FD103F11002B4
:10C53000D2E8EFCF2CF0040CC2E8E0CF0028F7D10E
:10C5400006AA02EB810242F8143C01319B6813B148
:10C55000083BE5E7314601A8FFF74AFFCBE7204655
:10C56000FFF783FF0028C6D0BEE706B070BD006DA0
:10C5700028B1838B08388B4201D08068F8E7704778
:10C5800008B53AB98988FFF7F2FF18B1BDE808404D
:10C59000FFF7BFBD08BD2DE9F0411446D1E90267A0
:10C5A00005460846B1F80480EEF7DEFE3CB1D6B190
:10C5B0002246394628463346BDE8F04118474146F1
:10C5C0002846FFF7D4FF044668B143689B6903B16E
:10C5D00098471EB1002239462846B0472046BDE89C
:10C5E000F041FFF796BDBDE8F081006D28B1838969
:10C5F00008388B4201D08068F8E7704773B506466B
:10C60000EEF766FE0D46082201461220EEF7C8FE40
:10C610000446D0B108210C3001F095FE2B8822464B
:10C6200003806B8805214380AB888380EB88C380BF
:10C63000002330460093FFF71EFE054610B120464A
:10C64000F4F754FE284602B070BD6FF00B05F9E711
:10C6500038B503680446F3B1EEF73AFE042201460A
:10C6600084F8B4000620EEF79BFE0546B0B1042125
:10C670000C3001F068FEA38C4FF480320380A38A53
:10C680002946438000232046FFF796FE042300201E
:10C6900084F8B03038BD6FF07F00FBE76FF00B001F
:10C6A000F8E770B5A0F1880600F11004002200231D
:10C6B000204601F0E1FD054600B970BD304629462F
:10C6C000EFF778FA2846F4F711FEEFE7034600206B
:10C6D00003B970471A8A5B681044F9E710B5D4684B
:10C6E0000231237813B92170012010BD8B42FBD099
:10C6F000038A023B038200201061F6E706207047A0
:10C70000D0E8AF0F084100F001007047032100F5A9
:10C710008C70FFF7F5BFFDF747BE70B405686A6A15
:10C7200062B313680BB1A3F5B473A2F5B47400221D
:10C73000114601E0A3F5B473844207D0E68DE48B83
:10C74000B14238BF3146A24238BF22461C462BB107
:10C75000D3F86831002BEDD18442EFD1C38DC08B6B
:10C760008B4201D890420BD9824238BF024699428F
:10C77000286838BF194670BCF2F79EBD1146EDE738
:10C7800070BC70470838FFF7C8BF0846F0F734B8E8
:10C790002DE9F0411446054608468E688F88D1F889
:10C7A0000C80F0F729F804B92EB9BDE8F0814146B4
:10C7B0002846B0470134A3B29F42F8D8F5E710B538
:10C7C00008680C46D0F81C3133B14FF470220023B6
:10C7D00000F59C70F9F796FD2046BDE81040F0F793
:10C7E0000BB873B51446014605464FF495722068A0
:10C7F00001F02FF8207500BB237A2068ABB1A3F1BC
:10C800001802534253419B000193638A29460093C7
:10C81000AE68238AE268B047002808DB238A984282
:10C820000ED100230120237508E00223ECE710F16C
:10C83000FF0F05D34042C0B22075002002B070BD8A
:10C840000E20F9E71FB5CDE9012300231A46009316
:10C85000F1F718FF05B05DF804FB73B504460D460B
:10C86000EFF79CFFA8B380F86050012100F130057C
:10C870000DF10700EDF77AFC10B100238DF80730B9
:10C88000B4F8A430B4F89E404FF4004603FB0444CF
:10C8900040F6C4135C434FF47A73B4FBF3F49DF891
:10C8A000073040F2E73003F007031C44642C38BF24
:10C8B000642400214FF47A720023E4FB0601E4F7BC
:10C8C00069F802460B46284602B0BDE87040F9F709
:10C8D00019BD6FF07F0002B070BDD06804310378DD
:10C8E00013B90170012070478B42FBD00020916882
:10C8F0000B8A043B0B821061704708B50B4641B1AF
:10C90000FFF704FF10B1C3F3400008BD03F00100BE
:10C91000FBE70120F9E7F8B5936805460F46144692
:10C92000166863B9506801210C3001F00CFDA0605D
:10C930002B681B78002B14BF022301230370A3680C
:10C940001B78012B03D0022B1FD000201CE02B688A
:10C950001B78002BF9D1606804210C3001F0F3FC46
:10C96000E06007802A68E36852885A806168F28D27
:10C97000F38B088A9A4294BFC0EB0200C0EB03001D
:10C98000042894BF00200120F8BD2B681B78022BDF
:10C99000DBD1606812210C3001F0D5FCE06007802B
:10C9A0002B68E268591C0232113351F8040B99428A
:10C9B00042F8040BF9D16168F28DF38B088A9A4230
:10C9C00094BFC0EB0200C0EB03001228D9E72DE9A9
:10C9D000F04F044685B0104690469946FFF776FE24
:10C9E000E38BE28D8B46934228BF1346834240F28D
:10C9F0009380A3684046039301F073FC4FF0000A54
:10CA000006464046FFF762FEE28BE38D06F10C0717
:10CA10009A4294BFC0EB0205C0EB0305384601F013
:10CA2000ECFC854217D24046FFF750FEE28BE38DC7
:10CA30009A4294BFC0EB0205C0EB03058DBB98F88A
:10CA40000A00F4F7A9FB0022002301F010FC0646BF
:10CA500030B9574636E0384601F0CFFC0546EDE7E1
:10CA60000146404601F04EFC4046FFF72FFEE28DA6
:10CA7000E38B06F10C079A4294BFC0EB0205C0EBB2
:10CA80000305384601F0B9FC85421FD24046FFF746
:10CA90001DFEE28DE38B9A4294BFC0EB0205C0EB12
:10CAA0000305F168328ACDF80090DBF804700A447F
:10CAB00003985946ABB2B847071E0CDABAF1000F1B
:10CAC00018BF5746384605B0BDE8F08F384601F02C
:10CAD00094FC0546E5E70E9BB3B9394606F10C0018
:10CAE00001F031FC4046FFF7F1FDE38DE28BB944E4
:10CAF000934228BF13468342BA441FFA89F9A8D942
:10CB0000AF423FF47EAFA4E7394630460F9A0E9B02
:10CB100098470028E1D19CE70027D3E7002203686B
:10CB200003B970478B420FD10B683AB94268036072
:10CB3000914200D1436000230B607047136043684B
:10CB4000994208BF4260F6E71A461B68E8E70123EE
:10CB50008B40DB43D0E8EF2F1A40C0E8E12F0029DB
:10CB6000F8D1704710B50C460868012100F58C70AB
:10CB7000FFF7EDFF2046BDE81040EFF73DBE10B5D2
:10CB80000C460868002100F58C70FFF7E0FF204696
:10CB9000BDE81040EFF730BE10B58B690A46197C2E
:10CBA0000446FFF7AAFE28B12046BDE81040114612
:10CBB000EFF7B6BE6FF0150010BD2DE9F041044649
:10CBC0008868FFF783FDE38DE28B0D46934228BF13
:10CBD000134683421FD30027C4F81C11D1F80880E4
:10CBE0008F60F9F7C1FD41462046FFF7D5FF0646A5
:10CBF00040B1C5F80880C4F81C71F9F7C9FD30468A
:10CC0000BDE8F081E18DE38B2846994228BF1946A3
:10CC100000F06CFFF1E76FF07906F0E738B50446F5
:10CC20000D46EFF77DFE30B1294604F59070BDE862
:10CC3000384001F050BB38BD062070472DE9F04167
:10CC4000884617460121042205461E46EFF73AFFA3
:10CC5000044670B104210C3001F075FB80F80080AF
:10CC6000A0F80170C67021462846BDE8F041FFF7E4
:10CC7000D5BFBDE8F08173B500230546166814469C
:10CC8000B06829461373952200F0E3FD207380B944
:10CC9000CDE9000029463046A388A268FFF797FE39
:10CCA000002809DA10F1FF0F32BF0E204042C0B257
:10CCB0002073002002B070BD0120FBE72DE9F34195
:10CCC0000023074616681446B06839461373952248
:10CCD00000F0BFFD0546207308BBA068F18DF28B04
:10CCE000038A914294BFC3EB0103C3EB0203012B00
:10CCF00015DD02210C3001F026FBCDE90055804600
:10CD0000A38839463046A268FFF761FE031E0ADA9F
:10CD100013F1FF0F32BF0E235B42DBB223730020FF
:10CD200002B0BDE8F0810120A8F80030F8E738B57E
:10CD30000C461546EFF732FD38B1272D05D1A0F886
:10CD40006240BDE83840EFF76FBF38BD2DE9F041D4
:10CD50000F4615461E46BDF81880EFF71FFD58B167
:10CD6000B8F1270F08D1AD1BA0F8647080F86650A9
:10CD7000BDE8F041EFF758BFBDE8F08170B505465A
:10CD800086B00E46684602F0AFFE00240022002363
:10CD9000304601F071FA0246A0B90022002368462D
:10CDA00001F06AFA0146E8B904B328462146FFF7C4
:10CDB000F3FE054618B12146304602F0ACFE284687
:10CDC00006B070BD34B11146684601F084FA2246BF
:10CDD0001446DBE793692846197CFFF78EFD00288F
:10CDE000F1D0F5E7304601F076FAD6E76FF00105AD
:10CDF000E5E710B504211446FFF7B9FB082150F808
:10CE0000080CEFF7E7FF18B108302060002010BDD4
:10CE10006FF00B00FBE7F8B550F8084C0546A0F1A1
:10CE20000807042100F58870FFF791FE1CB3D5F8C0
:10CE300014319BB966688EB1A2683368964208BF08
:10CE4000A360314638466360FFF7B7FE002812DA68
:10CE500063683360A368666003B9A660384605F569
:10CE60008C71FFF78BFF30B1384604F10C01BDE83F
:10CE7000F840FFF783BFF8BD2DE9F843436A054644
:10CE8000002B4ED01E68A3F5B4770EB1A6F5B4768C
:10CE900000231C46984612E0BBB13846FFF736FC2B
:10CEA00081461846FFF732FC81450ED1002E38D05E
:10CEB000D6F868210AB1A2F5B47237461646D7F8FB
:10CEC0001C21002AF2D1002CE6D06C680CB93B463C
:10CED000ECE7A36838469B69197CFFF70EFD2368D1
:10CEE00040B922461C46F1E71360AB689C4208BF7C
:10CEF000AA6006E0002AF7D1AA686B60944200D1CC
:10CF0000AB6021463846C4F80080FFF756FE002883
:10CF100007DA6B682360AB686C60002BD7D1AC601C
:10CF2000D5E7BDE8F88338B5054608460021FFF788
:10CF3000E7FBE0B155F8083CCBB1D5F81421B2B904
:10CF40005C68A4B1996822688C4208BF9A60214647
:10CF50005A60A5F10800FFF730FE002807DA55F8FF
:10CF6000083C5A6822609A685C6002B99C6038BDCF
:10CF7000012310B503FA01F1D0E8EF3F43EA0102C3
:10CF8000C0E8E42F002CF7D1194214BF0120002083
:10CF900010BD37B50C46054601F10C0001F021FA31
:10CFA000228A03460192E268122100922846132247
:10CFB000F0F77AF803B030BD37B50C46054601F1FD
:10CFC0000C0001F00EFA228A03460192E26828461C
:10CFD000009200221146F0F767F803B030BD0868F0
:10CFE000C3689B690BB108301847704710B50C46F1
:10CFF0000AB9FFF7F4FF2046BDE81040EFF7FCBB8D
:10D0000070B505460E4614460AB9FFF7E8FF2246FA
:10D0100031462846BDE87040FFF7BABB70B50546FB
:10D020000E4614460AB9FFF7DAFF22463146284673
:10D03000BDE87040FFF7C3BB70B505460E46144609
:10D040000AB9FFF7CCFF224631462846BDE87040BA
:10D05000FFF788BD70B505460E4614460AB9FFF7BE
:10D06000BEFF224631462846BDE87040FFF787BD27
:10D0700007B5CA680C211388528800920D22F0F778
:10D0800011FA03B05DF804FB07B50022CB680A2152
:10D090001B8800920B22F0F705FA03B05DF804FB41
:10D0A0002DE9F0410B460546FFF730FB044608BB6F
:10D0B000DB681F88BBB2162B1ED90222032128462B
:10D0C000F0F78CF80646C8B102210C3001F03BF9AC
:10D0D0004FF04208314680F8008044702846FFF740
:10D0E0009DFD2846A5F81E80EF85FFF716FB20461C
:10D0F000BDE8F0810620FBE70420F9E70E20F7E702
:10D1000008B510B90022104608BDEFF747FB00280C
:10D11000F8D0436A002BF5D00022A3F5B47318466B
:10D12000FFF7F4FA30B1022103F58C70FFF7E8FA4B
:10D1300000B10132D3F86831002BE4D0A3F5B47309
:10D14000EDE72DE9FF41044610220E466846002116
:10D1500003F09EF92046FEF7F4FE012825D9731E40
:10D16000022B25D824B304212046FFF700FA6F468E
:10D17000002550F8088C08214046EFF72BFE78B1C7
:10D1800001350830AE4247F8040BF4D12722694636
:10D190002046EEF74BFC00EAE07004B0BDE8F081F9
:10D1A000002DF3D16FF00B00F7E74FF0FF30F4E7FD
:10D1B0006FF01500F1E70A8A0023C968F0F750BB49
:10D1C00070B5064650F8083C044656F80859002B3E
:10D1D00038D041B1D0F81431002B33D01B7CDA07A2
:10D1E00030D5052321E02846F2F77AF86B7A012B37
:10D1F00028D0D4F814512DB32B7CDB0722D5EB6853
:10D20000002BEED030466A69697CEFF75BFC044680
:10D2100050B1D5E90512EB68984768B1A069EFF7FE
:10D22000EBFA2046F4F762F80E2300223046BDE800
:10D2300070401146F0F714BB21463046EFF770FB03
:10D240000028EBD170BDF8B50D46EFF7A7FA0446FC
:10D2500040B9A869EFF7D0FA2846F4F747F86FF01D
:10D260007F00F8BD00F10C062946304601F033F886
:10D27000636A5BB11C68A3F5B4750CB1A4F5B47412
:10D2800031462846FFF77AFD034668B90020E8E7F3
:10D290002046FFF73BFA07462846FFF737FA874252
:10D2A0006FF0010307D11446002CEFD0D4F86821A9
:10D2B00022B90233ECD025461446E1E7A2F5B47258
:10D2C000F7E738B505460C46F9F74EFA2846EFF76A
:10D2D00065FA20B9F9F75CFA6FF07F0038BD0023DA
:10D2E000236083683BB9C0E90144FFF7C5FDF9F746
:10D2F0004FFA0020F2E71C608460F6E708B5FFF7FC
:10D30000FFFEB0FA80F0400908BD10B504464AB9E6
:10D31000012907D9FFF7F2FF20B12046BDE81040F0
:10D32000EFF778BA10BD10B5EFF738FA58B1446A84
:10D330004CB1A4F5B47404F58C700521FFF707FC1B
:10D34000D4F86841F4E710BD08B50421FFF74DF9A2
:10D3500030B1BDE80840052100F58870FFF7D0B96D
:10D3600008BD8069C0E902120122037482807047FF
:10D3700001F00303032B10B5044610D08B0710D522
:10D38000FEF7DFFD012808D92046FFF7B7FF80F040
:10D390000100C0B200F0010010BD0020FAE700203B
:10D3A000FAE70120F8E71060002070470B46098972
:10D3B0005A8A914238BF11469A8B914238BF114622
:10D3C000DA8B8A4203D0D9831B6A03B118477047AE
:10D3D00010B5029C0A46A3680BB121469847A37D6D
:10D3E000E268013BDBB2A37522B11BB92046BDE860
:10D3F0001040104710BD1060918000207047002041
:10D400007047F0B5076806463D78144689B0DDB927
:10D410007B88B3F5245F04D010D8A3F52053032BE9
:10D4200012D8ADF80A10022220460DF10A01FDF7CC
:10D4300089FC68B96FF01502A26506E003F5564352
:10D44000FF339BB2042B1ED90125284609B0F0BD3D
:10D450007B88022220460DF10A01ADF80A30FDF763
:10D4600071FC0028E6D00020009003AA1323314667
:10D470007768B847021EDFDB03A92046FDF762FC90
:10D480000028E1D1D6E7ADF80A10022220460DF1BE
:10D490000A01FDF757FC0028CCD07B880222ADF8AA
:10D4A0000A300DF10A01E8E7FCF77EBF072208B554
:10D4B00003F009F8B0FA80F0400908BD2DE9F04109
:10D4C00004460F4690460025461C16F8013C43458D
:10D4D00007D139463046FFF7E9FF10B16019BDE8C2
:10D4E000F0810A351E2D06F10A06EED10020F6E77E
:10D4F000034610B5D3E8EF0F40EA0102C3E8E42F7A
:10D50000002CF7D110BD034610B5D3E8EF0F00EAA9
:10D510000102C3E8E42F002CF7D110BDFCF74DBF8A
:10D52000D0E8AF0F7047F8B599420446DDE9060729
:10D530000D46089E01D90020F8BD914201D201207C
:10D54000FAE760B98FB933882946013B338020461A
:10D55000099B0A9A98473388002BEDD1EBE72168A5
:10D56000FDF750FF0028EDD0E9E7E368BB42E6D1C4
:10D57000E9E70B6803608B8883808B798371704740
:10D5800000230360436083607047022A10B508D10E
:10D59000002300F188011A46007AF0F7EDFB022023
:10D5A00010BDF0F73FFCFAE738B5BDF8104015465E
:10D5B00094420AD3A41A8C42A8BF0C46A4B22246B5
:10D5C000591902F03EFF204638BD6FF00604FAE715
:10D5D00030B585B0C96814461D46F0F7F9FA00B1B8
:10D5E00000890223ADF80E00009329462046BDF8BD
:10D5F00020200DF10E03FFF7D7FF05B030BD1FB59A
:10D600000C461946E36810461C78BDF818203CB15A
:10D6100010240133069404B0BDE81040FFF7C4BFE6
:10D620005B88ADF80E30022300930DF10E03FFF777
:10D63000BBFF04B010BD30B51D46002385B01446B5
:10D640008DF80C30F0F7A2FA10B1037A8DF80C3097
:10D650000123294600932046BDF8202003ABFFF7A5
:10D66000A3FF05B030BD1FB51946012310468DF844
:10D670000F300093BDF818200DF10F03FFF794FF52
:10D6800005B05DF804FB2DE9F04114461D46BDF8D8
:10D690001870EBF709FC0646E3F7F6FA80B206903D
:10D6A00033463A4629462046BDE8F041FFF77CBFA5
:10D6B00030B585B014461D46FEF70EF80223ADF8CE
:10D6C0000E00009329462046BDF820200DF10E03E0
:10D6D000FFF76AFF05B030BD10600020704708B545
:10D6E0000C3029B10121FFF703FFC043084008BDFA
:10D6F0006FF00101FFF707FF00F00100F7E710B539
:10D700000446FFF7ECFF38B12146BDE81040012286
:10D7100011F8010BF0F7AEBA10BD38B50446154646
:10D72000FFF7ECFD48B12046F0F730FA28B1037A54
:10D73000DB0702D50121FFF7E2FF55B9207A04F19A
:10D740008801F0F7D9F920B18560BDE83840F0F7DD
:10D750005BBA38BD10B5BDF80810BDF810401046D2
:10D760008C420BD3641A9C42A8BF1C46039BA4B2F4
:10D770002246194402F065FE204610BD6FF00604F3
:10D78000FAE713B5044610B9002002B010BD00231B
:10D790008DF8043042F60303006801A9ADF80630A5
:10D7A000FDF730FE0028EFD1E36898880028ECD11F
:10D7B0002046F0F737FF013080B2E6E770B5CC685D
:10D7C0001E46A37988B008468DF80C301546FFF741
:10D7D000D8FFADF80D00246823786BB96388ADF8E5
:10D7E0000F300523009331462846BDF8302003ABA7
:10D7F000FFF7DAFE08B070BD631C0DF10F021134A3
:10D8000053F8041BA34242F8041BF9D11323E9E7A0
:10D810001FB5CDE9012300231A460093F0F732FF2C
:10D8200005B05DF804FBF1F721B82DE9F041CE68B1
:10D83000144630461D46E3F727FABDF8187080B24B
:10D84000069033463A4629462046BDE8F041FFF7A8
:10D85000ABBE38B5D40705464B8A04D513F0950FF7
:10D860002BD0486848B3900704D513F4957F26D091
:10D87000896821B302EA030414F03C0F0DD0EB7A5F
:10D880002BB92846FEF713FBD8B9052038BD14F094
:10D89000300F04D114F4C07F07D10020F6E72846EA
:10D8A000FEF74FFB0228F5D8EFE7D5F8B830002B8C
:10D8B000EBD05B7BDB06E8D5EFE70220E6E7032051
:10D8C000E4E70F20E2E72DE9FF41437B0646072B03
:10D8D0000C46174610D100238DF80C3042F6030396
:10D8E000206803A9ADF80E30FDF78CFD60B9E36840
:10D8F0009B7913F0300F03D1002004B0BDE8F08114
:10D900002046F1F759F90446002320688DF80C30C1
:10D9100042F6021303A9ADF80E30FDF773FD18B1FE
:10D920002046F1F749F90446002542F6021820681E
:10D9300069468DF80050ADF80280FDF763FDF0B93F
:10D94000002320688DF80C3042F6021303A9ADF8CD
:10D950000E30FDF757FD0028CED1E5686C1C1F3551
:10D960002246304614F8011CFEF7EDFA18B1B4F85F
:10D9700007301F42C1D10A34AC42F1D1BCE742F6B4
:10D980000303206801A98DF80450ADF80630FDF7B7
:10D9900039FD0028D4D04FF42053206802A98DF817
:10D9A0000850ADF80A30FDF72DFD0028C8D042F62A
:10D9B0000103206803A98DF80C50ADF80E30FDF777
:10D9C00021FD0028BCD02046F1F7F6F804460028D7
:10D9D000ADD191E72DE9F04105468846F0F7D6F83C
:10D9E0000446E0B1037ADB0719D500F10C0738468D
:10D9F000FFF796FD10F0010611D1B8F1000F0FD01E
:10DA00006FF002013846FFF77EFD10F0020F284646
:10DA100009D0FFF788FC01212046FFF770FE0126A0
:10DA20003046BDE8F081FFF769FC0028F8D02846B1
:10DA3000FFF78AFC0028F3D06FF002013846FFF7A9
:10DA400062FD2846E5E7F8B506460F46F0F738F8D8
:10DA5000394604463046FDF742FE48B344B304F16C
:10DA600008056FF001012846FFF74DFDC20703D5F9
:10DA700039463046F1F750FC6FF002012846FFF7B7
:10DA800042FD830703D539463046F0F78DFA284624
:10DA9000FFF746FD60B9234603F8010BC4F8010007
:10DAA000C3F80300D5E8EF3FC5E8E20F002AF9D13B
:10DAB000F8BD38B5A0F12F05441C15F8010C294616
:10DAC0000C35FFF7C0FFA542F7D138BD38B5044685
:10DAD00059B100F188052946007AF1F71DFC294665
:10DAE000207ABDE83840F0F75FBA38BD70470720AC
:10DAF0007047FCF759BCD0E8AF0F084100F00100B7
:10DB00007047034610B5D9B1C88910F0240F17D05B
:10DB10001A7D5C7B097BA24228BF2246914201D933
:10DB2000002010BD820604D4187A003818BF0120E6
:10DB3000F7E70521181DFFF7DEFF0028F4D1EFE716
:10DB40000120EEE701238B40DB43D0E8EF2F1A40A2
:10DB5000C0E8E12F0029F8D17047FCF72EBC0B6814
:10DB600003608B8883808B798371704708B50621A9
:10DB7000FEF73BFD18B9BDE80840F1F7B3BCF0383B
:10DB800008BD4FF47022002300F50070F8F7BABB0F
:10DB90000720704701238B40D0E8EF2F1A43C0E8DD
:10DBA000E12F0029F8D1704708B50E21FFF7F2FFE9
:10DBB000002008BD70B5051D0E4628460421FFF75C
:10DBC0009AFF68B10022002100230846FEF750FBAF
:10DBD000044640B904212846FFF7DCFF204670BD0B
:10DBE0004FF47022EFE701210C3000F0ACFB06701F
:10DBF000F4E738B502210446FFF7DCFF054680B1A3
:10DC000006210C3000F09FFBD4F811300022036095
:10DC1000B4F81530294683802046F1F779FC0020BE
:10DC200038BD0820FCE738B504210446FFF7C2FFE1
:10DC30000546A0B110210C3000F085FB04F127034C
:10DC400004F1370253F8041B934240F8041BF9D146
:10DC5000204600222946F1F75BFC002038BD082051
:10DC6000FCE770B5D0F8F0300446DB78012B19D111
:10DC7000CD68061D10213046FFF764FF2B4604F1E6
:10DC8000B70205F1100153F8040B8B4242F8040B64
:10DC9000F9D107213046FFF72EFF28B10921304680
:10DCA000FFF778FF002070BD0A213046FFF723FF01
:10DCB0000028F3D12046BDE87040F1F7C9BD072028
:10DCC0007047012303FA01F1CA4330B5D0E8EF3FB2
:10DCD00003EA0204C0E8E54F002DF7D1194214BF52
:10DCE0000120002030BD38B500F188040D46072220
:10DCF0002046096802F0E7FB28B920466968BDE8BC
:10DD00003840FFF72CBF38BD38B504460025031D49
:10DD1000D3E8EF2FC3E8E15F0029F9D104F50070E3
:10DD200001F0FBFF2572D4E8EF3FC4E8E25F002A70
:10DD3000F9D12046BDE838400121FFF72BBFF0B5EF
:10DD400089B0DDE90E6705463078109C8DF800003B
:10DD5000387801F1100C8DF801001068CDF8020040
:10DD600090889279ADF806008DF808201A68684608
:10DD7000CDF809209A889B79ADF80D2022468DF8C0
:10DD80000F3011F8013B10F801EB614583EA0E03F7
:10DD900002F8013BF5D1224621462846FDF788FFCF
:10DDA000034628BB07932346B7F80520D7F80100A0
:10DDB000ADF81420D6F801200490CDF81620B6F85E
:10DDC000052004F11000ADF81A2004A913F8012B66
:10DDD00011F8016B834282EA060203F8012CF5D1A7
:10DDE00022462146284609B0BDE8F040FDF760BF55
:10DDF00009B0F0BDF0B5071D044685B00A213846CC
:10DE0000FFF779FE88BB04212046FFF7C3FE0321FC
:10DE1000D4F8F060FFF7CEFE0546C0B110210C30FB
:10DE200000F091FA06F196038F3602900193009666
:10DE300004F1100304F1090204F1270104F1470081
:10DE4000FFF77DFF064628B12846F3F74FFA082072
:10DE500005B0F0BD024629462046F1F759FB314690
:10DE60003846FFF76FFE0020F2E700213846FFF743
:10DE700091FEF8E72DE9F7430B9F0446CDE9002317
:10DE8000FFF774FE0546002800F08580BDF8288065
:10DE9000061DB8F1000F2AD1DDE90032134326D167
:10DEA00003213046FFF727FE002858D001213046D5
:10DEB000FFF721FE002852D02C7D6B7B05F1470136
:10DEC0009C4228BF1C462246384602F0BAFA0F2C64
:10DED00005D80021C4F11002381902F0D9FA3046F1
:10DEE0000121FFF757FE012003B0BDE8F083D4F80D
:10DEF000B830BBB904F188094A462020217AF2F7EC
:10DF00005BFFC4F8B80030B94A460120217AF2F725
:10DF100053FFC4F8B800B8F1000F03D1DDE90032B7
:10DF2000134320D0D4F8B880B8F1000F26D0B8F849
:10DF30000E30DB0722D50822694608F1400002F0C6
:10DF4000C2FAD8B902220AA908F1480002F0BBFAC5
:10DF5000A0B998F80C4008F14A012246B4E7D4F879
:10DF6000B830002BC6D0D4F8B8100029DAD0CB894D
:10DF70009A06D7D50C7B1A312246A5E70F213046E9
:10DF8000FFF7B9FD20B1022206212046ECF7DEFEA4
:10DF90002846FFF7B9FE0020A6E76FF0850070471E
:10DFA00070B504460820F1F74DFA0546E0B1061DAC
:10DFB00008213046FFF7C6FDBCB30721FFF7C2FDBD
:10DFC000234605F1970204F1200153F8040B8B421C
:10DFD00042F8040BF9D10A213046FFF78CFD70B1ED
:10DFE00009213046FFF7D6FD0720F1F72BFA04464A
:10DFF000E8B1F1F7CDFA0146C8B1204612E0102190
:10E000003046FFF778FD09210028EAD13046FFF7B6
:10E0100072FD0028E8D02846F1F71AFC01460028D6
:10E02000E2D02846F2F752FADEE70B21F9E770BD9D
:10E0300070B50546044655F8F03900F58870EC3C9B
:10E04000D3F8B86001F069FE03212046FFF753FDC5
:10E05000A0B108212846F2F7A3F93EB1F38913B124
:10E06000737B9B0702D5304600F042F82846BDE896
:10E0700070404FF40E72002102F00ABA01212046CE
:10E08000FFF739FD0028E4D10F212046FFF733FDCB
:10E090000028DED1E1E708B59AB98378012B10D1C9
:10E0A0000621FEF764FA10F8083C23F0010300F89B
:10E0B000083C30F8081C21B9BDE80840F038F2F7F8
:10E0C0006FB908BDEBF7B2B870B504460D461646F9
:10E0D000F2F772FE38B931462846F2F72DFE10B13C
:10E0E000C3891C43C48170BDC3891943C181704772
:10E0F00010B5037A04465B0701D5EBF7B3F8214668
:10E1000011F8010BE9F7EAFB2046BDE810405C225C
:10E11000002102F0BDB9531E1944024411F801391F
:10E1200000F8013B9042F9D1704710B5431E00F151
:10E130001002073013F8011F12F8014D83421C70C2
:10E140001170F7D110BD70B5C2B00D46164601462C
:10E1500016AA68461C46FCF7CAFD18B96FF0040001
:10E1600042B070BD324629466846FCF7EBFD0028F8
:10E17000F4D069462046FCF74FFE0028EED0002080
:10E18000EEE7F0B50E4614461D4697B00146202234
:10E1900005A81C9FFFF7BFFF202231460DA8FFF7FF
:10E1A000BAFF2146102201A88DF85450FFF7B3FFA3
:10E1B0003B46412205A901A8FFF7C5FF044610B957
:10E1C0003846FFF7B2FF204617B0F0BD2DE9F04307
:10E1D00016461D4697B00446DDE91F98102205A893
:10E1E000219FFFF798FF1022314609A8FFF793FF00
:10E1F000102229460DA8FFF78EFF03221E9911A8B1
:10E20000FFF789FF494611F8013BD9F801008DF865
:10E2100047308B880622129012A8ADF84C30FFF7D9
:10E220007AFF414611F8013B06228DF84E30D8F8AE
:10E2300001300DF14F00CDF84F308B88ADF85330E1
:10E24000FFF769FF2146102201A8FFF764FF3B4654
:10E25000412205A901A8FFF776FF044610B9384608
:10E26000FFF763FF204617B0BDE8F0837047416AAF
:10E2700049680968F2F7C0BFF7F714BE4FF02003F2
:10E28000EFF3118283F31288BFF36F8F00230B60CB
:10E29000436833B9C0E9001182F31188BFF36F8F6F
:10E2A000704719604160F7E7034610B54FF0200250
:10E2B000EFF3118182F31288BFF36F8F006828B1EA
:10E2C0005C680268A0421A6008BF5A6081F3118836
:10E2D000BFF36F8F10BD01F013BC027A01320272DE
:10E2E0007047034618465B68002BFBD170474268B5
:10E2F00010B52AB10B461C465B68002BFBD162604F
:10E30000416010BD10B5044620B908460B7A0133B0
:10E310000B7210BD034618465B68002BFBD1FFF75C
:10E32000E6FF2046F5E710B508B14B6843600023CF
:10E330004C6808464B60F2F7D9FF204610BD836851
:10E340000B44036070478388026819448180D018A9
:10E35000704730B484880568A3188380281930BCBE
:10E3600002F06FB810B5838802685C1C8480D154B9
:10E37000D01810BD838830B502689D1C8580D418E4
:10E38000D154090A617030BD034600689A88401A6A
:10E39000114418609980704703689A1E0260828851
:10E3A0000232828003F8021C090A03F8011C70473C
:10E3B0000268531E036083880133838002F8011CC6
:10E3C000704703468288521A8280006808441860A9
:10E3D0007047034600689A88521A01449A8019606F
:10E3E000704710B5036802211C88FFF7EAFF20463A
:10E3F00010BD02688068101A70478388C2888168DF
:10E40000D21A03685B1AD01A7047FBF7CDBF1346C8
:10E410000A460121FBF7D1BF4FF050230122002013
:10E42000C3F8142670470C220369C9B201FB0233FA
:10E43000986F00F0070070474FF02003EFF3118250
:10E4400083F31288BFF36F8F036803F0C00343F0B8
:10E450000203036082F31188BFF36F8F704770B5BA
:10E46000C9B203694FF02004EFF3118584F31288D9
:10E47000BFF36F8F0C2606FB0134A46F14F0C004A9
:10E4800008D0A24206D085F31188BFF36F8F4FF0FA
:10E49000FF3070BD012271430B449A6785F31188E8
:10E4A000BFF36F8F43680B445B6898470020F0E729
:10E4B0008022FFF7D4BFF8B5069F0469C9B24FF0B8
:10E4C0002005EFF3118685F31288BFF36F8F0C25BB
:10E4D00069430C44A56F05F0070CBCF1010F0BD18B
:10E4E000A76786F31188BFF36F8FC4E91C234368C5
:10E4F0005B5898470020F8BD05F0C005AF4286F391
:10E500001188BFF36F8F0CBF6FF077004FF0FF30B3
:10E51000F1E713B580240094FFF7CDFF02B010BDE2
:10E5200010B41C240069CBB203FB040000215DF889
:10E53000044B10470320F5F7E5B80220F5F7E2B8E1
:10E540000020F5F7DFB8032000F0E5BA022000F064
:10E55000E2BA002000F0DFBA1046F7F7D7BC18B9CE
:10E5600001F13000F7F7D2BC70477FB5FF238DF87B
:10E5700003300DF10303002101930123CDE90231A2
:10E58000052303A88DF80C3001AB04910593F3F734
:10E59000D7FA0028A8BF9DF8030007B05DF804FB78
:10E5A0001FB5002188420CBF0623042301A8CDE932
:10E5B000011103918DF80430F3F7C2FA002818BF57
:10E5C0006FF0040005B05DF804FB38B5044605693A
:10E5D000002200232846F7F7BFFC95F84820AB68D7
:10E5E0003AB94FF050220221C2F8B8150BB9F6F72C
:10E5F000CBF820691830BDE83840F7F787BC38B54C
:10E60000044605692846F7F781FC206918304FF069
:10E61000FF334FF0FF32F7F79FFC95F8483023B9EE
:10E620004FF050230122C3F8B82538BD38B5054650
:10E630000C4600F0F2FA002D07DBA84205D9401B7A
:10E6400084428CBF0020012038BD0020FCE770B55B
:10E650000D461946284616461C46FFF7E7FF28B91F
:10E6600021462846BDE87040F3F79ABD24B1224602
:10E670002946304601F0E5FE002070BD2DE9F3414A
:10E680001C460023904682682360A3600D461369F0
:10E69000694601AA9847019B5A1E019223B96FF05F
:10E6A000150002B0BDE8F0810098A26847682168B3
:10E6B000676085B9A8EB02030668B34228BF3346FA
:10E6C00003FB07111A442160A26002689A4206D82F
:10E6D00008300090DFE76B1AB3FBF7F3ECE700209C
:10E6E000DFE713460022FFF7C9BF2DE9F0470024FA
:10E6F000836886B0884691461B6902AA01A998479B
:10E70000A2462546029BAB4202D806B0BDE8F08780
:10E710000026019F07EBC5077B6804933A680AEB64
:10E720000603B24202D89A460135EBE74946039404
:10E73000059303A8C0470028E7D0049B01361C447A
:10E74000ECE7436800205B681B690B607047436817
:10E7500002EA01005B6821EA020198600020D960AA
:10E760007047436800205B689960704743680020E9
:10E770005B68D960704743685A68536821EA0300B0
:10E780000B4090600020D360704710B50369586853
:10E79000F8B1884219D19C680868A142586000D13C
:10E7A0009860002008602AB15A680A609A68596027
:10E7B00002B99960002010E0814206D1086820600B
:10E7C00098688142EDD19C60EBE704460068002820
:10E7D000F2D1002AE8D16FF0150010BD002201210E
:10E7E0000920E8F783B913B5002101AA044600F017
:10E7F0001CF8002805DB019B226819791868F4F7DA
:10E8000093F902B010BD10B500690F299FBF00EB4E
:10E81000810440F821202364002088BF6FF0150098
:10E8200010BD002070471020704730B5436813605A
:10E83000057A446804EBC504A34202D36FF00100DB
:10E8400030BD5C798C4201D00833F0E70020F7E757
:10E8500043681B68D3F88004C3F88004704743689A
:10E8600002691B68D3F8100150B100205269127878
:10E870000A70C3F81001D3F8102101221A60704702
:10E880004FF0FF30704702680346D2F8580140B994
:10E890005B689B0706D4D2F82001003818BF01201E
:10E8A00070470120704742681368D3F80413C90504
:10E8B00018D5D3F82011A9B14FF02000EFF3118142
:10E8C00080F31288BFF36F8FD3F8200130B100209E
:10E8D000C3F82001D3F820010120D86081F311880A
:10E8E000BFF36F8F5268D20615D54FF02001EFF3BA
:10E8F000118281F31288BFF36F8FD3F8581111B1D1
:10E900000021C3F800154FF48001C3F8081382F307
:10E910001188BFF36F8F7047002200F150039B00F6
:10E920009BB203F1502303F580331A601B687047D4
:10E9300030B110308000C0B200F1502000F58030BE
:10E9400070471FB500210291079901910699009126
:10E95000F4F7FAFB05B05DF804FB08B5F4F7D2FB59
:10E9600008BDF8F7A3BA08B5E7F7A0FBE7F786FC00
:10E97000BDE80840F8F79ABA004700F054BF40F0ED
:10E980000040C1F88000704740F00040C1F88000AE
:10E99000704740F00040C1F88000C2F88000704726
:10E9A0000023C1F8803070470023C1F880307047E1
:10E9B000F4F768BF73B503285DD8DFE800F00218EC
:10E9C00026344FF050230222C3F808230122DA60D4
:10E9D0000022C3F80421D3F80431002401238DF868
:10E9E0000730032847D8DFE800F02C4865824FF055
:10E9F00050230122C3F808235A600022C3F80021E3
:10EA0000D3F800310DF10704E8E74FF050234FF43D
:10EA10000072C3F8082301225A620022C3F824219D
:10EA2000D3F82431D9E74FF050234FF48072C3F864
:10EA300008230122DA610022C3F82021D3F8203113
:10EA4000CBE742F210754FF05026D6F8183403F495
:10EA5000803334B97BB10120FFF78FFF013DF4D142
:10EA600009E0D6F8182402F0030222701BB19DF8C9
:10EA700007000128F0D002B070BD42F210754FF0CF
:10EA80005026D6F80C3403F480333CB9002BF2D076
:10EA90000120FFF772FF013DF3D1ECE7D6F80C241B
:10EAA00002F001022270002BE5D09DF8070001283A
:10EAB000EFD0E0E742F210754FF05026D6F85C3404
:10EAC00003F480333CB9002BD5D00120FFF755FF6C
:10EAD000013DF3D1CFE7D6F85C2402F001022270A9
:10EAE000002BC8D09DF807000128EFD0C3E742F201
:10EAF00010754FF05026D6F85434DB03BBD52CB933
:10EB00000120FFF73AFF013DF5D1B4E79DF807007A
:10EB10000128F6D0AFE7FFF74DBFF7B51646DDE9A0
:10EB20000847019001A81D46F4F7C0FE019BB6F10D
:10EB3000000C18BF4FF0010C00EB83000B1E18BF38
:10EB40000123002D43EA4C0314BF4FF00C0C4FF08F
:10EB5000000C002C43EA0C0314BF4FF4706C4FF010
:10EB6000000C002F43EA0C0314BF4FF4403C4FF05D
:10EB7000000CD0F8002243EA0C0322EA030301B19F
:10EB800009780EB13678760019430DB12D78AD00B5
:10EB900031430CB12478240229430FB13F783F045C
:10EBA0000C433C43C0F8004203B0F0BD1FB50DF16B
:10EBB0000F03019300238DF80F101A461946009396
:10EBC000FFF7ABFF05B05DF804FB38B50546084616
:10EBD0000C46F4F7BFFEB0B10846F4F7AFFE90B9AB
:10EBE0000846F4F79FFE01232A688340C2F80833E1
:10EBF0002A6803B202EB8303D3F8102522F0030244
:10EC0000C3F8102538BD2046BDE838400021FFF785
:10EC1000CDBFF4F723BFFFF7D8BF4FF48010704784
:10EC20004FF4805070474FF4807070470223F5F71F
:10EC30002BBB0323F5F728BB00210220F5F7C0BD4D
:10EC400091F820200346032A29D8DFE802F0212585
:10EC500019028A68500304D5D3F84C2508699042FC
:10EC600007D18A6852031AD4D3F84C258969914296
:10EC700015D000200622C3F80005C3F80025704710
:10EC8000D3F84C2508699042F3D1D3F83C25EDE741
:10EC9000D3F84C250969EAE7D3F83C25FAE70120C7
:10ECA000704730B50124A2F58075AD08AC400C4228
:10ECB00007D0815829B10021815082581A68224317
:10ECC0001A6030BD002313B50C4601934FF4A472B3
:10ECD00001ABFFF7E6FF21464FF48272FFF7E1FF39
:10ECE00021464FF49272FFF7DCFF21464FF4A872E1
:10ECF000FFF7D7FF21464FF4A672FFF7D2FF214658
:10ED00004FF4B072FFF7CDFF4FF4AE722146FFF71C
:10ED1000C8FF019802B010BD07B5019001A8F6F731
:10ED200021F90123019A9340836003B05DF804FB4D
:10ED300037B50C46154690B1037883B179B10B789D
:10ED40006BB162B101A9F6F7C7F950B901988368B0
:10ED50004BB12A46214603B0BDE8304018476FF05A
:10ED6000150003B030BD6FF01200FAE701464068AD
:10ED7000C36803B1184770472DE9F04389B0109E6E
:10ED80000446894690460021202268461F46129D6F
:10ED900001F07EFB1F2E97BF01234FF0FF33B340DE
:10EDA00003F1FF332361119BC4E90098C4E90276A3
:10EDB0006361183445B10FCD0FC495E80F0084E8A6
:10EDC0000F0009B0BDE8F0836D46F4E773B5046841
:10EDD000661C31D08568A9422ED264182CD05E18EA
:10EDE000AE4288BF6B1A056A35B100930523A84768
:10EDF0000346184602B070BDBFF35B8F1946A41AD4
:10EE0000101919B140EA0205AD070AD103290DDC3A
:10EE1000013811448A42ECD010F8014F02F8014B3E
:10EE2000F8E70078013902F8010BE9E750F8044BE4
:10EE3000043942F8044BE9E76FF02103D9E773B5D1
:10EE40000468651C32D08568A9422FD264182DD081
:10EE50005E18AE4288BF6B1A456ACDB10093052398
:10EE6000A84702B070BD12F8015B01390570154664
:10EE7000A01819B140EA0206B607F4D103290ADC4A
:10EE8000013D014488420CD1BFF35B8F1846E8E78F
:10EE90001946A41AEBE755F8042B043940F8042B63
:10EEA000ECE715F8012F00F8012BEBE76FF02100DC
:10EEB000D7E773B51C46036815465A1C29D08268EB
:10EEC000914226D25B1824D066189642866A88BF83
:10EED000541A36B105232A460094B047204602B0A2
:10EEE00070BD184622464AB9294601F0D1FABFF34F
:10EEF0005B8FF3E700F8015B013AF4E78307F9D190
:10EF00004FF001336B43032AEEDD40F8043B043A33
:10EF1000F9E76FF02100E2E70020704710B4046BBE
:10EF200002460B468CB9C1681F2998BF23FA01F429
:10EF3000416871B1806883420BD21069184051F862
:10EF4000243018445DF8044B704723465DF8044BA9
:10EF500018474FF0FF30F5E770B5436B05460E4696
:10EF6000E3B90469621C09BF43680C401C680C1BB0
:10EF700021462846FFF7D2FF864207D02B6901338E
:10EF80001C44AB689C42F3D34FF0FF342868431C09
:10EF900007D0AB68A34204D9204470BD984704460B
:10EFA000F4E70020F9E730B5059CC4E90002039AB4
:10EFB00021811989E260049A618121856261D3E926
:10EFC000002502EB0113C4E906128A1C236203EB3D
:10EFD00042036A1C13446D422B406362836953B938
:10EFE0000139E2698B4202EB031206DB00239373C3
:10EFF0006FF07F03D373002030BD0133D381F0E77E
:10F000002DE9F04FB0F830A004465546002685B0F3
:10F0100002EB030891460E9A00EBCA031FFA88FB25
:10F020009A63A3F83CB008F1FF32C3690F1D019247
:10F03000B0451ADC238D2586A3EB0B032385236AB9
:10F0400061895A8801390A4003EB4203A3F804A0FE
:10F05000BFF35B8F0020226A538801335380638D96
:10F060000133638505B0BDE8F08FE06A2A0157F8E7
:10F07000041C03EB0515029303680392C91A836805
:10F080000837994228BF4FF0FF31FFF747FFDDE90E
:10F090000232985000226A6057F8082CAA60019A40
:10F0A0009642ACBF00220122B145D8BF42F0020215
:10F0B000AA810136ED89BBE7F0B550B3456A448EAD
:10F0C0006B88A34230D0631C43864389BFF35B8FB8
:10F0D000013B1C4005EBC4056B689EB209B1AD68ED
:10F0E0000D60D0F81CC09BB20CEB031100EBC30306
:10F0F0009D8F078D2F44013D07859D878D896F0763
:10F100000ED5058ECD8100210686986B996302B1DC
:10F110001480F0BD9D8FC989013D0CEB01119D87C5
:10F120008D89ED07F6D4ECE70020F2E7C36903EB25
:10F1300001139868704770B5BFF35B8F0D46016A85
:10F140001646838E4A8804469A4216D05A1C8286F6
:10F150004289013A134001EB43018A882A8093B225
:10F16000C2691B01D158C06AFFF7F6FE2A88E3691D
:10F1700003EB02139B68336070BD0020FCE710B501
:10F18000026893691269920017D543B9438E026AE7
:10F1900081694489013B1B1B02EB41029380036898
:10F1A0009B69012B08D1838E426A81694089013BAA
:10F1B0001B1A02EBC102938010BD23B9026A1388A7
:10F1C00043F00103138003689B69012B01BF426A6E
:10F1D000138843F001031380EEE710B5BFF35B8F94
:10F1E000036804461A699B6912F0005F1AD07BB964
:10F1F000036A426A5B888169013B02EBC102928823
:10F200009B1A628D9BB29A4214D80023638510BD6D
:10F21000012BFAD1436A026A5B888169013B02EBE8
:10F220004102ECE763B9436A1B88DB4303F0010347
:10F23000002BEAD06369002BE7D020469847E4E72B
:10F24000012BE2D1036AEFE7036A828E598891426B
:10F250000AD0418901390A4003EB42039A88C36905
:10F2600003EB02139868704700207047BFF35B8F71
:10F27000C36803B1184770474FF0FF324FF0FF33B8
:10F28000F6F76ABE70B50446056A05F158063046C1
:10F29000FFF7F2FF636AA3F580637F2B0BD801228F
:10F2A0005909483503F01F039A4055F8213023EAE5
:10F2B000020345F82130D4E90D124A60616B04F174
:10F2C00034031160C4E90D33002323623046BDE8E6
:10F2D0007040F6F71BBE30B58DB0456A04460B9101
:10F2E0002022014602A80A9501F00FF928230122E5
:10F2F0002946CDE900322046352202ABF6F744F824
:10F3000000EAE0700DB030BD28B1006A18B111B14B
:10F31000C36F03B11847704730B1006A20B119B10B
:10F32000D0F8803003B11847704730B1006A20B17F
:10F3300019B1D0F8843003B11847002070472DE987
:10F34000F84306468846174699460468A64201D106
:10F35000002520E07A1CA4F1340502D06B6ABB4280
:10F3600019D0B8F1000F22D020224146284601F0E2
:10F37000BAF8E0B9B9F1FF3F02D0AB6A4B450AD009
:10F380007B1C0BD02468B442E2D054F8103CA4F1AA
:10F3900034059F42E8D12846BDE8F883AB6A0133C3
:10F3A000F9D02468B442D3D0A4F13405D9E7246855
:10F3B000CCE710B5044690B1036A83B102784AB134
:10F3C00093F8903033B1436AB3F5806F02D30121D3
:10F3D000FFF781FF2046BDE81040FFF753BF10BD87
:10F3E00051F8083C43F0004341F8083C704770472F
:10F3F000F6F78CBD4FF0FF324FF0FF33F6F7ACBDA0
:10F40000F8B50C46054651F8086C00F15807384627
:10F41000B6B2FFF7EFFF24F8086CD5F8B820A4F1D6
:10F42000100344F80C2C05F1B40244F8102CC5F874
:10F43000B83054F80C2C38461360FFF7D9FF002081
:10F44000F8BD2DE9F041056A282A0F46D5F8AC0031
:10F4500088B026D101688468791AA14228BF4FF08C
:10F46000FF3120236A46FFF7B1FC05F15806D7F8B3
:10F4700020803046FFF7BEFF43464FF0FF3269461B
:10F480002846FFF75CFF7B6A0446DB0719D560B9A5
:10F490003046FFF7ADFF6B6F1BB142466946284609
:10F4A0009847002008B0BDE8F0814FF0FF33836239
:10F4B0003046FFF79DFF236B002BECD0204698478A
:10F4C000E9E720B93046FFF793FF2B6FE4E7C0F878
:10F4D00028803046FFF78CFFE3E730B4D0F8A05027
:10F4E0001346AD6925B930BCD0F8A400FFF7E4BDE0
:10F4F000012D06D130BC0A46D0F8A4001946FFF70A
:10F500001ABE002030BC70477FB50C461946D0F8B3
:10F51000A0309D695DB90094CDE9024201232A46DD
:10F52000D0F8A40002A9FFF76BFD04B070BD012D57
:10F53000FBD1D0F8A40004B0BDE87040F5F708BFD7
:10F540002DE9FF4103685F6A07F158063046FFF76F
:10F5500051FF38460DF10A0203A9FFF7BEFF04462A
:10F560003046FFF745FF002C41D0BDF80A30304649
:10F57000A360FFF73FFF4FF0FF330021384662687A
:10F58000FFF7DDFE05463046FFF732FF7DB1AB6A7F
:10F59000E96B013308BF2368284608BFAB622368C4
:10F5A000A2890091D5F82C8004F11001C0473046A3
:10F5B000FFF720FFA368002B06DB21463846BDF885
:10F5C0000A30039AFFF7A0FF38460DF10A0203A99B
:10F5D000FFF783FF044618B13046FFF709FFC4E781
:10F5E000D7F8A400FFF7F9FD3046FFF701FF04B09C
:10F5F000BDE8F081F8B5044651F8086C00F15807F1
:10F600003846B6B20D46FFF7F5FE3146D4F8A400F1
:10F61000FFF78CFD33460246A5F110012046FFF7A7
:10F6200073FFD4F8A400FFF7D8FD3846BDE8F840D2
:10F63000FFF7DEBE2DE9F043A3F1100653F8085C96
:10F64000002389B00693ADF81E3004461023CDE99F
:10F650000412DDF84090D0F8AC00ADF81C900168C1
:10F660008768711A0DEB0302B94228BF4FF0FF31D2
:10F6700004F15808FFF7E3FB4046FFF7BBFED4F860
:10F68000A030ADB29B69CBB9D4F89420D4F8A030A7
:10F69000D4F8A8009B69C3B9CDE9026200960122A3
:10F6A00002A9FFF7ADFCD4F8A800FFF796FD40468D
:10F6B000FFF79EFE484609B0BDE8F0832946D4F81E
:10F6C000A800FFF733FD0246E0E7012BEBD1294606
:10F6D000F5F73EFEE7E710B548B149B143688B4204
:10F6E00006D382680468D21A5B1A4360A01810BD62
:10F6F0000020FCE72DE9F3470546D0F8A0000E46B0
:10F70000036A17469B689847430703D4002002B05A
:10F71000BDE8F08743F69823002F18BF1F4605F178
:10F72000580805F1B40A4046FFF764FED5F8B44026
:10F73000D5F8A0305445D3F8189025D024B3D4E997
:10F740000023536022681A60C4E90044B9F1000F35
:10F750000ED1D5F8943033604046FFF749FEBDF82E
:10F76000063004F11000A3603368103B3360CEE72D
:10F77000B9F1010FF0D12189D5F8A800ADF8061034
:10F78000FFF7D4FC3060E7E7B9F1000F2AD131462A
:10F79000D5F8A8000DF10602FFF78EFC04460028FC
:10F7A000DAD1D5F8A8301B8D53B94046FFF720FEBB
:10F7B000002FABD021200021F7F790F8013FB2E7EE
:10F7C000D5F89410D5F8B000FFF785FF0446D5F8BA
:10F7D0009430ADF8069033604046FFF709FE002CE8
:10F7E000E6D0BCE7B9F1010FDFD13246D5F8A80069
:10F7F0000DF10601FFF79FFC0446EDE720B119B1BA
:10F8000012B1C0E901220160704710B5044618B971
:10F8100010BD3438FFF7CDFD20688442F9D10023B4
:10F82000C4E92933F4E708B1E7F764BD70477047CE
:10F8300040B1C368587810F001001EBF1878B0FAC4
:10F8400080F04009704700F023BE00F0FABD10B40C
:10F8500000F10C04C0E903445DF8044BF9F72EBD38
:10F860002DE9F04F054687B0DDE9106791463B462C
:10F87000324604A8884605F1140A00F00AFCDDE9C6
:10F880000434CDE902344FF02003EFF3118483F305
:10F890001288BFF36F8F05F10C0B4A46414628468C
:10F8A000F9F798FC30B184F31188BFF36F8F07B07C
:10F8B000BDE8F08F3E43F6D0DDE9022304A800F056
:10F8C0000CFCDDE904675A4621465046CDE9006745
:10F8D000F6F7B6FE4FF02003EFF3118483F312889E
:10F8E000BFF36F8FD9E738B504464FF02003EFF32D
:10F8F000118583F31288BFF36F8FF9F722FC04F1AF
:10F900000C0000F056FB30B1294604F11400BDE8AC
:10F910003840F6F7F9BE85F31188BFF36F8F38BD15
:10F9200082684369134313F003030CD1C360016978
:10F93000994201D800207047C168013311604169C4
:10F94000C2600A44F3E76FF01500704710B5C0E9D4
:10F9500004320023816083610446FFF7E1FF002841
:10F96000A8BFC4E9004410BDF8B504460D464FF0E9
:10F970002003EFF3118683F31288BFF36F8FC768FC
:10F980006FB900F0CCFA50B1C767456100F04DFA8D
:10F99000314604F10800BDE8F840F6F7B5BEE3686B
:10F9A0002B60A369E560013BA36186F31188BFF377
:10F9B0006F8FF8BDEFF30580003818BF0120704746
:10F9C0006FF05700704700207047F6F7AFBE08B5DC
:10F9D0004FF02002EFF3118382F31288BFF36F8F91
:10F9E000E7F73AF9F4E790F90E308B4201D0F6F7D9
:10F9F00045BE0020704703460020C3E90033C3E939
:10FA0000020070472DE9F843994604460D4690469A
:10FA10009DF8203000F108064FF02002EFF3118727
:10FA200082F31288BFF36F8F03B14568304600F050
:10FA300076FA58B10023C0F81480C36700F0F5F9D6
:10FA400030463946F6F760FE00200CE0B9F1000FB1
:10FA50001BD00821F7F70CFA38B987F31188BFF3E8
:10FA60006F8F6FF00B00BDE8F8830122C0F80480AF
:10FA70000260016801F003015DB922680A43026077
:10FA8000626820606AB960600BE04046C8F8009088
:10FA9000EFE72A68032A10D80160616839B9C4E920
:10FAA0000000042104F1100000F08DFCC8E70A6892
:10FAB00002F0030202430A60E5E722F003020A4370
:10FAC00002602A6802F0030240EA02032B60E8E7C2
:10FAD00010B5044630B10268930703D0446809B1F9
:10FAE00000F0A4FC204610BD0023C0E9003300F163
:10FAF0000803C0E9023300F11003C0E90433704782
:10FB0000012307B5009300230A461946FFF77AFF41
:10FB100003B05DF804FB002307B50A4600931946BD
:10FB2000FFF770FF03B05DF804FB00210068FFF7EA
:10FB3000CFBF5AB18A4209D300F11003C0E90212C3
:10FB4000C0E90000C0E90433002070476FF01500E1
:10FB50007047012302688B4022EA0303036022FA04
:10FB600001F000F00100704710B5032104460C308D
:10FB7000FFF7EFFF30B104F1100000F06EFAB0FAB9
:10FB800080F0400910BD20B10022D030114600F0B5
:10FB900041BA704770B5C3680446C3F340069B077B
:10FBA00016D4856802210C30FFF7D3FF80B1D5F859
:10FBB000C8206AB194421DD122689EB9D5F8CC30D4
:10FBC000C5F8C8209C4201D1C5F8CC200023236091
:10FBD000E36813F00F001EBF43F00203E36040F040
:10FBE000020070BD3260D5F8CC20944208BFC5F841
:10FBF000CC60EBE716461268DBE71030F6F786B903
:10FC000073B504464FF02003EFF3118583F3128898
:10FC1000BFF36F8F0023A0F1100603210438019376
:10FC2000FFF797FF28B1A369304601A90193F6F7C2
:10FC3000F3F985F31188BFF36F8F02B070BD38B54B
:10FC400004460D461022002100F022FC656038BDFC
:10FC50004FF02002EFF3118382F31288BFF36F8F0E
:10FC6000C06800F00F0083F31188BFF36F8F7047F7
:10FC700013B5019008464FF02003EFF3118483F38E
:10FC80001288BFF36F8F01A9F6F7C6F984F31188C4
:10FC9000BFF36F8F02B010BD10B5FFF7E9FF041E70
:10FCA00009DD4FF02003EFF3118083F31288BFF3D7
:10FCB0006F8F00F068F9204610BD70B50D464FF00B
:10FCC0002003EFF3118683F31288BFF36F8FF6F7EB
:10FCD000FDF9044686F31188BFF36F8F38B14FF0FA
:10FCE000FF324FF0FF3305F11000F6F735F92046EB
:10FCF00070BD08B5E822002100F0CAFB08BD38B588
:10FD000030220D460021044600F0C2FB4FF4807300
:10FD10006560E36038BDFFF79BBF38B504464FF020
:10FD20002003EFF3118583F31288BFF36F8FFFF782
:10FD30001BFF2046FFF72EFF85F31188BFF36F8F5F
:10FD400038BDF8B504460D464FF02003EFF3118699
:10FD500083F31288BFF36F8FC36803F00F03002B88
:10FD600014BF0127002705D186F31188BFF36F8FD9
:10FD70003846F8BDFFF7F8FE2046FFF70BFF29468F
:10FD80002046F6F72BF986F31188BFF36F8F002812
:10FD9000EED04FF0FF324FF0FF3305F10800F6F7D9
:10FDA000DBF8E5E7D0E9003213605A600023C0E9D0
:10FDB0000033704708B5FFF7F5FF437B23F00203DC
:10FDC00043730023836008BD90F90E3091F90E0053
:10FDD000834214BFC01A0020704738B504460D4650
:10FDE000F6F778FB637B43F002036373E5B1A5602C
:10FDF0002B689D4209D16B68C4E900531C606C609C
:10FE000012E06A689342F6D01B68002BF3D094F995
:10FE10000E2093F90E108A42F3D09142F1DD5A6818
:10FE2000C4E9003214605C6038BD10B54FF02003A7
:10FE3000EFF3118483F31288BFF36F8FF6F716FB8D
:10FE400084F31188BFF36F8F10BD10B504461830CE
:10FE500000F003F94FF02003EFF3118183F31288D0
:10FE6000BFF36F8F627B12F0100204D081F3118810
:10FE7000BFF36F8F10BD2046BDE81040F6F75ABBA8
:10FE800008B54FF02002EFF3118182F31288BFF31F
:10FE90006F8F83680BB1FFF78DFF81F31188BFF37C
:10FEA0006F8F08BD38B504464FF02003EFF311857E
:10FEB00083F31288BFF36F8F437B13F0280F0BD1AE
:10FEC00083680BB1FFF776FF637B51B903F0FB0347
:10FED00020466373F6F7CAFA85F31188BFF36F8F74
:10FEE00038BD03F0EB03F3E701211838FFF7DABF61
:10FEF00008B503464FF02002EFF3118182F3128818
:10FF0000BFF36F8F0068834207D008B1FFF752FF3D
:10FF100081F31188BFF36F8F08BD0020F8E738B573
:10FF20004FF02003EFF3118583F31288BFF36F8F37
:10FF30000468A0420DD034B12046FFF73BFF04F126
:10FF4000180000F08AF885F31188BFF36F8F204600
:10FF500038BD0024F7E7014610B54FF02003EFF35A
:10FF6000118483F31288BFF36F8F83680BB1FFF79F
:10FF700021FF84F31188BFF36F8FBDE8104001F1BA
:10FF8000180000F06AB8034620B9EFF305820AB9F9
:10FF9000E6F702BD83F31188BFF36F8F70474FF010
:10FFA0002003EFF3118083F31288BFF36F8FFFF705
:10FFB000EABF38B5054600202C68A54200D004B938
:10FFC00038BD2046FFF7C7FF2046FFF72EFF012070
:10FFD000F2E74FF02002EFF3118182F31288BFF3B2
:10FFE0006F8F027BD2070AD581F31188BFF36F8F21
:10FFF000404080F311884FF0040002DF7047437BDC
:020000040002F8
:100000001B0704D581F31188BFF36F8F704701225E
:10001000F6F790BA38B54FF02003EFF3118583F36C
:100020001288BFF36F8F0468A04212D09CB1E167C1
:1000300062612046FFF7BEFE04F1180000F00DF8E3
:100040002046F6F713FA012085F31188BFF36F8F6E
:1000500038BD0020F8E72046F6E710B54FF0200243
:10006000EFF3118482F31288BFF36F8F03683BB103
:10007000F6F7AAFC002084F31188BFF36F8F10BD40
:100080006FF01500F7E708B5F6F79AFD08BDF6F72B
:1000900097BDB3F1FF3F08BFB2F1FF3F70B5044613
:1000A0001D46164613D01A4315D06FF001024FF0CB
:1000B000FF33921B63EB0501002904DAF6F780FD9C
:1000C000821941EB0501C4E90021204670BD4FF0C3
:1000D000FF321146F7E70022FBE7B3F1FF3F08BF0D
:1000E000B2F1FF3FF8B5074616461C4610D054EA59
:1000F000020311D0F6F764FDB0420A46A14103465F
:100100000AD2F31A64EB0204C7E900343846F8BD9A
:100110004FF0FF331C46F7E70023FBE70023C0E95D
:10012000081200F11802C0E90622C0E90033036397
:100130004363704710B50446FFF78FFFB0B9636A99
:100140000BB12046984704F11800FFF7D1FE68B1C3
:10015000FFF76BFE4FF02003EFF3118083F312885B
:10016000BFF36F8FBDE81040FFF70DBF10BD142324
:10017000F0B500244FF48B7603FB010001B9F0BD0C
:1001800010F8073CA0F1140703F03F03082B40F8D8
:100190000C4C0CD826FA03F3DB0708D550F8143CB6
:1001A0002BB150F8105C2B605D6040E9054482F390
:1001B0001188BFF36F8F4FF02003EFF3118283F3A9
:1001C0001288BFF36F8F38460139D7E7F8B50D466F
:1001D000D0E900138842044605D16368C5E90043AD
:1001E0001D6065601DE0002BF7D0986800B1603895
:1001F000A2F160073946FFF7E7FD0028EDDC26682D
:10020000B442EAD0002EE8D0B16801B16039384676
:10021000FFF7DAFD002805DD7368C5E900631D609E
:100220007560F8BD63689E42D7D03668EAE72DE96D
:10023000F84F00258B4614461F4682462E46A84698
:100240005D4502DB3046BDE8F88F4FF02003EFF349
:10025000118983F31288BFF36F8F9AF80D3003F082
:100260003F03013B072B0FD8DFE803F01E040E0A03
:100270000E0E0E25DAF810309B682BB1022320E019
:10028000DAF810301B688BBB47BB237833B39AF87E
:100290000D3003F03F03013B072B30D8DFE803F0BC
:1002A00033282F282F2F2F38DAF810309B68002B97
:1002B000EAD0012305E0DAF810301B6A002BE3D006
:1002C0001023DAF80C20CAF80880C2F386310B43F9
:1002D00063F39432CAF80C2084F8008089F3118803
:1002E000BFF36F8F01350AF1140AA9E70423E8E789
:1002F00022465146DAF810001030FFF767FFCAF8BF
:1003000008400136EAE722465146DAF81000F4E7E1
:10031000DAF81000224651462430EEE72DE9F0418C
:10032000846805460E46ECB16378012B25D114F89C
:10033000533C9A0714D5A4F160073846FFF70BFE2B
:10034000082E0CBF6FF003030023E36114F8533C45
:10035000DB0605D154F8483C13B93846FFF765FD74
:10036000002323700020EB68A860C3F38632164395
:1003700066F39433EB60BDE8F081022BF0D1237873
:10038000002BEDD054F8048CB8F1000FE8D004F144
:100390001400FFF762FE0023A4F11407394640461B
:1003A000E362FFF765FCDBE710B5002452050902A4
:1003B00001F47C5102F400120A43017B84600A4379
:1003C000C0E9032310BD034610B54FF02002EFF340
:1003D000118482F31288BFF36F8F0068834208D0C4
:1003E000D0E9003213605A600023C0E90033FFF700
:1003F00095FF84F31188BFF36F8F10BD0023C0E910
:100400000000836070470432D3B5044608D200264A
:10041000002741F00401CDE90067FFF721FA10B988
:10042000002002B0D0BD40F8044BFAE720B1011F14
:1004300050F8040CFFF757BA704701460420F6F74E
:1004400009BD0A44431E914200D1704710B511F80E
:10045000014B914203F8014FF9D110BD884210B50C
:1004600001EB020402D98442234607D8431EA1426D
:1004700008D011F8012B03F8012FF8E702440146D8
:100480008A4200D110BD13F8014D02F8014DF7E783
:1004900002440346934200D1704703F8011BF9E779
:1004A0009A4208B501D9E6F759FE814204D88B1863
:1004B0009842F8D3814202D183189942F3D3BDE820
:1004C0000840FFF7BEBF0139024410B5904201D188
:1004D000002005E0037811F8014FA34201D0181B5A
:1004E00010BD0130F2E710B56AB10139841810F877
:1004F000012B11F8013F9A4203D1A04201D0002AFA
:10050000F5D1D01A10BD1046FCE710B501390446EC
:1005100032B111F8013F013A00F8013B002BF7D14D
:100520000021FFF7B5FF204610BD0246014410B57B
:100530008A42134603D01C780132002CF8D1181AD5
:1005400010BD2DE9F047C3F137090746884603F08F
:100550001F055FFA89F916464FF0000A38464146F2
:100560002A465346E0F716FA4346D4B23A4688463E
:100570000746092C84BF4C44E4B2AA4204F130047B
:1005800073EB0A0306F8014BE8D23046BDE8F0876A
:100590002DE9F04F061889B09946154641EB010444
:1005A00004AB3046DDF84CB021460093A9F1410A76
:1005B000D2E9002300F0A9F806AB0746884630468A
:1005C00021460093D5E9022300F09FF80022DDE9DF
:1005D0000463841951EB0306069B28BF0122D5E969
:1005E0000001D218079B43F10003381848EB0101C2
:1005F000B84271EB0801E968039138BF0120A9688E
:1006000028BF0020CDF800A014EB010C039946EBA5
:10061000010110EB0C0041F10001A04271EB060C4E
:1006200034BF4FF0010C4FF0000CCDE906231CEB5A
:10063000020243F1000300F083F8129BC3E90001BA
:10064000149B012BDDE9062329D1D5E90201D5E967
:1006500000C5201ACDF800A066EB0101674578EBD4
:10066000050534BF01250025401B61F100018442CE
:1006700076EB010534BF01250025521B63F1000311
:1006800000F05EF8DDE90623CBE9000120463146A3
:10069000CDF800A000F054F809B0BDE8F08F17EBDA
:1006A000070E48EB080C201946EB0601BE457CEB13
:1006B000080834BF01270027C71941F10008D5E910
:1006C000000186457CEB010C34BF01200020D5E9F8
:1006D0000215381A68F1000C401A6CEB05019218EB
:1006E0005B41A74278EB060534BF0125002552196E
:1006F00043F10003874278EB010834BF0125002550
:10070000521BA9F140050095B8E7F0B50F46044625
:10071000A0FB0201059EA7FB02524919A3FB044559
:10072000A7FB037342F10002611845F10004D219DE
:1007300043F10003121943F10003C6E90023F0BDA1
:10074000F0B5059CC4F14007C4F12006A4F12005D2
:10075000E04002FA06F6BB4022FA05F5BA40334300
:10076000C4F120062B4301FA06F6A4F1200530431C
:1007700021FA05F5E140284319431043F0BD2DE966
:10078000F04F55EC104BA446C5F30A5403460846F7
:1007900044EA0C072946C5F313053026E14657EA1B
:1007A0000508AE465E7174D10024A1421C716EDA58
:1007B0000121A04219714FF000041ADA204603F11A
:1007C00012060D25C2F157024FF0300C07F00F0151
:1007D0003F0947EA0E774FEA2E1E002940F0878036
:1007E000A84201DB86F800C0013D06F1FF36EDD1DD
:1007F00076E00C2868DCC0F10D010126890001F1CA
:10080000FF3EA1F12108C1F1210706FA08F826FAF6
:1008100007F706FA0EF648EA070816EB060A48EB51
:10082000080BDAF100076BEB4B0E1AF1FF3A4BF1B4
:10083000FF3B0AEA0C0A0BEA050B564578EB0B0B5B
:1008400011DBC1F1200BB1F1200A2CFA01F105FAFC
:100850000BFB58BF45FA0AFA41EA0B0158BF41EABF
:100860000A01C90724D51CEB060C45EB0805E14637
:10087000B5F5801F1CDB5979B4F5806F01F10101DA
:10088000597127D007EA0C070EEA050E97E70028F2
:1008900091E75CB13126C90F0028A4F2FF345E71E4
:1008A00019710FDB0C28A6DD0D2005E00124F2E70D
:1008B00007EA09090EEA0505B4F5806F06D04F4630
:1008C000AE467CE70020F7E70D2078E759EA0505FA
:1008D0001A7908D01A794FF4806442F008021A712C
:1008E0001C60BDE8F08F42F004021A71F8E7092994
:1008F000D4BF30318918A8423170B8BF284673E799
:10090000D1E9043293421EBF5A1C0A611870704725
:10091000014800687047000084350020AC00FE7F6D
:1009200001000000D571000000000000F93800004F
:1009300000000000AD170100EC090200295B010076
:10094000000000004D5B01000000000001240100D8
:10095000140A020001240100000A020063E90100F8
:1009600000000000C92C0100280A0200451A0100FD
:10097000000000006D32010000000000493F00004F
:100980000000000031720000000000003129010069
:100990003C0A0200757100000000000067E90100D8
:1009A00000000000A95F010000000000B91B010069
:1009B000500A020025A00100640A0200712601000D
:1009C0008C0A0200C5210100780A02009974000017
:1009D00000000000ED78000000000000FD130100A1
:1009E000000000005973000000000000A75402003E
:1009F000281B0200581B020034090020AC3B0020D9
:100A000007570200181C0200481C02003A09002087
:100A1000703C002013570200301C0200481C0200EA
:100A20003C0900207C3C00209B590200DC1C020099
:100A3000101D020042090020100700205A59020030
:100A400008070020C81C020040090020883C002044
:100A5000765602007C1B0200E01B020036090020D3
:100A600084060020C826020064040020E01302006F
:100A700032090020D00E0020E656020000000000DF
:100A8000FC1B02003809002000000000675802002B
:100A90006C1C0200B01C02003E090020D0060020A1
:100AA00000000000FDB2010000000000FDB20100E6
:100AB00000000000FDB2010000000000FDB20100D6
:100AC00000000000FDB20100D537010079E9010006
:100AD00000000000FDB2010000000000FDB20100B6
:100AE000280A0200A7E80100DD4D010079E90100B4
:100AF00000000000FDB2010000000000FDB2010096
:100B000000000000FDB20100CD3E010079E90100C6
:100B100000000000FDB2010000000000FDB2010075
:100B200000000000FDB2010000000000FDB2010065
:100B300000000000FDB2010000000000FDB2010055
:100B400000000000FDB2010000000000591100008B
:100B500000000000FDB2010000000000FDB2010035
:100B600000000000FDB2010000000000FDB2010025
:100B700000000000FDB2010000000000FDB2010015
:100B800000000000FDB2010000000000FDB2010005
:100B900000000000FDB2010000000000FDB20100F5
:100BA00000000000FDB2010000000000FDB20100E5
:100BB00000000000FDB2010000000000FDB20100D5
:100BC00000000000FDB2010000000000FDB20100C5
:100BD00000000000FDB2010000000000FDB20100B5
:100BE00000000000FDB2010000000000FDB20100A5
:100BF0001541010079E901005D48010079E9010032
:100C000000000000FDB2010000000000FDB2010084
:100C100000000000FDB2010000000000FDB2010074
:100C200000000000FDB2010000000000FDB2010064
:100C300000000000FDB2010000000000FDB2010054
:100C400000000000FDB2010000000000FDB2010044
:100C500000000000FDB2010000000000FDB2010034
:100C600000000000FDB2010000000000FDB2010024
:100C700000000000FDB2010000000000FDB2010014
:100C800000000000FDB2010000000000FDB2010004
:100C900000000000FDB2010000000000FDB20100F4
:100CA00000000000FDB2010000000000FDB20100E4
:100CB00000000000FDB2010000000000FDB20100D4
:100CC00000000000FDB20100E00C002050510020A7
:100CD00000040000E5180000000000000000000013
:100CE0000000000007000000000000006A2202006F
:100CF0000000000000000000A80D0020505500205A
:100D000000100000251C0000000000000000000092
:100D10000000000007000000000000007222020036
:100D2000000000000000000005000000A1B4000069
:100D300000000000060000001DFE00000000000092
:100D400004000000B9CE00000000000031160000D1
:100D5000E913000000000000A113000000000000E3
:100D60001916000000000000000000000000000054
:100D70000000000000000000000000000BD3010094
:100D800000000000041902000A000000CC19020053
:100D900007000000B8140200070000007C130200E6
:100DA000050000002531020003000000F7220200C8
:100DB00003000000823C0200020000009B48020089
:100DC000020000003C4002000200000095290200E1
:100DD000030000006651020002000000E23202003F
:100DE00002000000FE27020002000000903D020009
:100DF00002000000AE4C0200020000001C290200AC
:100E000003000000D33902000200000084540200F5
:100E1000020000009254020002000000682A020052
:100E200003000000BA3C020002000000053C020082
:100E3000020000004E51020002000000A645020020
:100E4000020000009931020002000000BC320200E2
:100E500002000000A350020002000000DE24020095
:100E600003000000D354020003000000C659020032
:100E700003000000FD5602000300000030260200BF
:100E8000030000001F57020003000000705802001A
:100E9000030000008D220200030000002124020054
:100EA00003000000BC26020003000000E726020049
:100EB00003000000EB26020003000000D42702001C
:100EC0000300000065590200030000001830020012
:100ED000030000007051020003000000785102007E
:100EE000030000001031020003000000945B0200C8
:100EF000030000008356020003000000BF3202001E
:100F000003000000D730020003000000033102009C
:100F100003000000A5590200030000009C14020019
:100F200094040020C327020001000000B93202002F
:100F300000000000C17500004D78000000000000B6
:100F4000874B020000000000FFD3010000000000FA
:100F500000000000A24C02000000000069E4000054
:100F600000000000000000009A4C02000000000099
:100F700031DB0000E9E800000000000046510200FB
:100F800000000000950E0100A50D0100000000000A
:100F9000A84C020000000000F5DF000055DF000053
:100FA00000000000FFFFFFFFFFFFFFFFFFFFFFFF4D
:100FB0000000000001000000A0000000F0000000A0
:100FC000000000000100000001000000A00000007F
:100FD000F0000000000000002152010006000000A7
:100FE00000000000000000010000000200000004FA
:100FF0000000000800000010000000200000004079
:10100000000000800000001B00000036FF00000010
:10101000FF000000FF000000FF000000FF000000D4
:10102000FF000000FF000000FF000000FF000000C4
:10103000FF000000FF000000FF00000000020000B1
:10104000000200000000000001030062746C6500F3
:101050000000000000000000000000000000000090
:101060000000000000000000000000000000000080
:10107000000000000000000000000000000100006F
:101080000338FDD870470000010000000000000098
:101090000500000000000000190000000000000032
:1010A0007D00000000000000710200000000000050
:1010B000350C000000000000093D000000000000A9
:1010C0002D31010000000000E1F5050000000000E6
:1010D00065CD1D0000000000F90295000000000031
:1010E000DD0EE90200000000514A8D0E00000000F4
:1010F0009573C24800000000E941CC6B010000007C
:101100008D49FD1A07000000C16FF2862300000020
:10111000C52EBCA2B1000000D9E9AC2D78030000B7
:101120003D9160E45811000031D6E275BC560000D4
:10113000F52E6E4DAEB10100C9EA2683677808002E
:10114000ED95C28F055A2A00A1EDCCCE1BC2D3006B
:1011500025A4000A8BCA2204000000000000000041
:10116000000000000000001000000000000000006F
:10117000B9340332B7F4AD1410DB1AB30892540E2D
:101180000D307D951447BA1A66088F4D26ADC66D91
:10119000F598BF85E2B74511CA96853D92BD1DEB16
:1011A000FCA11860DCEF52163C92AE220BB8C1B421
:1011B000839D2D5B0562DA1C304C7E8F4E8BB25BBB
:1011C00016F4529F8B56A512FBD4827643ED8AF01B
:1011D0008FE7F9311565191850F19BD94A13EEB410
:1011E000284CF0A686C1251F035FC270CB9E49160E
:1011F000E642889C44EB2014B0650836AD6EA585A8
:1012000085F0CA14E2FD031A0B899979D5B13D091D
:10121000D8DA973A35EBCF10AC363F5E73BB38CF98
:101220003E6752FA44AFBA1501000000000000000A
:101230000000000000000020345065C05FC9A652C5
:10124000BB13CBAEC440C21806C8DF7100D5A87C62
:10125000F56F0FDA58FC27136E4756357D2420654D
:1012600002C7E768E48CA41DE9E60268D7CD3961BE
:101270007977FCC2405BEF16798CDE43FFA751F90A
:1012800091F3B278F5BDBE11E857E9D6E8BEE87B28
:10129000B054AC8F848D751BEA23A499E9F9D38BE4
:1012A000B7A3714061DA3E15CEE33ECB73F948082F
:1012B0008C97B427D51B7010A2BFEFB9EB85321500
:1012C0004DB44DB49BBB6F1996B6076CF8E7EEAD05
:1012D00036D9B4F59135AE13222218AF4E6A684D57
:1012E00091DAAA3D4F40741E9FBD9EE006A1C098B2
:1012F00057C2A7FDA40E90170E7D497173E3208F8E
:10130000B220D87605143B12853D7434811343B066
:10131000AD297A5F27F4351C010100000409002083
:10132000090600003F200200090D000046200200CF
:101330000101000007090020030200000509002048
:1013400001010000803801007A2202000202000040
:101350003D9600007F220200030300001E4B0000A8
:1013600082220200040400008F2500008522020072
:1013700005050000C8120000892202006008002054
:10138000FFD5010000000000190900200000010045
:101390005C080020BDD701000000000058040020B8
:1013A000000001000809002000000000000000000B
:1013B000000000000000000058080020D1D5010006
:1013C000C1E100002C0400200000030054080020AC
:1013D0002BD8010000000000EA22020000000100FA
:1013E00079390000D7A00100593B0000A53B00005F
:1013F000853C0000B99E01002D9F0100C19E0100A7
:10140000F39E0100DD9E0100C79E01000000000068
:101410000000000009A20100F9A1010005A20100DD
:10142000F7A1010000000000000000000000000023
:1014300000000000E7A1010050130020000100009F
:10144000D3A2010099A2010002000000ED470000B4
:10145000000000000000000000000000000000008C
:10146000A3270200AB2702000000000000000000DC
:1014700000000000B3270200B7270200BB270200CC
:10148000BF2702008C140200802F0020E1480000DA
:10149000A02F00204F5000200100000097A4010061
:1014A0008DA401007DA4010071A4010000000000D2
:1014B00065A40100000000008C080020FFD5010099
:1014C00000000000880800200000010084080020BF
:1014D000BDD7010000000000AC04002000000100A6
:1014E0007C080020FBA4010000000000DD270200B2
:1014F0000000010078080020BDD7010000000000B6
:10150000A40400200000010070080020FBA40100DA
:1015100000000000F1270200000001006C0800201C
:10152000BDD70100000000009C0400200000010065
:1015300064080020C1490000000000002A090020C2
:101540000000010003000000000000000000000097
:1015500000C00F00780A02000100000000C00F0068
:1015600000200000780A02000200000000E00F00E6
:1015700000200000780A0200982F8A4291443771B7
:10158000CFFBC0B5A5DBB5E95BC25639F111F15906
:10159000A4823F92D55E1CAB98AA07D8015B831248
:1015A000BE853124C37D0C55745DBE72FEB1DE80F4
:1015B000A706DC9B74F19BC1C1699BE48647BEEF23
:1015C000C69DC10FCCA10C246F2CE92DAA84744AAE
:1015D000DCA9B05CDA88F97652513E986DC631A824
:1015E000C82703B0C77F59BFF30BE0C64791A7D503
:1015F0005163CA0667292914850AB72738211B2E8B
:10160000FC6D2C4D130D385354730A65BB0A6A7672
:101610002EC9C281852C7292A1E8BFA24B661AA87E
:10162000708B4BC2A3516CC719E892D1240699D68E
:1016300085350EF470A06A1016C1A419086C371E07
:101640004C774827B5BCB034B30C1C394AAAD84EE5
:101650004FCA9C5BF36F2E68EE828F746F63A57820
:101660001478C8840802C78CFAFFBE90EB6C50A4B3
:10167000F7A3F9BEF27871C600000000D7B20100EE
:10168000F4040020EC040020E4040020000000002A
:10169000DC040020E9610000B96000000D61000079
:1016A0008161000000000020000000000600010031
:1016B00002000000B816020000000000AA3002007C
:1016C00002000000E0FF0F0000000020B230020026
:1016D00021000000E0FF0620F81A0200E0160200D8
:1016E00047000000DCB10020F81A0200F0160200EA
:1016F0004B000000E4B50020F81A020000170200B9
:101700003D00000050B80020F81A02001017020037
:101710001000000068B900200E030000857F000063
:101720000F040000597F00001A010000717A0000C8
:1017300005040000897A000013010000D57F000035
:10174000FF0100002FB501003E010000E17C000018
:1017500005040000D17A000008040000AD870000F5
:10176000300300002587000010010000817B00008D
:1017700001120000B18600000A1E00005BB60100E5
:101780000309000005810000040B0000F57B000048
:10179000060A0000498A0000070A0000517B000089
:1017A0000C0500001D7B0000050C0000898900006D
:1017B0000841000061A3000009210000D5A300003A
:1017C000120500009D9E00001308000039A00000D3
:1017D000F81A0200D81702000301000098B900208F
:1017E000D93F0200E63F0200FA3F02000A40020031
:1017F0001A4002002940020073420200B345020071
:1018000070420200F81A02000C18020020000000CA
:10181000F8C40020F81A02001C1802006D00000035
:1018200078C5002001C101000DC1010000000000C9
:10183000000000000000000011C6000000000000D1
:10184000000000000000000000000000F81A020084
:1018500054180200110000007CD0002001D00100CB
:101860001DD0010055D0010001D0010039D0010088
:101870001DD0010091C70100BFC701007FCB01004F
:1018800091C7010065CB0100BFC701004DCD01002C
:101890002FCD010002020100A1D0010004040100CB
:1018A000D5D600000606010009D600000804010094
:1018B00041D500000A02010089D001000C0401009A
:1018C00071D001000E040100FDD3000020040100CE
:1018D00055D300001004010059D20000120201008B
:1018E00093CF010016040100FDC60100180101009C
:1018F00039CC01001E000400B7D1010052020000E3
:10190000B9CF0100D4080020FFD50100000000007D
:10191000D008002000000100CC080020BDD7010045
:10192000000000001806002000000100C40800208C
:1019300000000000000000000000000000000000A7
:10194000C0080020D1D50100C1E100002006002020
:1019500000000300BC080020BDD70100000000000B
:101960001006002000000100B408002037D6010056
:1019700011E300000000000000000300B008002098
:10198000BDD7010000000000080600200000010093
:10199000A8080020F9E70000000000000000000097
:1019A00000000100A4080020BDD7010000000000D5
:1019B00000060020000001009C08002067D60100FE
:1019C00000000000000000000000010000090020ED
:1019D000FFD5010000000000FC080020000001000D
:1019E000F8080020BDD70100000000005C060020C0
:1019F00000000100F008002087D601000000000070
:101A00000000000000000100EC080020BDD701002C
:101A1000000000005406002000000100E40800203F
:101A2000B1D601000000000000000000000001002D
:101A3000E0080020BDD70100000000004C06002097
:101A400000000100D808002089DE0000000000002E
:101A50000000000000000100A5FD000031E00100D1
:101A60007109010000000000000000007505010080
:101A70000000000000000000000000000000000066
:101A800000000000000000002DFA00000600000029
:101A9000EFDA0100060000007DFF000010000000EA
:101AA0000100010010000000110901000100000008
:101AB000F1FE000010000000610801000A000000B3
:101AC00065FE000010000000A506010007000000F0
:101AD000BFDC01001000000091DB010001000000EC
:101AE000B9F700004000000063DC010010000000B6
:101AF000A9DB010001000000C91101000000000085
:101B00006DE20100755402000900000000000000B1
:101B100071160100F1160100A913010069170100F7
:101B200039170100000000007518010015190100A7
:101B3000B254020041E5010053E50100B85402002F
:101B40003BE501004DE50100BE54020035E5010012
:101B500047E50100C8540200D9180100B1E40100B2
:101B600013E501000000000027E401000000000070
:101B70000000000004000000FF0000000000000062
:101B80000000000000000000000000000000000055
:101B90000000000000000000040300000000000539
:101BA000F40100000001010000008000C2281700BD
:101BB000B41B020000B00250C01B02000100000074
:101BC000C81B02000600000011061D000D061F00C4
:101BD0000E0620000F0621001006220012061E002D
:101BE00045200100251F0100111E0100C11A01003E
:101BF000B11A010000080000001000004FE60100CB
:101C000079220100ED2101009921010089210100C3
:101C100004000000FF000000FFFF000000288450C7
:101C2000000000000100000000D000500000000093
:101C3000FFFFFFFF002584500000000000000000AF
:101C400000D00050000000009524010043E701008F
:101C50004FE7010063E701006DE7010077E701004E
:101C6000012301008BE701000000000000900050FC
:101C7000000000000000000000000000000040061E
:101C80000000010110000000DDE70100941C0200CB
:101C9000FFFF000000900050A01C020001000000A7
:101CA000A81C02000200000022000C0023000B0010
:101CB00021260100000000005D2701000000000057
:101CC00000000000ED260100612A010007E8010084
:101CD00023E8010027E80100CD2901000080005021
:101CE0000200000000000000EC1C02000080005018
:101CF000F81C020001000000001D020004000000AA
:101D00001400000013000200960101009501030079
:101D10005FE80100452F010051E80100055A02006B
:101D2000185A02002B5A02003E5A0200515A020071
:101D3000645A0200775A02008A5A0200455B020088
:101D4000535B0200675B0200765B0200825B02006D
:101D50002409020024090200740902007C0902001F
:101D6000EC090200EC090200FF8FFFFFFF8FFFFF6D
:101D7000FE8FFFFFFE8FFFFFFD8FFFFFFC8FFFFF3A
:101D8000FC8FFFFFFB8FFFFF6D757465785F6672D8
:101D900065652063616C6C65642077697468204EAA
:101DA000554C4C20706172616D6574657200000065
:101DB00043616E277420696E697469616C697A6524
:101DC000206D757465782C20776173204E554C4CCE
:101DD0000D0A0000436F756C64206E6F74206C6F89
:101DE000636B20706F7765722073617665206D7507
:101DF0007465780000000000000000000000000092
:101E0000000000000000004095596959555554558F
:101E10001555555604051541105455404551554426
:101E200040455044505555450040004040044496BC
:101E300065555655454045545141154055915555A8
:101E4000555540510501000054455454455505046D
:101E500000100410140440000000014055551541C5
:101E60005404000044000100000000404100004410
:101E7000504445505400555554556551004000405C
:101E80000100000100050100115451515455550540
:101E9000000000000000000000000000D1F717372C
:101EA000D1F717B78071313F807131BF0000003F1B
:101EB000000000BF6937AC3168212233B40F1433FE
:101EC0006821A2333863ED3EDA0F493F5E987B3FCD
:101ED000DA0FC93F0C001400000090010600090051
:101EE000000090010000F0FFF0FFF0FFEAFF74FF38
:101EF000F0FFF0FFF0FFF0FFEAFF434F4E4E5F5060
:101F00004152414D533A69643D257520696E7465AF
:101F10007276616C3D25752028252E3266206D7302
:101F200029206C6174656E63793D25752074696D37
:101F3000656F75743D25750A00444953434F4E4EF5
:101F400045435445443A2069643D257520726561D6
:101F5000736F6E3D25750A004849445F4144563A07
:101F600020737461727465640A004849445F414497
:101F7000563A206661696C65642025640A00524106
:101F8000575F4144563A20737461727465640A0065
:101F90005241575F4144563A206661696C6564203E
:101FA00025640A0053454355524954595F464149F7
:101FB0004C45443A206572723D25640A00534543FE
:101FC00055524954595F4F4B3A206C6576656C3DCC
:101FD00025640A00434F4E4E45435445443A206918
:101FE000643D257520696E74657276616C3D25755A
:101FF0002028252E3266206D73290A0049445F434C
:1020000052454154455F4552523A2025640A0048E2
:1020100049445F4144565F4352454154455F4552F0
:10202000523A2025640A005241575F4144565F43AB
:1020300052454154455F4552523A2025640A0056A4
:102040004D2D526177005669727475616C204D6F29
:102050007573650005010902A1010901A1000509C7
:1020600019012903150025017501950381027505E4
:10207000950181010501093009311581257F750818
:1020800095028106C0C0524154453A004552524F14
:10209000523A62616420726174652C207573652008
:1020A000524154453A3120746F20524154453A35DB
:1020B0000A004D4F44453A005354415455533A4D4C
:1020C0004F44453A25640A004552524F523A6261E4
:1020D00064206D6F646520E2809420757365204DE7
:1020E0004F44453A30202855415254292C204D4F19
:1020F00044453A312028484944292C204D4F444535
:102100003A322028526177292C204D4F44453A33EA
:102110002028426F7468290A004552524F523A757E
:102120006E6B6E6F776E20636F6D6D616E640A000B
:102130004C534D3644534F20696E69742066616973
:102140006C656400494D552073747265616D696EEC
:10215000672073746172746564004649464F5F532B
:1021600054415455532072656164206661696C6501
:10217000643A202564004649464F20726561642018
:102180006661696C656420617420776F72642025D4
:10219000753A2025640025752C25642C25642C2592
:1021A000642C25642C25642C25640A0049324320C4
:1021B000627573206E6F74207265616479004932B4
:1021C000432072656164206661696C6564202872D1
:1021D00065743D25642920E2809420636865636B03
:1021E00020776972696E670057484F5F414D5F49BC
:1021F0003D3078253032582C2065787065637465E1
:10220000642030782530325820E280942077726F35
:102210006E6720646576696365206F72206164640F
:1022200072657373004C534D3644534F20666F757F
:102230006E64202857484F5F414D5F493D307825F7
:102240003032582900696D755F6164645F73616D38
:10225000706C655F63623A20616C6C20256420734A
:102260006C6F74732066756C6C00636D645F746969
:102270006400696D755F7469640031322E35003217
:1022800036003532003130340032303800696D7537
:1022900000756E737562736372696265640053548E
:1022A000415455533A424C455F5241575F434C4964
:1022B000454E543A25730A006F66660053544154E4
:1022C00055533A424C455F5241573A25730A0049EB
:1022D0004D555F5241575F444154412073657276BA
:1022E00069636520726561647900494D55205261CA
:1022F00077204461746100626C655F7261775F642E
:102300006174610043616C6962726174696F6E200F
:102310006661696C65643A206772617669747920D8
:102320006D61676E697475646520252E3166204C79
:102330005342203C20252E306620E2809420726596
:10234000747279696E67004D6F756E74696E673A65
:1023500020592D646F776E202868617264636F6402
:102360006564290043616C6962726174696F6E20F3
:10237000646F6E653A20626961733D5B252E32663B
:102380002C20252E32662C20252E32665D204C53C3
:10239000422C20677261766974793D5B252E336625
:1023A0002C20252E33662C20252E33665D00696D8A
:1023B000755F6D6F7573653A20696E697469616CDC
:1023C000697365642C20636F6C6C656374696E67F8
:1023D0002025642063616C6962726174696F6E208C
:1023E00073616D706C657300696D755F6D6F75738A
:1023F000653A20656E61626C656420E280942072AB
:102400006563616C6962726174696E6700696D759C
:102410005F6D6F7573653A2064697361626C6564A2
:1024200000696D755F6D6F7573650000070E091C9F
:102430001B1215383F363124232A2D28756E7369F7
:10244000676E6564292063686172202A2075736550
:102450006420666F722025257020617267756D6536
:102460006E742E2049742773207265636F6D6D65DD
:102470006E64656420746F206361737420697420D6
:10248000746F20766F6964202A20626563617573BA
:1024900065206974206D6179206361757365206DB5
:1024A00069736265686176696F7220696E20636521
:1024B000727461696E20636F6E66696775726174AC
:1024C000696F6E732E20537472696E673A2225739A
:1024D0002220617267756D656E743A2564006362CF
:1024E0007072696E74665F7061636B6167650046E8
:1024F00061696C656420746F207265626F6F743AF5
:10250000207370696E6E696E6720656E646C6573AA
:10251000736C792E2E2E0A004E5653206E6F742047
:10252000696E697469616C697A656400436F756C82
:1025300064206E6F74206F627461696E20666C61D6
:10254000736820706172616D657465727300556E99
:10255000737570706F72746564207772697465202A
:10256000626C6F636B2073697A6500556E61626C93
:102570006520746F20676574207061676520696EDF
:10258000666F00496E76616C696420736563746F71
:10259000722073697A6500436F6E66696775726150
:1025A00074696F6E206572726F72202D207365637F
:1025B000746F7220636F756E7400256420536563B9
:1025C000746F7273206F662025642062797465735E
:1025D00000616C6C6F63207772613A2025642C2057
:1025E00025780064617461207772613A2025642C3B
:1025F000202578004E6F20474320446F6E65206D84
:1026000061726B657220666F756E643A20726573D5
:1026100074617274696E6720676300474320446F7A
:102620006E65206D61726B657220666F756E6400F9
:1026300066735F6E767300496E76616C69642069BB
:102640006E7374616E636500496E76616C696420B7
:102650006261636B656E6420636F6E666967757235
:102660006174696F6E00496E76616C696420696E91
:102670007374616E63652C20656E64706F696E742F
:10268000206F7220636F6E66696775726174696F1F
:102690006E00496E76616C696420656E64706F6966
:1026A0006E7400456E64706F696E74206E6F742076
:1026B000726567697374657265640A006970635F47
:1026C0007365727669636500697063300073726167
:1026D0006D302E73686D0067656E65726963006C9E
:1026E0006F6767696E67006C6F67006C6F675F6D1F
:1026F000676D74004D6573736167652028222573CB
:1027000022292064726F7070656420626563617550
:1027100073652069742065786365656473207369E7
:102720007A65206C696D69746174696F6E20282503
:102730007529001B5B306D00257320005B25303848
:102740006C755D20005B253032753A253032753A64
:10275000253032752E253033752C253033755D20AC
:10276000003C25733E200025732F0025733A20007E
:102770002530327820007C00256300206D6573735E
:10278000616765732064726F70706564202D2D2DF4
:102790000D0A1B5B306D001B5B313B33316D2D2D02
:1027A0002D20001B5B313B33316D001B5B313B3314
:1027B000336D006572720077726E00696E66006438
:1027C0006267006C6F675F6261636B656E645F7503
:1027D000617274006C6F675F75617274006E52464F
:1027E000353334305F4350554150505F514B414178
:1027F000004D616E75666163747572657200627416
:102800005F646973007365742D76616C756520660D
:1028100061696C7572652E206B65793A202573208D
:102820006572726F7228256429004E6F206D6F7279
:1028300065205555494431367320696E20746865AA
:1028400020706F6F6C21004E6F206D6F7265205588
:1028500055494433327320696E2074686520706F67
:102860006F6C21004E6F206D6F7265205555494485
:102870003132387320696E2074686520706F6F6C18
:102880002100556E6B6E6F776E205555494420744C
:1028900079706500496E76616C6964206174747248
:1028A0006962757465004E6F207370616365206C9A
:1028B000656674206F6E20676976656E2073766337
:1028C000004E6F206D6F72652063687263206465CF
:1028D0007363726970746F727320696E20746865B7
:1028E00020706F6F6C210057726F6E672066756E77
:1028F0006374696F6E207573656420666F722073F0
:1029000070656369616C2061747472696275746565
:1029100020616C6C6F636174696F6E0062745F67D5
:102920006174745F706F6F6C004D656D6F727920AC
:1029300063616E206E6F7420626520616C6C6F63E2
:1029400061746564005468657265206973206E6FF8
:1029500020616C6C6F6361746564206D656D6F726E
:102960007920666F72207468697320636F6E6E657C
:102970006374696F6E004E6F206D656D6F727920A4
:10298000626C6F636B20666F7220636F6E6E65633F
:1029900074696F6E0062745F636F6E6E5F637478EC
:1029A0000054686520636F6E746578742077617376
:1029B000206E6F7420666F756E6400546865726572
:1029C000206973206E6F2066726565206D656D6F7E
:1029D000727920746F20616C6C6F63617465207410
:1029E000686520636F6E6E656374696F6E20636FD8
:1029F0006E7465787400546865206D656D6F7279CA
:102A000020776173206E6F7420616C6C6F636174EA
:102A1000656420666F722074686520636F6E7465EC
:102A20007874206F66207468697320636F6E6E65BA
:102A30006374696F6E2E005265706F7274206D61E1
:102A4000702073697A652065786365656473206DAD
:102A500061782041545420617474726962757465A0
:102A6000206C656E6774680062745F6869647300E7
:102A7000637C777BF26B6FC53001672BFED7AB763B
:102A8000CA82C97DFA5947F0ADD4A2AF9CA472C0E6
:102A9000B7FD9326363FF7CC34A5E5F171D8311553
:102AA00004C723C31896059A071280E2EB27B27574
:102AB00009832C1A1B6E5AA0523BD6B329E32F84EC
:102AC00053D100ED20FCB15B6ACBBE394A4C58CFE4
:102AD000D0EFAAFB434D338545F9027F503C9FA8B8
:102AE00051A3408F929D38F5BCB6DA2110FFF3D286
:102AF000CD0C13EC5F974417C4A77E3D645D19733A
:102B000060814FDC222A908846EEB814DE5E0BDB33
:102B1000E0323A0A4906245CC2D3AC629195E4796A
:102B2000E7C8376D8DD54EA96C56F4EA657AAE08C4
:102B3000BA78252E1CA6B4C6E8DD741F4BBD8B8A5F
:102B4000703EB5664803F60E613557B986C11D9EC5
:102B5000E1F8981169D98E949B1E87E9CE5528DF3C
:102B60008CA1890DBFE6426841992D0FB054BB1668
:102B70006D757465785F696E69742063616C6C65EE
:102B8000642077697468204E554C4C2070617261E6
:102B90006D6574657200436F756C64206E6F742090
:102BA000616C6C6F63617465206D7574657820620B
:102BB00065666F726520696E697469616C697A69AE
:102BC0006E670072302F61313A202030782530381E
:102BD00078202072312F61323A2020307825303829
:102BE00078202072322F61333A2020307825303817
:102BF000780072332F61343A2020307825303878CD
:102C0000207231322F69703A2020307825303878A0
:102C1000207231342F6C723A202030782530387889
:102C20000020787073723A20203078253038780090
:102C3000735B2532645D3A20203078253038782067
:102C400020735B2532645D3A202030782530387857
:102C50002020735B2532645D3A202030782530389F
:102C6000782020735B2532645D3A2020307825304F
:102C700038780066707363723A20203078253038D7
:102C800078004661756C74696E6720696E73747242
:102C9000756374696F6E2061646472657373202854
:102CA0007231352F7063293A20307825303878001A
:102CB0002A2A2A2A2A204D5055204641554C542074
:102CC0002A2A2A2A2A002020537461636B696E67BE
:102CD000206572726F722028636F6E74657874203D
:102CE00061726561206D69676874206265206E6F2E
:102CF000742076616C696429002020556E737461BC
:102D0000636B696E67206572726F72002020446188
:102D10007461204163636573732056696F6C6174DD
:102D2000696F6E0020204D4D46415220416464720F
:102D30006573733A2030782578002020496E7374CB
:102D400072756374696F6E20416363657373205697
:102D5000696F6C6174696F6E002020466C6F6174DE
:102D6000696E672D706F696E74206C617A7920735B
:102D70007461746520707265736572766174696FD1
:102D80006E206572726F72002A2A2A2A2A205553F1
:102D9000414745204641554C54202A2A2A2A2A00D8
:102DA00020204469766973696F6E206279207A65A4
:102DB000726F002020556E616C69676E6564206DCE
:102DC000656D6F72792061636365737300202053B2
:102DD0007461636B206F766572666C6F7720286311
:102DE0006F6E746578742061726561206E6F7420F7
:102DF00076616C6964290020204E6F20636F7072C9
:102E00006F636573736F7220696E73747275637428
:102E1000696F6E73002020496C6C6567616C206C73
:102E20006F6164206F66204558435F524554555288
:102E30004E20696E746F205043002020496C6C65F1
:102E400067616C20757365206F6620746865204526
:102E5000505352002020417474656D707420746F5B
:102E6000206578656375746520756E646566696E46
:102E7000656420696E737472756374696F6E002A7D
:102E80002A2A2A2A20425553204641554C54202AAA
:102E90002A2A2A2A002020537461636B696E6720F6
:102EA0006572726F720020205072656369736520CD
:102EB0006461746120627573206572726F720020A4
:102EC000204246415220416464726573733A203057
:102ED000782578002020496D7072656369736520DC
:102EE0006461746120627573206572726F72002074
:102EF00020496E737472756374696F6E20627573A6
:102F0000206572726F720052657365727665642017
:102F1000457863657074696F6E2028005370757210
:102F2000696F757320696E7465727275707420288C
:102F30004952512000535053454C20696E2074680B
:102F400072656164206D6F646520646F6573206EC7
:102F50006F7420696E64696361746520505350001A
:102F60002A2A2A2A2A2048415244204641554C54B4
:102F7000202A2A2A2A2A0020204275732066617599
:102F80006C74206F6E20766563746F72207461625A
:102F90006C6520726561640020204465627567205D
:102FA0006576656E740020204661756C74206573CB
:102FB00063616C6174696F6E20287365652062655A
:102FC0006C6F772900415243485F45584345505440
:102FD000207769746820726561736F6E2025780AA6
:102FE000002A2A2A2A2A204465627567206D6F6E9E
:102FF00069746F7220657863657074696F6E202ADA
:103000002A2A2A2A002A2A2A2A2A202573202564E5
:1030100029202A2A2A2A2A006D7075004661696CC7
:10302000656420746F20616C6C6F63617465206EE1
:103030006577204D505520726567696F6E20257544
:103040000A00506172746974696F6E2025753A20A8
:1030500073616E69747920636865636B206661696A
:103060006C65642E00496E76616C696420756E64CF
:1030700065726C79696E6720726567696F6E206929
:103080006E64657820257500496E76616C696420F0
:1030900061747472696275746520666F72207468F9
:1030A0006520726567696F6E0A00464C4153485F40
:1030B00030005352414D5F30002A206275666665CC
:1030C00072206F766572666C6F77206465746563D5
:1030D000746564202A0A00736F63004661696C6539
:1030E000642073796E6368726F6E697A65642052CA
:1030F000544320736574757020286572723A2025D8
:1031000064290073796E635F7274630000000001CC
:103110006E726635333430646B5F6E72663533348D
:10312000305F6370756170700000FFFFFFFFFFFF8D
:1031300000000000000000FFFFFFFFFFFF00000095
:103140000000007075626C69630072616E646F6D7F
:10315000007075626C69632D69640072616E646FE2
:103160006D2D696400253032583A253032583A25A1
:103170003032583A253032583A253032583A2530D4
:103180003258202825732900303132333435363710
:1031900038396162636465660062745F72706100F1
:1031A000496E73756666696369656E74206E756DC8
:1031B000626572206F6620617267756D656E7473EB
:1031C0000049676E6F72696E67206964656E746925
:1031D000746965732073746F72656420696E20660C
:1031E0006C61736800496E76616C6964206C656E11
:1031F0006774682049442061646472657373206950
:103200006E2073746F726167650062742F25732F6F
:1032100025303278253032782530327825303278B2
:10322000253032782530327825752F257300627469
:103230002F25732F2530327825303278253032789B
:103240002530327825303278253032782575007374
:10325000657474696E67735F7375627379735F69A0
:103260006E6974206661696C6564202865727220DD
:103270002564290062742F2573004661696C6564BA
:1032800020746F207361766520494420286572722E
:103290002025642900556E61626C6520746F20736F
:1032A0006574757020616E206964656E74697479E7
:1032B00020616464726573730062740062745F738A
:1032C000657474696E67730042545F4C575F575161
:1032D0000002FB349B5F80000080001000000000B3
:1032E000000062745F646174610044617461206213
:1032F0007566666572206F766572666C6F772028DA
:103300006C696E6B20747970652030782530327866
:103310002900556E61626C6520746F206C6F6F6B55
:1033200020757020636F6E6E207769746820686105
:103330006E646C6520257500556E61626C65207445
:103340006F206C6F6F6B757020636F6E6E20666F91
:10335000722068616E646C65202575004861726436
:1033600077617265206572726F722C206861726479
:103370007761726520636F64653A20256400436F4E
:10338000756C64206E6F74207375626D6974207241
:10339000785F776F726B3A20256400556E61626CBE
:1033A0006520746F20616C6C6F6361746520627559
:1033B0006666657200556E68616E646C6564206552
:1033C00076656E7420307825303278206C656E20FA
:1033D00025753A20257300546F6F20736D616C6CF6
:1033E0002028257520627974657329206576656EBD
:1033F000742030782530327800496E76616C6964CB
:10340000204843492041434C207061636B65742020
:1034100073697A6520282575290041434C20646131
:103420007461206C656E677468206D69736D61747A
:1034300063682028257520213D2025752900556EBB
:1034400061626C6520746F2066696E6420636F6EC4
:103450006E20666F722068616E646C652025750051
:10346000496E76616C696420484349206576656ED3
:10347000742073697A6520282575290057455354AF
:103480005F544F504449522F7A65706879722F7398
:1034900075627379732F626C7565746F6F74682FC2
:1034A000686F73742F6863695F636F72652E630062
:1034B00062745F6863695F6576745F6765745F6691
:1034C0006C616773286864722D3E657674292026C6
:1034D000202831554C203C3C2028312929004153DB
:1034E00053455254494F4E204641494C205B257369
:1034F0005D20402025733A25640A00556E6B6E6F7F
:10350000776E206275662074797065202575006F6E
:1035100070636F64652030782530347820706F6F69
:103520006C20696420257520706F6F6C20257020D9
:10353000213D20266863695F636D645F706F6F6C07
:10354000202570004F70436F64652030782530343B
:103550007820636F6D706C6574656420696E737438
:10356000656164206F6620657870656374656420AA
:1035700030782530347800556E65787065637465F1
:103580006420484F53545F4E554D5F434F4D504C50
:10359000455445445F5041434B4554532028737470
:1035A000617475732030782530327829006576741F
:1035B000206E756D5F68616E646C657320283D25B3
:1035C000752920746F6F206C6172676520282575DE
:1035D000203E20257529004E6F20636F6E6E656357
:1035E00074696F6E20666F722068616E646C65200E
:1035F0002575007061636B65747320636F756E74FD
:10360000206D69736D6174636800657272203D3D61
:1036100020300009636F6D6D616E64206F70636FA1
:103620006465203078253034782074696D656F7555
:10363000742077697468206572722025640A006FAF
:1036400070636F646520307825303478207374613E
:1036500074757320307825303278004661696C6566
:103660006420746F207265616420444C45206D6154
:10367000782064617461206C656E00556E657870A9
:103680006563746564207374617475732030782584
:10369000303278004E6F2070656E64696E6720630B
:1036A0006F6E6E20666F72207065657220257300E4
:1036B0004661696C656420726561642072656D6F36
:1036C00074652066656174757265732028256429A8
:1036D000004661696C6564204C4520536574205038
:1036E00048592028256429004661696C6564207466
:1036F0006F207365742064617461206C656E20288E
:10370000256429004661696C656420746F207365C7
:103710007420726571756972656420736563757272
:10372000697479206C6576656C00556E61626C65B4
:1037300020746F2073656E6420746F2064726976E4
:10374000657220286572722025642900556E6162B9
:103750006C6520746F206C6F6F6B20757020636FC9
:103760006E6E207769746820696E646578203078A1
:1037700025303278004E6F74207265706F727469F4
:103780006E67207061636B657420666F72206E6F68
:103790006E2D636F6E6E656374656420636F6E6E0D
:1037A00000556E61626C6520746F20616C6C6F6394
:1037B000617465206E65772048434920636F6D6DA5
:1037C000616E64004F7574206F6620636F6D6D616C
:1037D0006E64206275666665727300556E636C6513
:1037E000617265642070656E64696E672073656ED2
:1037F000745F636D6400556E6578706563746564AD
:10380000206B5F706F6C6C206576656E74207374CE
:10381000617465202575006576745F666C616773F9
:103820002026202831554C203C3C202830292900D6
:10383000496E76616C696420627566207479706582
:1038400020257500436F6E74726F6C6C6572207406
:103850006F20686F737420666C6F7720636F6E746F
:10386000726F6C206E6F7420737570706F727465F8
:1038700064004E6F6E2D4C452063617061626C6513
:1038800020636F6E74726F6C6C6572206465746512
:1038900063746564210041434C2042522F454452D9
:1038A0002062756666657273206E6F7420696E693A
:1038B0007469616C697A65640056656E646F722024
:1038C00048434920657874656E73696F6E73206E26
:1038D0006F7420617661696C61626C650046616934
:1038E0006C656420746F20726561642073757070FC
:1038F0006F727465642076656E646F7220636F6D9D
:103900006D616E6473004661696C656420746F203C
:103910007265616420737570706F7274656420766F
:10392000656E646F72206665617475726573004EB2
:103930006F2048434920647269766572207265671A
:10394000697374657265640042542054580042548F
:103950002052580048434920647269766572206F8E
:1039600070656E206661696C656420282564290095
:1039700000090909090102090909090909090909CF
:1039800009090709090909090609090909090909AC
:1039900009090909090909090905312E30620031AF
:1039A0002E3100312E3200322E3000322E310033D3
:1039B0002E3000342E3000342E3100342E320035BB
:1039C0002E3000352E3100352E3200352E330035A5
:1039D0002E340062745F6863695F636F72650044D0
:1039E000697361626C696E67206164647265737388
:1039F000207265736F6C7574696F6E206661696C97
:103A00006564202865727220256429004661696C0E
:103A1000656420746F2072656D6F76652049524B26
:103A20002066726F6D20636F6E74726F6C6C65725E
:103A3000004661696C656420746F2064697361621B
:103A40006C652061646472657373207265736F6C5A
:103A50007574696F6E005265736F6C76696E67205E
:103A60006C6973742073697A652065786365656431
:103A700065642E20537769746368696E6720746F7C
:103A800020686F73742E004661696C656420746FE2
:103A900020636C656172207265736F6C7574696FF9
:103AA0006E206C697374004661696C656420746F84
:103AB000206164642049524B20746F20636F6E74E0
:103AC000726F6C6C657200536574207072697661F8
:103AD0006379206D6F646520636F6D6D616E642026
:103AE0006973206E6F7420737570706F7274656483
:103AF000004661696C656420746F20736574207082
:103B0000726976616379206D6F6465004F6E6C79C0
:103B1000207374617469632072616E646F6D2069D3
:103B200064656E746974792061646472657373206E
:103B3000737570706F7274656400496E76616C693C
:103B40006420696E70757420706172616D65746552
:103B50007273004661696C656420746F20726561E0
:103B600064207075626C696320616464726573734C
:103B70000052656164205374617469632041646418
:103B800072657373657320636F6D6D616E64206E13
:103B90006F7420617661696C61626C650046616971
:103BA0006C656420746F2072656164207374617445
:103BB000696320616464726573736573004E6F207E
:103BC000737461746963206164647265737365738F
:103BD0002073746F72656420696E20636F6E7472F7
:103BE0006F6C6C65720043616E277420736574207E
:103BF000626F7468204944454E5449545920262028
:103C00004E5250410062745F696400546F6F2062CD
:103C10006967206164766572746973696E67206490
:103C2000617461004661696C656420746F2073740F
:103C300061727420616476657274697365720043A1
:103C40006F6E74726F6C6C65722063616E6E6F74F0
:103C500020726573756D6520636F6E6E6563746148
:103C6000626C65206164766572746973696E672041
:103C700028256429004E6F2076616C696420616498
:103C8000760062745F616476004661696C656420E9
:103C9000746F2072652D736565642050524E470025
:103CA0004661696C656420746F20696E697469612E
:103CB0006C697A652050524E470062745F686F737A
:103CC000745F63727970746F0045434320484349C1
:103CD00020636F6D6D616E6473206E6F742061760A
:103CE00061696C61626C650043616C6C6261636BFD
:103CF00020616C72656164792072656769737465AF
:103D00007265640053656E64696E67204C4520508F
:103D1000323536205075626C6963204B65792063BB
:103D20006F6D6D616E64206661696C6564004661EB
:103D3000696C656420746F2067656E657261746577
:103D40002044484B6579202865727220256429003B
:103D5000E69D350E480103CCDBFDF4AC1191F4EF88
:103D6000B9A5F9E9A7832C5E2CBE97F2D203B02047
:103D70008BD28915D08E1C742430ED8FC2456376AA
:103D80005C15525ABF9A32636DEB2A65499C80DC00
:103D900062745F65636300556E61626C6520746F69
:103DA00020616C6C6F636174652062756666657214
:103DB0002077697468696E2074696D656F75740029
:103DC000556E657870656374656420666972737496
:103DD000204C32434150206672616D6500556E651E
:103DE00078706563746564204C3243415020636F82
:103DF0006E74696E756174696F6E004E6F742065C4
:103E00006E6F756768206275666665722073706193
:103E1000636520666F72204C3243415020646174A8
:103E20006100556E65787065637465642041434C2C
:103E300020666C616773202830782530327829003D
:103E400041434C206C656E206D69736D61746368CD
:103E500020282575203E20257529006E6F74206569
:103E60006E6F75676820726F6F6D20696E20757355
:103E700065725F64617461202564203C20256400C4
:103E80006E6F7420636F6E6E6563746564210044A9
:103E90006973636F6E6E6563746564207768696CBF
:103EA0006520616C6C6F636174696E6720636F6E0F
:103EB000746578740028756E6B6E6F776E29006E6E
:103EC0006F207472616E736974696F6E2025730060
:103ED000496E76616C69642028257529206F6C64B1
:103EE000207374617465006E6F2076616C69642064
:103EF0002825752920737461746520776173207398
:103F0000657400696E636F6D70617469626C6520C1
:103F100068616E646C6520257500466F756E64205F
:103F200076616C696420636F6E6E656374696F6E31
:103F3000202825702920776974682061646472657F
:103F4000737320257320696E202573207374617448
:103F500065200053656E64204C4520706172616D70
:103F600020757064617465206661696C65642028E1
:103F7000657272202564290053656E642061757432
:103F80006F204C4520706172616D207570646174A2
:103F900065206661696C65642028657272202564FD
:103FA0002900574553545F544F504449522F7A6566
:103FB000706879722F7375627379732F626C75658F
:103FC000746F6F74682F686F73742F636F6E6E2ECB
:103FD000630001010101010203646973636F6E6E86
:103FE000656374656400646973636F6E6E656374A2
:103FF0002D636F6D706C65746500636F6E6E6563C5
:1040000074696E672D7363616E00636F6E6E6563B6
:1040100074696E672D6175746F00636F6E6E656392
:1040200074696E672D61647600636F6E6E6563748C
:10403000696E672D6469722D6164760062745F63D6
:104040006F6E6E00556E61626C6520746F20616CDE
:104050006C6F636174652062756666657220666F59
:1040600072206F7020307825303278005365676D8C
:10407000656E746174696F6E2064697361626C65EA
:104080006420627574204D5455203E204D50532CB1
:10409000207472756E636174696E67204D545500AB
:1040A0004E6F20617661696C61626C65204C3243B1
:1040B000415020636F6E7465787420666F72206360
:1040C0006F6E6E202570006368616E20257020740D
:1040D000696D656F757400556E61626C6520746FF3
:1040E0002073656E642063726564697473207570F3
:1040F0006461746500556E61626C6520746F206147
:104100006C6C6F63617465204C324341502063686E
:10411000616E6E656C204944004D616E6461746F20
:1041200072792063616C6C6261636B2027726563D6
:104130007627206D697373696E67004E6F20667213
:1041400065652064796E616D69632050534D7320FD
:10415000617661696C61626C6500534455206C65E1
:104160006E677468206D69736D6174636800556E65
:1041700061626C6520746F2073746F7265205344A4
:104180005500657272202564005044552073697A89
:1041900065203E204D505320282575203E20257552
:1041A0002900546F6F2073686F72742064617461AA
:1041B000207061636B657400496E76616C69642080
:1041C000534455206C656E67746800556E61626C6F
:1041D0006520746F20616C6C6F636174652062751B
:1041E0006666657220666F7220534455004E6F20DC
:1041F0006372656469747320746F207265636569A6
:104200007665207061636B657400546F6F20736D09
:10421000616C6C204C3243415020504455207265F3
:104220006365697665640049676E6F72696E6720C1
:104230006461746120666F7220756E6B6E6F776E4D
:10424000206368616E6E656C2049442030782530AB
:1042500034780049676E6F72696E672064617461BB
:10426000207265636569766564207768696C65208E
:10427000646973636F6E6E656374696E6700496726
:104280006E6F72696E672064617461207265636528
:1042900069766564207768696C65206368616E6E15
:1042A000656C206861732073687574646F776E0045
:1042B0004C32434150206C656E677468206D6973A1
:1042C0006D617463682028257520213D202575299E
:1042D00000496E76616C6964206964656E7420764D
:1042E000616C756520696E204C324341502050440A
:1042F0005500546F6F20736D616C6C204C452063CA
:104300006F6E6E20706172616D2072737000546FF9
:104310006F20736D616C6C204C4520636F6E6E2056
:10432000726571207061636B65742073697A6500D2
:10433000496E76616C6964204C452D436F6E6E202A
:1043400052657120706172616D733A206D747520D1
:104350002575206D707320257500546F6F20736D67
:10436000616C6C204C4520636F6E6E207273702000
:104370007061636B65742073697A650043616E6E6A
:104380006F742066696E64206368616E6E656C2070
:10439000666F72206964656E7420257500546F6FB6
:1043A00020736D616C6C204C4520646973636F6E83
:1043B0006E20727370207061636B65742073697A0C
:1043C0006500546F6F20736D616C6C204C45204309
:1043D000726564697473207061636B6574207369BE
:1043E0007A6500556E61626C6520746F2066696E37
:1043F00064206368616E6E656C206F66204C45209A
:1044000043726564697473207061636B6574004303
:10441000726564697473206F766572666C6F77007D
:10442000546F6F206C61726765204C4520636F6E1E
:104430006E20726571207061636B65742073697A98
:104440006500496E76616C696420656372656420FD
:10445000636F6E6E2072657120706172616D732E74
:10446000206D7475202575206D707320257500549E
:104470006F6F20736D616C6C20656372656420637F
:104480006F6E6E20727370207061636B6574207341
:10449000697A650046657765722064636964207691
:1044A000616C756573207468616E206578706563F2
:1044B00074656400546F6F20736D616C6C2065636C
:1044C000726564207265636F6E662072657120701C
:1044D00061636B65742073697A65006368616E203F
:1044E000257020646563726561736564204D545561
:1044F000202575202D3E20257500546F6F20736D8B
:10450000616C6C206563726564207265636F6E66B2
:1045100020727370207061636B65742073697A65B3
:104520000052656A656374696E6720756E6B6E6FA5
:10453000776E204C324341502050445520636F64C5
:10454000652030782530327800546F6F20736D61AC
:104550006C6C204C32434150207369676E616C690A
:104560006E672050445500556E61626C6520746F13
:1045700020616C6C6F6361746520545820636F6EAA
:1045800074657874006661696C656420746F20736B
:10459000656E64206D6573736167652025640063D3
:1045A0006F6E6669670062745F6C32636170004EA3
:1045B0006F7420636F6E6E656374656400556E6121
:1045C000626C6520746F2066696E642041545420CB
:1045D0006368616E6E656C00415454206368616E5F
:1045E0006E656C206E6F7420636F6E6E65637465AC
:1045F00064004175746F6D617469632063726561F5
:1046000074696F6E206F6620454154542062656165
:1046100072657273206661696C6564206F6E2063D9
:104620006F6E6E656374696F6E2025732077697491
:1046300068206572726F72202564004572726F7215
:10464000207369676E696E672064617461005261EE
:104650006E206F7574206F662054582062756666F0
:10466000657273206F7220636F6E74657874732E39
:1046700000415454204D5455206578636565646548
:10468000642C206D61782025752C2077616E74650F
:104690006420257A7500556E61626C6520746F2008
:1046A000616C6C6F636174652041545420545820D0
:1046B0006D657461004661696C656420746F207378
:1046C00063686564756C65204541545420636F6E62
:1046D0006E656374696F6E207265747279202865E7
:1046E00072723A2025642900556E61626C652074EF
:1046F0006F2063726561746520555549443A207393
:10470000697A6520257500556E61626C6520746F4D
:104710002063726561746520555549443A20736978
:104720007A65202564004E6F20617661696C616254
:104730006C6520415454206368616E6E656C206620
:104740006F7220636F6E6E202570004E6F20617651
:1047500061696C61626C652041545420636F6E74B2
:1047600065787420666F7220636F6E6E202570000E
:10477000546F6F20736D616C6C2041545420504411
:104780005520726563656976656400556E68616E73
:10479000646C65642041545420636F6465203078F4
:1047A000253032780049676E6F72696E6720756ECA
:1047B000657870656374656420726571756573747E
:1047C0000049676E6F72696E6720756E65787065F7
:1047D0006374656420696E6469636174696F6E00F7
:1047E000496E76616C6964206C656E202575206663
:1047F0006F7220636F646520307825303278004E08
:104800006F20415454206368616E6E656C20666F42
:1048100072204D545520257A75004661696C656497
:1048200020746F20636F6E6E65637420256420456D
:10483000415454206368616E6E656C732028657204
:10484000723A2025642900454154542053657276FC
:10485000657220726567697374726174696F6E2026
:104860006661696C6564202564004E6F2070656E1A
:1048700064696E6720415454207265717565737464
:10488000004154542054696D656F757420666F72D1
:10489000206465766963652025730062745F6174C6
:1048A00074004661696C656420746F206465636F91
:1048B00064652076616C7565202865727220257AA2
:1048C0006429004661696C656420746F20736176A9
:1048D000652044617461626173652048617368207A
:1048E0002865727220256429006661696C65642000
:1048F000746F2073746F7265205343202865727241
:104900002025642900756E61626C6520746F2073C8
:104910006176652053433A206E6F20636667206C92
:10492000656674006661696C656420746F206465F7
:104930006C657465205343202865727220256429B4
:10494000004661696C656420746F20636C656172F8
:1049500020534320256400496E76616C6964206BA6
:104960006579004661696C656420746F2073746FAB
:10497000726520436C69656E74204665617475725A
:10498000657320286572722025642900556E616266
:104990006C6520746F206465636F64652061646476
:1049A0007265737320257300496E76616C696420AB
:1049B0006C6F63616C206964656E7469747920251D
:1049C0006C7500556E61626C6520746F2072657342
:1049D000746F72652053433A206E6F2063666720C0
:1049E0006C656674004E6F20737061636520746F30
:1049F0002073746F72652043434320636667004EE3
:104A00006F20737061636520746F2073746F7265BB
:104A100020436C69656E7420537570706F72746595
:104A20006420466561747572657300556E61626CD1
:104A30006520746F20726573746F72652043463A07
:104A4000206E6F20636667206C6566740043686142
:104A50006E67652D6177617265207374617475731B
:104A6000206E6F7420666F756E6420696E207365AA
:104A70007474696E67732C2064656661756C746903
:104A80006E6720706565722073746174757320742D
:104A90006F206368616E67652D756E617761726501
:104AA0000052656164206261636B2062616420630F
:104AB00068616E67652D61776172652076616C75DE
:104AC000653A20307825782C2064656661756C74B1
:104AD000696E6720706565722073746174757320E8
:104AE000746F206368616E67652D756E61776172A2
:104AF0006500556E61626C6520746F207365747516
:104B0000702041455320434D414300556E61626C16
:104B10006520746F2063616C63756C6174652068D7
:104B20006173680043616E277420726567697374EE
:104B3000657220736572766963652061667465725B
:104B400020696E697420616E64206265666F7265AB
:104B50002073657474696E677320617265206C6F71
:104B6000616465642E00556E61626C6520746F200F
:104B700072656769737465722068616E646C652024
:104B80003078253034780062742F636363004C6999
:104B90006E6B206973206E6F7420656E637279701E
:104BA00074656400446576696365206973206E6F7F
:104BB00074207375627363726962656420746F2018
:104BC0006368617261637465726973746963004ECE
:104BD0006F2062756666657220617661696C6162DC
:104BE0006C6520746F2073656E6420696E64696300
:104BF0006174696F6E00434343202570206E6F74AB
:104C0000207772697461626C65005343207265732A
:104C1000746F726520696E6469636174696F6E2078
:104C20006661696C6564004E6F20627566666572C8
:104C300020617661696C61626C6520746F207365B8
:104C40006E64206E6F74696669636174696F6E006B
:104C50004661696C656420746F20736574207365A8
:104C600063757269747920666F7220626F6E646515
:104C70006420706565722028256429004661696C8E
:104C8000656420746F2073746F72652043434373AF
:104C90002028657272202564290062742F68617370
:104CA000680062742F63660062742F73630062741D
:104CB0005F6761747400556E61626C6520746F206B
:104CC00066696E6420534D50206368616E6E656C3A
:104CD000005075626C6963206B6579206E6F74207B
:104CE000617661696C61626C65004661696C6564DE
:104CF00020746F2067656E65726174652044484B4F
:104D0000657900556E6B6E6F776E207061697269A0
:104D10006E67206D6574686F6420282575290052C0
:104D2000656D6F7465207075626C6963206B657961
:104D30002072656A65637465640043616C63756CB9
:104D4000617465204C544B206661696C6564004356
:104D5000616C63756C617465206C6F63616C204479
:104D6000484B657920636865636B206661696C6593
:104D7000640043616C63756C6174652072656D6F6E
:104D800074652044484B657920636865636B2066D1
:104D900061696C6564004A757374576F726B732038
:104DA0006661696C65642C2061757468656E7469F0
:104DB0006361746564206B657973207072657365D7
:104DC0006E74004E6F20617661696C61626C652063
:104DD000534D5020636F6E7465787420666F722037
:104DE000636F6E6E20257000556E61626C65207475
:104DF0006F20676574206B65797320666F7220255C
:104E0000730043616C63756C6174652053544B206F
:104E10006661696C65640043616C63756C6174659F
:104E200020636F6E6669726D206661696C656400EF
:104E300054686520696E2D70726F67726573732098
:104E400070616972696E6720686173206265656E62
:104E50002064656C657465642100534D5020646F57
:104E60006573206E6F7420616C6C6F7720612070A9
:104E7000616972696E67206661696C75726520612F
:104E800074207468697320706F696E742E204B6E85
:104E90006F776E2069737375652E20446973636F35
:104EA0006E6E656374696E6720696E7374656164A4
:104EB0002E00546F6F20736D616C6C20534D502029
:104EC00050445520726563656976656400534D50A2
:104ED00020636F6D6D616E642028636F64652030A0
:104EE000782530327829207265636569766564209B
:104EF00061667465722074696D656F7574005265C2
:104F00006365697665642072657365727665642091
:104F1000534D5020636F646520307825303278001F
:104F2000556E68616E646C656420534D5020636FEC
:104F300064652030782530327800556E657870656C
:104F40006374656420534D5020636F64652030782E
:104F50002530327800496E76616C69642069646539
:104F60006E74697479202573005265667573696E75
:104F700067206E65772070616972696E672E2054B4
:104F80006865206F6C6420626F6E64206D75737449
:104F900020626520756E7061697265642066697251
:104FA00073742E0070616972696E67206661696C46
:104FB000656420287065657220726561736F6E206C
:104FC0003078257829004E6F206B657973207370D7
:104FD00061636520666F7220257300556E61626C97
:104FE0006520746F206765742072616E646F6D2038
:104FF000627974657300556E61626C6520746F2010
:10500000616C6C6F6361746520456E637279707456
:1050100020496E666F2062756666657200556E6126
:10502000626C6520746F20616C6C6F6361746520C5
:1050300043656E7472616C204964656E742062759C
:105040006666657200534D502054696D656F7574C6
:10505000000005061F1F2918120308020305080A8D
:1050600000080103040105040509060701010606FD
:105070000800000100010003010003020201000218
:105080000000000000020301000300000100010015
:105090000001000102020100020000000000020203
:1050A00001000462745F736D70004661696C656431
:1050B00020746F20726561642076616C75652028AC
:1050C00065727220257A642900556E61626C6520D4
:1050D000746F2066696E642064656C657465642015
:1050E0006B65797320666F72202573004661696C69
:1050F000656420746F20616C6C6F63617465206BF4
:1051000065797320666F7220257300496E76616C35
:105110006964206B6579206C656E67746820257AF8
:105120006420213D20257A75004661696C65642004
:10513000746F2073617665206B65797320286572C2
:1051400072202564290062742F6B65797300627484
:105150005F6B657973006C888391AAF5A538603719
:105160000BDB5A6083BE62745F63727970746F0088
:105170006E65745F627566006E65745F6275665F0A
:1051800073696D706C6500556E6B6E6F776E207411
:10519000797065202575004661696C656420746FBF
:1051A0002073656E6420286572722025642900468C
:1051B00061696C656420746F2072656769737465DA
:1051C00072204254204849432064726976657220F7
:1051D0002865727220256429004950432073657246
:1051E0007669636520696E7374616E636520696EAC
:1051F000697469616C697A6174696F6E206661694E
:105200006C65643A2025640A0052656769737465A9
:1052100072696E6720656E64706F696E7420666176
:10522000696C6564207769746820256400456E6444
:10523000706F696E742062696E64696E6720666162
:10524000696C65642077697468202564004E6F740A
:1052500020656E6F756768206461746120666F7287
:10526000206576656E7420686561646572004576B8
:10527000656E74207061796C6F6164206C656E6717
:105280007468206973206E6F7420636F7272656337
:105290007400436F756C646E277420616C6C6F636F
:1052A000617465206120627566666572206166744E
:1052B00065722077616974696E672031302073658B
:1052C000636F6E64732E004E6F7420656E6F75672A
:1052D0006820737061636520696E2062756666651B
:1052E0007220257A752F257A75004E6F7420656EB1
:1052F0006F756768206461746120666F7220414336
:105300004C20686561646572004E6F20617661694A
:105310006C61626C652041434C2062756666657203
:1053200073210041434C207061796C6F6164206C83
:10533000656E677468206973206E6F7420636F7286
:1053400072656374004E6F7420656E6F75676820B8
:105350006461746120666F722049534F20686561F3
:10536000646572004E6F20617661696C61626C6584
:105370002049534F20627566666572732100495358
:105380004F207061796C6F6164206C656E67746822
:10539000206973206E6F7420636F7272656374008E
:1053A000556E6B6E6F776E20484349207479706537
:1053B00020257500484349207472616E73706F72C6
:1053C00074207365747570206661696C65642077FC
:1053D0006974683A2025640A0044657265676973D8
:1053E000746572696E672048434920656E64706F0A
:1053F000696E74206661696C656420776974683AC7
:1054000020256400436C6F73696E67204950432008
:1054100073657276696365206661696C656420777F
:105420006974683A20256400484349207472616EAB
:1054300073706F72742074656172646F776E20662A
:1054400061696C656420776974683A20256400534B
:10545000656E64696E6720726573657420636F6D35
:105460006D616E64206661696C656420776974683B
:105470003A20256400495043006E72665F62745F93
:105480006863690062745F6863695F647269766506
:10549000720062745F6863695F6E726635335F7352
:1054A0007570706F727400636C6F636B4035303071
:1054B00030006866636C6B006C66636C6B006866DA
:1054C000636C6B3139326D006866636C6B61756457
:1054D000696F00636C6F636B5F636F6E74726F6C88
:1054E0000063696E737472202530327820747261A3
:1054F0006E7366657220746F6F206C6F6E673A20F2
:10550000257A7500636C656172004A454445432005
:105510006964205B253032782025303278202530B0
:1055200032785D20657870656374205B2530327851
:10553000202530327820253032785D005244535295
:10554000206661696C65643A202564005145202518
:1055500073206661696C65643A2025640065726138
:105560007365206572726F723A206164647265734C
:1055700073206F722073697A65206578636565644E
:10558000732065787065637465642076616C7565F9
:10559000732E416464723A203078256C78207369E8
:1055A0007A6520257A7500756E737570706F7274E8
:1055B0006564206174203078256C782073697A6581
:1055C00020257A75006572617365206572726F724D
:1055D000206174203078256C782073697A652025E5
:1055E0007A75007772697465206572726F723A20FD
:1055F00061646472657373206F722073697A6520C9
:105600006578636565647320657870656374656447
:105610002076616C7565732E416464723A2030782F
:10562000256C782073697A6520257A75007265612A
:1056300064206572726F723A20616464726573737C
:10564000206F722073697A6520657863656564737D
:105650002065787065637465642076616C75657328
:105660002E416464723A203078256C782073697A10
:105670006520257A75006D7832357236343335669B
:10568000403000717370695F6E6F7200696E766191
:105690006C696420616464726573733A20307825A4
:1056A00030386C783A257A7500756E616C69676E72
:1056B000656420616464726573733A2030782530C4
:1056C000386C783A257A75006E6F7420776F726443
:1056D0002D616C69676E65643A2030782530386CCE
:1056E000783A257A7500666C6173682D636F6E7405
:1056F000726F6C6C657240333930303000666C61AB
:1057000073685F6E7266006770696F403834323854
:105710003030006770696F4038343235303000699E
:10572000326300756E737570706F72746564207388
:1057300070656564004661696C656420746F2069FA
:105740006E697469616C697A652064657669636500
:105750003A202573004E65656420746F207573656B
:105760002074686520696E7465726E616C20647265
:10577000697665722062756666657220627574204E
:105780006974732073697A6520697320696E737513
:105790006666696369656E7420282575202B20254F
:1057A00075203E202575292E2041646A757374206A
:1057B000746865207A65706879722C636F6E6361B6
:1057C000742D6275662D73697A65206F72207A6513
:1057D000706879722C666C6173682D6275662D6DC8
:1057E00061782D73697A652070726F706572747953
:1057F0002028746865206F6E65207769746820675B
:105800007265617465722076616C75652920696EB8
:10581000207468652022257322206E6F64652E0037
:10582000547279696E6720746F207472616E73664A
:105830006572206D6F7265207468616E2074686592
:10584000206D6178696D756D2073697A6520666F6A
:10585000722074686973206465766963653A2025EF
:1058600064203E20256400693263403930303000C6
:105870006932635F6E7266785F7477696D00747801
:105880005F6D61736B20746F6F2062696720286F92
:1058900072204950435F434F4E465F4E554D207432
:1058A0006F6F20736D616C6C290072785F6D61732E
:1058B0006B20746F6F2062696720286F72204950D7
:1058C000435F434F4E465F4E554D20746F6F2073BC
:1058D0006D616C6C2900456E61626C696E67206356
:1058E00068616E6E656C20776974686F757420618D
:1058F00020726567697374657265642063616C6C9E
:105900006261636B0A0053656E64696E672064614F
:105910007461206E6F7420737570706F727465643B
:10592000005258206576656E74206F6E20696C6C2D
:105930006567616C206368616E6E656C005258200B
:105940006576656E74206F6E2064697361626C6544
:1059500064206368616E6E656C006D626F784032C2
:1059600061303030006D626F785F6E7266785F69AB
:1059700070630000010203040506070B4661696CB1
:10598000656420746F20616C6C6F63617465205076
:105990005049204368616E6E656C00756172744099
:1059A0003830303000756172745F6E7266785F7582
:1059B0006172746500526573657474696E672073F3
:1059C000797374656D00666174616C5F6572726F86
:1059D0007200000000010101000001000000002031
:1059E0003030303030303030303030303030000116
:1059F000756E7265676973746572656420257320BE
:105A00006275730A006D6574616C3A20656D65722C
:105A100067656E63793A20006D6574616C3A206148
:105A20006C6572743A2020202020006D6574616CD2
:105A30003A20637269746963616C3A2020006D6575
:105A400074616C3A206572726F723A2020202020B7
:105A5000006D6574616C3A207761726E696E673AA9
:105A6000202020006D6574616C3A206E6F7469634C
:105A7000653A20202020006D6574616C3A20696EC3
:105A8000666F3A202020202020006D6574616C3AFA
:105A90002064656275673A20202020200025733A33
:105AA0002066726565696E67206E6F6E2D656D701C
:105AB0007479207669727471756575650D0A007266
:105AC000785F76710074785F7671004E5300556E82
:105AD0006B6E6F776E206572726F7200756E6B6E93
:105AE0006F776E003E3E3E205A4550485952204640
:105AF0004154414C204552524F522025643A2025B2
:105B000073206F6E20435055202564004661756CEC
:105B10007420647572696E6720696E74657272753F
:105B200070742068616E646C696E670A00437572F8
:105B300072656E74207468726561643A2025702005
:105B40002825732900435055206578636570746972
:105B50006F6E00556E68616E646C656420696E746A
:105B600065727275707400537461636B206F766533
:105B700072666C6F77004B65726E656C206F6F702C
:105B800073004B65726E656C2070616E6963006DA9
:105B900061696E006F7300737973776F726B710058
:105BA0002A2A2A20426F6F74696E67206E5246203F
:105BB000436F6E6E6563742053444B2076332E35ED
:105BC0002E39392D6E6373312D31202A2A2A0A008D
:105BD0006E616E00286E756C6C290000000000007C
:105BE00000000000000000000000000000000000B5
:105BF00000000000000000000000000000000000A5
:105C00000000000000000000000000000000000094
:105C10000000000000000000000000000000000084
:105C20000000000000000000000000000000000074
:105C30000000000000000000000000000000000064
:105C40000000000000000000000000000000000054
:105C50000000000000000000000000000000000044
:105C60000000000000000000000000000000000034
:105C70000000000000000000000000000000000024
:105C80000000000000000000000000000000000014
:105C90000000000000000000000000000000000004
:105CA000858D0000000000000000000000000000E2
:105CB00000000000000000000000000000000000E4
:105CC00000000000000000000000000000000000D4
:105CD00000000000000000000000000000000000C4
:105CE00000000000000000000000000000000000B4
:105CF00000000000000000000000000000000000A4
:105D00000000000000000000000000000000000093
:105D10000000000000000000000000000000000083
:105D20000000000000000000000000000000000073
:105D30000000000000000000000000000000000063
:105D40000000000000000000298C0100000000009D
:105D50000000000000000000000000000000000043
:105D600000000000278C010000000000000000007F
:105D7000338C010000000000000000000000000063
:105D80002F8C01000000000000000000302C0020DB
:105D900000000000000000001E00000000000000E5
:105DA00000000000000000000000000000000000F3
:105DB00000000000000000000000000000000000E3
:105DC00000000000000000000000000000000000D3
:105DD00000000000000000000000000000000000C3
:105DE00000000000000000000000000000000000B3
:105DF00000000000000000000000000000000000A3
:105E00000000000000000000000000000000000092
:105E10000000000000000000000000000000000082
:105E20000000000000000000000000000000000072
:105E30000000000000000000000000000000000062
:105E40000000000000000000000000000000000052
:105E50000000000000000000000000000000000042
:105E60000000000000000000000000000000000032
:105E70000000000000000000000000000000000022
:105E80000000000000000000000000000000000012
:105E90000000000000000000000000000000000002
:105EA00000000000000000000000000000000000F2
:105EB00000000000000000000000000000000000E2
:105EC00000000000000000000000000000000000D2
:105ED00000000000000000000000000000000000C2
:105EE00000000000000000000000000000000000B2
:105EF00000000000000000000000000000000000A2
:105F00000000000000000000000000000000000091
:105F10000000000000000000000000000000000081
:105F20000000000000000000000000000000000071
:105F30000000000000000000000000000000000061
:105F40000000000000000000000000000000000051
:105F50000000000000000000000000000000000041
:105F60000000000000000000000000000000000031
:105F70000000000000000000000000000000000021
:105F80000000000000000000000000000000000011
:105F90000000000000000000000000000000000001
:105FA00000000000000000000000000000000000F1
:105FB00000000000000000000000000000000000E1
:105FC00000000000000000000000000000000000D1
:105FD000000000000000000000040020000000009D
:105FE00000000000000000000000000000000000B1
:105FF00000000000580A0020F809002003000000FB
:10600000010300000200000000000000000000008A
:106010000000000000000000000000000000000080
:1060200000000000000000001D1D00000000000036
:10603000000000000809002000001000F58D01009C
:106040000000000000000720000001003C0A0200E0
:10605000000000003C0A02000100000002000000F5
:10606000000000000000000000020000B9A20100D2
:1060700084140200000000006808002000000200F4
:1060800074080020000002008008002000000200C8
:10609000E54C000000000000C5A501000000000064
:1060A000A9A501001430002010300020D43F0020AA
:1060B00064300020481502006C0A00203A000000FD
:1060C000800A00203A000000440A00203A00000044
:1060D000A80A00203A000000000000005DB30100A3
:1060E0000000000000000000000000003177000008
:1060F00000000000000000000000000000000000A0
:1061000000000000000400004C010020000000001E
:10611000000000000000000000000000000000007F
:10612000000000000000000000000000000000006F
:10613000000000000000000000000000000000005F
:10614000000000000000000000000000000000004F
:10615000000000000000000000000000000000003F
:10616000017D0000000000000000000090050020FC
:106170009005002000000000000000002700020041
:10618000F3CD01000000000061CF0000E5D8000061
:10619000C1D10100000000000000000099CF000004
:1061A00017CE010027CF0100E9C7000085C7010015
:1061B00000000000000000000000000000000000DF
:1061C00071F300000000000000000000CDDA0100C3
:1061D000000000000000000000000000A0080020F7
:1061E00000000200AC08002000000200B8080020F7
:1061F00000000A00C8080020000020000000000085
:10620000000000000000000000000000000000008E
:10621000000000000000000000000000000000007E
:106220008BD5010000000000DC0800200000020007
:10623000E808002000000200F4080020000002002E
:10624000590601000000000079540200000000001F
:10625000251401009D140100000000000000000052
:10626000840600208406002000000000FFFFFFFFDE
:1062700094060020940600209C0600209C06002026
:106280000100000001000000AC060020AC06002068
:10629000B4060020B4060020000000000100000049
:1062A000C4060020C406002000000000D006002024
:1062B000D00600200100000001000000E0060020E0
:1062C000E0060020E8060020E806002000000000AC
:1062D00001000000F8060020F80600200000000081
:1062E00037510020FFFF0000FFFF0000000000000A
:1062F00000080700000103000000000048510020D2
:1063000047510020000000000090D003FFFFFFFF76
:10631000000000000000000000000000000000007D
:10632000000000000000000000000000000000006D
:10633000000000000000000000000000000000005D
:10634000000000000000000000000000000000004D
:10635000000000000000000000000000000000003D
:10636000000000000000000000000000000000002D
:10637000000000000000000000000000000000001D
:1063800008000000FF000000000000000300000003
:1063900000000000D7260200000000005D50010050
:1063A00000000000000000000000000000000000ED
:1063B00000000000000000000000000000000000DD
:1063C000E4070020E4070020EC070020EC07002091
:1063D00000000000E56E01003808002030080020B1
:1063E0002808002000000000200800201170010093
:1063F0005D6F0100916F0100D96F0100003E002028
:106400003A00003A043E00203A00003A083E0020DC
:106410003A00003A0C3E00203A00003A48080020BA
:106420000C0800200408002000080020FC070020C1
:1064300000000129000002290000032800000028B4
:106440000000502A0000502A000003280000292ADA
:106450000000292A000003280000242A0000242A22
:106460000000032800000A1800000028000002298C
:10647000000003280000002800003A2B00003A2BFF
:106480000000032800002A2B00002A2B000003280C
:106490000000292B0000292B0000032800000229FE
:1064A0000000052A0000052A00000328000001184A
:1064B000000000280000042A0000042A000003282D
:1064C0000000012A0000012A000003280000002A21
:1064D0000000002A00000328000000180000002827
:1064E0000612180602000000000000000000000272
:1064F00000D0E0F0A002000000000000000000005A
:106500000100D0E0F0A00100000000010001000047
:10651000000000000000000000000000000000007B
:10652000000000000000000000000000000000006B
:10653000000000000000000000000000000000005B
:10654000000000000000000000000000000000004B
:10655000000000000000000000000000000000003B
:10656000000000000000000000000000F56B0100CA
:10657000000000000000000000000000A009002052
:10658000A0090020DD16000000000000000000004F
:10659000000000000000000000000000C009002012
:1065A000C0090020408F0020000000000300000010
:1065B0006800000000000000DC090020DC09002069
:1065C000007E0020000000000C00000070010000B0
:1065D00000000000F8090020F8090020B8B10020F0
:1065E0000000000001000000240000000000000086
:1065F000140A0020140A0020B0D00020000000007F
:10660000140000001C00000000000000000000005A
:10661000B8A10020001000000000000000000000F1
:10662000440A0020440A002000000000000000008E
:106630000E000000580A0020580A00200000000048
:10664000000000000E0000006C0A00206C0A002010
:1066500000000000000000000E000000800A002082
:10666000800A002000000000000000000E00000072
:10667000940A0020940A002000000000000000009E
:106680000E000000A80A0020A80A00200000000058
:10669000000000000E000000BC0A0020BC0A002020
:1066A0000000000001000000CC0A0020CC0A0020FD
:1066B000D40A0020D40A00200000000001000000DD
:1066C000E40A0020E40A0020EC0A0020EC0A002082
:1066D0000000000001000000FC0A0020FC0A00206D
:1066E00000000000000000000C0B00200C0B00203C
:1066F000140B0020140B002000000000000000001C
:10670000240B0020240B00202C0B00202C0B00203D
:1067100000000000000000003C0B00203C0B0020AB
:10672000440B0020440B002000000000000000008B
:10673000540B0020540B00205C0B00205C0B00204D
:106740000600060004000000B1880000E816020000
:10675000A8B700200000000000000000800B00200F
:10676000800B0020880B0020880B002014001400F0
:10677000080000000000000014180200FCCD0020FA
:106780000000000000000000AC0B0020AC0B00205B
:10679000B40B0020B40B0020010001000800000031
:1067A000000000004C18020090D000200000000003
:1067B00000000000D80B0020D80B0020E00B0020C8
:1067C000E00B0020030003000800000000000000B0
:1067D000F816020008B900200000000000000000C8
:1067E000040C0020040C00200C0C00200C0C0020D9
:1067F0000A000A000800000000000000D81602008D
:10680000A4B400200000000000000000300C0020B4
:10681000300C0020380C0020380C00200200020050
:1068200008000000000000000418020038C5002025
:1068300000000000000000005C0C00205C0C002048
:10684000640C0020640C00200A000A00080000000C
:1068500000000000D0170200B8C3002000000000B4
:1068600000000000880C0020880C0020900C002004
:10687000900C002001000100080000000000000052
:0C6880000817020078B9002015E015E0B0
:00000001FF
