:020000040000FA
:10000000B89D002079680000E7B201006568000033
:1000100065680000656800006568000065680000AC
:100020000000000000000000000000006D6A0000F9
:100030006568000000000000C969000065680000F4
:10004000DD6C0000DD6C0000DD6C0000DD6C00008C
:10005000DD6C0000DD6C0000DD6C0000DD6C00007C
:10006000DD6C0000DD6C0000DD6C0000DD6C00006C
:10007000DD6C0000DD6C0000DD6C0000DD6C00005C
:10008000DD6C0000DD6C0000DD6C0000DD6C00004C
:10009000DD6C0000DD6C0000DD6C0000DD6C00003C
:1000A000DD6C0000DD6C0000DD6C0000DD6C00002C
:1000B000DD6C0000DD6C0000DD6C0000DD6C00001C
:1000C000DD6C0000DD6C0000DD6C0000DD6C00000C
:1000D000DD6C0000DD6C0000DD6C0000DD6C0000FC
:1000E000DD6C0000DD6C0000DD6C0000DD6C0000EC
:1000F000DD6C0000DD6C0000DD6C0000DD6C0000DC
:10010000DD6C0000DD6C0000DD6C0000DD6C0000CB
:10011000DD6C0000DD6C0000DD6C0000DD6C0000BB
:10012000DD6C0000DD6C0000DD6C0000DD6C0000AB
:10013000DD6C0000DD6C0000DD6C0000DD6C00009B
:10014000DD6C0000DD6C0000DD6C0000DD6C00008B
:10015000DD6C0000FFFFFFFF81F0004102E000BF07
:1001600083F0004330B54FEA41044FEA430594EA77
:10017000050F08BF90EA020F1FBF54EA000C55EAB2
:10018000020C7FEA645C7FEA655C00F0E2804FEA83
:100190005454D4EB5555B8BF6D420CDD2C4480EA65
:1001A000020281EA030382EA000083EA010180EA95
:1001B000020281EA0303362D88BF30BD11F0004FE3
:1001C0004FEA01314FF4801C4CEA113102D0404219
:1001D00061EB410113F0004F4FEA03334CEA133354
:1001E00002D0524263EB430394EA050F00F0A7806C
:1001F000A4F10104D5F1200E0DDB02FA0EFC22FA67
:1002000005F2801841F1000103FA0EF2801843FA5A
:1002100005F359410EE0A5F120050EF1200E012A4B
:1002200003FA0EFC28BF4CF0020C43FA05F3C01889
:1002300051EBE37101F0004507D54FF0000EDCF102
:10024000000C7EEB00006EEB0101B1F5801F1BD3AB
:10025000B1F5001F0CD349085FEA30004FEA3C0CAF
:1002600004F101044FEA445212F5800F80F09A80A5
:10027000BCF1004F08BF5FEA500C50F1000041EBA9
:10028000045141EA050130BD5FEA4C0C404141EBAD
:100290000101013C28BFB1F5801FE9D291F0000FA8
:1002A00004BF01460020B1FA81F308BF2033A3F157
:1002B0000B03B3F120020CDA0C3208DD02F1140C4E
:1002C000C2F10C0201FA0CF021FA02F10CE002F189
:1002D0001402D8BFC2F1200C01FA02F120FA0CFC82
:1002E000DCBF41EA0C019040E41AA2BF01EB0451CB
:1002F000294330BD6FEA04041F3C1CDA0C340EDCC9
:1003000004F11404C4F1200220FA04F001FA02F30B
:1003100040EA030021FA04F345EA030130BDC4F1C9
:100320000C04C4F1200220FA02F001FA04F340EABE
:100330000300294630BD21FA04F0294630BD94F06F
:10034000000F83F4801306BF81F480110134013D56
:100350004EE77FEA645C18BF7FEA655C29D094EAC7
:10036000050F08BF90EA020F05D054EA000C04BF45
:100370001946104630BD91EA030F1EBF0021002030
:1003800030BD5FEA545C05D14000494128BF41F0CF
:10039000004130BD14F580043CBF01F5801130BD33
:1003A00001F0004545F0FE4141F470014FF00000BE
:1003B00030BD7FEA645C1ABF194610467FEA655C6F
:1003C0001CBF0B46024650EA013406BF52EA033511
:1003D00091EA030F41F4002130BD00BF90F0000FFF
:1003E00004BF0021704730B54FF4806404F132043B
:1003F0004FF000054FF0000150E700BF90F0000FF4
:1004000004BF0021704730B54FF4806404F132041A
:1004100010F0004548BF40424FF000013EE700BFEA
:1004200042004FEAE2014FEA31014FEA02701FBF7A
:1004300012F07F4393F07F4F81F06051704732F0AC
:100440007F4208BF704793F07F4F04BF41F4002103
:10045000704730B54FF4607401F0004521F0004161
:100460001CE700BF50EA010208BF704730B54FF0EB
:1004700000050AE050EA010208BF704730B511F0EC
:10048000004502D5404261EB41014FF4806404F124
:1004900032045FEA915C3FF4D8AE4FF003025FEAAA
:1004A000DC0C18BF03325FEADC0C18BF033202EB2E
:1004B000DC02C2F1200300FA03FC20FA02F001FA88
:1004C00003FE40EA0E0021FA02F11444BDE600BF2B
:1004D00070B54FF0FF0C4CF4E06C1CEA11541DBFDA
:1004E0001CEA135594EA0C0F95EA0C0F00F0DEF8A5
:1004F0002C4481EA030621EA4C5123EA4C5350EA8A
:10050000013518BF52EA033541F4801143F48013DA
:1005100038D0A0FB02CE4FF00005E1FB02E506F06B
:100520000042E0FB03E54FF00006E1FB03569CF0C0
:10053000000F18BF4EF0010EA4F1FF04B6F5007FC6
:1005400064F5407404D25FEA4E0E6D4146EB060638
:1005500042EAC62141EA55514FEAC52040EA5E50C1
:100560004FEACE2EB4F1FD0C88BFBCF5E06F1ED86B
:10057000BEF1004F08BF5FEA500E50F1000041EBA2
:10058000045170BD06F0004646EA010140EA02004F
:1005900081EA0301B4EB5C04C2BFD4EB0C0541EA71
:1005A000045170BD41F480114FF0000E013C00F386
:1005B000AB8014F1360FDEBF002001F0004170BDAA
:1005C000C4F10004203C35DA0C341BDC04F11404C3
:1005D000C4F1200500FA05F320FA04F001FA05F24F
:1005E00040EA020001F0004221F0004110EBD3701C
:1005F00021FA04F642EB06015EEA430E08BF20EA48
:10060000D37070BDC4F10C04C4F1200500FA04F3EA
:1006100020FA05F001FA04F240EA020001F000417C
:1006200010EBD37041F100015EEA430E08BF20EAEF
:10063000D37070BDC4F1200500FA05F24EEA020E37
:1006400020FA04F301FA05F243EA020321FA04F066
:1006500001F0004121FA04F220EA020000EBD3701D
:100660005EEA430E08BF20EAD37070BD94F0000F1D
:100670000FD101F00046400041EB010111F4801F51
:1006800008BF013CF7D041EA060195F0000F18BF02
:10069000704703F00046520043EB030313F4801F3E
:1006A00008BF013DF7D043EA0603704794EA0C0FF8
:1006B0000CEA135518BF95EA0C0F0CD050EA41060E
:1006C00018BF52EA4306D1D181EA030101F000418B
:1006D0004FF0000070BD50EA410606BF10461946B3
:1006E00052EA430619D094EA0C0F02D150EA0136BF
:1006F00013D195EA0C0F05D152EA03361CBF104600
:1007000019460AD181EA030101F0004141F0FE419E
:1007100041F470014FF0000070BD41F0FE4141F422
:10072000780170BD70B54FF0FF0C4CF4E06C1CEA22
:1007300011541DBF1CEA135594EA0C0F95EA0C0FD7
:1007400000F0A7F8A4EB050481EA030E52EA033592
:100750004FEA013100F088804FEA03334FF08055B3
:1007600045EA131343EA12634FEA022245EA1115E0
:1007700045EA10654FEA00260EF000419D4208BF91
:10078000964244F1FD0404F5407402D25B084FEA3E
:100790003202B61A65EB03055B084FEA32024FF4EA
:1007A00080104FF4002CB6EB020E75EB030E22BF47
:1007B000B61A754640EA0C005B084FEA3202B6EB07
:1007C000020E75EB030E22BFB61A754640EA5C00B6
:1007D0005B084FEA3202B6EB020E75EB030E22BF46
:1007E000B61A754640EA9C005B084FEA3202B6EB47
:1007F000020E75EB030E22BFB61A754640EADC0006
:1008000055EA060E18D04FEA051545EA16754FEA67
:1008100006164FEAC30343EA52734FEAC2025FEA85
:100820001C1CC0D111F4801F0BD141EA00014FF014
:1008300000004FF0004CB6E711F4801F04BF0143E5
:100840000020B4F1FD0C88BFBCF5E06F3FF6AFAE01
:10085000B5EB030C04BFB6EB020C5FEA500C50F191
:10086000000041EB045170BD0EF0004E4EEA113114
:1008700014EB5C04C2BFD4EB0C0541EA045170BD1B
:1008800041F480114FF0000E013C90E645EA060E5F
:100890008DE60CEA135594EA0C0F08BF95EA0C0F8D
:1008A0003FF43BAF94EA0C0F0AD150EA01347FF4D5
:1008B00034AF95EA0C0F7FF425AF104619462CE7AC
:1008C00095EA0C0F06D152EA03353FF4FDAE10460F
:1008D000194622E750EA410618BF52EA43067FF460
:1008E000C5AE50EA41047FF40DAF52EA43057FF4F0
:1008F000EBAE12E74FEA4102B2F1E04324BFB3F599
:10090000001CDCF1FE5C0DD901F0004C4FEAC00286
:100910004CEA5070B2F1004F40EB830008BF20F06A
:100920000100704711F0804F21D113F13872BCBF24
:1009300001F00040704741F480114FEA5252C2F179
:100940001802C2F1200C10FA0CF320FA02F018BFC2
:1009500040F001004FEAC1234FEAD32303FA0CFC15
:1009600040EA0C0023FA02F34FEA4303CCE77FEAA4
:10097000625307D150EA01331EBF4FF0FE4040F4EE
:100980004000704701F0004040F0FE4040F400009D
:10099000704700BF53B94AB9002908BF00281CBFDF
:1009A0004FF0FF314FF0FF3000F00CB8ADF1080C04
:1009B0006DE904CE00F008F8DDF804E0DDE902237B
:1009C00004B07047704700BF2DE9F04786468C465B
:1009D0000846089E154674461946002B40F0C18013
:1009E0008542B2FA82F245D94AB1C2F1200300FA37
:1009F00002FC954094402EFA03F343EA0C0C4FEAB4
:100A0000154EA8B2230CBCFBFEF80EFB18CC08FB5D
:100A100000F943EA0C43994528D9EB1808F1FF3750
:100A200004D2994502D9A8F102072B44A3EB09038C
:100A3000A4B2B3FBFEFC0EFB1C330CFB00F044EA3B
:100A40000344A04214D92C190CF1FF3304D2A04264
:100A500002D9ACF102032C44241A43EA07401EB128
:100A6000D440002334607360BDE8F0874746DDE77B
:100A70006346F1E792BB431B01214FEA154EAFB22B
:100A8000200CB3FBFEFC0EFB1C330CFB07F840EA0A
:100A90000343984561D9EB180CF1FF3004D2984517
:100AA00002D9ACF102002B44A3EB0803A4B2B3FBC0
:100AB000FEFC0EFB1C330CFB07F744EA0344A74281
:100AC0004DD92C190CF1FF3304D2A74202D9ACF155
:100AD00002032C44E41B43EA0040C0E7C2F12003B8
:100AE0009540944020FA03F12EFA03F34FEA154E95
:100AF0009040AFB20343B1FBFEFC0EFB1C10190C7F
:100B00000CFB07F841EA0041884522D969180CF12D
:100B1000FF3004D2884502D9ACF102002944A1EB90
:100B200008019BB2B1FBFEFC0EFB1C110CFB07F78E
:100B300043EA01439F420ED9EB180CF1FF3104D276
:100B40009F4202D9ACF102012B44DB1B41EA004178
:100B500093E76046E3E76146F7E76046A4E763464C
:100B6000B8E7834206D916B9002108467CE7C6E9F2
:100B700000E0F9E7B3FA83F78FB9834201D37245F6
:100B800008D8BEEB020460EB030301209C461EB9AB
:100B9000002169E73846FAE7C6E9004CF8E7C7F1F3
:100BA000200CBB400EFA07F522FA0CF42EFA0CF1D9
:100BB000BA401C4320FA0CF3B8404FEA14490143F1
:100BC0001FFA84FEB3FBF9F809FB18300B0C08FB85
:100BD0000EFA43EA00439A4540D9E31808F1FF3082
:100BE00004D29A4502D9A8F102002344A3EB0A03D8
:100BF00089B2B3FBF9F809FB183308FB0EFE41EA92
:100C000003418E452CD9611808F1FF3304D28E457B
:100C100002D9A8F10203214443EA0040A1EB0E01EE
:100C2000A0FB02984145CE46434602D306D14D452E
:100C300004D20138B9EB020E68EB0403002EA7D0F2
:100C4000B5EB0E0261EB030101FA0CFC22FA07F38B
:100C5000F9404CEA0303C6E9003199E74046C5E78D
:100C60004346D9E710F8012B11F8013B012A28BFB0
:100C70009A42F7D0D01A7047034611F8012B03F8B7
:100C8000012B002AF9D17047034613F8012B002AE3
:100C9000FBD1181A0138704773B55E4DD5F8643131
:100CA000996811F001011AD140F6034001AA07F03A
:100CB000D7FA0446002840F0AA800198C3681B7840
:100CC0005BB905F1D003D3E8AF2F02F00902D3E8F6
:100CD000EF1FC3E8E42F002CF9D110F007FB00212F
:100CE00041F2030001AA07F0BBFA0446002840F0D5
:100CF0008E800198484EC268D2F80130C5F8723033
:100D0000D2F80530736010F0F1FA214641F201008B
:100D100001AA07F0A5FA0446002878D10198C36813
:100D20005A7885F86A205A88A5F86C201A7985F8CF
:100D30006B20B3F80720A5F86E20B3F80530A5F8AE
:100D4000703010F0D3FA214641F2020001AA07F0F8
:100D500087FA044600285AD101980836C3685A1CFD
:100D6000413352F8041B9A4246F8041BF9D110F0A3
:100D7000BDFA09F0DBF90446002848D195F8843023
:100D80009E0610D40221254A25481AF0D1FB95F879
:100D900076305C0648D40121224A21481AF0C8FB6B
:100DA0006FF0120433E0072140F6334007F01EFADB
:100DB0000646002800F03C8107210C301DF0C3FAE4
:100DC000462303700623C0F8024084714470047106
:100DD0002246C370314640F6334007F041FA0446DC
:100DE000A8B9012140F6314007F000FA0646002874
:100DF00000F01E8101210C301DF0B4FA224631466C
:100E000040F6314007F02CFA04460028BFD02046B7
:100E100002B070BD000000207200002044380200C3
:100E2000040E020072380200002142F2030001AAFF
:100E300007F016FA04460028E9D1019BBA4EDA6899
:100E4000D2F80100D2F8051003C6184610F04EFA89
:100E5000214642F2020001AA07F002FA04460028E5
:100E6000D5D1019CE368B3F8012091B249B1D9789A
:100E700039B1A5F80421DA78114606F128001EF0F0
:100E800058FE204610F032FA95F8766016F02006EB
:100E900018D1022140F66D4007F0A8F90446002859
:100EA00000F0C68002210C301DF04DFA01232146CE
:100EB00003704670324640F66D4007F0D1F90446A3
:100EC0000028A4D195F89630180712D5002142F2D7
:100ED0001C0001AA07F0C4F90446002897D1019824
:100EE000C368D3F80120D3F80530C5E9382310F0E2
:100EF000FDF995F8D830990624D568460DF1020120
:100F000007F026FA0446002881D1042142F2240089
:100F100007F06CF90646002800F08A8004210C30A6
:100F20001DF011FABDF8003022460380BDF80230F2
:100F30003146438042F2240007F092F9044600282B
:100F40007FF465AF95F8D8305A0610D5002142F2EB
:100F50002A0001AA07F084F9044600287FF457AF5D
:100F60000198C3685B7885F8203110F0BFF908213B
:100F700042F2010007F03AF90446002858D008214F
:100F80000C301DF0E0F995F8D810684B11F0020F05
:100F90000246674808BF18468B0695F8D93048BF07
:100FA00040F0400013F0090F95F89C3018BF40F452
:100FB000006003F00603CE0748BF40F01000062B88
:100FC00008BF40F4C07000211AF0D5FA2146002273
:100FD00042F2010007F044F9044600287FF417AFFD
:100FE00095F87630B5F80411980624D4C9B941F2C1
:100FF000050001AA07F034F9044600287FF407AF82
:10100000B5F80431019C4BB9E368B3F80120A5F8A9
:1010100004219A88474811461EF08BFD204610F0A7
:1010200065F9082140F6014007F0E0F8044660B990
:101030006FF06804EBE60029F3D101213E4A3F48F6
:101040001AF076FA6FF00404E1E608210C301DF086
:101050007AF995F8D8300246D90747BF30A1D1E9CF
:1010600000014FF0005136481AF085FA214600225F
:1010700040F6014007F0F4F8044600287FF4C7AEBC
:10108000014601AA4FF6014007F0EAF80446D8B13C
:101090002C4A022129481AF04BFA1AF080FC044627
:1010A00000287FF4B4AE0AF0F5F8044600287FF477
:1010B000AEAEAB7B002B3FF4AAAE082122481AF05B
:1010C00039FA07F059FEA2E6019810F00FF921460F
:1010D0004FF6024001AA07F0C3F8044608B11B4AC4
:1010E000D7E70198C368B3F80130A5F8BB3010F01A
:1010F000FDF895F8BB305B07CFD521464FF603408E
:1011000001AA07F0ADF808B1114AC2E70198C36817
:101110005B7885F8BA3010F0E9F8BEE7AFF30080ED
:101120009088000200800020D80000200E120700E6
:101130002E1207000801002096380200040E02005B
:1011400010880002B9380200D0000020DD3802000B
:1011500006390200000000002DE9F04F3A4B85B03F
:10116000D3F8042392070BD5D3F8042142B100220F
:10117000C3F80421354AD3F80431136801331360EE
:10118000334D0024A8464FF480362F4FD7F8043350
:1011900006FA04F919EA030F2DD00123A340DB431B
:1011A0002C49D1E8EF2F02EA0300C1E8EC0FBCF1B3
:1011B000000FF6D122FA04F3DB0703D4264B53F8D1
:1011C0002430C3B120461DF0A7FB11F09BFF4FF068
:1011D0002002EFF3118382F31288BFF36F8F08EBC5
:1011E000041CDCE902AB504571EB0B010AD283F31E
:1011F0001188BFF36F8F103514B105B0BDE8F08FC3
:101200000124C3E70020D5E900129FED0D7B286083
:101210000D4803938CED027B0292C0F84893204660
:101220001DF07AFB039B83F31188BFF36F8F0029B6
:10123000E1D0029A5B46009252468847DBE700BF46
:10124000FFFFFFFFFFFFFFFF005001501C3D00208C
:1012500058290020103D002040510150000000009E
:101260002DE9F0472DED028B04469FED498B4A4E48
:1012700084B04FF02003EFF3118783F31288BFF39C
:101280006F8FD4F8C8508DB9022104F1E0001EF030
:1012900060FC002843D100238DED008B394602937A
:1012A00004F1D0023D4815F039FBE2E7D4F8CC2038
:1012B0002B689542C4F8C83008BFC4F8CC30D4F8C5
:1012C000E03043F00203C4F8E030EB6823F004039D
:1012D00043F00103EB606B6887F31188BFF36F8FF6
:1012E000284698474FF02003EFF3118983F31288C3
:1012F000BFF36F8FEB68990723F0010219D4EA60FE
:10130000D4F8E03023F00203C4F8E03089F3118808
:10131000BFF36F8FDB05ACD415F05EFAA9E704F1DB
:10132000D8050022012128461EF074FE0028F8D1BD
:10133000B1E7306823F00303EB600028E0D000271A
:10134000BA46D0F800800028DAD0426801469542BB
:101350000BD1016897B972683160824200D1716027
:1013600040F808AB14F0D2FD3946B8F1000F0BD0AD
:10137000D8F8002040460F469046E4E7396072688E
:10138000824208BF7760EBE74246F3E7AFF30080A5
:10139000FFFFFFFFFFFFFFFFE43D00204A51002059
:1013A000F0B50C468DB004A915461E4609F0A4FD03
:1013B00007EE904AB8EE677AF7EE047A67EE277A7E
:1013C00017EE900ACDE90256FFF72AF89DF8127041
:1013D000CDE9000122463946024817F00DFD0DB057
:1013E000F0BD00BFFA1E020030B50C4689B0694658
:1013F000054609F081FD22469DF80210154817F0B8
:10140000FBFC9DF802409CB92946134D134804F09B
:10141000ABF928681AF0ECFC114B2C601B6823F028
:101420000203012B02D10F4814F092FE09B030BD27
:10143000012CFBD10C4C0D481EF06FFC20681AF0FB
:10144000D7FC00232360064B1B68023B012BEDD821
:101450000748E9E7391F02002C2C0020B0010020CA
:1014600020040020A0010020202C0020B00C00202F
:1014700090010020034B186810B103491AF0ADBD6C
:10148000704700BF202C0020D41E02001FB50A4A5E
:101490000B46116869B100228DF80E3003238DF8D8
:1014A0000D0000930548019203AB8DF80C2004F069
:1014B000E5FB05B05DF804FB2C2C0020B0010020FA
:1014C00000B5F7B04FF4EA72002101A81EF0E0FF6A
:1014D0000C4B01A96E933223ADF8BC3140F20113DD
:1014E000ADF8043003238DF807308DF83730012331
:1014F00005488DF834318DF8D43104F047F977B0D0
:101500005DF804FB54200200B0010020002307B561
:10151000ADF804308DF80630094B01A9186808F0C1
:1015200051FC014628B9074817F066FC03B05DF886
:1015300004FB10F1780FF9D0034817F05DFCF5E7D4
:10154000282C0020581F02006A1F0200002307B544
:10155000ADF804308DF80630094B01A9186808F081
:1015600031FC014628B9074817F046FC03B05DF886
:1015700004FB10F1780FF9D0034817F03DFCF5E7B4
:10158000242C00207E1F0200901F020038B50E4D53
:101590000446286848B11AF031FB2B682BB124F0BF
:1015A0000203012B01D1FFF7B1FF084D286850B1AC
:1015B0001AF024FB2B6833B1023C012C03D8BDE8A0
:1015C0003840FFF7C3BF38BD282C0020242C002052
:1015D0000F4B10B504461860B0FA80F0400900F0D7
:1015E00075FB24F00200431E5842584101F042FAB4
:1015F000A01E01288CBF0020012000F039FC054B03
:101600001B7823B12046BDE81040FFF7BFBF10BDD7
:1016100020040020404000201AB11146024817F073
:10162000EBBB0248FBE700BFA41F0200BD1F020086
:1016300030B504468DB0002941D104A909F05CFC05
:10164000BDF824209DF8125007EE902AB8EE677A74
:10165000F7EE047A67EE277A17EE900A0392FEF708
:10166000DFFE039ACDE900012946164817F0C4FBB6
:101670009DF8123083B92146134804F027F820461C
:101680001AF0A2FB114B0221186020461AF02EFC22
:1016900020460F491AF0A1FC9DF81230012B0ED103
:1016A0000C4D286808B11AF0A3FB20461AF08CFBF9
:1016B0004FF4804228600023074814F0EFFD0DB07E
:1016C00030BD00BFD41F0200B00100202C2C002030
:1016D000DC1E0200202C0020B00C002002484FF03D
:1016E000805183685B691847140A0200F0B589B01D
:1016F000404C20461EF09CF8002877D02269A16853
:101700001368204643F0805313600B683A4A1C214B
:101710009847002842DB4FF4C03200233748CDE918
:10172000002315F0D9FA364800F0D6FA354809F00A
:1017300075FD354809F08CFD002007F02FFB18F0EF
:10174000F6FE0021084607F0ABFD011E05DA11F197
:101750000C0F02D02D4817F04FFBFFF7B1FE2C48BD
:1017600001F070F92B4C00F095FB2B492B481EF033
:10177000C6FA03AD0320FFF72BFF0FCC0FC523687C
:1017800000212B60264D03A82A4608F0EDFA0646F4
:1017900030B10146234817F02FFB002009B0F0BDFF
:1017A000012700970222204B20492868043403AD0A
:1017B0001AF051FA0FCC0FC523681D4C2B6022463E
:1017C000314603A808F0D0FA034610B10146194883
:1017D000E1E700900222184920681AF03CFA174B02
:1017E0001F70174B1868FFF7D1FED6E74FF0FF3098
:1017F000D4E700BF140A0200010006008809002097
:10180000D11500007801002068010020FC1F0200B3
:101810008D140000B00F020075140000B00C002001
:10182000282C00200F200200281302003013020091
:10183000242C002027200200181302004040002022
:10184000200400201FB50A4B8DF800001868022301
:101850008DF80110CDF804D002938DF80C30836818
:1018600001229C6801A96B23A04704B010BD00BFF2
:10187000B42E002038B5002104460A20FFF7E2FF0D
:1018800048BB0C2202FB04F0134B1C5C1D18240106
:10189000102004F0F001FFF7D5FFE0B944F0040197
:1018A000112001F0F401FFF7CDFFA0B969780920FC
:1018B00041EA0111C9B2FFF7C5FF60B946210A200C
:1018C000FFF7C0FF38B919226B68B3FBF2F3034A84
:1018D0001360034B187038BD40130200240400202D
:1018E000414000202DE9F0420024324F88B0BB680F
:1018F000314DDFF8E0900193019B1B6823B90A206A
:1019000017F099F9264627E038460DF10F01984760
:1019100006460028F3D19DF80F300A2B01D00D2B7D
:101920003DD1CCB104F120030DEB030400230522CB
:10193000294604A804F8103C1EF0D5FD90B99DF886
:10194000150078B19DF8163063B93138042805D8F0
:101950001A4B1860FFF78EFF3446CDE7184817F092
:101960004BFAF9E70522494604A81EF0BCFDA0B9D0
:101970009DF815408CB19DF8163073B9303C032C9E
:1019800009D8104B1B680BB12046984721460E48DA
:1019900017F032FAE0E70D48E1E70D48DFE70E2CDB
:1019A000B0DC04F12002661C0DEB020404F8103CCC
:1019B000D2E700BF280A0200862002002804002087
:1019C0008C200200B02E0020B8200200C8200200A7
:1019D00019210200B220020010B50D4B88B08DF81D
:1019E000070018680DF107030293012303930023F6
:1019F0008DF810300723CDE905128DF81C3083686F
:101A000002229C6802A96B23A04708B010BD00BF4A
:101A1000B42E00202DE9F04F01218DB01220FFF7E8
:101A200011FF38B10121724A72480DB0BDE8F04F84
:101A300018F0BABC0A2017F0FEF844211220FFF774
:101A400001FF0028EED120211920FFF7FBFE00281E
:101A5000E8D11E210720FFF7F5FE01460028E1D15D
:101A60000820FFF7EFFE0028DCD1634B1868FFF772
:101A700001FF0028D6D10321604A5E4818F094FC8B
:101A80005F4CDFF89081052017F0D5F802223A204C
:101A900005A9FFF7A1FF034628B10121594A55487E
:101AA00018F08BFCEFE79DF815209DF814701202DA
:101AB00002F480721743E6D00546DFF85C91BFB2AE
:101AC0000722782006A9FFF787FF064638B10121D3
:101AD00000902B464C4A474818F079FCD3E79DF814
:101AE0001830DB08022B0ED0042B5DD0012B15D152
:101AF000BDF819206374E280BDF81B202281BDF877
:101B00001D2062810AE0BDF819302380BDF81B302A
:101B10006380BDF81D30A38001232374237C002B38
:101B20003DD0637C002B3AD0A37CDFF8F0A0002BE3
:101B300040D0D4F80CB0D9F800305B44C8F800307D
:101B400001238AF80030314B1B789BB1B4F90A307D
:101B500059460393B4F908302D480293B4F906307E
:101B60000193B4F904300093B4F90230B4F90020C1
:101B700017F042F92368DFF8A8A009936368CDF84D
:101B800020B00A93A3680B935AF8043B0BB108A842
:101B900098470136042EF7D100232382A374013520
:101BA000ABB29F428CD86EE7DDF81930E3600123B9
:101BB000A374B3E79AF800308BB91EF068FA4FF4BB
:101BC0007A72A0FB020302FB0133C20B42EA4342DA
:101BD00028235A430123C8F800208AF80030D8F897
:101BE00000B0D9F800305B44C8F80030ABE700BF64
:101BF00030210200940E020028040020442102003B
:101C0000882E00205A210200762102004240002046
:101C100096210200AC2E0020240400204140002028
:101C20009C2E002030B52248224C8BB020601DF045
:101C3000FFFD38B90121204A20480BB0BDE83040F3
:101C400018F0B2BB0F238DF80F306B4404930023C0
:101C5000206801248DF818300DF10E03CDE907340A
:101C6000072305948DF82430836802229D6804A917
:101C70006B23A847034630B1114A21460F4818F09C
:101C80009CFB0BB030BD9DF80E306C2B07D06C2246
:101C90002146009209480B4A18F099FBF1E703210D
:101CA000094A064818F089FBFFF7B4FEE9E700BFD0
:101CB0008C0A0200B42E0020AC210200940E020017
:101CC000BE210200E821020025220200014B18700B
:101CD000704700BF42400020014B1860704700BFB2
:101CE000B02E00200A4910B500230C4651F8042BF1
:101CF0001AB944F82300104610BD0133042BF5D166
:101D000004480121044A18F058FB6FF00B00F3E778
:101D10009C2E0020940E02004522020001290CBFD7
:101D200001220022044B05491A70054B054808BFE3
:101D3000194617F061B800BF4450002091220200FC
:101D4000932202009E2202002DE9F0471F4B1B78D0
:101D5000002B38D01E4B1B78002B34D01D491E4C55
:101D60000B682268B0F90490D51AFF2D88BF0133A3
:101D70001A4D88BF0B60B0F90680D3B2B0F908E005
:101D8000B0F90AC0B0F90C70B0F90E604FEA031A4E
:101D900005EB0313A3F80490A3F80680A3F808E06A
:101DA000A3F80AC09F81DE810B68013200689A4265
:101DB00045F80A00226006D0BDE8F0470022002363
:101DC000074814F06BBABDE8F08700BF435000200D
:101DD00044500020B82E0020BC2E0020434000209C
:101DE000700E0020F0B51D4C1D4D22682B688DB083
:101DF00093422BD01B4BD2B203EB021301AA17461E
:101E000003F1100C164618685968083303C6634579
:101E10003246F7D100211C2205A81EF039FB124BD7
:101E20000020CDE90637102305A9ADF820300DF0CC
:101E3000E9F868B923682A6801339342236005D022
:101E40004FF4A4720023094814F028FA0DB0F0BD35
:101E50000C30FBD140F26762F4E700BFB82E0020DF
:101E6000BC2E002043400020A4130200700E00206E
:101E7000044B05491870054B002818BF1946044843
:101E800016F0BABF43500020B8220200DD4702001E
:101E9000BC22020008B5074907481DF030FF07487B
:101EA000FFF720FFBDE808400321054A054818F068
:101EB0007BBA00BFE51D0000700E0020491D000028
:101EC000CF220200AC0D0200184BD0ED017AD3ED09
:101ED000046AD0ED005A93ED037A67EEA66A90ED9E
:101EE000026A45EE876A93ED057A46EE076A93ED3E
:101EF000077A93ED065A27EE877AD3ED014A05EE6D
:101F0000857A93ED085A67EEA47A06EE057A93ED8A
:101F1000005A45EE857AD3ED025A46EE257AC0ED99
:101F2000016AC0ED007A80ED027A7047F82E002039
:101F300062EE026A41EEA16A2DED068B42EEA26AC4
:101F4000F1EEE66ADFED6D4AF4EEE46AF1EE10FAC6
:101F500000F1BF806A4B81EEA66A93ED028AD3ED51
:101F6000008AD3ED017AD3ED033A28EE887A17EE92
:101F7000A37A37EE077A28EE085A77EE461A28EE4B
:101F8000236A07EEA75A08EEA76A82EE267AB7EE12
:101F9000004A36EE066A35EE055A36EE476A78EEA6
:101FA000A89A82EEA67A34EE455A69EE866A35EE34
:101FB000475A33EEA37AB1EE009A47EE216A27EE34
:101FC000067A37EEA72A27EE89AA09EEE17A28EEEB
:101FD000099AF8EE002A62EE065A68EE222A4AEEC4
:101FE000456A09EE457A22EE215A42EEA15A02EEE6
:101FF000C65A26EEA66A05EEA56A07EE076A05EE42
:10200000056AB1EEC66ADFED3F2AB4EEE46A60EE1F
:10201000A20AF1EE10FA20EE220AC1BFC6EE866ACD
:1020200087EE067AC5EE865A85EE065A28EE206AB5
:1020300061EE222A17EEC06A9FED331AF6EE001AFF
:1020400003EEE26A65EE815AB0EE682A56EE215A36
:1020500005EE832A68EE225A48EE805A26EE816AFF
:1020600043EEE05A67EEA26A15EEA16A58EEA06A46
:10207000F0EE675A67EEA07A46EE035A43EE806AA6
:1020800027EE016A48EEA27A16EEA16A48EE407A7F
:1020900065EE016AB0EE489A57EEA16A65EEA57A40
:1020A00006EE039AB0EE637A42EE027A06EE837A87
:1020B00049EE097A47EE077AF1EEE77AF4EEE47A30
:1020C000F1EE10FA08D5002283ED004A5A609A60BA
:1020D000DA60BDEC068B7047C2EE276AC3ED006A7A
:1020E000C5EEA76AC3ED016AC9EE276AC3ED026AAD
:1020F000C7EE276AC3ED036AEBE700BFFFE6DB2EFE
:10210000DC2E002035FA8E3C0AD7233D38B500245A
:102110001825234B2A461C60224B21461C60224B6B
:1021200022481C70224B1C70224B1C70224B1C70CE
:102130001EF0AEF92A46214620481EF0A9F9204B90
:10214000204DC3E900449C601F4B1C22C3E900449E
:102150009C601E4B21462846C3E900449C601EF04B
:1021600097F94FF07E531A4A45F8043C1360EB6030
:10217000EB61002353609360D360164A1360164AE4
:102180001360164A1360164A1360164B164A1A60FB
:10219000164B1C70164B1C70164B1C7038BD00BFC4
:1021A000382F0020342F00204C500020B80E002083
:1021B000455000204A5000204B500020A00E002027
:1021C000282F0020FC2E00201C2F0020EC2E0020A9
:1021D000DC2E0020D82E0020D42E0020D02E00206F
:1021E000CC2E0020C02E0020D9899D3C48500020D4
:1021F00047500020465000202DE9F04F2DED0C8B6C
:102200008BB0CC4B00AF1B78002B6FD0CA4B016852
:102210001C78CA4A002C6FD1116001221A70C84B79
:10222000C84A1A609FEDC88AB0F904309FEDC74ACA
:1022300009EE903AB0F90630F8EEE99A09EE103A54
:10224000B0F90830B8EEC99A08EE903AB0F90A3001
:10225000F8EEE88A07EE903AB0F90C30F8EEE77A3B
:102260000AEE903AB0F90E30F8EEEAAA0AEE103A09
:10227000B74BB8EECAAA1A78DFEDB63AB64B002AC9
:1022800040F00382B54A117800295DD10121C3EDE8
:10229000009A83ED019AC3ED028A117093ED00BAA2
:1022A000D3ED01BA93ED02CAAD49C7EE84CA0A68FC
:1022B0008AEE84DA9B2ACAEE04DA2BEE23BA6BEE9E
:1022C000A3BA2CEE23CA5CDC0132B0EE483AF0EE41
:1022D0004C2AB0EE6B2AF0EE4B1AB0EE6D1AF0EE0F
:1022E0004D0AB0EE6C0A0A60FFF722FE2C37BD469D
:1022F000BDEC0C8BBDE8F08F1368DFED9A7ACB1A3A
:1023000008EE103AB8EE488A28EE278ADFED967A72
:10231000B4EEE78AF1EE10FA116083D4DFED937A20
:10232000B4EEE78AF1EE10FA3FF77CAFDFED907A7A
:10233000834B28EE278A93ED007ADFED8E7A07EE45
:10234000278A83ED008A6FE79FED897AD3ED005AE3
:10235000DFED886A29EE876A05EEA66AD3ED015A99
:1023600083ED006A29EE076A05EEA66A28EE877AF1
:1023700083ED016A93ED026A06EE267A83ED027A16
:102380008CE717EE900AFEF74BF87B4E02460B46A1
:10239000D6E90001FDF7E6FEC6E900011AEE900A53
:1023A000FEF73EF802460B46D6E90201FDF7DAFEDB
:1023B000C6E902011AEE100AFEF732F802460B4691
:1023C000D6E90401FDF7CEFEC6E9040119EE900A34
:1023D000FEF726F8694C02460B46D4E90001FDF7EA
:1023E000C1FEC4E9000119EE100AFEF719F8024611
:1023F0000B46D4E90201FDF7B5FEC4E9020118EE6F
:10240000900AFEF70DF80B460246D4E90401FDF7E9
:10241000A9FEDFF88481B0EE483AF0EE4C2AB0EE27
:102420006B2AF0EE4B1AB0EE6D1AF0EE4D0AB0EEDC
:102430006C0AC4E90401FFF77BFDD8F800300133D2
:102440009B2BC8F800307FF751AFD6E9000100227E
:102450004B4BFEF767F9FEF74DFA4A4D0022484B09
:102460002860D6E90201FEF75DF9FEF743FA002283
:10247000434B6860D6E90401FEF754F9FEF73AFAD7
:1024800000223F4BA860D4E90001FEF74BF9FEF7AC
:1024900031FA002208EE900AD4E90201384BFEF727
:1024A00041F9FEF727FA08EE100AD4E904010022E8
:1024B000334BFEF737F9FEF71DFA68EE087A07EEA0
:1024C000100A48EEA87A47EE077AF1EEE77ADFEDD8
:1024D0002E6AF4EEE67AF1EE10FA5FD5E9468AB09C
:1024E0006D462A4B17EE900A6B61FDF799FF0022AB
:1024F0000023FDF737FE0022254BC5E90601C5E99B
:1025000008232A46062342F8103F002500234FF4F3
:102510004151204801F074FF2946CD46182230462B
:10252000C8F800501DF0B4FF1822294620461DF0BF
:10253000AFFFDBE64950002045500020C42E0020AC
:10254000C02E0020D9899D3CD9899D3C6F92644260
:102550004C50002000008038EC2E00204B50002012
:10256000382F002017B7D1370AD7A33BCDCCCC3DAD
:10257000CDCC4C3ECDCC4C3FA00E0020B80E002060
:1025800000806340282F00200000FA450423020049
:102590000040BF409C0E0200342F0020C8EEA76A06
:1025A000914E924BC6ED006AC8EE276AC6ED016AED
:1025B000C7EE276A202200211846C6ED026A1DF0E8
:1025C00067FF4FF07E518A4B021F40F8041C0161E7
:1025D000D3610321874A884817F0E6FE0122874B22
:1025E00028681A70FDF71CFF00220023FDF7BAFDD2
:1025F000804668688946FDF713FF00220023FDF737
:10260000B1FD8246A8688B46FDF70AFF0022002331
:10261000FDF7A8FDC7E902013068FDF701FF0022C0
:102620000023FDF79FFDC7E900017068FDF7F8FE84
:1026300000220023FDF796FD0446B0680D46FDF725
:10264000EFFE00220023FDF78DFD6E4692B06A4634
:1026500097ED027B6A4B82ED0A7B536197ED007B1D
:102660000E2382ED0C7BC2E90689C2E908ABC2E900
:102670000E45C2E9100142F8103F002347F2C001A5
:102680005D4801F0BDFEB54630E65E4ADFED5E6AAC
:1026900092ED007A77EEC77A92ED017A7AEEC7AAC8
:1026A00092ED027A93ED006A69EEA69A3AEE47AA95
:1026B0009FED567A29EE269A46EE079A93ED016A27
:1026C00068EEA68A06EE079A93ED026A46EE078A3E
:1026D00007F11000C3ED009A83ED019AC3ED028A61
:1026E000C7ED077AC7ED049A87ED059AC7ED068A0C
:1026F000C7ED08AA87ED09AAFFF7E6FB07F11C0062
:10270000FFF7E2FBD7ED062A97ED052AD7ED041A6D
:1027100097ED091AD7ED080A97ED070AC0EE840A6B
:1027200080EE040AB0EE483A62EEA32A22EE232A93
:1027300061EEA31A81EE041AFFF7FAFB344BF7EEB1
:10274000008A93ED02BA6BEE0B9A93ED019AD3EDEA
:1027500003AAF0EE690AD3ED00BA49EE090A2BEE9E
:102760002A0A70EEA00A0BEE890A78EEE00A30EE33
:10277000000A15F0A9FF29EE2A0A1BEE8B0A30EE9B
:10278000000AB4EEE80AF1EE10FA2ADCFFEE007A55
:10279000B4EE670AF1EE10FA48BFB0EE670A15F022
:1027A000B1FE9FED1CCA4AEEAA9A20EE0CAA29EEB1
:1027B0000B0A79EEA99A0BEEAA0A78EEE90A30EE36
:1027C000000A15F081FF144B20EE0CCA1C78134E42
:1027D000134DBCBB012286ED00CA85ED00AA1A701C
:1027E00084E5B0EE680ADAE71C2F0020FC2E0020FA
:1027F000000080BF472302009C0E02004C500020C6
:1028000064230200282F0020CDCC4C3ECDCC4C3F81
:10281000DC2E0020E02E65424A500020D82E0020F9
:10282000D42E00208FC2753D00003443000034C315
:10283000CDCCCC3D0000B443000048C200000000F5
:1028400000004842B1EE488A1FED0A0A88EE000AED
:1028500015F0F8FF78EEC06A96ED007A78EEE68A19
:1028600028EE876A06EE8C6A5FED115A36EE477ADB
:10287000D5ED007AB4EEE57A68EEA78AF1EE10FAAB
:1028800046EE8A8AC4BF5FED156A37EE667A5FED61
:10289000196AB4EEE67A78EEE77AF1EE10FAF4EE21
:1028A000E57A44BF1FED1D5A37EE057AF1EE10FAB6
:1028B000C4BF5FED205A77EEE57AF4EEE67AF1EEEA
:1028C00010FA5FED255A44BF5FED266A77EEA67ACF
:1028D000F0EEC76AF4EEE56AF1EE10FA5CBF5FED68
:1028E0002A6A27EE267AF0EEE76AF4EEE56A55BF2B
:1028F00022461FED2E7A86ED006A0022F1EE10FAD4
:102900005CBF5FED316A2246454C58BF67EEA67A40
:10291000D4ED006A434848BFDFED437A37EE267AAC
:10292000D0ED006A77EEA67ADFED406AB4EEE67A83
:1029300058BFC5ED008AF1EE10FA60DC9FED3C6AED
:10294000B4EEC67AF1EE10FA58BFB0EE476AF4EE74
:10295000E67AF1EE10FA55DCDFED356AF4EEE67A50
:10296000F1EE10FA58BFF0EE676ABDEEC66A87ED69
:10297000026AFDEEE66A97F90810C7ED026A06EEF4
:10298000901AF8EEE66A37EE667A97F9083084ED29
:10299000007A07EE103AB8EEC77A77EEC77AC0ED44
:1029A000007A002A3FF4A2AC51EA03023FF49EAC45
:1029B000204A1268002A3FF499AC1F4C1F4D94F92D
:1029C0000000084495F900107F2819441DDC10F11F
:1029D0007F0F1CDB40B27F2920701BDC11F17F0FC1
:1029E0001ADB49B2164B29701E78FF2E4FF00006F5
:1029F0001E703FF47BAC904726702E7076E4B0EEEC
:102A0000666AA4E7DFED096AAFE77F20E3E76FF0CE
:102A10007E00E0E77F21E5E76FF07E01E2E700BF9F
:102A2000D02E0020CC2E0020000000000000FE422E
:102A30000000FEC2C82E0020485000204750002051
:102A400046500020074B10B51860FFF75FFB0648A3
:102A5000FFF748F9BDE810409C230321034A0448CE
:102A600017F0ABBCC82E0020F9210000AE230200F5
:102A70009C0E020008B5084B1A78187048B152B97C
:102A8000FFF744FB054A0321BDE80840044817F05E
:102A90008BBC044AF7E708BD49500020E823020038
:102AA0009C0E02000D24020010B5094C0A4491420C
:102AB00000D110BD11F8013B58400309E35C00014F
:102AC000C0B243401809205C1B01DBB25840EEE75E
:102AD0002B2402002DE9F04F95B000AFBB61BB6F16
:102AE0000446C3F3C0038A4690F802B07A623B61A1
:102AF00041B9457800780BEB80002044554517D844
:102B0000A0EB040AE3787B61BBF1000F02D0BB6F3E
:102B1000D80716D47B6953BB7B6A1BB1514620464C
:102B2000BA699847554628465437BD46BDE8F08FE8
:102B3000461C3046FEF7A8F8013030440AF1010A7D
:102B4000DCE7237862683B629B00FB603B6AFA61CA
:102B500004EB83097B6A002B40F0FF80C846002607
:102B6000554609EB0B0AD04551D1D94413E0BB6F50
:102B70009907D1D5237899463B629B00FB60636837
:102B800004EB8909FB617B6A002B7AD15546BBF1C6
:102B9000000F4FD15E46BB6F13F0050F0CBF4FF017
:102BA000020B4FF0010B7B6909EB430ABB6F03F08B
:102BB00002037B62D145B6D019F8021B19F8013C1B
:102BC00054F82380AB4B984502D3AB4B984538D390
:102BD0003B69002B42D0F86916F06EF800283DD012
:102BE000E8468AB06A46A54B5361FB69C2E90631E3
:102BF0004FF400731384A24B42F8103F00234FF4AC
:102C00001251A04801F0FCFB023DC546D2E718F87E
:102C1000013B54F82300FEF737F8FB6F01303BB15E
:102C2000D7F880309E423EBFFB6F23F81600013676
:102C3000054498E7BB6F13F004061CBF7E6AD944B5
:102C4000A9E73B6923B1F86916F036F80028C7D127
:102C5000BB6FDA0705D4A5EB0B05ABE77B6A002B4E
:102C6000A8D04046FEF710F8FB6F43B1D7F880308C
:102C70009E423FBFFA6F431C22F8163001360544CE
:102C800098E7BBF1000F6ED0BB6F13F004066DD058
:102C9000D846002607F140005A4649461DF0D1FBB0
:102CA0007B69D9445B007B607B6909EB4303BB60B4
:102CB000BB6F03F002033B60BB684B4558D1B96F53
:102CC0006378B86F890748BF002106EB030258BF3D
:102CD0004FEA5801C507D2B200F19A8010F0040FF4
:102CE00014BF40460020FB616270A070E170204676
:102CF000BA69F9687B6A9847051EFFF614AF3B6A0C
:102D000041462370FB69BA6963707B6984F802B03D
:102D1000E37007F140007B6A9847B0F10008C0F209
:102D2000A480FB68AAEB0B01C91A7B684846C91A44
:102D3000BA697B6A98470028C0F299804FF0000B6F
:102D4000A84408EB000507F1300AB34562D300211F
:102D5000BA6908467B6A9847E5E65E464FF0000888
:102D600007F1300098E75E46D84699E7B04697E706
:102D700019F8021B3F4B19F8015C54F825009842E2
:102D800002D33D4B98421DD33B6923B1F86915F03E
:102D900093FF002890D13B68FBB908F1280307F1A5
:102DA000280208F1010003EB020C07F1500308F1BF
:102DB000020853FA80F00CF8101C5FFA88F800F84B
:102DC000105C79E73B692BB1F86915F075FF0028B5
:102DD0007FF472AFBB6FDB0709D506F1280307F15B
:102DE0002802711C9E1806F8205CCEB264E7BB6F07
:102DF00058077FF561AF08F1280307F1280208F1B1
:102E0000010103EB020808F8105C5FFA81F853E750
:102E1000002068E71BF80A3054F8239087F82F3019
:102E2000FB6FFBB133F81B800121BA697B6A07F1A4
:102E30002F00984700281ADB0544B8F1000F06D18F
:102E40004846FDF721FF00F101081FFA88F84146C6
:102E50004846BA697B6A9847002808DB05440BF1AD
:102E6000010B72E7D7F87C80DEE745465BE6054656
:102E700059E600BF24090200DC5B02003B2402008B
:102E8000040000015C0E0200014B1B68184700BFE4
:102E900060040020014B1860704700BF60040020F0
:102EA00030B585B004460D461022002168461DF05D
:102EB000EFFA02238DF80230044B2A462146684679
:102EC000019314F0AFFA05B030BD00BF892E0000A9
:102ED00080B505460E461746984613F019FD034681
:102EE0001DF016FD0446DFF81890424649F8003000
:102EF00039463046A84754F8090003F037FD00BFB3
:102F0000080000002DE9F047058B0446280790468D
:102F100011D4022905F0070540F0CD80204616F0B7
:102F200025FA78B10138218B042811D8DFE800F0A8
:102F3000C3106D85950001290CBF45F0100545F0C3
:102F40002005258388F31188BFF36F8FBDE8F087D4
:102F500001F0070AAA4500F0A6800027B9463E46C0
:102F6000A368002B00F0BD8041F00801218388F3A5
:102F70001188BFF36F8FA168002900F0BB800D6836
:102F8000002900F0B780334652462046D1F804802D
:102F9000C047002D76D02B6829461D46F0E701F08A
:102FA00007035A1F012A1BD8002221F00701062B14
:102FB000276889B2C4E9002209D13B4603E0628B4D
:102FC000013262831B68002BF9D141F002012046D7
:102FD000218316F0CBF900287BD041F0200177E067
:102FE000042B0AD121F0070189B22046218316F073
:102FF000BDF910B141F020012183218B01F0070AB6
:10300000AA4550D00027B946AAE7236921F0070155
:1030100041F00601062DD3F8009021832DD1B9F19E
:10302000000F40D041F00801218388F31188BFF3DD
:103030006F8F20463949C84729E021F007012369ED
:1030400041F0040189B2042DD3F804902183E6D025
:1030500000274FF0040A3E4682E721F0070123696A
:1030600041F0050189B2052DD3F808902183D6D00F
:1030700000274FF0050A3E4672E700274FF0060A88
:103080003E466DE72B4687E7B9F1000FD1D14FF0EF
:103090002003EFF3118883F31288BFF36F8F238B24
:1030A00023F008032383258BEA062ED525F0100391
:1030B000238305F007056669218B002EBFF66FAFED
:1030C00000232768C4E9003321F0070141F0010122
:1030D0002183218B4FF0000901F0070AAA457FF4F4
:1030E0003FAF002F9BD041F00801218388F3118866
:1030F000BFF36F8F002FC7D03D6839463346524625
:10310000204616F05FF92F46F4E7AB067FF51AAFBD
:1031100025F02003238305F00705FFE6F193010066
:10312000044608B54FF02002EFF3118382F31288B2
:10313000BFF36F8F10F050F9204603F0CDFB03482A
:1031400015F05AFE03F088FDFCE700BFEF240200F3
:103150002DE9F7430F4606460821C06A16F0E2FC47
:1031600080463C68DFF84890241A3C6004EA090570
:10317000AC4203D8002003B0BDE8F08308236A46C0
:103180002146304616F03FFC0028F4D1694630460F
:1031900016F0D2FC40B1BDF80230BDF8042005EABB
:1031A000090513441D443C60A4EB0804E0E700BF9C
:1031B0000000FFFF2DE9F04704468AB000F1140734
:1031C00038461CF018FCA06A8368DB689847E06208
:1031D00050B9864A0121864816F030FC6FF015057B
:1031E00028460AB0BDE8F087A06A8368DB68984784
:1031F0000368013B1F2B01D97E4AEBE7A06A2168D7
:1032000007AA1BF06EFA08B17B4AE3E7A5892DB146
:10321000089BB5FBF3F203FB12550DB1774AD9E7D2
:10322000E389012B01D8764AD4E7E36A029593F843
:1032300004904FF0FF334FF0FF32384612F0B8FDE4
:103240000821E06A16F06EFCA8460646E3891FFADC
:1032500085FA534508D8E389434523D1384612F00F
:103260006BFD6FF02C05BBE7A1892B04891B13FABA
:1032700081F14A4608232046029116F014FC78B1E9
:10328000204602A916F0CDFB08F1010808234A46A2
:10329000204602991FFA88F816F005FC0028DAD0BB
:1032A0000135D3E753450BD1029908234A462046FE
:1032B000891B16F0F8FB18B9204602A916F0B1FBDD
:1032C000204602A9FFF744FF054618B1384612F020
:1032D00033FD85E7029B4FEA13484FEA08486360D5
:1032E000C4F80880D4E9011399420FD3082320467B
:1032F00003AA16F088FB05460028E7D103AB13F8B4
:10330000012B91453DD10135082DF8D16368204648
:103310001B0C1B0402A9029316F083FB4A462046AD
:10332000A389029916F0BFFB051ECFDB63687BD033
:103330004FF6FF7906EB0308A3891FFA88F29B1B5F
:103340009A42CDF8088038D303212E4A284816F037
:1033500075FB2046616816F0CBFB05460028B5D109
:103360006368294AA18913400B44A3EB46036360B9
:1033700013402046A36016F0C3FC0546002D6FD015
:10338000A4E7204603A916F0D7FB626810B9921B88
:103390006260A7E7BDF81050BDF80E10E06AC4F8EF
:1033A0000880294416F0BEFB40449042A060EED154
:1033B000002DECD06FF01C057DE00823414620462F
:1033C00005AA16F020FB054600287FF47FAF2046B3
:1033D00005A916F0B1FB38B1BDF814304B4503D147
:1033E000BDF81830002B6CD0B044A5E72C250200A6
:1033F0007C0E02004E2502006B2502008325020090
:1034000097250200F42502000000FFFF4A462046EF
:103410005B1A16F048FB051EFFF658AF08D0E26AAB
:10342000A36812681344A360D4E901318B42EDD83C
:103430006168A38901EB46029A429FD1DFF8BC8004
:10344000A26801EA08039A4298D0204616F050FB81
:10345000054600287FF43AAF636803EA0803A360D7
:10346000A389A288A3EB46039A4220D0384612F0E3
:1034700063FC0123A2892374E389032100921A4883
:103480001A4A16F0A4FF63689AB200920321184A00
:1034900015481B0C16F09BFFA3689AB200920321FB
:1034A000144A11481B0C16F092FF002598E620469E
:1034B00016F00FFC0546384612F03EFC002DD8D021
:1034C0008EE60D4A0321084816F0B8FA63682046D4
:1034D0001B0C1B0402A9029316F0A3FA20460299C2
:1034E00016F006FB49E700BF7C0E0200BA25020079
:1034F000D1250200E32502001B2602000000FFFF89
:103500002DE9F04F1D46037C04468946904689B05C
:1035100053B90121634A644816F090FA6FF00C0623
:10352000304609B0BDE8F08FC26A0821104616F097
:10353000F9FA82462946104616F0F4FAA38907469E
:10354000A3EB8A03AB42C0F0AA801DB1B8F1000F13
:1035500000F0A58063680393204604AA03A9DDF860
:103560000CB016F021FB06460028D9D1BDF810306A
:103570004B4505D06268039B9A42EDD1E5B9CFE790
:10358000204604A916F0D8FA0028F3D0BDF812009E
:10359000BDF8143075B1AB420ED14FEA1B4109049E
:1035A00001442B464246204616F04AFA002803DC26
:1035B0000646B5E7002BB3D0002F3DD104F114032C
:1035C00001934FF0FF324FF0FF33019812F0F0FB00
:1035D000DFF8D8B0E3899E425ED0D4E90123F91820
:1035E0008A422CD3ADF81A30FF2306A88DF81E307E
:1035F000ADF81890ADF81C5016F04CFA2B46424628
:10360000A168204616F01AFB29468246E06A16F0A9
:1036100089FAA2680244A260BAF1000F07D12046DD
:1036200006A916F045FB002814BF8246AA46019859
:1036300012F082FB564673E75744BFB2BEE708213B
:10364000E06A16F06FFA4FF6FF730021ADF81830FC
:103650008DF81E30A389ADF81C10111802EA0B0278
:103660001A44101A606006A8ADF81A1016F012FA83
:1036700006A9204616F01CFB2046211D16F0D1F9A4
:103680006368204603EA0B03A36016F039FB824609
:103690000028CCD101369DE76FF01B0AC7E76FF019
:1036A00015063DE7182502007C0E02000000FFFF12
:1036B0002DE9FF471E46037C04460F469046BDF8A1
:1036C00030904BB92C4801212C4A16F0B7F96FF015
:1036D0000C0004B0BDE8F0870821C06A16F022FA99
:1036E000A389A3EB4003B34243D30025D4F804A03D
:1036F000CDF804A04D455146DDF804A009D9636812
:1037000053451ED1BDF80830BB421AD06FF00100FE
:10371000DFE7204602AA01A916F046FA0028D8D110
:10372000BDF80830BB4206D1204602A916F004FAC3
:1037300008B10135ADB26268019B9A42DAD15146B7
:10374000E0E7BDF80C30002BE0D0A945DED8BDF88D
:103750000A00090CB3424FEA014128BF3346014435
:103760004246204616F04FF90028B2D1BDF80C00B1
:10377000AFE76FF01500ACE77C0E020018250200E1
:1037800010B530B90B480C4916F092FB6FF01500DC
:1037900010BD836833B90748084916F089FB6FF0FC
:1037A0000400F5E71B6813B1BDE810401847184640
:1037B000EEE700BFA40E02003726020048260200F2
:1037C00010B530B90B480C4916F072FB6FF01500BC
:1037D00010BD836833B90748084916F069FB6FF0DC
:1037E0000400F5E75B6813B1BDE8104018471846C0
:1037F000EEE700BFA40E02003726020048260200B2
:1038000070B508B101B132B90B480C4916F050FB44
:103810006FF0150070BD84680CB1E56835B90648D5
:10382000074916F045FB6FF00400F3E741F8040B7D
:10383000E368BDE870401847A40E02006626020047
:103840004826020010B5044630B91048104916F059
:103850002FFB6FF0150010BD006830B90B480D4903
:1038600016F026FB6FF00100F5E783680BB11B69CA
:1038700033B90648084916F01BFB6FF00400EAE76D
:10388000616898470028E6D12060E4E7A40E0200B2
:1038900092260200A32602004826020070B51346B5
:1038A000044630B91048114916F002FB6FF01500BC
:1038B00070BD006830B90C480D4916F0F9FA6FF088
:1038C0000100F5E782680AB1956835B906480949EB
:1038D00016F0EEFA6FF00400EAE70A46AC466168BB
:1038E000BDE87040604700BFA40E020092260200AF
:1038F000A326020048260200034A13680BB9526847
:1039000013600020704700BF6404002030B50C46EF
:103910000E4985B00291D0F8AC110546CDE90031D1
:1039200000F1E0014FF0FF33204611F079FD50B96E
:10393000012384F86430D5F8A83123B1204605B0BE
:10394000BDE83040184705B030BD00BFA99F010059
:1039500038B50C461146054616F028FB034638B923
:103960002846044916F022FB03460020236038BD98
:103970000120FBE7BE5A02002DE9F04F01238146EA
:103980000569466885B005F56B77D7E8EF2F002A03
:1039900003D1C7E8E13F0029F7D10CBF1A46002246
:1039A00040F0B180B368B16A05F5E4781C1F104699
:1039B00016F081FB84425FD8013A00F09E80B2FA93
:1039C00082F24FF00044D44072682046073222F061
:1039D0000302C5F86022B16A16F06DFBC5F86402F7
:1039E000B36A40466343033323F0030302EB43020D
:1039F000230103EB4403093323F0030303EBC40364
:103A0000C5F858221A440832C5F854227368C5F81C
:103A10005C42C5F850323D4BC5E9A963316800F0FE
:103A2000DFF9044630BBD9F804A0D9F81090DAE9E0
:103A3000073409F5307B012B584608BF103C1CF0B9
:103A400058F90023DAF8240031494FF4806201EB81
:103A5000802100935846234612F080FB09F52C7014
:103A60002C491CF0ECF8DAF8140083685C682CB977
:103A70006FF05704002139E0013298E74B46264A9F
:103A8000DAF81810A04704460028F3D1DAF8140039
:103A900083681B69002BEBD00122DAF818109847D5
:103AA00004460028E6D11D4B2846C5F8A8311C4B1A
:103AB000C5F8AC311B4B0393D5F810320293D5F8FF
:103AC0000832CDE90083D5F86832B26AD5F8A81378
:103AD00000F04EF904460028CCD105F1E00011F0C9
:103AE0004BFD0028C5F8B0030ADB0221384616F06A
:103AF00092FA204605B0BDE8F08F6FF00B04B9E7ED
:103B00006FF01504B6E76FF07704F2E7FF9F01004E
:103B100050650020E59F0100D99F0100293B00006E
:103B20008DA1010047A0010013B5044640B1002358
:103B30000122CDE90032074BD0E9091211F024FC33
:103B4000A36E1B6823B1E06E02B0BDE810401847B9
:103B500002B010BDBE5A020013B5044608462169E2
:103B600001F56B71D1E8AF1F022910D193B1A0B15B
:103B70000121CDE900311346D0E9091211F004FC0E
:103B8000074B984208BF6FF00B0002B010BD6FF0FA
:103B90000F00FAE76FF04C00F7E76FF00100F4E771
:103BA0002EF8FFFF2DE9F74388461546066906F50E
:103BB0006B73D3E8AF3F022B5FD1136823B96FF06B
:103BC000150003B0BDE8F0831B78002BF7D0D6F8C2
:103BD000A893B9F1000F33D106F5D8774FF0FF3233
:103BE0004FF0FF33384612F0E3F830462A6801A957
:103BF000FFF7AEFE019C1CB9384616F00AFADEE764
:103C000005F10803A3666B6984F86490E366E463D6
:103C100060B1384616F0FDF921463046236E2A6819
:103C2000FFF774FE0020C8F80040CAE72022296888
:103C300004F140001CF069FC384616F0EAF9F1E79F
:103C400030460F4916F0B2F904460028B7D005F106
:103C5000080383666B69C063C366002380F8643021
:103C60002022296840301CF050FC224601213046B9
:103C700000F060F80028D5D0A1E76FF00F00A0E7B2
:103C8000BE5A020010B50C46006900F56B73D3E80C
:103C9000AF3F022B0FD189B10A4900F52C701CF0FF
:103CA0000CF820461BF085FB7022002120461CF0FA
:103CB000EFFB002010BD6FF00F00FBE76FF001007D
:103CC000F8E700BF3C2F00202DE9F04F05460E46D7
:103CD00090460027D0F8B0A085B0AAF5AE74214672
:103CE0003046FCF7BFFFE0B9114BA4F1400B029343
:103CF000DAF810303246CDE9008329464FF0FF3321
:103D00005846AAF5CE7911F08BFB60B970230122D9
:103D100003FB079383F86420DAF80C300BB15846A4
:103D20009847703417B105B0BDE8F08F0127D6E78A
:103D3000BBA101001FB5144690B18AB1012912D16F
:103D40000A4B00F1E0010293D0F8AC31403201930C
:103D50004FF0FF332046009311F062FB04B010BD1A
:103D60006FF01500FAE70020F8E700BFBBA10100E3
:103D70002DE9F04387B00E46DDE90E811446DDE9FA
:103D800010251F4630B329B3DFF850C000F1E00919
:103D9000002D08BF65469EB9CDE9034400F5CE74F9
:103DA000204605961BF02AFD03ABCDE900432A46C9
:103DB0003B464146484611F005FC07B0BDE8F0839C
:103DC000002241460E9248462A4607B0BDE8F0431D
:103DD00011F024BD6FF01500EFE700BFC93C0000F3
:103DE000F0B50E46044689B000286FD00123024684
:103DF000C3630023D0F89810364F403040F80C7C55
:103E000042F8301FCDE901334FF0FF330093C36D0B
:103E10001AF0B2FF304A06AB92E8030083E80300D1
:103E2000184611F0C3F90546D8B904F1340011F071
:103E30009FF90546A8B93946284805AA1AF078FF1F
:103E4000054670B9059B9A6872B10C33D4F894009A
:103E5000C4F8A03016F0E2F9C4F8D40030B96FF01D
:103E60000B05284609B0F0BD0346EFE7D4F89400EF
:103E700016F0D4F9C4F8D8000028F0D0D4F88C306B
:103E8000D4F8A010C4F8A8300423C4F8AC30C4F8A7
:103E9000C4300223A362124BB4F89420D4F8D47037
:103EA000C4F8B810C4F8D010D4F89010236204F10C
:103EB000A403A4F8B020C4F8A470C4F8C010A4F8F7
:103EC000C820C4F8BC00A661E362CAE76FF015051C
:103ED000C7E700BFCD260200D80F0200D726020098
:103EE0000C1402002DE9F047044607464FF0010983
:103EF000DFF8508014B93846BDE8F08794FAA4F58D
:103F0000B5FA85F509FA05F32E0108EB05156FEAF8
:103F1000030A24EA03042B7B002BEBD058F806306D
:103F20001B694BB94644736804222846196807EA9E
:103F30000A0700F051FADDE7284698470028D9D152
:103F4000F0E700BF1C0F020030B5002289B00F4916
:103F50000F481CF0E3F8002200230024CDE90623DB
:103F60000E230C4DCDE903344FF440722846CDE9C1
:103F70000144094B0949009411F066FE084928469E
:103F80001BF01EFD204609B030BD00BFA53F00005C
:103F900058170020881200207D4200005069002040
:103FA000DF260200014811F0B1BF00BFD40A002093
:103FB0002DE9F04780461F480F4616F081F9064666
:103FC000002830D000252846BDE8F087237B73B158
:103FD0002368DB680BB12046984723681B69D3B977
:103FE000636804222046196800F0F6F9013610349F
:103FF0004C45EBD3B8F1000FE5D0002DE2D02846B8
:10400000FFF770FF0546002FF7D000214FF4A47092
:1040100012F064FCF1E7204698470028E0D00AFA45
:1040200006F31D43E2E705464FF0010A024CDFF8B4
:104030000C90DDE7742F00201C0F02002C0F0200F3
:10404000014B53F8200070474C14020008B503469A
:1040500008462BB1044A136000F02CFC002008BD78
:104060006FF01500FBE700BF9004002010B5044C72
:10407000237813B9034811F049FF0123237010BDC1
:104080004D500020D40A002010B50446064816F012
:1040900017F93CB1054BD3E8EF1F0139C3E8E21F24
:1040A000002AF8D110BD00BF6C2F0020702F002017
:1040B00000200146034BD3E8EF0FC3E8E21F002ABC
:1040C000F9D170476C2F002070B5FFF7F1FF05465E
:1040D000074C084EB44200D370BD63685B792BB1C6
:1040E00023685B6813B12946204698471034F1E7EE
:1040F0001C0F02002C0F020010B5044C044920468E
:1041000015F026FB034B1C6010BD00BF44090020C6
:1041100038140200642F002008B50023074A4FF42A
:1041200000411370064A07481360074A1360FFF7FF
:104130008DFFBDE80840FFF7DFBF00BF4E500020F5
:104140006C2F0020BDA20100702F0020014600222C
:104150000023014815F01DBB44090020014815F05B
:10416000B6BB00BF44090020024B0146186815F099
:1041700000BC00BF642F0020014815F036BC00BF12
:104180004409002070B5264B1878002847D0FFF767
:10419000E5FF054670B1234BD3E8EF1F0139C3E8B3
:1041A000E21F002AF8D1204C204EB4422DD32846DD
:1041B000FFF7DAFF1E4B1F4C1B68002B19DD1BF0AD
:1041C00066FF4FF47A72A0FB020302FB0131C30BBE
:1041D00043EA4143D4E900209B1A40F2E9324FEA16
:1041E000D13161EB0001934271F1000101D3FFF77E
:1041F0006BFFD4E9003213F57A7342F10002C4E98F
:104200000032BDE87040FFF7B7BF63685B7923B148
:104210002368294620461B6898471034C5E770BDBF
:104220004D500020702F00201C0F02002C0F0200A8
:104230006C2F00205017002070B50D4D297861B902
:104240000120FFF7B5FE0B4C0B4EB44206D3FFF72F
:1042500099FF0028FBD101232B7070BD63685B7947
:104260001BB1236820469B6898471034EDE700BFD8
:104270004E5000201C0F02002C0F020000212DE9DF
:10428000F0470846FFF794FE044658B340F26768CB
:104290004FF000091CF03CFB1B4B1C4A1B581360E1
:1042A00033B11B4B1B68092B02DD1A4811F02EFE9F
:1042B0000025194FDFF85CA044B12046FFF712FE3D
:1042C000044618B94FF0FF384FF0FF39FFF75AFF97
:1042D000064628B9B5B942464B46504611F03CFE59
:1042E0003546E9E74FF0FF384FF0FF39D2E72B684A
:1042F0009B691BB100222846114698471035BD42E4
:10430000F5D3E8E7054DFAE708000000682F002024
:10431000702F0020D40A00202C0F02001C0F020076
:1043200013B5184815F0CCFF174B1B787BB14FF035
:104330002003EFF3118483F31288BFF36F8FFFF72D
:1043400021FF84F31188BFF36F8F02B010BD0F4BB4
:104350001B68002BF9D050B9002200230C48CDE98E
:1043600000234FF40042002312F0B6FCEDE70928C9
:10437000EBD107481BF0DEFE064802B0BDE8104056
:1043800011F0C4BD702F00204E500020682F002077
:1043900058170020D40A002010B5064B04461B68AD
:1043A00098472146A060044815F071FABDE8104016
:1043B000FFF7B6BF9004002044090020044A054BD3
:1043C0009B1AB1EBD30F34BF52F831000020704775
:1043D000A40D02001C0F0200084B10B4C31A44685D
:1043E0001B110133237143689A71012243681960DC
:1043F00043685A715DF8044BFFF738BE1C0F02008A
:104400002DE9F04F8FB0C1F34A2804AF0D46914615
:10441000B8607B600C0DB8F1000F63D000264FF040
:10442000040B4FF00A0A07F11403C7F80C80C7E920
:1044300007667E620193CDF808B0CDF800A007F1C1
:104440001C0332464846F968FEF744FBB0F5006F9E
:1044500003461CD36C468AB0D9F8041004AB264836
:104460001A46C3E9050140F2FF71D9614FF40071AA
:104470001984224B42F8103F4FF412513346204822
:10448000FFF7BEFFA5462C37BD46BDE8F08FC0F351
:104490000A0804F11700184420F0070080083B6068
:1044A000FFF754FE68F35325044690B13B6800F1D2
:1044B0001001C7E9083607F11403F961CDE900A33B
:1044C000CDF808B048460F4AF96807F11C03FEF71B
:1044D00001FB68F353252A4620467B68B96815F02E
:1044E00013FFD0E704F1170020F007008008FFF762
:1044F0002DFE0446EDE700BFF42602000400000193
:10450000AC0E0200DDA201000EB403B503AB53F8FC
:10451000042B01460448019302F004FE02B05DF84A
:1045200004EB03B0704700BF1BA40100CA0605D40A
:104530008B064CBF02490349FFF7E6BF704700BF37
:10454000BD5A0200BC5A02002DE9F04F8BB09B46C9
:10455000DDE918769DF8543004460593DDE916939D
:104560000693059B0D460892002B00F0878006F00D
:104570000103099306F00803079315F0ADFE06F05A
:10458000020A0246002849D020468449FFF7BCFFB2
:104590008046BAF1000F08D016F0440F40D12A46E9
:1045A00020467F49FFF7B0FF8044099B5BB17D4BFC
:1045B000059A204653F822207B4B7C49002A08BFED
:1045C0001A46FFF7A1FF079B002B55D0784B059AA1
:1045D000204653F822207749FFF796FF0546089BAF
:1045E0002BB11A4620467449FFF78EFF0544BBF1F4
:1045F000000F05D05A4620467049FFF785FF054455
:104600004544B9F1000F48D1002F4ED1F30700F116
:10461000BF8031462046FFF789FFB3E08046B8E708
:10462000674B18680028BFD0664B4FF47A7E1B6832
:104630004FF46162B5FBF3F5B5FBF0F300FB1355E6
:104640000EFB05F5B3FBF2FAB5FBF0FC3C2102FBD7
:104650001A3200FB1C55B2FBF1F30EFB05F5B5FB5E
:10466000F0F501FB132220460092CDE901C5524628
:104670005549FFF749FF97E7079DB0E7BBF1010FE9
:1046800006D1B9F1000F64D1002F7BD000250CE0DA
:10469000B9F1000FF8D04D485CE04D484B4622463A
:1046A0004C4914F0D8FA002F68D0DFF83891DFF8C1
:1046B00038A1102F31462046B8464FF0000B28BFD6
:1046C0004FF01008FFF732FF5D4545DC069B514671
:1046D00020461A78FFF718FF4FF0010B1BF0070F69
:1046E00003D149462046FFF70FFFD8453BD9069B2B
:1046F0005146204613F80B20FFF706FF0BF1010B84
:10470000BBF1100FEAD14FF0000B20463249FFF702
:10471000FBFE5A46069B20469A5CA2F120015F29C7
:1047200028BF2E222D49FFF7EFFE0BF1010BBBF145
:10473000100F1DD01BF0070F03D149462046FFF78D
:10474000E3FED8455A46E5D849462046FFF7DCFE49
:10475000EBE71F48059DA1E749462046FFF7D4FE39
:104760000BF1010BB0E720461D49FFF7CDFEC5E771
:10477000069BB7EB0807434406939AD1059B002B91
:104780007FF444AF20460BB0BDE8F04F15F038BEC3
:104790002046054A0549FFF7B7FE3AE738270200E9
:1047A0003C2702005C14020033270200525702002B
:1047B0007014020061270200672702006B270200C5
:1047C0007C2F0020782F00204527020049A40100FB
:1047D0001BA4010025710000762702007827020043
:1047E000865A0200885A0200702702002DE9F04123
:1047F0000F884B6805460C4690468E6886B0C7F316
:1048000082175BB1144A9B1A43F3CF01002920DBC6
:104810002078C0F3C200FFF7D1FD0346214651F8CE
:10482000102B6088C2F34A22002A01EB020408BF61
:1048300000210022C0F30B10CDE90408CDE90214D9
:104840002846314601970092FFF77EFE06B0BDE88C
:10485000F0810023E2E700BFA40D020042F20F73D3
:1048600073B58B4228BF0B46056804460521684690
:104870000D4A12F0ABFC0646636828460B225B68C3
:104880000A4915F0B0FD63683246694628465B6800
:1048900015F0A9FD63681B2228465B68044915F0E2
:1048A000A2FD02B070BD00BF49550200972702006B
:1048B0007B27020000210123064A904206D8064ABF
:1048C00001B901231360054B1860704701214008AE
:1048D0005B00F2E740420F00782F00207C2F002081
:1048E000F8B50D460446064F4618B44201D1284695
:1048F000F8BD14F8011BBB6801485B689847F4E7F2
:10490000280A0200014B036000207047B81402001F
:1049100070B5114B0D461C68DCB1104B19680023B3
:104920008B4202DB6FF0010070BD224612F8106B63
:10493000864202D014460133F2E7E06810B96FF006
:104940001200F1E71AF074FF0028F8D000202C6064
:10495000EAE76FF00C00E7E7D804002044150200F6
:1049600070B588B005460C46C0B269461646FFF7DA
:10497000CFFF00281BDB0098C8B143682268029370
:1049800083680195CDE903360023CDE9062305931D
:10499000C56815F08FFD6DB12846084901AA19F0C8
:1049A000A4FE079808B9059B236008B070BD6FF09E
:1049B0001500FAE76FF01200F7E700BFB7A4010097
:1049C0001FB507240294044C0194BDF818400094CC
:1049D00018F0C0FE04B010BD2A0900202DE9F041F6
:1049E0000F4B05461C680E461746ACB14FF0FF3220
:1049F0004FF0FF330B4811F0DBF963683246D3F810
:104A0000088029463B462046C0470446054811F029
:104A100093F92046BDE8F0816FF00104F9E700BF8B
:104A2000AC2F0020940A002000230360044B5A6836
:104A300012B9C3E90000704710605860704700BFAA
:104A4000B02F0020014B1860704700BFAC2F002032
:104A5000002330B585B00546CDE9023301904FF013
:104A6000FF334FF0FF320B4811F0A2F90A4B1C68DC
:104A70004CB9284600F0E0F80446064811F05CF90D
:104A8000204605B030BD636820461B6801A99847E1
:104A90002468EDE7940A0020B02F00201FB5CDE96F
:104AA000010103924FF0FF334FF0FF32094811F03C
:104AB0007FF9094B1C682CB9064811F03DF92046D6
:104AC00004B010BD636820461B6801A9984724689C
:104AD000F1E700BF940A0020B02F00200022024B13
:104AE000C3E90022704700BFB02F00200022024B14
:104AF000C3E90022FFF7F2BFB82F00202DE9F743EA
:104B000007460C4609B100230B6000261E4DDFF856
:104B100080904D450FD31D4B1D6885B355F8148CFF
:104B20003846414601AA143D15F008FD10B3D6B928
:104B300014BB2E461EE0D5F800803846414601AA37
:104B400015F0FCFC50B116B954B92E4606E000220F
:104B50004046316815F0F2FC0028F5D11435D8E74D
:104B6000019B2360F1E700224046316815F0E6FC26
:104B70000028DDD16D69D0E7019B2360D9E730467D
:104B800003B0BDE8F08300BF2C0F0200B82F002057
:104B9000A40F02002DE9F04784B002AFD7F82890A7
:104BA00004460D46164698467860B9F1000F07D0C6
:104BB000D9F8001031BBD9F804A0BAF1000F28D100
:104BC0002046391DFFF79AFF08B3D0F808904346F6
:104BD000324629467868C847C8B16D468AB002AAED
:104BE000124BD061C2E905344FF400731384104BAB
:104BF00042F8103F00234FF411510E48FFF700FC1C
:104C0000AD4604E03A1D15F099FC0028D3D10020F0
:104C100007E0D9F8083032460093294643467868C1
:104C2000D0470837BD46BDE8F08700BF0528020021
:104C300004000001FC0E0200F8B506460025174CE2
:104C4000174FBC4208D3174B1C682CB3143CB6B9A1
:104C5000E368E3B96469F8E72EB9E3685BB928460D
:104C600005461434EDE700223146206815F066FC55
:104C70000028F2D1F3E79847002DF0D1F0E70022A9
:104C80003146206815F05AFC0028E1D1E2E7984748
:104C9000002D08BF0546DDE72846F8BD2C0F0200B1
:104CA000A40F0200B82F002038B50C4D4FF0FF3391
:104CB0004FF0FF320A4811F07BF82B783BB9FFF731
:104CC00015FF00F06DF8044610B901232B70002485
:104CD000034811F031F8204638BD00BF5050002085
:104CE000940A00202DE9F04706468946048FDFF834
:104CF000ACA0013498B0A4B200F10807651EADB2B3
:104D0000B5F5004F47D04A23294605AA384615F085
:104D1000C8F804F57F543F34A4B2804621460123ED
:104D200038460DF10B0215F0BCF8B8F1000F014642
:104D300010DC002810DC338FAB4209D132466B1EE9
:104D400022F8383F4FF4004102233846FEF7D8FBE3
:104D50002C46D3E7002808DC2946384615F09DF894
:104D60002146384615F099F8E5E708F160030DEBA8
:104D700003080023524608F84C3C05A8CDF80090E3
:104D800003AB0397ADF81040FFF704FF0028DFD016
:104D900018B0BDE8F0870020FAE700BFADA501001C
:104DA0007FB50125694628460195FFF7B1FD044608
:104DB00060BB284602AA01A9FFF7D2FD044610B144
:104DC00010F10C0F22D10399B1F5803F23D20023BB
:104DD0001846009A9468084484421AD30133082B79
:104DE000F9D10E4DA982EB8253682846AB60D36897
:104DF000EB6315F073FC044640B9094E28466E601B
:104E0000FFF712FE28466E60FFF71CFE204604B036
:104E100070BD9BB2E5E76FF02004F7E7C02F0020DC
:104E2000B4040020F8B50C780646012C0D4619D0C4
:104E3000022C1DD014BB154F0A21384615F06FFC0B
:104E4000092806D91249134815F080FC6FF00B00B1
:104E5000F8BD3B6803EB800232602A6843F82020EB
:104E60002046F5E700210C4815F059FC0B49EAE70C
:104E700000210B4815F053FC0A49E4E705480A49AC
:104E800015F064FC6FF01500E2E700BFD0040020CD
:104E90002A280200FC0D02000830002047280200EA
:104EA000003000206428020082280200002213B58E
:104EB0000446019210B1026802B139B9144815498B
:104EC00015F044FC6FF0150002B010BD4268C368D5
:104ED0009A4206D30E48104915F038FC6FF01B00BB
:104EE000F2E701A8FFF79EFF0028EDD1D4E90013F7
:104EF0005A1C626014225343084CCA18CC50084B09
:104F0000C2E90130019BD3604FF480331361DBE7CA
:104F1000FC0D020094280200A62802009808002038
:104F2000FFD5010000232DE9F74F894615460446B9
:104F3000019310B1036803B14AB93149314815F002
:104F400005FC6FF01506304603B0BDE8F08F4368EE
:104F5000C2680233934206D92B492A4815F0F6FB62
:104F60006FF01B06EFE7DFF8B4A00A21504615F0FA
:104F7000D6FB0928074606D92449224815F0E6FB46
:104F80006FF00B06DFE7DAF800B029680BEBC0081A
:104F900001A8FFF747FF064640B11D49DAF80400B3
:104FA000A8EB0101C90815F0D5FBCCE71421DDF809
:104FB00004E04BF837E0A8F8040088F80690D4E93C
:104FC00000035A1C4B43134F6260C750C218124B68
:104FD000C2F80C80C2E901364FF480331361D4E982
:104FE00000835A1C62602C4601FB03FC0FCC08EBCB
:104FF0000C070FC723683B6048F80CE0A3E700BF2D
:1050000094280200FC0D0200A6280200C12802001C
:105010001430002094080020BDD70100C8040020EF
:105020000023F7B50C460546019310B1036803B1A0
:1050300041B91F491F4815F089FB6FF0150630462E
:1050400003B0F0BD1C49206816F0DCF908B91B4913
:10505000F0E71B49206816F0D5F90028F7D0194968
:10506000206816F0CFF90028F1D06A68EB689A4200
:1050700006D315490F4815F069FB6FF01B06DEE7F4
:10508000216801A8FFF7CEFE06460028D7D1D5E952
:1050900000C77B1C6B6014235F430FCC0CEB070530
:1050A0000FC523682B60019B4CF80730C7E700BF92
:1050B00094280200FC0D020098080020E728020056
:1050C0009408002090080020A628020038B518B1E6
:1050D00005680DB101B132B91048114915F036FB20
:1050E0006FF0150038BD4368C468A34206D30B486F
:1050F0000C4915F02BFB6FF01B00F3E75C1C4460C0
:10510000142043430848EC18606008486282C4E9F0
:1051100002010020064A2082EA50E3E7FC0D02006B
:1051200094280200A6280200D1D50100C1E10000A8
:1051300090080020F8B5044600254FF0FF334FF0EB
:10514000FF3280690E4615F015FB231D53F83520FC
:105150007AB954F8352062B904EBC5070022002360
:105160003946E06910F004FD30B97E6054F835002E
:10517000F8BD0135032DE9D10221044A044815F098
:1051800013F9A06915F0F8FA0020F1E729290200C7
:10519000CC0D0200F8B504460D464FF0FF334FF03A
:1051A000FF32806915F0E6FA63689D4210D0E3682B
:1051B0009D421ED063699D421DD002210F4A1048B6
:1051C00015F0F2F8A06915F0D7FA6FF01500F8BDE8
:1051D0000026002554F83610E06904EBC6071AF0E3
:1051E000C3FB44F836507D60A06915F0C5FA284627
:1051F000EDE70126EDE70226EBE700BF45290200B7
:10520000CC0D020038B504460D464FF0FF334FF089
:10521000FF32806915F0AEFA63689D420FD0E368F3
:105220009D4210D063699D420FD00221084A09486F
:1052300015F0BAF8A06915F09FFA002038BD0023D8
:1052400054F83300FAE70123FAE70223F8E700BF36
:1052500076290200CC0D02002DE9F047CD68914679
:105260006A781E4C02EB4202A4EB82042C440746EF
:10527000884686B00146D4F84C029A46FFF7C2FF32
:10528000064648B91649174815F02EFB6FF010086E
:10529000404606B0BDE8F087AB7841460293EA7815
:1052A000C369384613440193BDF838304A46009329
:1052B000534618F04FFAAB68804643B1CDF81090D2
:1052C000AA7839468DF8142004A800229847314660
:1052D000D4F84C0215F065FADAE700BF80FEFFFF54
:1052E000A12902001C0E02002DE9F74F1C469DF873
:1052F000343080469B079246BDF830B03BD4CE6830
:105300001E4D7378014603EB4303A5EB830535443B
:10531000D5F84C02FFF776FF074648B918491948F7
:1053200015F0E2FA6FF01004204603B0BDE8F08FEC
:10533000B2780BEB040393421ADCC369F27851464E
:1053400003EB020909EB0B0022461BF07AF8B36865
:1053500043B1CDF80090B27841468DF804206846FC
:10536000012298473946D5F84C0215F01AFADBE7C6
:105370006FF00604F6E76FF00504D5E780FEFFFF47
:10538000A12902001C0E02002DE9F047CD689146CC
:105390006A781E4C02EB4202A4EB82042C440746BE
:1053A000884686B00146D4F84C029A46FFF72AFF99
:1053B000064648B91649174815F096FA6FF01008D6
:1053C000404606B0BDE8F087AB7841460293EA78E4
:1053D0008369384613440193BDF838304A46009338
:1053E000534618F0B7F9AB68804643B1CDF810903A
:1053F000AA7839468DF8142004A80022984731462F
:10540000D4F84C0215F0CDF9DAE700BFC0FEFFFF7B
:10541000A12902001C0E02002DE9F74FCE681C46A0
:1054200073781F4D03EB4303A5EB83053544014619
:105430008046D5F84C029246BDF830B0FFF7E2FE48
:10544000074648B91749184815F04EFA6FF010048E
:10545000204603B0BDE8F08FB2780BEB0403934213
:105460001ADC8369F278514603EB020909EB0B0061
:1054700022461AF0E6FFB36843B1CDF80090B27847
:1054800041468DF804206846012298473946D5F8F0
:105490004C0215F086F9DBE76FF00604F6E700BF73
:1054A000C0FEFFFFA12902001C0E02002DE9FF47EC
:1054B0006FF00F04D1F80C800F4698F82D100646B7
:1054C000C1EB0111A4EB810444440146D4F84C0221
:1054D00091469A46FFF796FE054648B9104911488D
:1054E00015F002FA6FF01006304604B0BDE8F08700
:1054F00098F82F303946029398F8302043693046A7
:1055000013440193BDF830304A460093534618F0D7
:1055100021F929460646D4F84C0215F042F9E3E792
:10552000A12902001C0E02002DE9F047D1F80C80E1
:105530000646A8F50E790146D9F84C0217461C46D6
:10554000BDF820A0FFF75EFE054640B91549164894
:1055500015F0CAF96FF010042046BDE8F087BAF1E3
:10556000000F18D1012C19D8387848B1012807D07C
:105570006FF005042946D9F84C0215F012F9EBE753
:10558000D8F800300BB131469847224639462846B4
:105590001AF057FFEEE76FF00604EBE76FF00C042C
:1055A000E8E700BFA12902001C0E020008B503496C
:1055B000034815F099F96FF0100008BDA129020009
:1055C0001C0E02002DE9F04FD1F80C800546A8F51D
:1055D0000A790E4687B00146D9F84C0217469B4619
:1055E000FFF710FE044648B91649174815F07CF934
:1055F0006FF01006304607B0BDE8F08F4FF0010A9B
:1056000000F111030193BDF84030314600933A4652
:105610005B462846CDF808A018F09CF8D8F804306E
:10562000064643B18DF814A000222946D8F804306C
:10563000049704A898472146D9F84C0215F0B1F810
:10564000D8E700BFA12902001C0E02002DE9F74F88
:10565000CF680646A7F50A790146D9F84C0290466C
:105660001C46BDF830B0FFF7CDFD054648B91549D9
:10567000154815F039F96FF01004204603B0BDE865
:10568000F08F0BEB0403012B18DC00F1110A22460A
:1056900041460AEB0B001AF0D4FE7B6843B10122AD
:1056A0008DF80420314668467B68CDF800A0984705
:1056B0002946D9F84C0215F074F8DEE76FF00604BD
:1056C000F6E700BFA12902001C0E0200F8B505464E
:1056D000D0F84C02FFF72EFD044630B9204821498E
:1056E00015F002F96FF00B00F8BDD5F84C3200212F
:1056F000DB693C265A691AF0CBFE2346012203F8E7
:10570000202BC4E9053395F83C110022052928BF58
:10571000052105F13F008A42A36912D3E36195F8A0
:105720007C210023052A28BF05220C2605F5A1703F
:1057300093420DD3D5F84C02214615F032F80020E3
:10574000D2E706FB02F7C75D01323B44A361E2E703
:1057500006FB03F1475CE16901333944E161E7E7A6
:105760001C0E0200BB29020010B5D0F84C02FFF756
:1057700011FD044618B10349034815F0B5F8204659
:1057800010BD00BFF62902001C0E02002DE9F04FEB
:10579000B1F8B8310446B3F5007F0D4689B000F288
:1057A0005482D1F8BC310026C0F83832D1F8C0316B
:1057B00003A9C0F8403241F612038DF80C60ADF831
:1057C0000E30FFF773FB42F64E23ADF80A3002AB02
:1057D0000393C74B06210493C64B03AA059304F514
:1057E0000E7306934FF44033204607938DF80860FC
:1057F000FFF798FB4FF49872291D04F110001AF07E
:1058000020FE94F83C31A246052B28BF0523B34661
:105810000193019B0AF13C07B34200F2128104F5A7
:10582000A076324605F59A7305F5BA7853F8041B4D
:10583000434542F8041BF9D14FF0000994F87C313C
:10584000CB46052B28BF05230193019B4B4500F256
:105850006B8104F5C076324605F5DA7B58F8041BF7
:10586000D84542F8041BF9D14FF0000894F8BC2148
:10587000C246052A28BF05220192019B434500F23A
:105880009C8142F64B2300264FF48038D5F8B411A2
:10589000ADF80A30C4F83012DBF8041002AB04F59E
:1058A0000C720393944BC4F83412069202212046E2
:1058B00003AACDE904368DF80860CDF81C80FFF707
:1058C00031FB95F8D0315BB3012384F8483242F6BE
:1058D0003323ADF80A3002AB0393884B04F5E0772D
:1058E000122103AA2046CDE90436CDE906788DF8C9
:1058F0000860FFF717FB63682C22013B84F8EC314A
:10590000D5F8C4313146C4F8F03138461AF0C0FD3C
:105910007B4B032239462046C4F8E031FFF7D6FB23
:1059200095F8D131002B4DD0012384F8493242F64D
:1059300022230026ADF80A3002AB0393714B04F525
:10594000FA77CDE904364FF48033122103AA2046BA
:1059500007938DF808600697FFF7E4FA63682C2236
:10596000013B84F82032D5F8C8313146C4F82432DE
:1059700038461AF08DFD644B03223946C4F81432C0
:105980002046FFF7A3FB42F63223ADF80A3002AB04
:1059900003935E4B0E2104935D4B2046059304F563
:1059A0000A7306934FF4403303AA07938DF80860F7
:1059B000FFF7B8FA6368013B84F82832D5F8CC3198
:1059C000C4F82C322B8803AA84F844321B0A84F8CA
:1059D0004532AB78022184F84632EB78002584F812
:1059E000473242F64A23ADF80A3002AB0393494BE3
:1059F0002046CDE9043504F5117306934FF4803346
:105A00008DF808500793FFF78DFA42F64C23ADF856
:105A10000A3002ABCDE903353F4B0421059304F571
:105A20000F7306934FF40033204603AA8DF80850F5
:105A30000793FFF777FA204609B0BDE8F04F08F06A
:105A40005FBF97F8058042F64D2208F01508B8F1BF
:105A5000010F38BF4FF001084FF0000902AB03936C
:105A60002E4B0AF1100A1221ADF80A20204603AA93
:105A7000CDE90439CDF818A08DF80890ADF81C9048
:105A8000ADF81E80FFF74EFA3C2000FB064062682E
:105A90004946013ABA7087F804B02C227E70103063
:105AA0001AF0F6FC1E4B514647F80C3C48EA4802F7
:105AB0002046FFF70BFB42F6081202AB0393194B8B
:105AC000204603A9CDE90439ADF80A208DF80890E5
:105AD0000697ADF81C90ADF81E80FFF7A1FAFA7892
:105AE000BA460BEB020301365FFA83FB91E600BF77
:105AF00049A901002955000017A80100F1A80100DB
:105B0000D3A70100A1A90100E9A70100C555000024
:105B10004D560000FFA70100A9A80100AD540000E8
:105B2000BDA7010033A8010042F64D224FF0000A44
:105B3000777902AB17F0150F0393484B08BF47F076
:105B4000010717F02A0F0493454B08BF47F00207DF
:105B50000E21ADF80A20204603AACDE90536ADF89E
:105B60001E708DF808A0ADF81CA0FFF7DBF9626885
:105B700002AB013A327142F608120393394B86F8B0
:105B800003B086F80190204607F0150703A9CDE978
:105B9000043AADF80A2006968DF808A0ADF81CA0CE
:105BA000ADF81E70FFF73CFAB27809F101090BEB72
:105BB00002035FFA83FB0C3647E642F64D224FF0B4
:105BC0000009777902AB17F0150F0393264B08BF36
:105BD00047F0010717F02A0F0493244B08BF47F042
:105BE00002070A21ADF80A20204603AACDE90536AE
:105BF000ADF81E708DF80890ADF81C90FFF792F983
:105C0000626802AB013A327142F608120393184BF4
:105C100086F803A086F80180204607F0150703A93F
:105C2000ADF80A200696CDE904398DF80890ADF854
:105C30001C90ADF81E70FFF7F3F9B27808F1010877
:105C400052445FFA82FA0C3617E60A490A4814F001
:105C50004BFE6FF0790009B0BDE8F08F895300006A
:105C6000195400005BA8010059520000E9520000DD
:105C700081A80100372A02001C0E02002DE9F04F16
:105C80003C2606FB020A06FB02068BB098469DF8EE
:105C900050301746019396F83E30026803EB8303B9
:105CA00096F83FB002EB8309019B04469B450D46E5
:105CB0000AF1100A56D1002942D18B46D4F84C0281
:105CC0005FFA8BF114F05AFD0646C8B1012249462D
:105CD000406817F0F8FD70B13C2303FB07433268BE
:105CE00093F840305569DAF834001D44424629469D
:105CF000019B14F082FE3168D4F84C0214F051FD7F
:105D00000BF1010BBBF1030FD8D1002D56D01C2293
:105D1000002103A81AF0BCFB3C2303FB074797F8BC
:105D20003F300020ADF81830159B03A9CDE9049849
:105D3000079309F067F9054628460BB0BDE8F08FD8
:105D400001224946284617F0BEFD002839D02946D1
:105D5000D4F84C02FFF756FA074630B91A491B48E7
:105D600014F0C2FD6FF01505E6E796F840104069A3
:105D70005B4642460144DAF8340014F03EFE1C2231
:105D8000002103A81AF084FB96F83E30226803EB4A
:105D9000830302EB830296F83F3003A9ADF8183075
:105DA000159B2846CDE90428079309F02BF93946BD
:105DB0000546D4F84C0214F0F4FCBDE76FF03C0546
:105DC000BAE76FF00C05B7E7A12902001C0E02002C
:105DD0000449431E0F3013F8012F8A5C83421A7066
:105DE000F9D17047702A0200F0B50746264E8DB0F3
:105DF00001AD0C460FCE0FC50FCE0FC596E80700BC
:105E000085E807003846002F39D0002C39D0381FDC
:105E10000246214610344B780D781B0443EA056393
:105E2000CD7804312B4311F8025C8C4243EA052300
:105E300042F8043FEFD10421144C8A07036916D1BC
:105E4000C3F30742A55C1A0EA25C42EA0562C3F3E3
:105E50000725655DDBB2E35C42EA054242EA0322C4
:105E600021F0030330336B4453F82C3C534050F87B
:105E7000042F013153402C290361DED101200DB0E4
:105E8000F0BD2046FBE700BFE00F0200702A0200D1
:105E90002DE9F04F002703689DB003934368DFF8B6
:105EA000B0A104938368DDE903460593C3680693B4
:105EB0000369DDE905BE0793436908938369DDE95A
:105EC000072C0993C36998460A93099B0193CD59FE
:105ED0000CAB2DBA5AF8049BDD514FEAF223A944CA
:105EE00083EAB213019D83EA72634B4425EA0205FB
:105EF00002EA0C0985EA09052B44434486EA0B05AE
:105F00004FEA743888EAB408254006EA0B0985EAA6
:105F1000090588EAB458A844043703EB0E05402F5E
:105F20004344DE46DDF8048000937FD14FF0100A31
:105F3000464B0B9351460AF1010A1CAB0AF00F07BE
:105F400003EB870757F8403C01F00F094FEAB348CD
:105F500001F10E070931029388EAF31801F00F01ED
:105F60001CAB03EB810103EB890907F00F0751F824
:105F7000401C03EB870759F8403C57F8407C194414
:105F8000029B4FEAF74E88EAD3088EEA774E8EEAF4
:105F9000972E414471444FEAF52E0B9B05EA020807
:105FA0008EEAB51E2CEA05078EEA756E87EA0807A9
:105FB000774453F804EF49F8401C77440F440B939F
:105FC0000199009B39444FEA733E84EA06078EEA42
:105FD000B30E1F4004EA06088EEAB35E87EA08079C
:105FE0007744BAF1400F01EB0B0E0F44B346CDF8E6
:105FF00004C023D1039B00993B440360049B0B44E2
:106000004360059B23448360069B3344C360079B26
:1060100073440361089B2B444361099B13448361D0
:106020000A9B6344C3611DB0BDE8F08FB346CDF851
:1060300004C026469446009C2A4648E794462646D5
:106040002A46009C7546009774E700BFB41502000D
:106050007815020010B50446C8B17022002114F072
:10606000F3FC0B4B0B4A0C49C4E900230B4B0C48C7
:10607000C4E902130B4BC4E9040301200A4BA361DA
:1060800003F17453A3F52303A3F69243E36110BD18
:1060900085AE67BB67E6096A72F36E3C3AF54FA5B9
:1060A0007F520E518C68059BABD9831F014810F0BD
:1060B0004DBF00BF7816020038B5044618B90F4B23
:1060C0000F485B6898476168B1F5683F10D0B1F53B
:1060D000680F0DD00B4DA9420AD011F468612068F9
:1060E00007D00146084819F03FFC00232360656093
:1060F00038BD14221AF0CCF9F9E700BFF4070020EC
:10610000702B02002C5F5CA96835002008B560B3D5
:106110004368B3F5683F0ED0B3F5680F18D0144A42
:10612000934220D000684FF0FF324FF0FF330FF062
:106130003FFE58B115E001220368D3E8EF1F0029A4
:1061400003D1C3E8E02F0028F7D10AD1002008BD11
:106150000368084A1B7803F5807352F82330002B3C
:10616000F4D00548F3E70548F1E76FF4E040EEE7C7
:106170002C5F5CA900000350E98FFFFFEA8FFFFF4F
:1061800008B520B34368B3F5683F09D0B3F5680F8D
:1061900013D0114A93421DD000680FF0CDFD14E0DA
:1061A00000220368D3E8EF1F012903D1C3E8E02FE1
:1061B0000028F7D109D0094808BD00210368084A22
:1061C0001B7803F5807342F823100020F4E76FF486
:1061D000E040F1E70348EFE72C5F5CA9E98FFFFFA0
:1061E00000000350EA8FFFFF10B5044618B91D4B9D
:1061F0001D485B6898476368B3F5683F2FD0B3F5D7
:10620000680F2CD0194A934219D1236803BB4FF071
:10621000FF324FF0FF33214615480FF0A9FC08B9B3
:1062200023681BB90F4B13485B6898471422002161
:1062300020681AF02DF94FF46863636008E0B3F545
:10624000683F0DD83A2B03D040F6BA629342DED1B4
:10625000206819F0D0FB636843F03A03636010BD17
:10626000054AF3E7F4070020702B02002C5F5CA9BD
:1062700068350020962B02003A00003A08B506491E
:1062800040231422054819F061FBBDE80840044989
:10629000044810F0CDBE00BF6830002068350020F3
:1062A00080160200941602002DE9F84F80460C4635
:1062B00000AF002965D0D1E90012E9468AB0A36891
:1062C0006D464FF0050A2E463148C5E90723C5E95A
:1062D000050146F810AF002332464FF421512D48F6
:1062E000FEF78EF8D4E90312CD466369AD462A481D
:1062F000C5E90723C5E90501C5F810A0002332460A
:106300004FF421512348FEF77BF8CD46E369012184
:10631000224A204814F051F8264600254FF00A0A78
:10632000DFF884B0E946D6E908E0D6E90A138EB072
:106330006A46C2F81CE005F1010EC2E908E0A81C9B
:10634000C2E90A01E91CC2E905B5C2E90C1342F829
:1063500010AF002345F240010E480435FEF750F817
:10636000102DCD4606F11006DCD1236E01210C4A1A
:10637000084814F022F8A36901210A4A054814F0DC
:106380001CF8214640460FF05FFABD46BDE8F88F85
:10639000C32B0200EC0E0200F22B0200212C0200A3
:1063A000732C0200822C0200302C020030BFFFF759
:1063B000FDBF00BF114B124A2DE9F041D518013D38
:1063C000B5FBF3F5DFF844805D430E4B074608EB61
:1063D0000304013CB4FBF3F403FB04540E1B3046EE
:1063E00009491AF02EF8701942460021083E1AF0A9
:1063F0004FF87E6704F10800BDE8F081010000005D
:106400000000000004000000A40F020008000000CB
:10641000044B99689869884203D003494FF0805231
:106420000A607047BC3D002004ED00E070B52A4CC6
:1064300006460D4629482A4914F05CFFA36ADB068C
:1064400047D52648274914F055FF1120A36A1C0799
:1064500004D52248244914F04DFF12201E4CA36A93
:10646000990712D521491D4814F044FF636BA26AB5
:10647000120609D501211E4A184813F09EFF1EB1CD
:10648000A36A23F08003A3621320134CA36ADE07E0
:1064900004D51248174914F02DFF1420A36A9C0656
:1064A00004D50E48144914F025FF15200A4B9A6AAA
:1064B000D10658BF9A6A9A6A920642BF5A6A22F473
:1064C00000525A629A6A42F0FF029A6200232B70CD
:1064D00070BD1020BAE700BF00ED00E0EC0E020036
:1064E000B02C0200C62C0200F92C02000C2D020078
:1064F000242D02003A2D0200592D020010B5244C23
:106500002449254814F0F6FEA36A99013ED5224895
:10651000224914F0EFFE1E20A36ADA0104D51E48BA
:106520001F4914F0E7FE1F20194CA36ADB0204D5B3
:1065300019481C4914F0DEFE0220A36A1C0304D58E
:106540001548194914F0D6FE2120114CA36A5903AD
:1065500004D51148154914F0CDFE2220A36A9A03F0
:1065600004D50D48124914F0C5FE2320084CA36A37
:10657000DB0304D508480F4914F0BCFE2420A36AAD
:106580006FEA03436FEA1343A36210BD1D20C3E704
:1065900000ED00E0882D0200EC0E0200A02D0200AC
:1065A000B32D0200CD2D0200F72D0200152E0200A2
:1065B0003A2E0200542E020070B5294C06460D46B4
:1065C0002848294914F096FEA36AD9043CD52548E9
:1065D000264914F08FFE1720A36A1A0504D5214816
:1065E000234914F087FE18201D4CA36A9B0512D581
:1065F0001C48204914F07EFEA36BA26A100409D542
:1066000001211D4A174813F0D8FE1EB1A36A23F4D6
:106610000043A3621920124CA36A590504D51148FE
:10662000164914F067FE1A20A36ADA050ED50D4844
:10663000134914F05FFE1B20094A936A43F47F4319
:10664000936200232B7070BD1620C5E7A36A9B04DC
:10665000F2D504480B4914F04DFE1C20ECE700BFB6
:1066600000ED00E0EC0E02007F2E0200952E0200ED
:10667000F92C0200A62E0200BF2E0200D42E02002A
:10668000EF2E0200592D02002DE9F0419CB0624B23
:106690000546D3F80480002600AFC8F3080486F34B
:1066A0001188BFF36F8F02F07F43B3F17F4F07D1A3
:1066B00002F00C03082B12D15849594814F01AFE65
:1066C000002635460023FB71E31E092B00F2838070
:1066D000DFE803F00A797C7681818181817F100770
:1066E0004CBF0D460126EDE74E494D4814F002FE21
:1066F0000023494CFB71E36A9A0705D54A4948488B
:1067000014F0F8FD002432E0E36A002B01DA474977
:10671000F5E7E36A5B00F5D54549414814F0EAFD29
:106720006369AA6943F480736361BFF34F8FBFF35A
:106730006F8F636932F8022C23F480736361BFF3B7
:106740004F8FBFF36F8F4DF602739A4208D0A36A42
:10675000DBB243B30120F91DFFF768FE044606E0F3
:106760002B680121334A2E4813F027FE2C68FB7951
:10677000ABB96822294607F1080019F062FE7B6A6E
:10678000002E44D0C3F3080222B96FEA53236FEA04
:1067900043237B62204607F10801FFF785FD703730
:1067A000BD46BDE8F081A36A13F47F4F04D00120F9
:1067B000F91DFFF701FFD1E7A36AB3F5803FA1D32D
:1067C000FFF79CFECAE70020F91DC5E70020F91D70
:1067D000EFE7194993E7194A18F4F87FE8468AB0B9
:1067E000174B18BF13466A461649103CC2E90513F9
:1067F0004FF400731384144BD46142F8103F00230C
:106800004FF411510648FDF7FBFDC5467AE723F426
:10681000FF7323F00103BCE700ED00E0352F020019
:10682000EC0E0200602F0200772F0200982F02006A
:10683000A62F0200C52F0200E12F02001C2F02002C
:10684000072F02000530020004000001044B5A69C2
:1068500042F010025A615A6942F480625A617047EC
:1068600000ED00E0EFF30880EFF3098101B5724617
:10687000FFF70AFF01BD00BF002080F31488BFF3BB
:106880006F8F002080F30A8880F30B8800F002FEEF
:1068900000200E490860BFF34F8F0D4880F3088831
:1068A00000F03EF8202080F311880A484FF4006180
:1068B000401880F30988EFF314800221084380F325
:1068C0001488BFF36F8F00F027F9000094ED00E00B
:1068D000B89D002078900020BFF34F8F0549064BEC
:1068E000CA6802F4E0621343CB60BFF34F8F00BF6E
:1068F000FDE700BF00ED00E00400FA0500231846A4
:106900000649D1F89020C2F30722934200DB70477A
:10691000C1F89830C1F8A0000133F6E700ED00E0BF
:1069200010B572B6002484F31388FFF7E7FF2346FF
:106930004FF0FF300C4A03F120010133102B42F8D5
:106940002100F8D100234FF0FF30074A03F1600126
:106950000133102B42F82100F8D162B6BFF34F8FFC
:10696000BFF36F8F10BD00BF00E100E0084B9B68D4
:1069700083420BD1EFF3058343B1064B5A6842F0D3
:1069800080525A605A6A22F400425A6219F021BBBE
:10699000BC3D002000ED00E06FF00A01084A93685A
:1069A000D967084998674B6843F080534B600023D0
:1069B00083F31188BFF36F8F9368D86F704700BF60
:1069C000BC3D002000ED00E025498A6882F8C1E066
:1069D0004FF030001044EFF3098C80E8F01F1EF0F8
:1069E000100F03D102F1800080EC108A202080F388
:1069F0001288BFF36F8F1B4F4FF000668A698A6061
:106A00003E604FF0740414192068174C206092F90E
:106A1000C1E0906F0023936780F311881EF0100F80
:106A200003D00023E1EE103A03E002F1800090EC85
:106A3000108AEFF3148323F0040383F31488BFF365
:106A40006F8F02F1300090E8F01F8CF3098802F19B
:106A5000000004B514F056FCBDE804407047000087
:106A6000BC3D002004ED00E0843500201EF0040F42
:106A70000CBFEFF30880EFF30980816911F8021C65
:106A80000229FFD001B514F02AFC01BD40B2002854
:106A900007DB01234109034A00F01F00834042F84D
:106AA0002130704700E100E040B200280CDB0122F9
:106AB0000649430900F01F008240203341F823209B
:106AC000BFF34F8FBFF36F8F704700BF00E100E04F
:106AD000054B420953F82220012300F01F0003FA5E
:106AE00000F01040704700BF00E100E040B2002815
:106AF00001F10101ACBF00F16040064B4FEA4111CA
:106B0000C9B2ABBF00F5614000F00F0080F8001380
:106B10001954704714ED00E0144A08B5144B22F0E4
:106B20007F029A60BFF34F8FBFF36F8FD3F8882037
:106B300022F47002C3F88820D3F8882042F4A0021F
:106B4000C3F888204FF04042C3F83422BFF34F8F80
:106B5000BFF36F8F0023E1EE103A0EF029FF0FF024
:106B6000EFFE00F0AFF80EF06DFF00BF0000000078
:106B700000ED00E042F8203C009B0D4942F81C3C2F
:106B8000019B21F0010142F8183C029B42F8081CCD
:106B900042F8143C4FF0807342F8043C00238367B2
:106BA0004FF47D43203A0265C0F8C030704700BF03
:106BB000D12E0000114B9B6883421BD1EFF305805F
:106BC000C0B94FF02002EFF3118182F31288BFF3B6
:106BD0006F8F1A7B22F002021A73EFF3148323F0F3
:106BE000040383F31488BFF36F8F81F31188BFF31D
:106BF0006F8F70476FF01500704700BFBC3D0020DD
:106C00000023E1EE103AEFF3148323F0040383F33F
:106C10001488BFF36F8FBFF36F8F0A4B446F986078
:106C2000094B1C60436E83F30B88104681F309887F
:106C3000002163B681F31188BFF36F8F0022002318
:106C4000FCF746F9BC3D00208435002001491022A4
:106C50000A60704710ED00E072B6404080F3118882
:106C6000BFF36F8F01B500F013FB00280AD0BFF30C
:106C70004F8F30BF00BF00BF00BF00BF00BF00BFCD
:106C800000BF00BFBDE8014062B6BFF36F8F704721
:106C900072B6494081F3118801B500F0F9FA002875
:106CA0000AD0BFF34F8F20BF00BF00BF00BF00BF9F
:106CB00000BF00BF00BF00BFBDE8014080F31188E6
:106CC00062B67047002320210348C2180133452BC8
:106CD00082F80013F9D1704700E100E001B5EFF34D
:106CE0000580A0F110004FEAC0000449014409C921
:106CF0009847BDE80140024908470000A00A020089
:106D0000116400001FB5094C094A234601210948B6
:106D100000F00AF900230393074B0121E41A01A8AC
:106D20000193029400F00AF904B010BD000007209E
:106D300000000020A4160200B00C002010B50C7A50
:106D40000B6804F01F0223F01F031A43CB68640989
:106D500023F01F03054943EA440343F00103C1F84C
:106D60009800C1F89C20C1F8A03010BD00ED00E0F3
:106D7000072810B508D901210346054A054813F034
:106D80001CFB6FF0150010BDFFF7D8FFFBE700BF3D
:106D90001C300200CC0E02002DE9F04F894614464B
:106DA00006464FF00008514D85B0C84527DAD6F8A1
:106DB00004A0BAF1000F44D0BAF11F0F17D91AF08E
:106DC0001F0F14D1D6F800B01BF01F0F0FD158467B
:106DD00014F09CFA07460AEB0B00013814F096FAFF
:106DE000874210D06FF01507414A3B4601E0434609
:106DF000404A0121404813F0E0FA6FF015042046A4
:106E000005B0BDE8F08F17F1160FEDD0BC42EBDDF9
:106E1000C5F89870D5F89C10C5F89870D5F8A030D2
:106E200021F01F0143F01F0BD6E900321A449942AA
:106E300002F1FF3A1DD1D34507D13146F8B214F023
:106E40006EFA08F101080C36AFE73146C5F89870C4
:106E5000D5F89C3022F01F0203F01F031343C5F83E
:106E60009C30E0B214F05BFA10F1160FC5D0441C50
:106E7000E7E7C5F89870D5F8A020013B23F01F0381
:106E800002F01F021343D3453146E0B2C5F8A030EB
:106E9000E8D014F044FA10F1160FAED0C5F898708F
:106EA000D5F89C209DF808300BF1FF3B62F30403FA
:106EB0008DF80830D5F8A0309DF808205B0863F302
:106EC00047128DF80820D6E900321344009323F0CE
:106ED0001F035B44A3EB0A03013023F01F03694641
:106EE000C0B20393FFF744FFBEE700BF00ED00E030
:106EF0006530020042300200CC0E02000522044B35
:106F0000C3F89420BFF34F8FBFF36F8F704700BF5C
:106F100000ED00E0BFF35F8F0022024BC3F8942026
:106F2000704700BF00ED00E010B5034C2278FFF77A
:106F300033FF207010BD00BF515000202DE9F74FE6
:106F4000294D8A4606464FF00008AB46274FD045EC
:106F50001BDAD6F80490B9F1000F3FD0316808462B
:106F6000019114F0D3F90199044609EB01000138AD
:106F700014F0CCF984424FF014021D4B08D002FBF0
:106F800008F36FF015024BF8032003B0BDE8F08F53
:106F900014F1160F2C60F8D01978A142F5DD02FB30
:106FA00008B0C7F89840C7F89840D7F89C4000F15F
:106FB0000801007B64F304000871D7F8A0000C7985
:106FC000400860F347140C71D7F89C1021F01F01A2
:106FD0006960D7F8A01021F01F01296108F10108AC
:106FE00014350C36B3E700BF8835002000ED00E013
:106FF00051500020F0B53A4D87B02C68082C6CD861
:107000000020FFF787FF374B374AC3F8C020844280
:107010000DD1364D01A82C70FDF774FC00240646F6
:10702000334FA6420AD1FFF769FF002053E0696899
:1070300001EB0011FFF782FE0130E8E70199200122
:1070400001EB0413DA683A40B2F5001F22D0B2F522
:10705000800F2CD0B2F5801F36D15A689B68095832
:10706000013B22F01F0003440120844623F01F034C
:1070700040EA4C10CDE902218DF8100002A92878D1
:107080000593FFF775FE002823DB2B7801340133CD
:107090002B70C6E75A689B680958013B22F01F0015
:1070A00003444FF0020C012023F01F03E0E75A686D
:1070B0009B680958013B22F01F0003444FF0000C6D
:1070C000022023F01F03D3E701210A4A0A4813F0E4
:1070D0006BF96FF0150007B0F0BD4FF0FF30FAE725
:1070E000B016020000ED00E0AAFF4400515000205D
:1070F0000000F0FF88300200CC0E020008B5024B01
:107100001B689847002008BD9C350020034B044AAB
:107110001860937843F00203937070479C35002009
:10712000FC040020F0B587B007460E461446002147
:10713000102268461D4619F0ABF902238DF8023083
:10714000054B2A4621466846CDE90476019310F0A6
:1071500069F907B0F0BD00BF51B3010008B504489C
:1071600011F04AFE404080F311884FF0020002DF28
:10717000B930020008B50649064821F00701C1F1FF
:10718000005202F5E02212F099F8002008BD00BF7D
:10719000E7D20020A035002000F01F0240090DD0EA
:1071A00001280DD1094B03EB8203D3F8002222F012
:1071B000E04242EA0171C3F800127047044BF2E763
:1071C0000023803253F82230FFDE00BF00288450B5
:1071D0000025845038B50124134B144DC3F80045E5
:1071E00002230321C5F8D0360020FFF7D5FF204643
:1071F0000321FFF7D1FFC5F804472146C5F804492C
:107200002120C5F8004BFFF7C7FF21462020FFF7DC
:10721000C3FF21460B20FFF7BFFF21460A20FFF7DF
:10722000BBFF002038BD00BF0010005000400050E0
:1072300007B50DF1070017F0BBFB114B98421CD1AD
:107240004FF480620F4B1049C3F8B8254FF4006229
:10725000C3F83C259DF8070017F096FB0B499DF8F5
:10726000070017F08CFB01209DF8073098400CF0C8
:1072700015FA002003B05DF804FB6FF00B00F9E78E
:107280000000AD0B00A002502CA0025028A102501B
:10729000052370B5144D154E2C780134B4FBF3F36F
:1072A00003EB8303E41A17F058FB114A137823B158
:1072B00056F82430C01A072814D94FF05023D3F8B9
:1072C000141141B10021C3F81411D3F814312C70FA
:1072D0000CB9012313702C7817F03FFB46F82400FB
:1072E000012070BD0020FCE753500020AC35002089
:1072F0005250002048B1054B054A1B68B3FBF2F31E
:107300005843044B43F00103184770472C070020F3
:1073100040420F008010020070B5049CC4F30726A1
:1073200030460BF0DFFEE5B20146284617F038FB89
:1073300000220120074BA40B04F0FC041A51A840C2
:107340000CF0B2F930460CF001F82846BDE8704068
:107350000CF09EBA80A0025073B501A80CF092FA0E
:10736000264B984247D10BF0D3FF041E0ADA9DF852
:1073700004000CF08DFA01212346214A214813F024
:107380001CF835E040F607031F4D8DF80540AE6848
:10739000ADF806307468019B14B96FF05704EAE742
:1073A00008212846194AA047041EE4DB3369002B54
:1073B000F3D00122082128469847041EDBDB012078
:1073C0009DF8043098400CF069F99DF805009DF88F
:1073D00004509DF8076017F0ABFA0146284617F0F5
:1073E000D3FA0B4BB60045F000459D51002CC2D19D
:1073F000204602B070BD6FF01204BCE70000AD0B78
:10740000DB3002000C0F02003C0A02001574000081
:1074100080A102502DE9F341144683681B690BB12A
:1074200000229847C4F3072630460BF063FE05465A
:10743000304617F07DFA4FF00008E7B201463846B3
:1074400017F0B2FA104B220E920043F80280304639
:107450000BF048FE0D4A4FEA943C0CF0FC0C47F050
:10746000004342F80C300146384617F088FA084BC2
:1074700005F132020093304643460194520017F062
:1074800060FA02B0BDE8F08180A1025080A00250F5
:10749000197300000BF0DABF1022174B70B5C3F858
:1074A00040244FF47F03D3F83021D3F83431072A36
:1074B0001BD1023B032B02D8104AD35CABB14FF077
:1074C0005024012600250520C4F81866C4F8145677
:1074D00017F053FA3046C4F8146617F04EFAC4F8A1
:1074E0001456C4F81856002070BD4FF050230022E7
:1074F000C3F81426F7E700BF003000500C3102003B
:107500000E4B402928BF402170B51D460C4C461833
:10751000B04203F1020304D1002305F811300748FB
:1075200070BD02781209A25C03F8022C10F8012B3E
:1075300002F00F02A25C03F8012CE9E77250002070
:107540008831020030B503788BB0044607AD032BB9
:1075500021D8DFE803F0021A1C1E12492846F9F769
:107560008BFB059563781E210493A3780E4A039341
:10757000E3780E4802932379019363790093A3790A
:107580000FF024FE09480BB030BD0949E6E7094970
:10759000E4E70949E2E70A212846084A0FF016FE07
:1075A000DFE700BF43310200653102005450002084
:1075B0004A310200513102005B310200334F0200B8
:1075C000F7B5054616461F461E4CD4E8AF3FDA070E
:1075D0001DD538B901211C4A1C4812F0E5FE6FF098
:1075E000010015E001A912F0CDFF19490246284615
:1075F00018F079FF0028F2D1D4E8AF3FC3F3C005FB
:107600001B0707D50221134A104812F0CDFE0020B7
:1076100003B0F0BDD03C0E2221463846B0470628C4
:107620000BD801210C4A094812F0BEFE0E22294651
:10763000204618F02DFFA573E9E70723B0FBF3F010
:10764000A073E4E7D0000020A03102004C0E02003D
:1076500058310200C1310200E53102002DE9F0414C
:1076600088B0DDF838809C795D791E79DF7893F8F1
:1076700002C093F801E01B78B8F1000F0ED0CDE9FD
:107680000638CDE904CE1346CDE90267CDE90045C1
:10769000084A0FF09BFD08B0BDE8F081CDE905E395
:1076A000CDE9037C1346CDE90156034A00940FF05F
:1076B0008DFDF0E70A3202002E32020010B5FDF710
:1076C000F3FA044628B101210346034A034812F0A5
:1076D00074FE204610BD00BF4F3202004C0E020067
:1076E00070B504461E4615468CB0A2B129B10A46B3
:1076F00002A8042111F005FB02A900912B462246A5
:10770000242103A8FFF7AAFF3146109A03A8FDF72A
:1077100065F90CB070BD03462421044A03A80FF09C
:1077200055FD0028F0DA6FF01500F2E77432020020
:1077300007B50B4B0B489A7BC2EBC20200920022AA
:107740001146FFF7CDFF034638B10121064A07482D
:1077500003B05DF804EB12F030BE03B05DF804FB3B
:1077600000000020583102007A3202004C0E020064
:1077700030B5044615468DB092B129B10A4602A82B
:10778000042111F0BEFA02A900912B4622462421C1
:1077900003A8FFF763FF03A812F0CCFE0DB030BDC5
:1077A00003462421044A03A80FF010FD0028F2DA52
:1077B0006FF01500F2E700BF7432020007B50093C6
:1077C00013460A4601460348FFF78AFF03B05DF8F7
:1077D00004FB00BFAB4C02000A4601460148FFF71C
:1077E000C7BF00BFAB4C020007B5009313460A4663
:1077F00001460348FFF774FF03B05DF804FB00BFC8
:10780000A54C020007B5009313460A4601460348FB
:10781000FFF766FF03B05DF804FB00BF8A4B020070
:1078200007B500220346009103481146FFF758FFB1
:1078300003B05DF804FB00BF1F4B020008B502480F
:107840000EF086FC002008BD0C050020F8B5194D8F
:10785000D5E8AF3F13F0010F2E4628D015F8C23CF3
:10786000A5F1D0078BB901F0A5FD044630B1012187
:10787000114A124812F098FD2046F8BDBB7B23B98F
:1078800001F0F2FD04460028F1D1D5E8AF3F5A07D8
:1078900001D401F071FAD6E8EF3F23F48032C6E854
:1078A000E12F0029F7D1DB0301D5FFF7C7FF002443
:1078B000E2E700BFD0000020953202004C0E02002B
:1078C00007B5009313460A4601460348FFF708FF31
:1078D00003B05DF804FB00BF495102000A460146AF
:1078E0000148FFF745BF00BF4951020030B50024F1
:1078F000094D0A4B85B028460293039418F0F9F914
:1079000002AB284600934FF4A3620A2304490EF009
:1079100025FC204605B030BD90170020C83202007B
:10792000506C0020014601480EF08EBC90170020DC
:10793000014601480EF0B8BC90170020037830B51E
:10794000012B13D0022B27D07BB90A46184B03F129
:10795000100453F8045BA34242F8045BF9D11B788E
:10796000137043884B731B0A8B7330BD0A46104B50
:1079700003F1100453F8045BA34242F8045BF9D10D
:107980001B7813704368C3F307224B731B0CCB7334
:107990001B0A8A730B74E8E700F1100350F8042BFC
:1079A000984241F8042BF9D103780B70DDE700BF52
:1079B000D1320200012838B505460CBF06480748F9
:1079C00016F055FC044620B101210C3016F0B7FC2E
:1079D0002576204638BD00BFFC0B00204C0B002054
:1079E0000246002070B50B460A49D1E8EF4FC1E8C6
:1079F000E50F002DF9D124B9BDE870400120FFF753
:107A0000D9BF01212082217604F10C0016F097FCE9
:107A1000204670BD4001002070B504460F2C0D4675
:107A20001046194605D80D2C0DD9BDE87040FFF75A
:107A3000D7BF132C07D10C4816F019FC044638B9EF
:107A40000024204670BD02460B4645B10748F3E7C7
:107A500001210C3016F073FC01232376F1E701209D
:107A6000BDE87040FFF7A6BF800C0020D00B0020BF
:107A7000C36802211B78024A024813F066BD00BFAA
:107A8000EA320200040E020038B5C368B3F80140C0
:107A90001B7893B90F21204603F04EF8054668B9CC
:107AA0006FEA045003236FEA1050084A32F8021BB1
:107AB00009B922F8020C013BF8D138BD012102F0CE
:107AC0002FFF2846BDE8384014F092B9FC3F002053
:107AD0002DE9F041C5682E78CEB9B5F801700F21B7
:107AE000384603F029F8044638B93B46BDE8F04172
:107AF0000121084A084813F028BDEB78314603738A
:107B000002F00EFF2046BDE8F04114F071B9BDE867
:107B1000F08100BF12330200040E020010B5C368EA
:107B20000121B3F80140204603F006F838B9234696
:107B3000BDE810400121044A044813F006BDBDE829
:107B4000104014F055B900BF38330200040E020093
:107B500010B5C36801211C88204602F0EDFF38B93A
:107B60002346BDE810400121034A044813F0EDBC50
:107B7000BDE8104014F03CB938330200040E020096
:107B8000012110B50C3016F024FCBDE8104003783C
:107B90000121024A024813F0D8BC00BF5C33020046
:107BA000040E0200014610B5084816F067FB0849AC
:107BB000084818F071F8031E06DABDE810400121EC
:107BC000054A064813F0C1BC10BD00BF44010020A7
:107BD00080050020401900207E330200040E0200C0
:107BE0000121024A024813F0A3BC00BF9B330200EC
:107BF000040E020070B5C5680121B5F80160304679
:107C000002F09AFF044638B93346BDE870400121BE
:107C10000B4A0C4813F099BC2B783BB9D5F80330CC
:107C2000C0F8AD30D5F80730C0F8B130201D4FF4A2
:107C3000805113F07FFC2046BDE8704014F0D8B8A6
:107C400038330200040E02000B46B0B50D8A00AFB7
:107C500004462946D868FFF753FC8AB06A46094BA8
:107C6000C2E90750C2E9053440F202439384064B4F
:107C700042F8103F00234FF432510448FCF7C0FB98
:107C8000BD46B0BDB533020005000001040E020080
:107C900037B502EBC303934204D103B0BDE83040D3
:107CA000FFF7D2BF144614F8085B854211D10B8A46
:107CB00054789C4207D901210090074A074812F0E6
:107CC00086FB03B030BD0846536803B0BDE83040C2
:107CD00018472246DFE700BFD7330200040E020038
:107CE00010B5012104460C3016F073FB2146BDE8A7
:107CF00010400C23014A0078FFF7CABF701702003A
:107D000073B53D4816F0D0FA0446002871D0017EC4
:107D1000012945D0032969D1038A032B02D8374AA8
:107D2000012141E004210C3016F053FBFF2342886F
:107D300006886376238AC6F30B009A42608309D0D3
:107D4000012100922E482F4A12F041FB204609F0F3
:107D5000CDFA12E00F2102F0EFFE054610B9638B59
:107D6000294ADDE702F028FF21466076320B2846DB
:107D700002F0A4FC284614F03BF8244BD3F844311D
:107D8000002B36D02249234817F086FF031E30DA35
:107D90000121214A1A4802B0BDE8704013F0D5BB5A
:107DA000038A012B04D81D4A154813F0CEFBCDE7FA
:107DB00002210C3016F00DFB0546007813F08DFB08
:107DC00083070CD440F69B23154A1649164811F038
:107DD000B6FB404080F311884FF0030002DF06231A
:107DE0002146124A2878FFF753FFAFE70B46104AA7
:107DF00096E702B070BD00BF44010020F9330200D5
:107E0000040E02001A3402003E340200000000207A
:107E100080050020401900207E33020060340200FB
:107E20007C340200B0340200DE340200401702004D
:107E3000FB3402002DE9F04383B0064602AF907A8E
:107E40008846144609F0A8F93D4D85421AD0A47A17
:107E5000E846204609F0A0F98AB002AA394BC2E9E7
:107E60000740C2E905360623556242F8103F002359
:107E70004FF442513448FCF7C3FAC5460437BD46B7
:107E8000BDE8F083204609F08FF94FF00C092F4D23
:107E900009FB00504388B3420DD0204609F084F915
:107EA00009FB0050438802210093294A33462648A3
:107EB00012F08DFAE2E7274ED6F8400120B109F022
:107EC00015FA0023C6F84031204609F06DF90C265A
:107ED00006FB00504368ABB1B8F1000F12D1204649
:107EE00009F062F9012106FB00504268D2E9000363
:107EF000127A03F01F06B1405B09DAB100EB830090
:107F000013F018FB204609F04FF90C2606FB005031
:107F10008368002BB2D0204609F046F9704305F87B
:107F20000080204609F040F906FB0055A8680DF0D6
:107F3000EDFFA3E7C94300EB830013F014FBE1E777
:107F4000540C00200F350200040E0200C035002042
:107F5000443502000000002038B5042104460C30EE
:107F600016F037FA4578017822464088FFF762FF1D
:107F700025B1BDE8384002480DF0C8BF38BD00BF8C
:107F80002801002070B5032104460C3016F021FAB8
:107F900040F635420578B0F80100E36890421B785E
:107FA00006D1BDE870400221074A084813F0CDBA57
:107FB00022461946FFF73EFF25B1BDE87040044850
:107FC0000DF0A4BF70BD00BF77350200040E0200A3
:107FD000280100202DE9F84F0123D0F80C80018AF8
:107FE00098F8004000AF03EB84038B427DD96D46C7
:107FF0008AB06A46C2E9073105233E48C2E9050452
:1080000042F8103F00234FF421513B48FCF7F8F9A8
:10801000AD46BD46BDE8F88F5B460121374A36487C
:1080200013F093FA013598F800309D42F1DA08EB2D
:108030008503B3F801B00F215846B3F8036002F08E
:108040007BFD04460028E7D000F1280B16B34FF063
:108050002003EFF3118283F31288BFF36F8FE3697C
:108060006BB1013BE36182F31188BFF36F8F204650
:1080700002F0EAFA013E0DF049FFB6B2E6E76369A5
:1080800063B982F31188BFF36F8F012152461A48FA
:1080900013F04EFA204613F0ABFEC3E7A16918684F
:1080A0008B42606108BFA06182F31188BFF36F8FBC
:1080B0004FF02002EFF3118182F31288BFF36F8F2C
:1080C000DA68E261C3F80C90C3F80090626A4AB9BA
:1080D000C4E9083381F31188BFF36F8F58460EF05F
:1080E00037F8C4E713606362F4E70025DFF810A0F7
:1080F000A94698E7AD350200040E0200D73502000C
:10810000F335020073B5C5680121B5F8016030464A
:1081100002F012FD044640B933460121284A29489D
:1081200002B0BDE8704013F010BA2B78061D1A2B70
:1081300019D1C378012B2AD14FF48061304613F056
:10814000F9F942050FD4D4F8A03069460093D4F869
:10815000A8302046019314F051FA204602B0BDE841
:10816000704013F045BE2B788BB9B5F80330A4F8F6
:108170009E30B5F80530A4F8A430B5F80730A4F85F
:10818000A6306FF48071304613F0EDF914E0D6E8B4
:10819000AF3FDB05F5D52B78202BF2D194F8AC302E
:1081A000002BEED0013B84F8AC304FF4203200239A
:1081B00004F158000EF072F8204602F01FFDCCE7E3
:1081C00038330200040E020010B5C1E900239DF807
:1081D00008300C460B7208F0E7FF0C22024B02FB42
:1081E00000335C6010BD00BFC03500202DE9F047B2
:1081F0004FF0FF324FF0FF33064617480F4616F098
:1082000036F84FF00008044600F10C0A01215046F0
:1082100016F095F8204684F8188008F0C5FF4FF056
:108220000C090E4D09FB00504680204608F0BCFFAB
:1082300009FB0050C0F80880204608F0B5FF09FB94
:10824000005503215046C5F8048016F07CF80680DE
:1082500087702046BDE8F087540C0020C035002010
:108260002DE9F041074615460C4688B021B9FFF7C5
:10827000BDFF0446002854D002AE01220021304642
:1082800017F057FC204608F08FFF0C23DFF8BC8066
:1082900003FB00808660204616F01FF80146244844
:1082A00016F019F84FF4A022304600230DF054FECA
:1082B000064688B140F24B131E4A1F491F4811F071
:1082C0003EF9324639461E4811F039F9404080F3F4
:1082D00011884FF0030002DF204608F065FF0C23F1
:1082E000584318F80060A6B102213B46154A1648CB
:1082F000009612F06CF8204608F0F8FF092E13D013
:108300000D2E0CBF6FF00B006FF0040008B0BDE83D
:10831000F08115B12C600020F8E7204608F0E6FF58
:10832000F9E76FF06800F1E76FF06E00EEE700BF6D
:108330004C0100207C3402000A360200DE340200C8
:10834000133602003F360200040E0200C035002042
:1083500073B506460D4642F22F00002101AAFFF731
:108360007FFF044638B10121084A094813F0E0F8BC
:10837000204602B070BD0198C368B3F80120328076
:10838000B3F803302B8008F0B1FFF1E75B36020051
:10839000040E0200F7B5144B054693F995300C46D0
:1083A000002B1DDA14B9204603B0F0BD082C4FF0A5
:1083B000000142F2180001AA264628BF0826FFF74E
:1083C0004FFF0028F0D1019F3246F968284601315D
:1083D00018F037F8384608F089FF3544A41BE1E768
:1083E0006FF08500E0E700BF000000202DE9F047B6
:1083F00088B08E4BB0F80190198849F470429142D0
:10840000054602AF1BD0598891421AD099889142F3
:1084100019D1022200214FF0010A23F8121000F0B6
:10842000DFFE2C7894B13C2C05D023460221804AF3
:10843000804813F08AF81837BD46BDE8F08700225F
:10844000E8E70122E6E74FF0000AE8E7EB7805F1FC
:108450000408012B08BF784B404608BF93F86940D9
:1084600013F037F8414648B307F1100013F026F82F
:1084700005F1110107F1090013F070F801233B72B7
:10848000EB78012B28D04046FFF75CF86C4688B0AB
:1084900002AA6A4BC2E905304FF400739383684B1C
:1084A00042F8103F00234FF4E2516248FBF7A8FF67
:1084B0001321A546484613F06FF8BCE7204613F099
:1084C000EDF9014607F1100013F041F8414607F1BC
:1084D000080013F03CF8D3E7574E052296F86900E0
:1084E00007F1100102F0DAFC044640B904225549B4
:1084F00096F8690002F0D2FC04460028C3D020465A
:108500000022B5F8013007F1100120F8883B13F084
:108510001EF8B5F81730A4F89E30B5F81930A4F855
:10852000A430B5F81B30A4F8A630EB782273012BE9
:10853000E37011D107F1080104F18F0013F007F87F
:1085400005F10B0104F1970013F008F8D6F8E430B8
:108550005B0601D501F09AFB0721204602F0E0F905
:10856000BAF1000F03D00121204602F0D9F92046CC
:1085700013F074FC637B072B51D1231DD3E8AF3F6D
:10858000DD0420D4E3781BB196F8D83018071AD54B
:10859000022142F21600FFF729FE0546002842D0CC
:1085A00002210C3015F0CFFE2388002203802946DB
:1085B00042F21600FFF754FE034620B10121224A81
:1085C0001C4812F0C2FF96F8D930D9070DD5022306
:1085D00000211A462046009113F017F8034620B1F7
:1085E00001211A4A134812F0B0FF96F8D8309A06C3
:1085F00015D5D6F864319B689B0710D5B91D381D79
:10860000FFF7A6FE58B92046FA88B98812F0DFFFB6
:10861000034620B101210E4A064812F096FF20467B
:1086200013F0E6FB07E76FF06803C7E7FC3F0020A5
:108630007B360200040E0200000000209436020087
:108640000300000129310200B0360200D1360200D9
:10865000E836020070B4C178012923D103780BBB3E
:10866000124A92F8D930DB061CD592F824301BB19F
:1086700092F84330A3B90B46C3EB431125315C019B
:10868000114400F11C0550F8046BA84241F8046B3A
:10869000F9D1E41A012300882244088082F82430AA
:1086A00070BC704770BCFFF7A1BE00BF0000002087
:1086B00000B5C16889B00B7801A88DF80030B1F819
:1086C00001300431ADF8013011F8013C8DF8033070
:1086D000B1F80730ADF81730B1F80930ADF81930FE
:1086E000B1F80B30ADF81B304B7B8DF81D3012F01C
:1086F0002EFF07490DF10B0012F030FF0DF11100B4
:1087000012F02CFF6846FFF7A5FF09B05DF804FBE7
:108710003D31020029289ABF014B185C092070479F
:108720007039020070B5C3680F21B3F801601D787D
:10873000304602F001FA044638B93346BDE87040CD
:108740000121174A174812F000BF65B12846FFF70C
:10875000E1FF29460246204602F0F8FA2046BDE82D
:10876000704013F045BB8678012EEFD108F02EFA49
:10877000204612F0C4FE0028E8D10520FFF7CAFF0A
:1087800005210246204602F0E1FA3146064A054834
:1087900012F0CEFE0521204613F069FBDEE700BF94
:1087A00012330200040E0200043702002DE9F041EA
:1087B000C6680F21B6F801703578384602F0BCF96A
:1087C000044638B93B46BDE8F04101211B4A1C482C
:1087D00012F0BBBE65B12846FFF79CFF2946024652
:1087E000204602F0B3FA2046BDE8F04113F000BB8A
:1087F0008278F378012AC37205D00020FFF78AFF40
:1088000000210246ECE70BB108F0E0F9204612F037
:1088100076FE0028F1D10520FFF77CFF05210246F6
:10882000204602F093FA0121064A054812F080FE24
:108830000521204613F01BFBD5E700BF12330200D1
:10884000040E020004370200024BD3F864315B6966
:10885000184700BF0000002038B505460C4619B97E
:10886000FFF7C4FC0446C8B140F635439D420FD122
:108870002046FFF7E9FF054640B1034601210948BC
:10888000094A12F062FE204608F030FD284638BD45
:108890002146064815F01FFD0025F7E76FF0680533
:1088A000F4E700BF040E02002A3702004C0100204A
:1088B0002DE9F0410446458B477E807A08F06CFC38
:1088C0006169064649B1637ADA0704D4436A2046EF
:1088D0001B689B689847002363612146304617F068
:1088E0001AF9244B93F884309B0641D5384602F0A0
:1088F000C3FC044638B93B46BDE8F04102211E4A9C
:108900001E4812F022BE437B073B012B09D91B48AE
:1089100002211B4A12F00CFE2046BDE8F04113F084
:1089200067BA13F065FA052140F63540FFF75EFCA3
:10893000044630B9BDE8F0410121124A0F4812F057
:10894000F7BD00F10C070121384615F0FCFC0126AB
:1089500004210670384615F0F6FC00230580867069
:10896000C3702146BDE8F04140F63540FFF774BFC3
:10897000BDE8F081000000204C370200040E020028
:1089800075370200A1370200F0B5C56801212F88B4
:1089900087B0BCB2204602F0CFF8064640B9234665
:1089A0000121264A264807B0BDE8F04012F0CDBDAF
:1089B00002ACD5F80220D5F80630019469890091FF
:1089C00015F058FA40B3122142F21A00FFF70EFCDC
:1089D000054648B901211B4A194812F0A9FD304645
:1089E00013F006FA07B0F0BD12210C3015F0ABFC05
:1089F0000346224623F8027B06AF144603CCBC4252
:108A000018605960224603F10803F6D1294642F264
:108A10001A00FFF721FFE2E7022142F21B00FFF7F5
:108A2000E5FB04460028D5D002210C3015F08BFC64
:108A30002146078042F21B00EBE700BF38330200FB
:108A4000040E0200C437020073B5C368D9789A785F
:108A50001E8842EA0122ADF8002059791A79B4B291
:108A600042EA0122ADF80220D9799A79204642EAF9
:108A70000122ADF804201A7A5B7A012142EA03232D
:108A8000ADF8063002F058F8054658B901211C48E7
:108A900023461C4A12F059FD0221204612F001FE25
:108AA00002B070BD694602F0E9F838B91E212046CF
:108AB00012F0F7FD284613F09BF9F1E70E2142F280
:108AC0002000FFF793FB04460028F3D00E210C3062
:108AD00015F039FC00230680C0F80A30BDF80030DC
:108AE00021464380BDF802308380BDF80430C38046
:108AF000BDF80630038142F22000FFF7ADFED9E752
:108B0000040E0200383302002DE9F84F484FDFF819
:108B10004C8107F11409FB6848466FF39433FB60FE
:108B200001F0ACFE451C4FF0FF324FF0FF332946F9
:108B30003F480EF00BF960B140F6183342463D490C
:108B40003D4810F0FCFC404080F311884FF00300DA
:108B500002DF374EDFF8F4B015B90DF03DFEDAE76D
:108B6000F368C3F38633022B51D9042B59D1337BDD
:108B7000002B4FD100220023304815F07DFB044626
:108B800060B940F6AA2342462D492B4810F0D7FC85
:108B9000404080F311884FF0030002DFDFF8C0A0EF
:108BA0004FF0FF324FF0FF3326480DF0D5F9DAF8D9
:108BB00040215AB1244A0121244812F0B9FCDAF8C4
:108BC000400108F093FB0022CAF84021204615F02E
:108BD00084FBCAF840012046FFF736FE0346B0B1D9
:108BE00001211B4A194812F0B0FC16480DF08EF90D
:108BF000204608F0D9FA0C22164B1F2102FB003048
:108C000022464088FFF716F9204608F06FFB14361D
:108C1000013DA1E7012BFAD13069383802F074FA2E
:108C2000F5E7022158460C4A12F08FFCEFE700BF2F
:108C30001C0500200A360200DE3402004C01002030
:108C40007451020028010020DB370200040E0200EC
:108C50002A370200C0350020F63702007C340200BB
:108C6000000000202DE9F041044600F10C063046DA
:108C700015F0BFFBB4F810800546B8F1010F0AD813
:108C800043460121184A194812F05FFC2046BDE80E
:108C9000F04108F02BBB3046022115F09AFB074645
:108CA000007812F01AFCC20706460CD440F6CA63DC
:108CB0000F4A1049104810F042FC404080F31188E0
:108CC0004FF0030002DF052321460C4A3878FEF7F7
:108CD000DFFFB307DAD56369A4F8108013FA85F5CE
:108CE000E560BDE8F08100BF60340200040E0200C0
:108CF0007C34020017380200DE340200181702002C
:108D000038B5037E0446012B05D0032B11D1FEF7A5
:108D100049FF002038BDC368187812F0DEFBC20797
:108D2000054602D52046FFF79DFFAB07F1D520464B
:108D3000EDE70121044A054812F007FC204608F03F
:108D4000D5FA6FF01500E5E730380200040E020096
:108D5000084A0346D2F8640130B9D96839B1596973
:108D600029B1C2F8643170476FF0770070476FF037
:108D700015007047000000200421014812F0DABB02
:108D8000D000002010B5F7F787FF034B1B6813B125
:108D9000BDE81040184710BD3836002070B5364D7C
:108DA0000646D5F8643188B04BB90121334A3448BE
:108DB00012F0BEFB6FF01204204608B070BD6FF0D9
:108DC000020105F1D00012F0CEFB012112F0B2FB3E
:108DD000C3074ED4FEF772FC04460028ECD1294BA1
:108DE0001E60012205F59470114616F0A2FE05F5ED
:108DF000A67016F079FE00220023CDE906236FF05D
:108E000008034FF48062CDE90243CDE900441E4BD4
:108E10001E4904941E480CF017FF1E491C4816F00A
:108E2000CFFD1D4816F065FF6FF0070340F698026E
:108E30001A49194800940DF091F91949164816F08D
:108E4000BFFDD5F86431DB689847044630B103466E
:108E50000121144A0A4812F078FBADE726B908B0A0
:108E6000BDE87040F7F718BF05F1C0000DF070F9CC
:108E7000A2E76FF077049FE7000000202F3902007F
:108E8000040E020038360020098B000068710020B3
:108E90007818002048390200401900206875002029
:108EA0004E39020054390200004870474620020043
:108EB000F8B506460024094DAF7BE3B29F4202D8C5
:108EC0006FF0010007E02946304612F014FC073528
:108ED000631C08B12046F8BD1C46EEE700000020E8
:108EE00037B504460D46B9B12846164912F003FCC1
:108EF00090B929461448C4EBC404204412F00AFC7B
:108F0000124812F0F5FB430703D5FEF797FC12F069
:108F100077FA002003B030BD684612F0C1FA00288D
:108F2000F8D16846FFF7C4FF0028F5DA064BC4EB1A
:108F3000C4006946184412F0EDFB002DE0D0014654
:108F40002846DBE73031020000000020D00000207E
:108F5000064BD3E8EFCF4CF4004CC3E8E2CF002A35
:108F6000F7D1037A19430172704700BFD000002087
:108F70002DE9F341002104460622084601F08EFF48
:108F8000054648B120460221FFF7E2FF284602B01D
:108F9000BDE8F04112F02CBF8DF807000DF107017C
:108FA000324800F045FE9DF8075035B102212046B9
:108FB000FFF7CEFF02B0BDE8F08129462C4800F053
:108FC00037FE284612F0EAFB2A4D064690B10121F1
:108FD0000346294A294811F0F0F995F8213113B1D7
:108FE000012012F0DBFB0021254802B0BDE8F04172
:108FF00000F01EBE95F8213195F820219A420CD23E
:10900000013B85F82131237A024623F00403022034
:109010001C49237207F0B6FEDFE7072142F2280061
:10902000FFF7E4F804F10108074628B90121164AC0
:10903000124812F068FBD0E707210C3015F083F9D5
:10904000414612F067FB3246394642F22800FFF7EC
:1090500007F90028EAD195F82131013B85F8213143
:10906000237A23F004032372B7E700BF7DB8010021
:109070004DB8010000000020DF3902002C0E020074
:10908000CDB7010087B701000C3A0200F7B5002107
:1090900004460622084601F001FF054648B1204675
:1090A0000121FFF755FF284603B0BDE8F04012F05C
:1090B0009FBE8DF8000069463E4800F0B9FD9DF85E
:1090C00000602EB101212046FFF742FF03B0F0BD42
:1090D000394D3146394800F0ABFD95F821314BB19F
:1090E000304612F05BFB28B1354A0221354812F0B8
:1090F0000AFB1DE095F8212195F820319A4221D1F3
:109100000221314A2F4812F0FEFA002242F22900D1
:109110001146FFF7A5F810B12C4A0121E6E795F8B2
:109120002131013385F82131237A43F0040323727E
:10913000012012F033FB0021254803B0BDE8F040C8
:1091400000F076BD2246671C394612F82A0B12F051
:10915000E8FA064608B11F4ADFE795F821310133E6
:1091600085F82131237A43F00403237295F8A13066
:109170005B0701D4184AB8E73946684612F0CAFAC4
:109180000123082142F24E008DF80730FFF72EF838
:10919000044660B1082269460C3015F0DAF8324610
:1091A000214642F24E00FFF75BF80028C0D00B4A80
:1091B000B3E700BF7DB80100000000204DB80100FA
:1091C000313A02002C0E0200563A0200873A0200A1
:1091D000CDB70100A73A0200C73A0200F13A0200F7
:1091E000084BD3E8EF2F22F40041C3E8E01F00282A
:1091F000F7D1130404D500220220034907F0C2BDB1
:10920000704700BFD00000207FB90100002307B5E0
:109210000549CDE900036A46022007F0B3FD019835
:1092200003B05DF804FB00BFF7B70100034610B4BC
:1092300070B10B4991F8204191F821210CB1944271
:1092400009D2013281F821211A7A42F004021A72FD
:109250005DF8044B70475DF8044BFFF717BF00BF84
:1092600000000020034610B4A0B10C4C94F820116B
:1092700094F8212131B101318A4204DC5DF8044BBC
:10928000FFF776BE12B1013A84F821211A7A22F052
:1092900004021A725DF8044B704700BF0000002002
:1092A00070B50D460446C0B1204912F024FAA0B9A9
:1092B0002378012B04D1A37903F0C003C02B07D07E
:1092C00001211B4A1B4812F01EFA6FF0150070BDF9
:1092D0002046FFF7EDFD002821DA002DF5D1164DCF
:1092E000AB7B022B1ED005F1D00012F001FAC307B0
:1092F00007D4002CE9D020460C4912F0FCF90028D4
:10930000E3D1AE7B2146731C3046AB73FFF7E8FD1B
:1093100008B93046DBE7AB7B013BAB73D7E76FF0B7
:109320007700D4E76FF00B00D1E700BF30310200C7
:109330000C3B02002C0E020000000020F7B5044692
:1093400038B9174A0221174812F0DDF9002003B09E
:10935000F0BD002141F2090001AAFEF781FF064697
:1093600008B1114AEEE7019F0622FD680F49013559
:10937000284617F0A8F828B1062228460C4917F00D
:10938000A2F818B9384607F0B1FFDFE72946601C9C
:1093900012F0BBF93846267007F0A8FF0120D6E787
:1093A0003A3B02002C0E0200533B02003D3102000A
:1093B0003731020007B56846FFF7C0FF044B9873CA
:1093C00018B169460020FFF78BFD03B05DF804FB80
:1093D00000000020F7B51F4B054693F8BC300E4641
:1093E000DB0708D41C4A02211C4812F08CF9002427
:1093F000204603B0F0BD00214FF6094001AAFEF758
:109400002FFF034608B1164AEDE701981627C268F8
:1094100054780232B44228BF34469C4209DC07F03B
:1094200065FF002CE4D102210E4A0C4812F06BF9C2
:10943000DEE7114607FB035602F1140C51F804EB6A
:10944000614546F804EBF9D10988013331801632C1
:10945000E3E700BF00000020713B02002C0E020079
:109460009D3B0200BD3B020070B5154D8EB0AC7B3C
:109470002CB9022103A8FFF7ADFFA873C0B90021E2
:1094800008460EB0BDE87040FFF70ABF03AB06FB0D
:1094900002310DF1050012F038F90123104601A93F
:1094A0008DF80430FFF71CFD013410B10EB070BD13
:1094B0001626AB7BE2B29342E8D80020F6E700BF65
:1094C000000000202DE9F04190460E461D46024660
:1094D00050B14BB13103047810D5730708D5012181
:1094E0002A4A2B4812F00FF96FF01500BDE8F08101
:1094F00012F024FA0028F9D1012341E0F70730D512
:10950000244FB8F1000F13D0B0060AD4C4EBC40343
:10951000FB5C012B13D02B70B20620D543F0020365
:109520000BE097F8D8305906F0D46FF08500DDE7EE
:10953000C4EBC403FB5C012B01D02B700FE00721AF
:1095400001FB04711046013112F0B5F90028CDD1AC
:10955000C4EBC4043B5D2B70B8F1000FDCD10020DC
:10956000C4E773070ED50B4EC4EBC407F35D012BA4
:10957000E3D1072111FB0431314412F09CF9F35D72
:109580002B70B3E712F0DAF9B6E700BFE63B020052
:109590002C0E0200000000202DE9F04F9846002319
:1095A00014461D468FB003900191161D002256F8F7
:1095B000330007E054F8331001EBC201497801325F
:1095C00002310D449042F5D101339845EED1039B11
:1095D000FB2D03F1100008D9072112F0F1F905461F
:1095E000002878D06FF00A009FE00C2112F0E8F913
:1095F00010B91F2D28BF1F2505F1040901985FFA36
:1096000089F1FEF7F3FD0746002800F01D81494669
:109610000C3014F098FE4A460646002116F038FF3A
:1096200004EBC8034FF0000806F1040B029300237B
:10963000D4F800A06268934214D3029B0834A3427A
:10964000F5D1039B86F803805B78002233700323F7
:109650003946737001230198B3700FB0BDE8F04F25
:10966000FEF7FEBD9AF8012008F1020081188D4234
:109670009AF800C013D2BCF1090FA5EB000201D18A
:10968000002A0ADC72480121724A10F08DFE384629
:1096900007F02CFE6FF0150047E04FF0080C5FFA62
:1096A00082F909F101010BF8081008F10101C9B2B2
:1096B0000BF801C0DAF804105BFA80F0049309F1AA
:1096C000020916F0BEFE049BC1445FFA89F801331B
:1096D0000AF1080AAEE7014610220AA816F0D8FEE1
:1096E000A94629462B4640F27265CDE9084800227A
:1096F00056F839000AE054F8391001EBC2014978F4
:1097000002310B44AB42C5D8012101328242F2D171
:1097100009F10109C845EAD101B10D9301234FF0C8
:10972000000804930D9D1DB928460FB0BDE8F08FC9
:10973000FB2DAA4628BF4FF0FB0A0AF10406019848
:10974000F1B2FEF753FD029000287DD031460C3077
:1097500014F0F9FD00268346039B5FFA8AF25B78DA
:109760000592037080F80280031D0A990B9A54F841
:109770003100BDF830C000EBC200407804EBC107F7
:10978000023084450BD178680132824208BF013132
:10979000ADF8308006BFCDF82C800A910B920A9A62
:1097A000914515D00B9954F8322012EBC10C0FD013
:1097B000BDF8307098190FBB01279CF801200132C9
:1097C0009A550136F6B2059AADF830709642CCD370
:1097D000049BAD1B002B32D0002D0CBF03230123B3
:1097E000DDE9010100228BF803608BF801300D9553
:1097F000FEF736FD002898D1049093E7012F06D19B
:1098000012F83120013602270270F6B2DBE79CF82D
:109810000120AAEB0601D21B02328A4228BF0A4667
:10982000DCF804C0B91E61440793069216F009FEE5
:10983000069A079B17443244BFB2D6B2C3E7B5FAC3
:1098400085F35B095B00CBE76FF068006DE700BF55
:10985000B40D02000B3C0200F8B5046906464568E9
:1098600044B140F201432B403ED005F48263B3F58E
:10987000806F39D015F4806302D115F4F84F33D1DD
:109880001A4BAB4330D01A4F3078BB7B83422BD975
:10989000C0EBC00007221749384416F014FEA8B1E7
:1098A00015F0010306D197F86A20082A02D8B26899
:1098B0009F2A19D915F0300F09D0ACB1EA060AD4A5
:1098C00005F46035B5F5603018BF0120F8BDEB0632
:1098D00001D4002CF4D1D6E902239A4204D81F2ADD
:1098E00002D9B3F5804FEBD90020EFE70006040062
:1098F0000000002030310200072208B5034909307A
:1099000016F0E1FD003818BF012008BD303102001B
:10991000F8B5154B067804460D4683F86960FFF7E5
:10992000EBFF70B93046114901F03EFA044610B918
:109930006FF00B00F8BD042100F0F2FF00202C6056
:10994000F8E704F109073946304601F06FFA40B9EB
:109950002078394601F028FA04460028E8D005218D
:10996000EAE76FF01500E5E700000020293102006A
:1099700038B504460D46FFF7BFFF0346207873B99C
:109980000422094901F08AFA044660B105730021F6
:1099900000F0C6FF2046BDE8384012F029BA052283
:1099A00004F10901EEE738BD29310200F8B50021C4
:1099B0000E4812F005F8044620B10D4812F000F8E8
:1099C00090B90124582202FB04F60A4F0021F51930
:1099D000284616F05DFD06F110000021384412F013
:1099E0001CF86C702846F8BD0D46FBE7381A0020BD
:1099F000901A0020281A00202DE9F74FD1F810A066
:109A00000746BAF100040E4642F236004FF0190143
:109A1000934618BF0124FEF7E9FB8146002800F0B9
:109A2000028119210C3014F08EFC05461922002108
:109A300016F02EFD716822463846396505F10A0395
:109A4000FFF740FD0446002840F0BC8007F1090004
:109A5000BAF1000F00F0BA80316911F0C2FF304650
:109A600012F074F87B7880462B70B368EB70C3F308
:109A700007221B0C2A716B71F368C3F30722AB71C9
:109A80001B0CEA712B72706811F08BFF0023AB7412
:109A90007F23EB74012368722B75736803F44063B2
:109AA000B3F5806F14BF01230223AB757368D8042C
:109AB00042BF03232B75AB75736883F48064C4F3D2
:109AC000802459044FEA041448BF44F040049A0427
:109AD00044BF44F02004A4B2DB0544BF01232B762D
:109AE000736813F0010F03F4007100F08C8044F0F0
:109AF000010292B2BAF1000F6FD011B9BBF1000FA1
:109B000066D044F00304A4B2DB064CBF44F0040268
:109B100044F00C02316992B205F10B00A24611F03B
:109B200060FF144673784946A5F8014042F23600BA
:109B3000EB7501AAFEF794FB0446002842D1019878
:109B400007F11005C36893F901303B7607F0CEFBAF
:109B50000121284611F061FF6FF0080111F036FF76
:109B6000000758D46FF48041284611F02FFF08F108
:109B7000FF335A425A410821284611F039FFA8F113
:109B800002014A424A412846092111F031FF726818
:109B90000A21284602F0010211F02AFF0B21284673
:109BA000CAF3400211F024FF72680D212846C2F367
:109BB000800211F01DFF72680C212846C2F380223A
:109BC00011F016FF204603B0BDE8F08F174944E7B7
:109BD000B8F1020F95D0144696E758050DD444F01D
:109BE0000304A4B269B9BBF1000F0ED1B8F1020FA2
:109BF0000BD0BAF1000F87D103E051B144F0030458
:109C0000A4B2A2468EE70029EDD044F00204A4B22B
:109C1000EFE71446E7E73846F91C11F04CFE002840
:109C2000A0D00446CEE76FF06804CBE730310200E5
:109C300070B504460D460A48002111F0C1FE10B16E
:109C400029460848A0470021074811F0B9FE28B16D
:109C500029462346BDE870400448184770BD00BF40
:109C6000381A0020281A0020901A0020801A00209C
:109C700010B5054C206A30B16FF00101103011F0C1
:109C8000A5FE0023236210BD0000002073B5334BF6
:109C90001E6A002E3DD006F110050E21284611F057
:109CA0008FFEB0B30721284611F08AFE88BB0A2137
:109CB000284611F085FE60B3304601A9FFF728FE63
:109CC00038BB3046FFF718FE0E210246284611F039
:109CD00077FE80F00104E4B20A212846640011F006
:109CE0006FFE08B144F001040D21284611F068FE12
:109CF00008B144F00404214630460DF10303FFF798
:109D0000E1FB044638B101210346154A154810F01D
:109D100054FB02B070BD3046012111F069FF019E75
:109D200028B9304602B0BDE8704012F061B8214653
:109D3000304600F0F5FD6FF48041284611F046FEF4
:109D40000446304612F054F86304E2D50E2128464A
:109D500002B0BDE8704011F060BE00BF00000020FE
:109D60003F3C0200B40D0200F8B504460F4616460B
:109D7000134BD3E8AF3F5B0719D5FFF76DFDC8B1B3
:109D8000FFF714FE0546C0B1237821460022037078
:109D90004761FFF731FE044638B16FF0010105F16C
:109DA000100011F013FE2046F8BD3560FBE76FF0A0
:109DB0000A04F8E76FF01504F5E76FF00B04F2E71B
:109DC000D00000200023F0B500F1100785B0054653
:109DD0000E4638460721039311F0F2FD002855D1B5
:109DE0000A21384611F0ECFDC8BB002E41D13246A5
:109DF0000621384611F0FCFD0A21384611F0E0FD3D
:109E000038B90D21384611F0DBFD10B9284611F0A4
:109E100095FD284611F08AFE58B10221384611F00E
:109E2000CFFD034628B9024601460090284611F0AE
:109E300012FF32460121284611F098FE044608B36D
:109E40000121144A144810F0AFFA039D75B1284659
:109E5000002100F065FD284611F0CAFF06E0284603
:109E600003A9FFF755FD04460028BED0204605B0E3
:109E7000F0BD338823B9B278003A18BF0122B7E7A2
:109E80000122B5E703980028E6D1EFE76FF07704E9
:109E9000ECE700BF243C0200B40D02002DE9F04FB6
:109EA000C76885B097F80190B9F1010F6CD84FF0F1
:109EB000580B19FB0BFA5B4D0AF110062E440021DA
:109EC000304611F07DFD00285ED07B8805EB0A0846
:109ED0004046019311F08FFE0721304611F070FDCE
:109EE0000BFB09FB00906FF08001304611F06EFD16
:109EF0004D4C15F80B3084F8693094F824304BB190
:109F00007A88E38C9A4205D1009B002B37D100233D
:109F100084F8243094F84330002B3DD13B78002B5B
:109F200048D10121019800F007FE834600284ED158
:109F30006FF04001304611F049FD430611D540460F
:109F400011F013FDFFF74CF9582303FB09556B691A
:109F50003BB11B682BB13A7940468DF80C2003A920
:109F60009847236A434559D10E21304611F028FD08
:109F700000284ED005B0BDE8F04FFFF787BE04F1D2
:109F80002500FEF733FAC2E70121284A284805B028
:109F9000BDE8F04F10F008BAB4F845207B889A422B
:109FA000BCD1009B13B12348FEF720FA002384F8AC
:109FB0004330B3E70A21304611F002FD18B14046A4
:109FC0003978FFF7D5FC3B78002BB1D1A9E75823AE
:109FD00003FB09531B6D96301A0355BF9BF80810FD
:109FE0000AF10201C1EBC101491958BF091911F069
:109FF000F8FC582303FB09535B6933B15B6823B159
:10A000004046CDF80CB003A99847584611F0F0FE31
:10A010008EE705B0BDE8F04FFFF72ABE05B0BDE8FA
:10A02000F08F00BF281A002000000020753C0200BD
:10A03000B40D0200440000202DE9F043C56885B04E
:10A040002C78012C11D8582714FB07F91C4E09F164
:10A0500010000021304411F0B3FC30B16743F31914
:10A060005B6953B905B0BDE8F0830121154A164874
:10A0700005B0BDE8F04310F097B99B68002BF1D014
:10A080000135284611F025FA0DF10808294670B16E
:10A09000404611F013FA582303FB04646369CDF8BA
:10A0A00004809B6801A906EB09009847DAE7F05D98
:10A0B00011F0F4FB0146404611F093FCEBE700BFC2
:10A0C000281A0020753C0200B40D020030B58DB096
:10A0D000202104A8FEF75EF90446E8B915F0D7FF81
:10A0E0004FF47A75A0FB053205FB0121DB0B43EA37
:10A0F0004143C90BCDE902310823202200930848CF
:10A100006B4404A911F087F830B90121054A0648CB
:10A1100010F04AF96FF0040420460DB030BD00BFC6
:10A12000D81A0020893C0200240E020007B508213D
:10A130006846FEF72FF960B908226946084811F011
:10A140004AF848B907480121074A10F02DF96FF085
:10A15000040003B05DF804FBFFF7B8FFF9E700BFA8
:10A16000D81A0020240E0200A03C020038B50D468B
:10A17000044698B191B10B4A11F066F8431C07D11F
:10A18000FFF7A4FF48B929462046064A11F05CF8BB
:10A1900001280CBF00206FF0040038BD6FF01500DF
:10A1A000FBE700BFD81A0020402208B5034916F08B
:10A1B0008AF9B0FA80F0400908BD00BF503D0200A6
:10A1C00070B5334B93F89C3003F00603062B08D090
:10A1D0000221304A304810F0E7F86FF08505284634
:10A1E00070BD002850D02D4E326872B1131F8342CB
:10A1F00007D102212A4A284810F0D6F86FF07705D7
:10A20000EDE75B680BB1043BF1E742607268031D48
:10A21000336002B97360234CD4E8EF2F42F020037F
:10A22000C4E8E13F0029F7D112F0200201D0002557
:10A23000D5E7D4E8EF3F23F01003C4E8E13F00295D
:10A24000F7D1114642F22500FEF70AF8054600282C
:10A25000EDD00121144A104810F0A6F8D4E8EF3FE1
:10A2600023F02003C4E8E23F002AF7D134683CB170
:10A2700054F8043C043C0BB1002098476468F6E7AE
:10A280000023C6E90033AAE76FF01505A7E700BF72
:10A2900000000020C93C0200EC0D02004036002006
:10A2A000E83C0200D0000020043D0200044BD3E84B
:10A2B000AF3F13F0100F034808BF0020704700BFE6
:10A2C000D0000020F350002070B5214E04463368C2
:10A2D0008B4237D01BB16FF00F04204670BD1D4B71
:10A2E000D3E8AF2F9206F6D4D3E8AF3FDB062CD5E8
:10A2F000316042F226004021FDF778FF0546F0B1BB
:10A3000040210C3014F01FF8234604F1400253F8AA
:10A31000041B934240F8041BF9D10022294642F263
:10A320002600FDF79DFF04460028D6D000233360A9
:10A3300002212346084A094810F03FF8CDE76FF0A4
:10A340006804F3E76FF07704C7E76FF07C04C4E7B5
:10A350003C360020D00000202E3D0200EC0D020013
:10A36000F8B5194BC568D3E8EF2F22F02002C3E8F7
:10A37000E12F0029F7D12A788AB914496A1C05F11E
:10A38000410052F8044B824241F8044BF9D1D3E822
:10A39000EF1F41F01001C3E8E21F002AF7D10C4E75
:10A3A00034686CB1094F043C23682BB12A78002A29
:10A3B0000CBF38460020984764680CB1043CF3E7B2
:10A3C0000023C6E90033F8BDD0000020F350002080
:10A3D0004036002005490B6833B1C2680020086090
:10A3E000117801B9501C1847704700BF3C36002057
:10A3F00070B504460A4B1D6825B90A4D0A4EB54290
:10A4000007D370BD2B6813B12046217B9847AD69F7
:10A41000F2E72B6813B12046217B98471C35EEE705
:10A42000883700204C0D0200840D02002DE9F04118
:10A4300004464FF00008144F4FF02002EFF3118351
:10A4400082F31288BFF36F8F216A29B983F31188D1
:10A45000BFF36F8FBDE8F081606A0A68814208BF70
:10A460006262226283F31188BFF36F8FD1E90156D4
:10A470003846C1E90188C1F80C8015F041FB002283
:10A4800031462046A847D7E7340B0020002270B59C
:10A490000446D1E90156CA60C1E90122054815F018
:10A4A0002FFB314620462B46BDE870406FF06D0211
:10A4B000184700BF340B00202DE9F047DFF86C810E
:10A4C0001F46B8F804310446002B08F584700E4688
:10A4D00008BF00201546002200230BF03DFD002898
:10A4E00040F09B80002D77D005F10C0A5046B8F85B
:10A4F000049113F082FF484568D9B8F8049156F8E2
:10A500000C1F4A46504613F024FF4946304613F0CC
:10A5100058FF637BAE69072B7CD14FF02003EFF32C
:10A52000118283F31288BFF36F8F002E5FD0002358
:10A530003360A369002B57D1C4E905664FF00009C9
:10A5400082F31188BFF36F8F042105F10C0013F023
:10A550001BFF238807F0FD0743EA073707802B8A94
:10A56000043B4380022328462B76FEF76DF907460D
:10A5700048B3012103462A4A2A480FF01EFF4FF034
:10A580002003EFF3118783F31288BFF36F8F002E40
:10A590003AD0314604F1140011F0C1FB87F3118861
:10A5A000BFF36F8F6FF00407B8F804311E48002B1B
:10A5B00008BF00200BF0AAFC2EB100233146204634
:10A5C000AB61FFF763FF3846BDE8F087504613F0F4
:10A5D00014FF1FFA80F992E70022002304F13800EB
:10A5E00013F04AFE054694E71E60A661A6E7A3693C
:10A5F00033B103F10C09DB680133C9F800309FE780
:10A60000E36904F11C09F7E7D9F80030013BC9F808
:10A610000030C3E76FF07F07C6E76FF06807D2E747
:10A620002A370200C40D02000801002000000020AB
:10A6300008B50221024A03480FF0B6FE002008BD0B
:10A64000973D0200C40D02000448B0F8043100F543
:10A650008470002B08BF0020704700BF000000205E
:10A6600038B5002204468A4202D10024204638BD73
:10A67000012004F1BC03D3E8EF5F002D04D1C3E84F
:10A68000EC0FBCF1000FF6D102D0C0340244EAE76F
:10A69000002CEAD0BC220021204615F0F9FE04F17E
:10A6A0005800044915F02BFB034904F1280015F06C
:10A6B000C6FADBE70DB000006BBD0100F7B516462A
:10A6C00004460D46FFF7B2FE012E23D0022E50D1D4
:10A6D00023693BB130480121304A0FF065FE204626
:10A6E00011F046FB256121690B8A012B51D9CA68FB
:10A6F0001288043292B293424BD341D90121009285
:10A700002548274A0FF063FE204603B0BDE8F0401D
:10A7100011F02EBB206940B9224A31461E480FF085
:10A7200043FE204611F024FB01E02F8A2FB9284672
:10A7300003B0BDE8F04006F0D9BD0C3013F05DFE6B
:10A7400087420CD9184A314613480FF02DFE0022DB
:10A750002046216901F0C2FA00232361E7E720695E
:10A760002A8AE9680C3013F0F4FD284606F0BEFD95
:10A77000B9E7012133460D4A07480FF01EFED0E726
:10A78000002301222046236103B0BDE8F04001F020
:10A79000A5BA03B0F0BD00BFC40D0200C03D020069
:10A7A000403E0200DD3D0200FB3D0200223E020071
:10A7B0002DE9F3419846CB7A0646072B0D461746FE
:10A7C0000BD80822264800920121264A0FF0FFFDEF
:10A7D0006FF0150002B0BDE8F081437B072B07D076
:10A7E0000121214A1E480FF0DFFD6FF07F00F1E7E5
:10A7F000002A30D016F08CF81C4B1A581C4B9A4289
:10A800001C4807BF002200234FF0FF324FF0FF33F8
:10A810000BF048FB044600B3737B072B0DD00221DD
:10A82000154A0F480FF0C0FD00232146C4E901334B
:10A830001048E36015F064F9D7E70023C0E9017818
:10A84000C360AC61002406F1380029462C7713F070
:10A8500042FD2046BEE71446F3E76FF06800B9E713
:10A86000C40D02005B3E0200803E020008000000B2
:10A87000182B0020340B00208F3E02002DE9F84FEA
:10A8800006460125224815F0B9FD00220121304677
:10A890001F4B15F089FD00274FF0140AAB461D4CE5
:10A8A000DFF8789004F1BC03D3E8AF3F5BB1637B82
:10A8B0008BB96FF04001201D11F04CFA43060AD508
:10A8C000204611F05EFA0137032F04F1C004E9D1EC
:10A8D0002846BDE8F88F637B072BF4D1B9F8043123
:10A8E000002BF0D00AFB0568D9F81021A36B4BB1FF
:10A8F00042B90221084B404615F056FD013588F853
:10A900000CB0E0E70022042104F13803F3E700BFB4
:10A9100090050020101C00200801002000000020ED
:10A920002DE9F041467B04468E420D4600AF1CD116
:10A93000082E98BF774B6C4688B094BF53F82630EA
:10A94000754B6A467549C2E905134FF4007393834A
:10A95000734B42F8103F00234FF4E4517148F9F76C
:10A960004FFDA546BD46BDE8F081417326B9837809
:10A97000082B01D011F028FA637B082B00F2C68067
:10A9800001A252F823F000BF2BAA0000ADA90000DD
:10A9900065A9000065A9000065A9000065A900007F
:10A9A00065A90000EBA9000065A900004FF00008B0
:10A9B0005D4D05F584764FF02002EFF3118382F3AD
:10A9C0001288BFF36F8FE269002A7AD0013AE26100
:10A9D00083F31188BFF36F8FB5F80431002B14BFD8
:10A9E000304600200BF092FAE5E7A378042BB9D0AB
:10A9F00004F1380015F078F800214C480CF002FA08
:10AA00000023C4E91433E378012BABD1A3784FF4CE
:10AA10002032012B08BF032304F1580008BF84F83B
:10AA2000AC3000230BF03AFC9CE7A378042B03D155
:10AA3000204611F0DDF995E7082E93D801A353F8CD
:10AA400026F000BFB5AA000069AA0000A7AA00006E
:10AA500031AA000031AA0000A7AA0000A7AA00009E
:10AA6000B5AA0000B5AA00002046FFF7DFFCA378D6
:10AA7000012B0AD104F15805284615F04CF910F0C5
:10AA80000C0F02D0284615F048F90434D4E8EF3F03
:10AA900043F04003C4E8E23F002AF7D100212348F5
:10AAA0000CF0B0F95EE7237B002BC1D02046FFF706
:10AAB0009FFCBDE72B461E4A02211A480FF07DFC81
:10AAC00050E7616921B983F31188BFF36F8F49E7BC
:10AAD000A0690A68814208BFA261626183F311889C
:10AAE000BFF36F8F4FF02002EFF3118382F31288D0
:10AAF000BFF36F8FCA68E261C1F80C8083F31188DD
:10AB0000BFF36F8F2046FFF7C1FC65E7094A2B466C
:10AB1000D2E700BFE0170200B53E0200BF3E0200D0
:10AB200003000001C40D0200000000209005002079
:10AB3000D03E0200E73E020070B5024605460E46D2
:10AB40000A48032111F068F9044610B90024204690
:10AB500070BD83781E42FAD102212B46044A054873
:10AB60000FF02BFC204611F043F9EFE7101C0020FA
:10AB7000033F0200C40D02002DE9F04706460F46D0
:10AB8000904600254FF0C009DFF828A009FB05A07A
:10AB900011F01AF9044620B183781E4206D111F053
:10ABA00027F90135032DF1D1BDE8F0874146B847BB
:10ABB0002046F4E7101C0020034BC01A034B801101
:10ABC0005843C0B2704700BF101C0020ABAAAAAA0D
:10ABD00038B50D460849002808BF084613F047FB62
:10ABE000044618B9BDE83840FFF722BD691D0C3096
:10ABF00013F0A5FB204638BD780B0020F8B50446BD
:10AC00000430D0E8AF3F9B0511D5B4F89E30B4F8BE
:10AC1000A0209A420BD8B4F8A2209A4207D3D4E9D4
:10AC200029239A4203D16FF4007111F093F8104B6D
:10AC30001D6825B90F4D104FBD420CD3F8BDEE680D
:10AC40003EB12046B4F8A630B4F8A420B4F89E1063
:10AC5000B047AD69EDE7EE683EB12046B4F8A630E6
:10AC6000B4F8A420B4F89E10B0471C35E4E700BF48
:10AC7000883700204C0D0200840D02002DE9F041C0
:10AC8000074608460C4610F0EBFC054618B90025AF
:10AC90002846BDE8F081134B1E6846B9124EDFF816
:10ACA0004C804645F4D2B36883B91C36F9E7B368E3
:10ACB0000BB9B669F1E72146384698470028E6D037
:10ACC000204610F0CDFC0028F3D1E0E721463846BD
:10ACD00098470028DBD0204610F0C2FC0028E4D1C1
:10ACE000D5E700BF883700204C0D0200840D02001C
:10ACF0002DE9F041C378044673B900F19606104B74
:10AD000004F188071D6855B90E4D0F4F04F18808EE
:10AD1000BD420CD3BDE8F08100F18F06EFE72B694F
:10AD20001BB13A46314620469847AD69EBE72B699F
:10AD30001BB142463146204698471C35E8E700BF24
:10AD4000883700204C0D0200840D0200F8B5437ACC
:10AD500004468372164611F0B0FB0C4B1D6825B9F2
:10AD60000B4D0C4FBD4208D3F8BD6B691BB1324689
:10AD70002046617A9847AD69F1E76B691BB13246AD
:10AD80002046617A98471C35ECE700BF88370020E1
:10AD90004C0D0200840D0200024B1A68186082619B
:10ADA000704700BF8837002038B505460C460B4871
:10ADB0000321FFF755FC80B105722368C0F8883085
:10ADC000A388A0F88C30A37980F88E3001234372D9
:10ADD00083728370024BC0F8A03038BD101C002075
:10ADE000180028002DE9F0410746884600250E4E40
:10ADF000304610F0E9FF044620B18378012B0AD0D9
:10AE000010F0F6FF0135032D06F1C006F0D1002445
:10AE10002046BDE8F0814246394611F094F80028FA
:10AE2000F6D12046ECE700BF101C0020B0B500AF03
:10AE30000D46FFF7D7FF044610B32846FCF782FB08
:10AE4000637B6D46082B98BF0E4A8AB094BF52F8B8
:10AE500023300D4B6A46C2E907030C4B0C49536281
:10AE60000C4BC2E9051442F8103F00234FF4425145
:10AE70000948F9F7C5FA2046AD4610F0B9FF0120A0
:10AE8000BD46B0BDE0170200B53E0200010302045A
:10AE90001A3F020005000002C40D02002DE9F04730
:10AEA00006460F46904600254FF0C009DFF844A043
:10AEB00009FB05A010F088FF044620B18378012B20
:10AEC00006D010F095FF0135032DF1D100240DE0DF
:10AED00037B13A46314611F036F808B92046F0E766
:10AEE000637B4345FAD1237AB342F7D12046BDE8CC
:10AEF000F08700BF101C002010B5837802460B704D
:10AF0000C3784B70037A8B70437B0020023BDBB22B
:10AF1000062B8CBF0346214CC87798BFE35C1046D4
:10AF20000B77537A4B7710F0D9FF88779378012B02
:10AF300031D102F188038B60137A1948C3EBC30344
:10AF400003444B60D47802F1960302F18F0014B1F0
:10AF50001C4603462046C1E90303B2F89E308B82AB
:10AF6000B2F8A430CB82B2F8A6300B83D2F8B83056
:10AF700023B15B7BD80644BF0123CB77D2F8B8302E
:10AF800013B15B7B9B0601D4002010BDCB7F43F047
:10AF90000203CB77F8E76FF01500F6E7D23F020027
:10AFA0000000002038B5044608460D4610F058FB56
:10AFB00038B3154B93F8D830990707D4E37873B1B9
:10AFC00029462046BDE8384011F018BB94F8AD3052
:10AFD0009A07F3D5231DD3E8AF3F5B05EED429468E
:10AFE000204610F0D2FF58B92B88A4F8A0306B8807
:10AFF000A4F8A230AB88A4F8A830EB88A4F8AA3053
:10B0000038BD6FF01500FBE700000020F7B510F821
:10B010004B3C0446A0F15806FBB9304611F010F93C
:10B020002F4B1D684DB92F4D2F4FBD420DD33046CC
:10B0300003B0BDE8F04010F0DBBE6B681BB13046DA
:10B0400014F84C1C9847AD69ECE76B681BB13046AF
:10B0500014F84C1C98471C35E7E710F8563C012BB8
:10B060001FD1A0F154056FF40071284610F072FE54
:10B0700081051ED5A36C69460093236D304601936C
:10B08000FFF790FF034670B96FF48071284610F007
:10B0900061FED5E8EF3F43F08003C5E8E23F002AB8
:10B0A000F7D103B0F0BD114A022111480FF085F924
:10B0B000EFE74FF428130F4A69463046CDE90023E5
:10B0C000FFF770FF034640B9D5E8EF3F43F48073C4
:10B0D000C5E8E23F002ADCD0F6E7074AE4E700BF14
:10B0E000883700204C0D0200840D0200533F0200FF
:10B0F000C40D020018002800783F020001460148F4
:10B10000FFF766BD280C00202DE9F047437B05467C
:10B110005BB96FF04001043010F01CFE430604D50B
:10B120002846BDE8F04710F02CBE05F1380014F0B9
:10B13000FCFC044660B94FF46673344A3449354820
:10B140000EF0FDF9404080F311884FF0030002DF5C
:10B15000204613F0C2F8DFF8C090028AB9F8043133
:10B1600004469A42027F07D832B902232146284674
:10B17000FFF7A2F9064632E017464FF0000A228A8E
:10B18000B9F804319A4204D801230022237703231B
:10B19000ECE74FF0FF334FF0FF320020FFF7AEFF38
:10B1A0006B7B8046072B06D006F0A0F82046BDE852
:10B1B000F04706F09BB8C0F818A080F81CA0637F89
:10B1C0000246437721463B462846FFF775F9064677
:10B1D000B8B107F001074046277706F087F8204608
:10B1E00006F084F805360ED10023A6692046A36137
:10B1F00006F07CF83EB131462846BDE8F047FFF73F
:10B2000045B90127BBE7BDE8F08700BFA23F0200B8
:10B2100074510200DE340200000000200B4B58B1D4
:10B220001A6862B902693AB902685AB942684AB9F9
:10B2300082683AB942692AB91860002070476FF0F5
:10B24000770070476FF01500704700BF94370020FB
:10B2500068B10023C360074B00F10C02596819B9AB
:10B26000C3E90022002070470A605A60FAE76FF0D5
:10B27000150070478C370020022806D8044B00EBDD
:10B28000400003EB801010F09FBD0020704700BF0E
:10B29000101C002070B50C4814F026FC00240B4D47
:10B2A000094E29463046013414F02AFC142C05F1CD
:10B2B0001005F6D102F064FA05F028FD044608B93D
:10B2C00000F09AFB204670BD340B00204836002069
:10B2D000044B18780130C0B2012838BF0120187023
:10B2E000704700BF3351002070B5D0F8E02004460D
:10B2F00000F1B8032AB115F00BFB1A490958914225
:10B3000025D0184604F1E80114F01BFDA06C18B11B
:10B3100005F0ECFF0023A36404F1300500220023B4
:10B32000284612F0A9FFB0B904F1980600220023C4
:10B33000304612F0A1FF054680B9D4F8800028B14C
:10B3400005F0D4FFC4F88050A4F8845070BD1846AE
:10B3500014F0E3FCDAE705F0C9FFDFE705F0C6FF0C
:10B36000E4E700BF0800000010B5044600211022E9
:10B3700015F08EF82146BDE81040014814F0C0BB1E
:10B380001C0B002008B503460121034A03480FF0B7
:10B3900014F8002008BD00BF444002003C0E02002B
:10B3A0000628F8B505460F460D4816464FF000032F
:10B3B0004FF480324FF0040118BF0020FFF708FC63
:10B3C000044620B92846BDE8F840FFF7DBBF04215A
:10B3D0000C3012F0B8FF0570477046802046F8BD6B
:10B3E000A40B002010B5C38A04460BB94023C382C6
:10B3F000E28A6168402A134628BF402302339BB289
:10B400002383096951B901329A4207DB0221084AB4
:10B41000084810F079FE238B023BE38201231C34A1
:10B42000D4E8EF2FC4E8E13F0029F9D110BD00BFF7
:10B430006C4002003C0E0200002310B5044643623B
:10B440008362C36200F12C02D2E8EF1FC2E8E03F42
:10B450000028F9D104F1300014F046FB04F150004B
:10B460000249BDE8104014F04ABC00BF33C30100DC
:10B4700080B500AF88B06A46074BC2E905300323A8
:10B4800042F8103F00234FF4C2510448F8F7B8FFC8
:10B490006FF00B00BD4680BDA04002003C0E0200D4
:10B4A0000B4B1A6842B1D3F8102122B1D3F82022F5
:10B4B0005AB1FFF7DDBF01224FF4887000FB023361
:10B4C000044A00205A600B6070470222F4E700BF74
:10B4D000501E002024180200014B1860704700BF66
:10B4E00098370020F8B56E4600AF88B0A0F1B804D8
:10B4F00050F8B85C6A460F4BC2E90534032342F8A2
:10B50000103F00234FF4C2510B48F8F779FF28464B
:10B51000B546214610F063FE204610F077FE94F801
:10B52000B4100122284610F0AEFD04460028F4D1E4
:10B53000BD46F8BDC74002003C0E02002DE9F04FA9
:10B5400006460D46904685B000F12C07384610F0AF
:10B55000D8FDB8B3431ED7E8EF2F824203D1C7E826
:10B56000E13F0029F7D1F1D105F10C09484612F06D
:10B5700040FFB5F810B0338D0BEB08029A420290F1
:10B5800023D8484612F035FF08F109039BB29842D0
:10B590001BD36B68CBB9B8F1000F06D0284610F06A
:10B5A0006AFD81B2484612F0F7FE284612F095FE79
:10B5B000044600283FD1D7E8EF3F0133C7E8E23F18
:10B5C000002AF8D16FF00A0A73E0A87A05F0E4FDCA
:10B5D0007368DB68002B53D0304698470446002838
:10B5E00053D009210C3012F0AAFE04F10C0AB8F174
:10B5F000000F06D0284610F03EFD81B2504612F0F2
:10B60000B9FE504612F0F9FE338DA3EB08039842C1
:10B6100044D2504612F0F1FE83B22A8AE9689A4277
:10B6200028BF1A465046039212F093FE039A4846EA
:10B63000114612F0C6FEA542B4F810903068B18CE5
:10B64000AB6901D02A8A5ABB0093244B224610F0E2
:10B6500012FE824638B3D7E8EF3F0133C7E8E23F36
:10B66000002AF8D1204605F041FE1AF1690F20D1D9
:10B670006B69029AA5F810B013FA82F3EB60A1E7A8
:10B680000022002312F0F3FDA8E70022002304218A
:10B69000FFF79EFA04460028A7D18CE79BB2BCE7CF
:10B6A00000930F4BD2E7384610F02BFD28B1A9EBE1
:10B6B000080A504605B0BDE8F08F06F11001D1E848
:10B6C000EF3F23F00103C1E8E23F002AF7D173689E
:10B6D000DB69002BEBD030469847E8E797C50100BF
:10B6E00081C5010070B50446FFF7F2FD0E46042245
:10B6F00001461620FFF754FE054600283BD10121E4
:10B70000284A294810F000FD04F11006D6E8EF3F62
:10B7100043F00203C6E8E23F002AF7D1D4F88000E4
:10B7200028B105F0E3FDC4F88050A4F88450A06C63
:10B7300018B105F0DBFD0023A36404F130050022FD
:10B740000023284612F098FD78B904F198050022EC
:10B750000023284612F090FD50B96368DB6903B3FB
:10B7600031462046BDE87040184705F0BFFDE6E7CA
:10B7700005F0BCFDEBE704F11C03D3E8EF2FC3E8B1
:10B78000E16F0029F9D1042105F10C0012F0DBFD75
:10B79000A38A4680038029462068BDE8704010F0E7
:10B7A000FABD70BDD74002003C0E020070B58B8A16
:10B7B00005460C462BB94021284610F016FFF0B97B
:10B7C000A182002104F11003D3E8EF0FC3E8E61FC4
:10B7D000002EF9D1A160696D04F10803D1B9C5E962
:10B7E000143314492560E26004F1B80014F087FABC
:10B7F000A38A403B9BB23F2B0FD9012009E00131C6
:10B8000089B28029D8D10C4801210C4A10F07CFC67
:10B81000002070BD0B606B65E3E7094904F1880007
:10B8200014F00DFA04F1980014F05EF9012384F885
:10B83000B030E2E7E5B400003C0E0200F540020043
:10B84000A3C6010073B50546164C174EB44201D38A
:10B8500002B070BD2846636801A9984700281FDB25
:10B860000199238828468B828B84A268FFF79EFF6C
:10B870000028EDD0019843681B6803B19847019BED
:10B880001033D3E8EF1F41F00101C3E8E21F002AA3
:10B89000F7D101984368DB6913B100F110019847B3
:10B8A0000C34D3E7280D02004C0D02002DE9F843BB
:10B8B0000A9E90461F4632464B6881460D46984781
:10B8C000041E11DA14F10C0F21D014F10B0F07DA5A
:10B8D00014F1860F37D00D3437D00B20BDE8F88334
:10B8E0000134FAD10720F9E7346863685B692BB942
:10B8F0000121174A174810F007FCEEE7AB784846DD
:10B9000084F8B530144A3168FFF750FF08B90420B5
:10B91000E4E72046FFF790FDBDF820302046238560
:10B92000BDF82410A4F82480E78410F005FC20461C
:10B93000FFF758FD03222B880020A4F8B2303368AB
:10B9400083F8B020CAE70220C8E70620C6E700BF98
:10B95000194102003C0E0200E9B20000054A03460C
:10B96000106830B130F8082C08389A4201D080684D
:10B97000F7E770479C37002010B54368014613B9BC
:10B980006FF0150010BD008840B1431EFE2BF7D8A4
:10B99000FFF7E4FFA8B16FF06F00F3E780242046C3
:10B9A000FFF7DCFF60B10134A4B2B4F5807FF6D1BB
:10B9B0000E4802210E4A10F0A7FB6FF07C00E1E771
:10B9C0000C808B78042BDBD80BB901238B70002300
:10B9D0008B60084B01F10802596819B9C3E90022CC
:10B9E0000020CFE70A605A60FAE700BF3C0E020071
:10B9F0003B4102009C37002070B50A4814F074F8EF
:10BA00000025094C074E10220021204614F040FD6D
:10BA100001352146304614F073F8142D04F110045A
:10BA2000F1D170BD1C0B0020A43700202DE9F04798
:10BA30000D469146804600283DD000293BD00E6837
:10BA40007EB3531EFE2B4FF000041ED82746DFF8AE
:10BA50006CA03046FFF7F0FC3046FFF7C3FC5246BF
:10BA600031464046FFF7A2FEC0B10137052FA6F8C8
:10BA7000B29004D055F827603C46002EE9D13946F3
:10BA80002846BDE8F04710F0B3BC6FF0150605EB93
:10BA90008404A54207D13046BDE8F0876FF00B065D
:10BAA000F5E73746EBE754F8041D0029F1D040468E
:10BAB00010F095FBEDE76FF01506ECE7E9B200003A
:10BAC00030B50D46D0F88010044685B0084610F019
:10BAD000D2FA83B203B10B8B2A8A12FA80F0B4F83F
:10BAE000842090420ADD2E4A01212E4810F00CFBE2
:10BAF000204605B0BDE8304010F0AABD01330B83ED
:10BB0000294B002202930023CDE900230394EA6825
:10BB1000298AD4F8800005F005FC2B8A80B2834284
:10BB200001D0224AE0E7D4F88050284610F0A3FA6A
:10BB3000B4F8843098420BD204F11C0010F0E1FA02
:10BB400060BB0121204605B0BDE83040FFF7CABD0B
:10BB50000023C4F88030A4F88430636829465B6908
:10BB600020469847031E10DA13F1770F16D00D48C0
:10BB700001210F4A0EF021FC204610F069FD2846F5
:10BB800005B0BDE8304005F0B1BB94F8B030032BF0
:10BB9000F5D101212046FFF7A5FDF0E705B030BD46
:10BBA0005A4102003C0E0200F9C001006E41020041
:10BBB00082410200F7B504460E4600F11C03184608
:10BBC00010F09FFA002877D0421ED3E8EF1F814281
:10BBD00003D1C3E8E52F002DF7D1F0D1338A228BB2
:10BBE00093420BD9022100923548364A0EF0EFFB02
:10BBF000204603B0BDE8F04010F02ABDD4F8802004
:10BC000032B13146204603B0BDE8F040FFF758BFDF
:10BC1000012B05D802212C4A294810F075FAE7E7D4
:10BC200006F10C0012F0DDFBE38A0546834202D2E6
:10BC3000264A0121F0E763681A691AB32046904743
:10BC4000C4F8800008B9224AF3E7A4F884500C3005
:10BC5000378A12F0D2FBEF1BB8420DD9338AE81AAB
:10BC6000238B591E0144B1FBF3F189B20029C8D0DE
:10BC70002046FFF737FDC4E7D4F880000C3012F0FF
:10BC8000BCFBEDE75B69314620469847031E08DAA6
:10BC900013F1770F12D001210E4A09480EF08DFBE7
:10BCA000A6E794F8B030032B08D10121204603B059
:10BCB000BDE8F040FFF716BD074ABAE703B0F0BD94
:10BCC0003C0E020089410200A2410200B84102007C
:10BCD000CB41020082410200ED41020070B50B8AA7
:10BCE0000546032B0C46164605D80121254A264851
:10BCF00010F00AFA10E0042104F10C0012F069FBC4
:10BD00004188284610F071FC054650B91F4A0B4681
:10BD10001D4802210EF051FB2046BDE8704005F0A1
:10BD2000E5BA838A403B9BB23F2B26D816B390F8E6
:10BD3000B030042B02D1164A0221D8E7103010F09F
:10BD4000E0F9830701D5134AF6E7B5F8B23021468A
:10BD5000803B9BB27F2B03D92846FFF72BFFDBE705
:10BD600005F1980012F0B7FA05F18800BDE87040BF
:10BD70000AF0EEB910F06CFCCEE7436821465B692F
:10BD80009847C9E70A4202003C0E0200274202001F
:10BD9000534202007E4202002DE9F04F01F10C03F4
:10BDA00095B08B4604AF054604211846FB6112F09E
:10BDB00010FBBBF81030428806469A4206D000922B
:10BDC000B24A0121B2480EF002FB06E0447844B9C1
:10BDD000B04A0121AE4810F097F94437BD46BDE89E
:10BDE000F08F0278511E192900F2EA83DFE811F082
:10BDF0009201E803E803E803E80305015E01E803B4
:10BE0000E803E803E803E803E803E803E803E803DA
:10BE1000E803E8031A001E00A6006B0198018202E5
:10BE20004F03BF03012BD8D89B4AD2E7092B2E68BA
:10BE3000DBF80C2001D8994ACBE7B2F804A01389AB
:10BE4000BAF1160FB2F80290B2F806B0B2F800805C
:10BE5000FB6102D9BBF1160F04D8914A5346CDF8C5
:10BE600000B0AEE70A2221461520FFF799FA0546F1
:10BE70000028B2D00A210C3012F065FA00230446E3
:10BE80000360436003814046FFF768FD8046002859
:10BE90003FD0737A82789A4206D8A9F140033F2BAB
:10BEA00018D94FF0090807E0012B03D830460FF0EE
:10BEB000FEFF88BB4FF005080023A4F808802A463F
:10BEC00005213046009310F0D6F958B3284605F006
:10BED0000DFA82E74946304610F049FBF862F0B9A6
:10BEE00007F12C030293FB694146CDE900B34A46B2
:10BEF00053463046FFF7DAFC80460028DCD1FB6A67
:10BF00009A8A22801A8BA280DA8A6280DB69E380B7
:10BF1000D2E74FF00208CFE74FF00808CCE74FF028
:10BF20000A08C9E7B8F1000F7FF457AFF86A436811
:10BF30001B68002B3FF451AF98474EE7092B2E6842
:10BF4000DBF80C2001D8574A43E7D388B2F802A0A7
:10BF5000B2F80490FB611589B2F800B025F008032F
:10BF60000BB1052D0DD100222146304610F08BF883
:10BF7000804658BB012123464B4A45480EF01DFA26
:10BF80002BE701222146304610F07DF8804600283C
:10BF9000F0D0B83013F0C1FE002288F8B420082D8C
:10BFA0001CD035BB032288F8B020D8F80420A8F8AC
:10BFB00024B0A8F826A0A8F8289012680AB1404634
:10BFC00090474046F96910F0B7F806E7B83013F02B
:10BFD000A4FE0022052D88F8B420E0D12946404671
:10BFE00010F0C8F800283FF4F8AE4146304610F093
:10BFF000F6F8404610F00AF9EFE6032B2E68DBF85E
:10C000000C807FF618AF3046B8F8001010F058F8E2
:10C01000054630BB98F8032098F80230214643EAE1
:10C020000223BB85B8F8003006220120FB85FFF70C
:10C03000B7F9044600283FF4D0AE00F10C08022105
:10C04000404612F080F902234570037004224046F6
:10C0500007F12C0112F07DF92146304610F09BF9D2
:10C06000BBE6214604220720FFF79AF90446002880
:10C070003FF4B3AE04210C3012F065F9AB8A0380B3
:10C08000AB8C4380284610F0C1F8E5E7B0420200CF
:10C090003C0E0200D1420200F24202000E430200B6
:10C0A000304302005A4302007C430200032B2868FD
:10C0B000DBF80C2001D8924A8BE6518810F000F88A
:10C0C000002897D189E6032B2868DBF80C1001D8EB
:10C0D0008C4A7EE64A88098810F049FA044608B975
:10C0E000894A76E62C3010F00CF81044B0F5803F09
:10C0F00008DB0121854A864810F006F8204610F03A
:10C10000A7FA6AE62046114610F016F8204610F00D
:10C1100000F862E60122214628680FF0B4FFCFE75D
:10C12000D5F800800025072BC7E908553D8522D8A2
:10C130000121784A76480FF0E7FFA946AA460C2667
:10C140004FEA4902214618200832FFF729F9DFF8A3
:10C15000D4B10446002840F08A80DBF80030002B80
:10C160003FF43BAE5B68002B3FF437AE524631469E
:10C170004046984731E60821F86912F02AF9BBF8E1
:10C1800010300A2BC3F347090AD90121624A6048DB
:10C190000FF0BAFF4FF00509AA460C260025CFE79D
:10C1A0004388B0F800A03B618388FB60C3887B6054
:10C1B0003B693F2B02D9FB683F2B08D8FB68012164
:10C1C00000933B69554A52480EF001F9E5E75046A5
:10C1D000FFF7C4FB7861002846D098F809308278D0
:10C1E0009A4230D82E4607F12003BB6007F12C039A
:10C1F000BB61BBF81030012BA2D9F86912F0F1F83D
:10C20000A0F140039BB23F2B024627D8014640468F
:10C2100010F0ADF9BB69186020BB02937B68404603
:10C220000193FB680093D7E90431FFF73FFBB0B9F6
:10C23000BB691D68AB8ABA6822F8023BBB69BA6069
:10C240000433BB61D5E7012B01D90526A6E740469B
:10C250000FF02DFE0028F8D0082671E709200646C9
:10C260000023E8E70A20FAE702267D6968E700F183
:10C270000C0318460821FB6112F065F80022FB69E7
:10C28000026042602DB12A8B4280EA8A0280EA690C
:10C290008280C6804FEA4902184607F1200112F059
:10C2A00058F8002322460521404600930FF0E3FF93
:10C2B0000546B0B9DBF800300BB15B68ABB907F1EC
:10C2C000200407F12C064D45BFF687AD34F8023B3C
:10C2D0002BB156F8250043681B6803B19847013518
:10C2E000F1E7204605F002F837E75246314640466E
:10C2F0009847E4E7072B2D6816D8094A69E500BF7F
:10C300009D430200C2430200E34302000F440200C7
:10C310003C0E02000E430200204402004244020090
:10C320006F440200983700200821F86912F051F894
:10C33000038800227B61438821463B618388FB6040
:10C34000B0F8069028460FF09EFE60B3B0F8B23009
:10C35000BB61B9F10A0F00F29280012340F2116231
:10C3600003FA09F3134240F0858013F4907F00F044
:10C3700086800022214628460FF085FE0646A0B999
:10C380000026B0469B4B1B68002B3FF426AD1C6873
:10C39000002C3FF422ADBB69424600934946334628
:10C3A0002846A04719E5B861D3E706F1B80013F0B5
:10C3B000B4FC494630460FF0DDFE00283FF40DADD9
:10C3C000284631460FF00BFF30460FF01FFFD0E735
:10C3D0000AF1B80013F0A1FCBBF81020012A14D810
:10C3E0000121854A85480FF08FFE284651460FF0FF
:10C3F000F6FE50460FF00AFF0022214628460FF0B5
:10C4000042FE82460028E3D1BCE7F86911F0E9FF5B
:10C4100008F1010801465FFA88F80028E5D02846AF
:10C4200010F0A5F860B15146B86028460FF0D7FE6D
:10C4300050460FF0EBFEBA68104610F009F9DBE742
:10C4400003227B698AF8B020AAF826303B69DAF823
:10C450000420AAF824108AF8B400AAF82830126838
:10C460000AB1504690475046F96801360FF064FE15
:10C47000F6B2C1E70026B046BEE70FF0C7FE0122C4
:10C48000214628460FF0FFFD0028F6D178E7032B60
:10C490002E6801D85A4A9CE40421F86911F099FFEA
:10C4A000B0F802A0BAF13F0F5BD9B0F80090B9F133
:10C4B0003F0F34D9BBF810300A2B52D80025A846BC
:10C4C000BBF81030012B0AD81DB1B8F1010F4CDCBC
:10C4D000002507F12C0BA84537D1002520E0F8698D
:10C4E00011F07FFF0146304610F041F800283AD0A5
:10C4F000C38C07F12C0299451ED26D468AB004AA5E
:10C50000C2E9073905233F49C2E9051042F8103F47
:10C5100000234FF421513948F7F772FFAD4601254A
:10C52000214602221A20FEF73BFF022104460C306E
:10C5300011F009FF05808FE5038D42F8280053456F
:10C5400088BF012508F10108BAE75BF825004368B8
:10C55000A0F82690A0F828A05B6A03B1984701359F
:10C56000B9E70425DCE70325DAE70225D8E7012B44
:10C57000D5F8008001D8244A2BE40221F86911F093
:10C5800028FF0026B0F800900022214640460FF018
:10C590007AFD054600283FF420AC05F1B80013F001
:10C5A000BCFBB9F1000F01D12B8CEB826B682E84A0
:10C5B00085F8B4605B6A002BE6D028469847E3E72D
:10C5C000022113460D48114A0DF0F7FE0222012008
:10C5D00071782D68FEF7E4FE044600283FF4FDABB9
:10C5E00002210C3011F0AFFE00232146037043708E
:10C5F000284633E598370020944402003C0E0200A0
:10C60000B4440200DB440200FA4402002145020067
:10C6100008B50B8A032B06D80121044A04480FF001
:10C6200073FD002008BDFFF7B7FBFAE7494502009C
:10C630003C0E02002DE9F3471F460368054691466C
:10C640000C46D1F818800191002B5ED05B7B072B44
:10C650005BD110300FF055FD8307C0F3400A57D46B
:10C66000002200232C4809F01DFC064650B9022187
:10C670002A4A2B480FF048FD6FF06804204602B0AC
:10C68000BDE8F087C0F800A0AB8CC0E902978380BA
:10C69000A061AB6C73B10024019905F130008B6986
:10C6A0001C6011F018FE0022002305F1500009F073
:10C6B00029FEE3E72A6B002AEDD105F12C000FF0EB
:10C6C00020FD0028E7D0284601A90FF0EDFD041E4B
:10C6D000D4DA14F10B0F0BD1019FBB691B683BB17E
:10C6E000394605F1300011F0F6FDBB691C68C5E75D
:10C6F000012123460B4A0A480DF05FFE019B30469C
:10C70000C3F81880FEF730FEB8E76FF07F04B5E796
:10C710006FF06D04B2E700BF1C0B002067450200FC
:10C720003C0E02008545020023281FD81A2804D891
:10C73000431E182B0ED906207047A0F11B03082BAF
:10C740001ED8DFE803F0051D1B231D19251D05005C
:10C750000320704701230F4A83401A40C2B90E4A92
:10C760001A40002A14BF01200620704700F07F0302
:10C77000522B05D1002070470120704705207047DB
:10C7800010F0400F0CBF06200020704704207047B7
:10C7900002207047AAAA8A025455450108B5437B76
:10C7A000072B06D002210C4A0C480FF0B4FF0020E2
:10C7B00008BD04210FF019FF034610B9084A0121F2
:10C7C000F2E7022100F588700FF09AFF08B9054AD8
:10C7D000F5E753F8080CEBE7AF450200BC0D02008B
:10C7E000BD450200D8450200A0F10801014813F040
:10C7F000BBB800BFDC09002010B50446002114229C
:10C8000013F046FE2146BDE81040014813F078B908
:10C81000040B0020B0B5032100AF054610F01DF851
:10C82000041E18DA28460FF0AEFBFAF78BFE6D46B1
:10C830008AB06A46094BD461C2E905304FF40073EF
:10C840001384074B42F8103F00234FF41251054860
:10C85000F7F7D6FDAD46BD46B0BD00BFF2450200BC
:10C8600004000001BC0D02002DE9FF414FF000085B
:10C870004FF4205305460E46006802A91446176877
:10C880008DF80880ADF80A300EF0BCFDA0B142F67C
:10C890000103286803A98DF80C80ADF80E300EF066
:10C8A000B1FD48B123691BB15A88B24200D25E8003
:10C8B000012004B0BDE8F081616828680EF0A2FD97
:10C8C00010B100232361F3E7E368A0681A786AB126
:10C8D000B7F81EC0F98D038A8C4594BFC3EB0C03D7
:10C8E000C3EB0103934201DA0020E2E704210C309C
:10C8F00011F029FD20610680236929465E80074BDF
:10C900000194009338460023A26810F060F80028D4
:10C91000EADB2069003818BF0120CAE7DBC8010044
:10C920002DE9F34700F58C788F6906460D46CB68F4
:10C9300040460221D7F800900FF0E2FE50B90121E5
:10C940004C4A4D480FF0E7FE6FF01504204602B048
:10C95000BDE8F0871A78022A05D1B28D042A02D0E8
:10C960006FF08504F2E730460FF0D0FE00283BD090
:10C97000042140460FF0C4FE014610B16FF00A04D6
:10C98000E4E71878D228EBD0FFF7CEFE012819D0C3
:10C99000D8E8EF3F43F01003C8E8E23F002AF7D1A0
:10C9A0003E60EB6808361878FFF7BEFE052810D900
:10C9B000324A3B4629463046FFF73CFE041E0CDB5C
:10C9C0000024C3E706F118000FF09AFE0028DFD11B
:10C9D000D4E72B4B53F82020EBE704214046C7F85F
:10C9E000009010F0B4F8B1E71B78D22B12D1336865
:10C9F0002946186811F0D1FA044658B10121214A9C
:10CA00001D480FF088FEA869FFF7F6FE284604F0DF
:10CA10006DFC9BE705F10C0011F0EBFCB5F810A0E4
:10CA20003E60336880461C68EB6804211878FFF785
:10CA30007BFE052898BF144B2A4694BF53F820303C
:10CA4000124B204600970FF016FC04460028B7D082
:10CA500010F1690F04D101210D4A07480FF05BFE68
:10CA60006B69A5F810A013FA88F3EB60C7F8009083
:10CA70006CE700BFD8450200BC0D02008BC7010067
:10CA8000741802003B4602005C180200EDCF010062
:10CA90004E46020000B5024613F03AFF0B46064927
:10CAA000085806498842064804BF002200235DF862
:10CAB00004EB09F0F7B900BF08000000182B0020B4
:10CAC000040B00202DE9F7430D46C38BC18D0132C5
:10CAD0008B4228BF0B469A4207460AD90221009290
:10CAE0002248234A0DF073FC0024204603B0BDE821
:10CAF000F0832846FFF718FE022814D0042812D02D
:10CB00004FF0FF384FF0FF39002142464B460846B0
:10CB10000FF0AEFB044658B901212B46154A1348C5
:10CB20000DF04BFCE0E74FF470284FF00009EBE705
:10CB300040464946FFF7AEFF064640B902210E4A7D
:10CB40000A480FF0E8FD204604F0D0FBCCE704F1E2
:10CB50000C080B21404611F0F2FB376001214046E2
:10CB6000A66111F0F0FB0570BFE700BFBC0D02002D
:10CB70007146020044400200964602002DE9F74348
:10CB8000176805468846006851681446BE680EF06E
:10CB900039FC8146002842D130469522294610F0C2
:10CBA00058FE0646207540B1E3681B780BB184F847
:10CBB0001490002003B0BDE8F083A06811F091FB51
:10CBC00002210C3011F0BFFB164B2061A0F8008051
:10CBD00000930194334629463846A2680FF0F7FEC9
:10CBE000002807DA10F1FF0F32BF0E204042C0B21A
:10CBF0002075DEE72369002BDBD0A0680FF066FD0F
:10CC0000FB8BFA8D9A4294BFC0EB0200C0EB03008D
:10CC1000E3681B78984294BF00200120CAE70120F6
:10CC2000C8E700BFDDC6010010B5B0F8623090F86B
:10CC30006610042B17D1B0F86430042B13D10023F5
:10CC4000A0F86230A0F8643080F8663059B100680E
:10CC50000FF003FE031E06DABDE810400121024A70
:10CC600002480DF0AABB10BDB5460200BC0D020083
:10CC70002DE9F04F42F60103002591B01668804679
:10CC80000F4600680BA9D6F8089014468DF82C5072
:10CC9000ADF82E300EF0B6FB002870D04FF42053C4
:10CCA000D8F800000BA98DF82C50ADF82E300EF0FE
:10CCB000A9FB38B1A3681BB15A88BA4200D25F8081
:10CCC00001200EE0616808460FF000FDF28BF38D45
:10CCD0009A4294BFC0EB0200C0EB0300032803D8C4
:10CCE000002011B0BDE8F08F084611F0FAFA0546B1
:10CCF00060680FF0EBFCF28BF38D05F10C0B9A42A0
:10CD000094BFC0EB020AC0EB030A584611F075FB52
:10CD1000824537D260680FF0D9FCF28BF38D9A42CE
:10CD200094BFC0EB0200C0EB030070B96368987A4F
:10CD300004F032FA0022002311F099FA0546002887
:10CD4000CED00146606811F0DDFA00230093D8F8D8
:10CD5000046010234146484602AAB047061E0EDB77
:10CD6000227CE068B2422BD001460BA80EF078FB83
:10CD700060B9237C144A022114480DF01EFB0023E5
:10CD8000A3609DE7584611F038FBCEE7F2B202A946
:10CD900006A80EF065FB10B90D4A3346EBE706A96D
:10CDA0000BA80EF02FFB0028E9D1002304216374A7
:10CDB00005F10C0011F0C7FAA0600780A3687EE7B8
:10CDC00002A913F080FBEEE7E8460200BC0D02006A
:10CDD00007470200F0B583B0436A04460D4600AF32
:10CDE0007BB10022A3F5B4737B601968A14202D124
:10CDF0000132042A20D0D3F8683113B1A3F5B473FB
:10CE0000F2E70026391D0022002327487E6008F043
:10CE1000AFFE0146A0B123686C4688B06A4623493C
:10CE2000C2E90513032342F8103F4FF4C4513346BF
:10CE30001F48F7F7E5FAA54600200C37BD46F0BDC0
:10CE40007B684FF4B872184613F022FB194AC2608F
:10CE500000F5907012F048FE7B6803F58C73D3E800
:10CE6000EF2FC3E8E15F0029F9D17B681C60636A9A
:10CE70007D681BB904F10C0012F036FE626A05F5FC
:10CE8000B473C5F86821A26A636202B9A3627868C4
:10CE90000FF03CFC7B6818B140221846DA83CCE7DF
:10CEA0001722DA85F9E700BFDC09002026470200D7
:10CEB000BC0D0200AC0500202DE9F04182B000AFAE
:10CEC00005460E46002200231F48391D08F050FE7B
:10CED0000446B0B16C4688B06A461C4BC2E90535C1
:10CEE000032342F8103F00234FF4C2511848F7F7CC
:10CEF00087FAA5466FF00B0420460837BD46BDE80B
:10CF0000F08113F005FD134BD7F804801A58124B2B
:10CF100021461A6008F10400642213F0B9FAC8F837
:10CF2000005078680D49C0E90144C0E90944303037
:10CF300012F0E5FE21467868FFF74CFF0028D9D0B3
:10CF400008303060D8E700BFC00900204B4702001E
:10CF5000BC0D020008000000743A002049D7000010
:10CF600010B5044600F58873D3E8EF1F41F00401C3
:10CF7000C3E8E21F002AF7D1A4F108000FF0CDFBAF
:10CF800004F59870034912F0BAFE2068BDE810401D
:10CF900002F04AB9C1D900002DE9F3470B8A0446D3
:10CFA0000E46076843B90121384A39480FF0B3FBF0
:10CFB000002002B0BDE8F087012106F10C0011F05D
:10CFC00008FA7B7B0546072BF2D154F8083C002B6E
:10CFD000EED0002203782F4FA4F1080817F8320092
:10CFE0004FEAC20A984207EBC2010DD191F80290B4
:10CFF000B9F1010F20D1002104F588700FF0B8FFBE
:10D0000028B3254A0221D0E701320E2AE6D10221B7
:10D010001F48224A0DF0D1F929780846FFF784FB12
:10D020000028C5D00528C3D00029C1D0062300227E
:10D0300040460FF003FEBBE7B9F1050F07D1012110
:10D0400004F588700FF094FF08B1154ADAE75744E9
:10D05000338A7A789A420BD92A78012100920C48B7
:10D06000104A0DF0B4F9B9F1010FA1D1042309E080
:10D070007B68314640469847B9F1010F034697D186
:10D08000002895D02978002992D0D0E77047020077
:10D09000BC0D020094180200A54702008B47020055
:10D0A000C1470200E0470200F0B51E4603680D4686
:10D0B0000039044618BF012187B01868174610F0E0
:10D0C00089FC48B9052104F58C700FF051FF002848
:10D0D00048D0002007B0F0BD002E45D01822002116
:10D0E000684613F0D5F967BB236831461B683046A4
:10D0F00000930023ADF812300C9B1C4A0393BDF83B
:10D1000034308DF80850ADF8103001238DF814300C
:10D110006B460FF097FB9DF81430E3B1002FD8D089
:10D12000019B9869FFF768FB019804F0DFF89DF810
:10D130001430002DCDD03246294620460FF07EFD1A
:10D14000C7E7002239462046FFF7BCFC01900028C3
:10D15000CAD11120BEE701990029BAD020460FF0AC
:10D160005DFDB6E71220B5E70120B3E7E3C7010094
:10D17000F8B50F461646FFF711FBB8B1446ABCB1CB
:10D18000A4F5B47024680CB1A4F5B474731C1946EA
:10D1900038B1C28DC58BAA4228BF2A469A4209D20D
:10D1A00074B902210B4A0C480DF007F90020F8BDB4
:10D1B0002046EBE732463946BDE8F840FFF782BC2F
:10D1C000D4F868510DB1A5F5B47520460B462C4630
:10D1D000DFE700BFFF470200BC0D0200F8B50D46B7
:10D1E000002106464FF47022002308460FF040F855
:10D1F000044640B901212B46144A15480DF0DDF8CC
:10D2000000242046F8BD30460FF080FA04F10C07E8
:10D21000002814BF0B210921384611F090F84FF473
:10D2200070200021FFF736FC40B90221094A084866
:10D230000FF071FA204604F059F8E1E70660012189
:10D24000A061384611F07FF80570DAE7444002002B
:10D25000BC0D0200964602002DE9F0410E8A0446FC
:10D26000043EF6B2022E08468CB001D0102E6BD1CF
:10D2700004210C3011F0ADF80DF10808058847883D
:10D28000011D324640460EF0EBF800285ED0002D1E
:10D2900039D00026002F35D0BD4234D84FF420536A
:10D2A000404601A98DF80460ADF806300EF0AAF8EA
:10D2B00068BB1422002107A813F0EAF8012211210B
:10D2C0002046FFF78BFF099000283BD001210C304E
:10D2D000CDE9074811F037F800230A90394603706A
:10D2E0001B4A0B93284607AB0FF0ACFA0A9B1B783E
:10D2F0001BBB099B9869FFF77FFA099803F0F6FFBB
:10D300000A2301E03D4601232A4610210EE042F6A1
:10D310000103404607A98DF81C60ADF81E300EF0E1
:10D3200071F80028C5D010232A46194620460FF070
:10D3300085FC00200CB0BDE8F081204609990FF073
:10D340006DFCF6E71120F5E70420F3E70E20F1E786
:10D3500069C800002DE9F043036804460D4685B016
:10D360000121186810F036FB50B9052104F58C70C6
:10D370000FF0FEFD00283BD1122005B0BDE8F08380
:10D3800010220021684613F083F800222121204654
:10D39000FFF724FF029068B34FF00108DFF85890C0
:10D3A000009405F10C072B8A012B04D82046029922
:10D3B0000FF034FC1CE0384611F013F86B464A4677
:10D3C000014606468DF80C800FF03CFA9DF80C30B3
:10D3D000002BE8D0029B9869FFF70EFA029803F041
:10D3E00085FF3246202120469DF80C300FF026FCA8
:10D3F0000020C2E71120C0E7BDCC01002DE9F043B9
:10D40000036804460D4685B00121186810F0E2FA61
:10D4100050B9052104F58C700FF0AAFD00283BD10E
:10D42000122005B0BDE8F08310220021684613F0F9
:10D430002FF800220F212046FFF7D0FE029068B39C
:10D440004FF00108DFF85890009405F10C072B8A83
:10D45000012B04D8204602990FF0E0FB1CE038466F
:10D4600010F0BFFF6B464A46014606468DF80C8019
:10D470000FF0E8F99DF80C30002BE8D0029B98697A
:10D48000FFF7BAF9029803F031FF32460E21204629
:10D490009DF80C300FF0D2FB0020C2E71120C0E74E
:10D4A00077CC0100F0B51D46036804460E4685B0F2
:10D4B00001211868174610F08DFA40B9052104F5CE
:10D4C0008C700FF055FD70BB122005B0F0BD8DB310
:10D4D00010220021684612F0DBFF00223946204668
:10D4E000FFF77CFE029038B3BDF828302946ADF82E
:10D4F0000430012328468DF80C30104A6B46009406
:10D500000FF0A0F99DF80C307BB1029B9869FFF7F2
:10D5100073F9029803F0EAFE2A46314620469DF848
:10D520000C300FF08BFB0020CFE7204602990FF064
:10D5300075FBF8E70120C8E71120C6E777CC0100AA
:10D540002DE9F0410D8A0446043DEDB2022D084656
:10D550008CB001D0102D50D104210C3010F039FFC7
:10D560000DF1040806884788011D2A4640460DF043
:10D5700077FF002843D096B187B1B7420FD3182266
:10D5800000210DEB020012F083FF01220921204649
:10D59000FFF724FE089060B9112007E03E46012302
:10D5A0003246082120460FF049FB00200CB0BDE8B0
:10D5B000F08101210C30CDE9064810F0C4FE0023B3
:10D5C000099003700A2339468DF82C30304606AB9B
:10D5D0000C4A0FF037F99DF82C304BB1089B986935
:10D5E000FFF70AF9089803F081FE9DF82C30D7E781
:10D5F000204608990FF012FBD7E70420D6E70E204B
:10D60000D4E700BF7DCB00002DE9F0430F46044670
:10D61000062187B007F10C0010F0DBFE0588B0F89A
:10D6200002808288D7F80C90C5B10023B8F1000FB2
:10D6300013D0454512D88DF800308DF804304FF4E2
:10D640002053684601A9ADF80220ADF806300DF070
:10D65000D9FE064660B10A2301E0454601232A4669
:10D66000062120460FF0EAFA002007B0BDE8F0835B
:10D670000146142201A83F7C12F00AFF324607211E
:10D680002046FFF7ABFD0290F8B10A2341468DF822
:10D690001530284601AB0E4ACDE9036901948DF897
:10D6A00014700FF0CFF89DF815304BB1029B9869BC
:10D6B000FFF7A2F8029803F019FE9DF81530CEE7A7
:10D6C000204602990FF0AAFACEE71120CDE700BF5D
:10D6D00071CC00007FB5CB6804461D885E888DB193
:10D6E0007EB1B5420ED810220021684612F0D0FE5D
:10D6F000002205212046FFF771FD019058B9112045
:10D7000007E0354601232A46042120460FF096FA09
:10D71000002004B070BD6B4631462846094A00948B
:10D720000FF090F8029B43B9019B9869FFF764F8EA
:10D73000019803F0DBFD0A23E5E7204601990FF08D
:10D740006DFAE5E717C9010013B5044690F83010EB
:10D7500050F8300C0FF0F5FC10F10C0F09D0002838
:10D7600007DA94F8303002210090034A03480CF0A5
:10D770002EFE02B010BD00BF1A480200BC0D020010
:10D7800070B5134812F0B0F90024124D104E29461E
:10D790003046013412F0B4F9142C05F11405F6D119
:10D7A0000D4C00F003FF2088FEF7D8F8844209D022
:10D7B0002046FEF7E1F8031E04DA0121074A084873
:10D7C0000CF0FBFDBDE870400648FDF785BE00BFCC
:10D7D000040B0020E4380020A00500204748020088
:10D7E000BC0D02008C18020013B50B460021024646
:10D7F00013F08EF801910D490C680D4909580D4838
:10D800008C4208BF002201A908BF134608F0B0F9F6
:10D81000014640B9019B1C22184612F039FE03460E
:10D82000184602B010BD0023FAE700BF743A00208A
:10D8300008000000140A002010B5836804463BB1BC
:10D840009869FEF7D9FFA06803F050FD0023A3609C
:10D850002146BDE81040014812F086B8140A0020A5
:10D860002DE9F347044600F59C700E4617461D4609
:10D8700012F053FAD4F81C0158B90221164A17487D
:10D880000EF049FF20680FF0F7FA002002B0BDE863
:10D89000F087134B4FF00008984202D1C4F81C8166
:10D8A000F0E7D0F80490C0F80480D4F81C01D0F858
:10D8B00018A0FFF7C1FF2068C4F81C810FF0DCFA44
:10D8C000B9F1000FE1D02068CDF800A03B46324608
:10D8D00029460068C847D8E76A480200BC0D020024
:10D8E000783A00202DE9F04150F8084C05468CB0FC
:10D8F000002C60D000F5B07104F124000FF00EF997
:10D90000A5F1080705F58C7800220023404610F0A9
:10D91000B3FC064670BBD5F814312BB10246014664
:10D920000E233846FFF79CFF0023022145F8083CF0
:10D9300005F588700FF00BF9636A002B3BD102A943
:10D9400004F1300012F0FDF904F10C07002200236D
:10D95000384610F091FC064698B96668C6B921466B
:10D960001648266012F000F828680CB0BDE8F041B7
:10D9700001F02CBDB069FEF73FFF304603F0B6FC66
:10D98000C2E7B069FEF738FF304603F0AFFCDDE7D1
:10D99000A26833689642636008BFA360776837B1B6
:10D9A000B3690E210093002320681A46B847304619
:10D9B000FFF742FFD1E70CB0BDE8F081C0090020BD
:10D9C0002DE9F04192B0A0F59C731B6806AF0646A6
:10D9D00018680EF0D8FA037804463D1D032B3BD897
:10D9E000DFE803F0023436381E492846F3F744F9DD
:10D9F000A3790595627807F110080492A2781E2198
:10DA00000392E278404602922279019262796C4652
:10DA10000092154A09F0DAFB88B006AA134BC2E956
:10DA200005384FF400739383114B42F8103F0023E5
:10DA30004FF4E2510F48F6F7E3FCA6F59870A546BF
:10DA4000FFF750FF3037BD46BDE8F0810A49CCE70B
:10DA50000A49CAE70A49C8E70A212846094A09F0DB
:10DA6000B5FBC5E743310200653102008148020081
:10DA700003000001BC0D02004A31020051310200D6
:10DA80005B310200334F0200F8B506460F46002412
:10DA9000094D15F8013CB34207D1294638460FF02D
:10DAA00005FD10B105482044F8BD1034402C05F1A7
:10DAB0001005EED10020F7E7DD3A0020DC3A002027
:10DAC000F8B506460F460024094D15F8013CB3424F
:10DAD00004D1294638460FF0E9FC30B90C34302C1B
:10DAE00005F10C05F1D10020F8BD02482044FBE708
:10DAF0008121002080210020F8B506460F46002431
:10DB0000094D15F8013CB34207D1394628460FF0BC
:10DB1000CDFC10B105482044F8BD0C34302C05F183
:10DB20000C05EED10020F7E70F4000200E4000204A
:10DB300010B51846144607491022A047041E07DAFC
:10DB400023460121044A05480FF0E8FC204610BD99
:10DB50000024FBE7F0210020A2480200F40D02009F
:10DB6000102110B50648F9F75BFE034630B1BDE859
:10DB700010400121034A04480FF0D0BC10BD00BF83
:10DB8000E0210020C3480200F40D02002DE9F0411D
:10DB9000054600260C4CDFF834802746621C6DB920
:10DBA000414610460FF082FC28B90136042E04F1DC
:10DBB0001004F2D100273846BDE8F08128462178CC
:10DBC0000EF0C1F9F0E700BFDC3A0020303102006E
:10DBD000F8B506460B4F4C1C01F11F056EB12246ED
:10DBE000304614F8011C0EF0AEF908B1601EF8BD05
:10DBF0000A34AC42F2D10020F9E7394620460FF052
:10DC000055FCF2E7303102000246014610B504230C
:10DC100011F8010B0832F9F7D1FD034630B1BDE828
:10DC200010400121024A03480FF078BC10BD00BF2C
:10DC3000E9480200F40D0200022110B509480FF076
:10DC400057FC084007D10849084A0B88084CA242F3
:10DC500002D300B10B8010BD5068083203449BB260
:10DC60000120F4E71C3B00203E400020840D020010
:10DC7000A40D02002DE9F04106460F4690460DF036
:10DC80002EFD50B339463046FFF71AFF054678B9E6
:10DC90000446134A10460FF043FCC0B90C2254430B
:10DCA000104A601C394610440FF063FCA518165545
:10DCB000012105F1080001FA08F10FF019FCBDE897
:10DCC000F0414FF400420023074808F01BBB013429
:10DCD000042C02F10C02DDD1EAE7BDE8F08100BFBF
:10DCE0008821002080210020B021002070B5204B29
:10DCF000144682689A420FD1A568C66875B9227920
:10DD0000304621680FF0DAFB024628B1194901308C
:10DD10000FF02FFC15701581012070BDE068002800
:10DD2000FBD02B888B420AD0F6D2E068A36801387A
:10DD30000433E060003818BF0120A360EDE72568D8
:10DD40002279294630460FF0B9FB024660B93046C9
:10DD500008490FF0B3FB02460028E6D029460130FF
:10DD60000FF007FC23791370A3685B881381DCE74D
:10DD7000C1E10000303102002DE9F04180460F463C
:10DD800016461D46FFF7B8FE044680B91549FFF751
:10DD9000B3FE044630B9BDE8F0410121124A1348F0
:10DDA0000FF082BB394600F8018B0FF0E2FB2289AD
:10DDB00063896AB973B926816581214611F8010B1F
:10DDC0000DF08DFC40B12046BDE8F041FFF71CBFCF
:10DDD000964203D39D42EFD8BDE8F0819D42268153
:10DDE000EBD9E9E73031020005490200F40D0200E9
:10DDF00010B5FFF781FE044670B1014611F8010B22
:10DE0000F9F7EAFC034620B10121044A04480FF067
:10DE100085FB20460FF0B4FB002010BD2449020012
:10DE2000F40D020070B500F1880504462946007A19
:10DE30000DF055FC03462946207A53B1FFF7D8FF71
:10DE4000034668B1BDE870400121064A06480FF05C
:10DE500065BBFFF751FE18B1BDE870400FF090BBF5
:10DE600070BD00BF41490200F40D020008B5012158
:10DE7000034A04480FF018FB6FF0150008BD00BFFF
:10DE800057490200F40D02001FB519464FF428133C
:10DE90001046064ACDE902230823BDF81820009356
:10DEA0006B440FF081FB05B05DF804FB18002800FF
:10DEB00008B513468168074A914209D11A79196851
:10DEC000C0680FF0FBFA18B10023036043600381C0
:10DED000012008BDC1E1000070B50B4B16468268F9
:10DEE0009A420ED1C5686C1C1F35204631680FF070
:10DEF000DDFA18B1204671680FF03BFB0A34AC42E2
:10DF0000F3D1012070BD00BFC1E1000038B5144657
:10DF10000B4B82680D469A420FD122792168C06866
:10DF20000FF0CCFA48B1D4F8C83004EB8302158165
:10DF3000018901335181C4F8C830012038BD00BFC8
:10DF4000C1E100004FF4A4720023014808F0DAB9DF
:10DF50007822002008B5042108480FF0C9FA6FF0B4
:10DF6000020106480FF0CFFA04480FF0D9FAC307B0
:10DF700001D5FFF7E7FF002008BD00BFA822002061
:10DF8000024608B5074901300FF0F3FA00230C32BE
:10DF900002F8043CD2E8EF1FC2E8E03F0028F9D1C4
:10DFA00008BD00BF3031020037B504460D46FFF70B
:10DFB0006BFD0246C0B1037A0C308DF804300FF0CF
:10DFC000AFFA022300F001008DF8050001AA2946EE
:10DFD0002046F9F709FC034620B10121034A044811
:10DFE0000FF09CFA03B030BD0346F0E7634902002E
:10DFF000F40D02002DE9F04784B08A469046994618
:10E00000044600AF58B90121384A39480FF04CFA9C
:10E010006FF0150528461037BD46BDE8F08707F1BB
:10E0200008010DF0C9F9054698B16D4688B06A46F9
:10E03000304BC2E905344FF4007393832E4B42F802
:10E04000103F00234FF4E2512948F6F7D9F9AD46C5
:10E05000DEE72046391D0CF095FA786820B30A22D5
:10E06000294609F0DFF80128034605D90121234A92
:10E070001F480FF053FACBE7C6B2304607F108014C
:10E08000FFF73AFD044630BBBAF1000FC2D01C497D
:10E09000FFF732FD044648B901211A4A14480FF02F
:10E0A00003FA6FF00B05B5E72E46E6E700F8016BC3
:10E0B00007F108010FF05DFA04F108010422484657
:10E0C000C047041EA6DA234601210F4A08480FF074
:10E0D00025FA25469EE7BAF1000FEDD1C0F800A061
:10E0E000C0F804A0C0F808A094E700BFA031020067
:10E0F000F40D02008C49020003000001A84902004F
:10E1000030310200C3490200A24802002DE9F04765
:10E11000284B1646826807469A422BD1C568EB8B7E
:10E1200043B34FF000086C1C05F11F09B4F8073029
:10E130009BB12246304614F8011C0DF004FFE0B9F3
:10E14000214614F8010CFCF74DFE30B1437B072B40
:10E1500008BF4FF001080DF04BFE0A344C45E5D1E5
:10E16000B8F1000F06D12B6AA5F81E8013B1414605
:10E17000384698470120BDE8F08706F1880A5146E5
:10E18000307A0DF0ACFA78B90B4B9D4202D1304693
:10E19000FFF748FE204609490FF0EBF9002304F889
:10E1A000013CA4F80730D8E7514620460FF0E1F9CA
:10E1B000D3E700BFC1E1000020060020303102009B
:10E1C0002DE9F0471F46BDF8203006468846D1F8B5
:10E1D0000C90002B4ED17B1E012B4ED8012F4946AF
:10E1E000157818BF1588FFF7F3FC0446B8B915B9C0
:10E1F0003846BDE8F0874946FFF7EAFC044638B9DF
:10E200001F4802211F4A0FF04FF96FF01000F0E78E
:10E2100006F1880101300FF0ACF9337A2370D9F898
:10E220002430DBB9B4F808A02581B9F81E30AB4220
:10E2300003D0494640460FF0B9F8AA4505D0002260
:10E24000307A06F18801FFF715FD002DD0D10E4977
:10E25000601C0FF08EF925702581C9E72A464146DA
:10E26000304698470028C4DB01380128DAD96FF01E
:10E270000D00BEE76FF00600BBE76FF00C00B8E7DB
:10E28000F40D0200E54902003031020038B50546C0
:10E290000C460F4801210FF02BF910F0010F0D4B28
:10E2A0000AD11D835C830A480FF03AF9830709D429
:10E2B000BDE83840FFF746BE198B5A8BA94202D8F9
:10E2C0009442EFD838BD94421D83ECD9EAE700BFF1
:10E2D000A822002058220020F8B500250A4C0B4F38
:10E2E000661C394630460FF0E1F8014630B9204649
:10E2F0000FF0F5F931462078FFF756FE0135042D71
:10E3000004F11004ECD1F8BDDC3A002030310200F9
:10E310002DE9F0411F46BDF818300646012B904606
:10E3200035D83B44012B3D4634DCFFF72FFC044637
:10E3300068B9FFF72BFC044648B90221184A19486E
:10E340000FF0B2F86FF010052846BDE8F08197B1E4
:10E350000023217A98F8002021FA03F0C70703D59B
:10E3600022FA03F0C00718D50133032BF4D102F0D1
:10E3700007021143217206F18801601C0FF0F9F8C1
:10E38000337A0121204623700FF0B9F9DCE76FF0F2
:10E390000605D9E76FF00C05D6E76FF01205D3E755
:10E3A000FF490200F40D020010B56FF002010446AF
:10E3B0000E480FF0A8F80D480FF0B2F8C20704D5C8
:10E3C000002200230A4807F09DFF20460EF096FF2A
:10E3D00058B12046FFF7DAFB38B1037ADB0704D5E2
:10E3E000BDE8104001210FF08AB910BDA82200201D
:10E3F00078220020F8B56FF0080117480FF083F875
:10E400004FF4A47200231548F9F792FA0026144C31
:10E41000144F651C394628460FF048F8B0B9237AE6
:10E42000DB0713D52946FCF7DDFC054620B10EF0CD
:10E430007AFF28460DF0DCFC6FF0020104F10C00BD
:10E440000FF061F8002120460FF059F90136042E33
:10E4500004F11004DDD1F8BDA82200200022002024
:10E46000DC3A0020303102002DE9F04784B08A46C2
:10E4700090469946044600AF58B90121424A4348A4
:10E480000FF012F86FF0150528461037BD46BDE8AD
:10E49000F08707F108010CF08FFF054698B16D4633
:10E4A00088B06A463A4BC2E905344FF4007393834F
:10E4B000384B42F8103F00234FF4E2513348F5F750
:10E4C0009FFFAD46DEE72046391D0CF05BF878680B
:10E4D00000B30A22294608F0A5FE0128034605D903
:10E4E00001212D4A29480FF019F8CBE7C6B2304672
:10E4F00007F10801FFF7C8FA044698B9FFF746FB91
:10E50000044648B90121254A20480EF0CDFF6FF09E
:10E510000B05B9E72E46EAE700F8016B07F10801A1
:10E520000FF027F8BAF1000F2AD0022239464846E8
:10E53000C047061E07DA33460121194A13480EF078
:10E54000EDFF3546A0E73B78022E237209D0022169
:10E55000144A0E480EF0A8FF002120460FF0CFF815
:10E5600092E77B78012B05D931460F4A07480EF018
:10E57000D5FFF1E7204603F001010FF0B0F883E783
:10E580002046FFF7FDFC7FE7A0310200F40D0200FA
:10E590008C49020003000001A84902002B4A020036
:10E5A000A24802004D4A0200A14A020008B501211A
:10E5B00012480EF09DFFC3071FD4FFF73DFB104923
:10E5C000104811F09CFB00234FF4A4720D48F9F79A
:10E5D000A9F90D490D4811F092FB02210C480EF0EB
:10E5E00087FF0C490C4811F08AFB0C48FCF730FE01
:10E5F000BDE808400A48FCF7CFBB08BD1C3B002023
:10E6000027D8010000220020BDED00007822002064
:10E61000A8220020B3DA0100B0210020F00500207C
:10E62000D405002003462DE9F04148B1008A38B9ED
:10E6300001244FF0140C1149DFF844E0714501D377
:10E64000BDE8F081D1E90076BB4204D30CFB067231
:10E65000143A93420ED93444A2B214460831EDE77D
:10E660000CFB0578434507D001356219B54292B2DB
:10E67000F6D1F2E70025F8E71046E1E7840D020045
:10E68000A40D02002DE9F04F89B09946BDF848303D
:10E6900004460F4690461BB94FF6FF73ADF848305D
:10E6A000314B1B88A34230D2BDF84830ADF81E3044
:10E6B0002E4B1D687DBB09B0BDE8F08F69685144E1
:10E6C000A14220D289B28A460835294B9D42F5D312
:10E6D000EAE7149B28680493139B2246039312AB2A
:10E6E000CDE901930BFB06003B46CDF800800EF010
:10E6F0001AFF0028DFD001366B680AEB0601B3422F
:10E7000089B2E6D8DFE70026F6E74FF0010A4FF0BE
:10E71000140B184DD9E74FF0140A083D0DF11E0BEC
:10E72000AE68BEB96B689E4219D22868149B0AFB7A
:10E730000600018A0493139B2246CDE902B3CDE97A
:10E7400000893B460EF0EFFE0028B4D00136E9E721
:10E750000026E7E756F8083C1B8AA342F8D8AD68C4
:10E76000002DA8D0083DDBE73E400020203B0020E4
:10E77000A40D0200840D020010B50024C8B0694643
:10E780001CAA04A8CDE90044CDE902440CF0AFFA7C
:10E7900030B9134A012113480EF086FE48B010BD6F
:10E7A0004FF6FF710120104A04AB0FF031F80F480B
:10E7B00004A90CF031FB08B90D4AEBE721460B4BDD
:10E7C00003F11002187812F8014D0131082903F8FD
:10E7D000014B1070F6D107480EF08AFEDEE700BF4D
:10E7E000F24A0200F40D020003D40100E0210020EF
:10E7F0000B4B0200A82200202DE9F04118490446E5
:10E80000A1F1300015461E46BDF8187011F099FAB6
:10E8100014480EF085FE010705D4FFF7ADFFFFF7A2
:10E820005BFDFFF79DF92046FFF7B0F968B1037A69
:10E83000DA070AD500F10C0420460EF071FEC3077A
:10E8400003D4022120460EF053FE10233A460693CD
:10E8500031462846BDE8F041034B0EF0A5BE00BF8F
:10E8600030220020A8220020E021002010B51B4803
:10E870000EF056FEC0F3C00080F0010408B9FFF7A7
:10E880007BFF16480EF04CFE034614480EF048FE7F
:10E89000DA0622D5830606D5FCB1FFF71DFDBDE8DB
:10E8A0001040FFF75DB920210C480EF021FE102228
:10E8B0000B49881811F007FE48B90A4811F02DFAE3
:10E8C000BDE810406FF0010104480EF01CBE4FF689
:10E8D000FF710120FFF7DAFCDFE710BDA82200205E
:10E8E000E02100207822002008B5102103480EF016
:10E8F000FFFDFFF7BBFF002008BD00BFA8220020DE
:10E900002DE9F74F044662480EF00AFEC1070ED506
:10E9100060480EF005FE420709D401215E4A5F48B7
:10E920000EF0C2FD6FF0150003B0BDE8F08FFFF7E9
:10E9300083F92368002518684FF4C05369468DF8A1
:10E940000050ADF802300CF05DFD10B96FF07700AB
:10E95000EAE7236801A9186841F601038DF804501D
:10E96000ADF806300CF04EFD0028EFD04C4D07F00E
:10E97000FBFE2B682768B4F80490ABB9494A1688A7
:10E98000002F5DD1002204F10803A2606A68002A0A
:10E990005ED1C5E900333E480EF0C2FDC30767D41F
:10E9A00007F0F6FE0020BFE76B68002B6DD053E93F
:10E9B0000232142101FB023333F8046C002F45D1DD
:10E9C000002EDFD023681F8AB742DBD829680029D0
:10E9D000E1D00022A1F108031868008AB84240D9AA
:10E9E00004F10803002A36D09168A1600029CDD037
:10E9F0009360D0E7398A69B9711C89B239820E46B1
:10EA000009F1FF3914371FFA89F9B9F1000FF1D173
:10EA10004646D5E7B142F2D801AB5A460846CDF892
:10EA200004A00EF0F5FE019B43B101213B8A1E4A72
:10EA30001A480EF073FD07F0ABFE73E73146DEE7D0
:10EA400098464FF0000ADFF864B0DEE7B046F8E71A
:10EA500013606B609FE76A68A1602B60002A9AD1FF
:10EA6000F7E79868002896D01A46A0F10803B3E7A4
:10EA70001421D4E9002301FB0323108A33F8041C7A
:10EA8000FFF704FCFFF7B6FC8AE71B68FFDE00BF58
:10EA90001C3B0020A8220020244B0200F40D0200A1
:10EAA000203B00203E400020664B0200A7D301001F
:10EAB0002DE9F047B8B000AF0C46164636493A4645
:10EAC000D7F8000198460BF039FD38B9FFF7CEF9B9
:10EAD00081464846E037BD46BDE8F0873D68391DB0
:10EAE00028460BF04FFD3DB901212C4A2C480EF071
:10EAF000DBFC6FF015043CE0786868B10A22002165
:10EB000008F090FB0128034605D90121254A244835
:10EB10000EF004FDEDE7C0B207F1080A3875514662
:10EB200028460CF049FC814698B16C4688B06A468C
:10EB30001D4BC2E905354FF4007393831B4B42F81C
:10EB4000103F00234FF4E2511548F5F759FCA54654
:10EB5000CFE7C7F810A0E4B1C022404607F120017A
:10EB6000B047041E07DA23460121114A0C480EF073
:10EB7000D5FCA146ADE7A40807F12003C7E9063498
:10EB80004FF6FF7101200B4A07F110030EF040FE13
:10EB90009FE72346F2E700BF874B0200A031020047
:10EBA000F40D0200A84902008C4902000300000194
:10EBB000A2480200EDDC0000002307B50193FFF737
:10EBC00031FD411C89B20846034A01AB0EF020FE1C
:10EBD000019803B05DF804FBD9D601002DE9F04798
:10EBE000154689469422696806460EF032FE804634
:10EBF00048B10221304A31480EF056FC4FF0FF3543
:10EC00002846BDE8F0870222304669680EF05BFEB8
:10EC100038B902212A4A29480EF046FC6FF0150542
:10EC2000EEE73046E97D0EF0A3FB0028F6D04FF466
:10EC300070200021AF8AFEF7D7FD02370446A8B145
:10EC40001D21204B47613A464174C0F80C80436057
:10EC500085613046FEF78CFA074650B91748022105
:10EC6000194A0EF021FC2046FEF7E6FD6FF00B0579
:10EC7000C6E7EB7D4246414607F10C0A0EF071FBF8
:10EC8000022150460FF05FFB804628F8029BA98ABC
:10EC900050460FF058FBAA8A2969404611F0D1FB73
:10ECA00021463046A7600EF00CFB05460028A7D091
:10ECB0002046FEF7C1FDA3E78E4B0200F40D0200D3
:10ECC000A44B0200D1D30100CF4B020030B5044663
:10ECD0008BB037480EF024FC42070D4661D514B1C5
:10ECE000637B072B60D168680590FFF79BFC2A685F
:10ECF000ADF818003AB305A902912E4900230191FD
:10ED0000012100914FF6FF710593FFF7BBFC059BB6
:10ED10001BB96FF001000BB030BD6B60059B04A9FF
:10ED2000186800238DF8103042F60303ADF8123056
:10ED30000CF068FB70B90598C3689B799B0605D4F5
:10ED40006FF01500E7E70028E8D1E2E70EF019FDC3
:10ED5000ADF81800BDF818003CB1012301462A4661
:10ED60002046AB75FFF73AFFD5E76FF07F030793B7
:10ED70000223ADF8203042F60213ADF8123005AB95
:10ED8000AC7502930C4B4FF6FF710193012304AA5B
:10ED90000093234609958DF81040FFF773FC079800
:10EDA000B9E76FF00A00B6E76FF07F00B3E700BF86
:10EDB000D0000020F7D30100EDF0000073B5044649
:10EDC00050F8083C00F130056FF00101A0F1200679
:10EDD000284601930EF097FB0E4B002044F81C3C94
:10EDE0000D4B314644F8183C01AB44F8103C042369
:10EDF00024F8080C24F8060C24F80C3C04F8090C40
:10EE0000FFF764FF18B9022128460EF071FB02B02B
:10EE100070BD00BF2C190200A9E300002DE9F84FD6
:10EE2000904614683F4B826805469A4200AF75D100
:10EE3000D0F80C9009F1010609F11F0AB6F8073065
:10EE4000F3B13246204616F8011C0DF07CF8B8B13B
:10EE50004FF49572294620460EF0FBFC30B3032890
:10EE600012D1EB4688B06A462F4BC2E9053542F80D
:10EE7000100F00234FF4C4512C48F5F7C1FADD46BA
:10EE80000A365645DAD149E0052820460CBF4FF036
:10EE9000030B4FF0020B0DF054F8834506D998F898
:10EEA00004305B45ECD288F804B0E9E749462846CF
:10EEB0000EF07CFA1E4B994530D1207A04F188017E
:10EEC000FEF71AFE054648B303890BB943892BB3F5
:10EED0002046FBF771FE2B89164A22F820306989FB
:10EEE00002EB8003598018231349144D03FB0013D0
:10EEF00000B202EB80021A61042200EB40005D6068
:10EF00000F4D01EBC00120469D609A82FFF7DEFEA7
:10EF100020B101210B4A05480EF0C6FA0120BD467A
:10EF2000BDE8F88FC1E10000F64B0200F40D0200CD
:10EF30002006002002400020943A00202C190200F4
:10EF40001BD701000A4C02002DE9F84314468846FD
:10EF50009422616805460EF07CFC40B125480221F0
:10EF6000254A0EF0A1FA4FF0FF30BDE8F8830122E8
:10EF7000284661680EF0A7FC38B902211F4A1D48D7
:10EF80000EF092FA6FF01500EFE72846217E0EF0A2
:10EF9000EFF90028F6D0A2891B2128460232FEF79D
:10EFA000E7F8064638B913480221154A0EF07CFAF4
:10EFB0006FF00B00D9E700F10C09022148460FF071
:10EFC000C2F9074627F8028BA18948460FF0BBF922
:10EFD000A289A168384611F034FAD4E90412304607
:10EFE000237E0EF0BEF931462846BDE8F8430EF008
:10EFF0002AB900BFF40D02008E4B0200A44B0200A0
:10F00000274C020030B504468BB035480EF088FA24
:10F0100042070D465DD514B1637B072B5CD1686850
:10F020000590FFF7FFFA2A68ADF818003AB305A972
:10F0300002912C4900230191012100914FF6FF71AB
:10F040000593FFF71FFB059B1BB96FF001000BB089
:10F0500030BD6B60059B04A9186800238DF8103043
:10F0600042F60303ADF812300CF0CCF970B90598F4
:10F07000C3689B79DB0605D46FF01500E7E700282D
:10F08000E8D1E2E70EF07DFBADF81800BDF81800FE
:10F090002CB101462A462046FFF756FFD7E76FF00E
:10F0A0007F0342F6021207930123ADF8122005AA4E
:10F0B00002920D4AADF82030CDE900324FF6FF71D3
:10F0C000234604AA09958DF81040FFF7DBFA07984C
:10F0D000BDE76FF00A00BAE76FF07F00B7E700BF47
:10F0E000D0000020F7D30100EDF000002DE9F84F2B
:10F0F0001446474B826881469A4239D1D0F80CA019
:10F10000444B9A451CD10026434D444F394628466E
:10F110000EF0CCF978B90722294615F8010CFBF757
:10F12000BDFE40BB236929461A6915F8010C5388B6
:10F130001288FEF721FE0136042E05F10C05E5D1FB
:10F140000AF101070AF11F0BB7F80720A3899A42B9
:10F150000BD1394617F8010CFBF744FE054620B1E8
:10F16000437B072B0AD00CF043FE0A375F45EBD1F7
:10F170004FF0010849E00CF03BFEDCE7DAF82830FC
:10F1800023B14946984708B92846ECE794224946F6
:10F1900028460EF05EFB804628B10221204A214815
:10F1A0000EF082F9F0E7A389022B15D1B7F80730EA
:10F1B00013F0020604D128460CF01AFEA660D4E72C
:10F1C00028462269A188FFF709FD0646B8B92269D9
:10F1D000937D01339375EEE7012B05D028460CF0A3
:10F1E00007FEC4F80880C0E7B7F8073013F001063F
:10F1F000E1D028462269A188FFF7A6FE06462846E8
:10F200000CF0F6FD002EA660AFDA4046BDE8F88FA0
:10F21000C1E10000200600200F4000203031020034
:10F220008E4B0200F40D0200012370B500F1880539
:10F230008EB0044603902946007A8DF810300CF009
:10F240004EFA90B1227A52B302AE0421304609F050
:10F2500058FD00962421134A05A82B46F8F7FEF91D
:10F2600005AA10461049F5F719FC4FF6FF71012069
:10F270000E4A03AB0EF0CCFA20460CF062FE9DF86D
:10F280001010884209D220460CF030FE034620B10F
:10F290000221074A07480EF041F90EB070BD0092F6
:10F2A000D8E700BF8A4B0200B1EA00001DEE000063
:10F2B000504C0200F40D0200F8B505460E46174604
:10F2C000064B1C684CB154F8043C043C1BB13A4654
:10F2D0003146284698476468F4E7F8BD283B00208B
:10F2E00037B5012504464FF6FF7100906B4628465E
:10F2F000084A8DF804500EF08BFA002120460EF0DB
:10F3000069FB20B94FF6FF712846FEF7BFFF03B037
:10F3100030BD00BF1DEE0000002330B5B5B0019137
:10F320008DF808003393044601AB0D4601204FF6DB
:10F33000FF710C4A0EF06CFA339B83B19B0003AA59
:10F3400020462946F8F75EFA044628B10346012113
:10F35000054A06480EF0E2F8204635B030BD1A46A0
:10F36000EEE700BF0DDF00007C4C0200F40D020050
:10F370002DE9F34100F18808CDE9001204460F465B
:10F38000007A414616460CF0AAF905466B464FF640
:10F39000FF7101200C4A0EF03BFA1DB14146207A64
:10F3A000FFF7BAFF3946207AFEF76EFB40B13146CF
:10F3B00001300EF0DEF81DB14146207AFEF7F4FD73
:10F3C00002B0BDE8F08100BFD9DE000073B504468D
:10F3D00003464FF6FF710120184A04F188060EF02B
:10F3E00017FA3146207A0EF02EFB3146207A0CF0C7
:10F3F00076F950B1237A4FF6FF718DF80430012071
:10F400006B460F4A00960EF003FA2046FEF7BEFB4D
:10F41000054688B13146207A0CF061F928B92846B2
:10F4200002B0BDE87040FEF7ABBD3146681C02B0CB
:10F43000BDE870400EF09DB802B070BD0DE1000057
:10F44000B1DE000001460023074A10B5141DE01884
:10F450000EF051FB08B1981810BD03F50E73B3F50B
:10F46000D56FF4D1F8E700BFB0220020084B00F5BB
:10F470000C701A68074BD0E8EF1F994204D1C0E81E
:10F48000EC2FBCF1000FF6D1D0E8AF0F704700BFF2
:10F4900094370020B022002008B5FFF7E7FF0346AD
:10F4A000C8B1D0E9001221B9002A0CBF0320022004
:10F4B00010E032B1836813B9094B1B7833B90420CB
:10F4C00008E00749087828B19B6833B9003A18BFAB
:10F4D0000122500008BD0320FCE70120FAE700BF2D
:10F4E0003451002008B50121024A03480EF001FB07
:10F4F000002008BDB64C0200540E02000221024A50
:10F5000002480EF0F6BA00BFD14C0200540E0200C1
:10F5100037B513460022009204460D460A46D0F83D
:10F52000F00006210CF0A7FE60B1693004D1012182
:10F53000074A08480EF0DDFA284603B0BDE830401F
:10F5400001F0D4BE204603B0BDE830400EF019BB38
:10F550004E460200540E020038B50546F022002146
:10F5600010F096FF102105F12700FAF7FFFD044681
:10F5700048B9052128460EF00DFBFAF797FE034B1C
:10F580001860204638BD0824FBE700BF303B002050
:10F5900038B50446051D082128460EF0FBFA084937
:10F5A00004F15700FAF790FE48B1082128460EF002
:10F5B000C9FA04480121044A0EF09BFA082038BD1C
:10F5C000A1DF0100540E0200EA4C020073B5047A78
:10F5D0000546022C23D844B190F8DC30D0F8D8404E
:10F5E000DC4004F0010444F08004032128460EF0BE
:10F5F000E1FA0646D8B110210C300EF0A4FE0090BE
:10F6000013482346006805F1270205F157010EF063
:10F61000B8FD044680B1304601F068FE07E0032CD7
:10F6200008D0234601210B4A0B480EF096FA082019
:10F6300002B070BD0024D8E7024631462846FFF7E5
:10F6400067FF281D21460EF07DFA2046F0E700BF37
:10F65000303B0020034D0200540E0200F8B5044672
:10F66000FFF704FF251D06460E2128460EF043FA3B
:10F6700070B94C4B2022196804F1570010F023FF99
:10F6800030B90221484A49480EF033FA082034E0E4
:10F690000C2120460EF08EFA07460028F6D04021B5
:10F6A0000C300EF050FE3F4B02461B68014603F142
:10F6B000200053F804CB834241F804CBF9D1203227
:10F6C00003F1200153F8040B8B4242F8040BF9D1EB
:10F6D000002239462046FFF71BFF237A052B58D816
:10F6E000DFE803F003380C035754042120460EF0E2
:10F6F00051FAFFF76BFF00283BD0F8BD2046D4F845
:10F70000F070FFF7B3FE0421064604F1D800FAF7C3
:10F710002DFD0028BAD1D4F8D830254A84F8DC0071
:10F72000B3FBF2F102FB1133C4F8D83056B13368A1
:10F7300043B10B2128460EF02DFA38463368D4F831
:10F74000D8109847032120460EF024FA0E210EF01F
:10F7500021FA0EE0204603210EF01CFA0E210EF0D5
:10F7600019FA28460A210EF015FA7368D4F8F00049
:10F770009847284607210EF00DFA0820FFF762FE91
:10F7800068B92046BDE8F840FFF702BF04212046D3
:10F79000DDE70121074A05480EF0DFF976E7002092
:10F7A000ABE700BF303B00201F4D0200540E0200AB
:10F7B00040420F00034D020038B504460D46FFF7E6
:10F7C00055FE04F157000246EB6803F1200153F89F
:10F7D000045B8B4242F8045BF9D104F1770203F138
:10F7E000200153F8045B8B4242F8045BF9D1FAF72D
:10F7F000DBFC40B9154B1D681DBB201D06210EF01A
:10F80000C9F928461CE00E21201D0EF0C3F9D4F8DA
:10F81000F050D5F8B83033B9287A05F1880101F0F5
:10F820008BFAC5F8B800D5F8B830002BE2D0DA89E9
:10F8300002F02402002ADDD05B7B9B07DAD4032090
:10F8400038BD2046BDE83840FFF708BF303B0020F8
:10F850002DE9F047044690B00CAD10220021284657
:10F8600010F016FE237A052B34D8DFE803F00603E8
:10F8700003063323D4F8D8300C93D4F8F03004F1D5
:10F88000470204F1C707CDE9017204F1370803F11B
:10F89000960204F12709009241464A468F3304F14B
:10F8A000970001F0C7FBF0B1454A012145480EF031
:10F8B00020F914E0D4F8E430002BDED02E4603F11A
:10F8C0001007324618685968083303C2BB4216460F
:10F8D000F7D1D2E701213C4A3A480EF03EF9082020
:10F8E00010B0BDE8F087D4F8F03008AE03F18F0215
:10F8F0009633019304F111030292009342462B4682
:10F900004946384603960EF061FC08B12F4ACCE711
:10F91000237A052B0ED1D4F8E01011B30B46AC4678
:10F9200001F1100E624618685968083303C2734526
:10F930009446F7D1D4F8F0300DF1100A03F1960295
:10F940008F33019304F10A03029200934A462B4637
:10F9500041463846CDF80CA00EF038FC30B11C4AB8
:10F96000A3E71022284610F093FDE3E7102251464A
:10F9700004F1B70010F0A7FD00BB0D2120460EF0EA
:10F9800019F907460028AAD010210C300EF0DBFC34
:10F9900032460346164603CEAE42186059603246E0
:10F9A00003F10803F6D1002239462046FFF7B0FDE7
:10F9B000201D01210EF0EEF8002091E70B208FE7CB
:10F9C0003A4D0200540E0200034D02004F4D02005A
:10F9D000724D020038B5134B05461B78E3B101F0B8
:10F9E0000F042846FFF758FD0F4B03281B780CBF68
:10F9F00004F00B0444F0040405F50D70D0E8EF2F7B
:10FA0000013203D1C0E8E13F0029F7D1D0E8AF3F90
:10FA10002BB144F0010038BD01F00704E1E704F028
:10FA2000FE00F8E734510020310900202DE9F341B0
:10FA30000D460446D0F8F060FFF718FDD5F80C80AD
:10FA4000074698F80330073B092B03D9062002B07C
:10FA5000BDE8F081D6F8B8305BB1251D0F212846EE
:10FA60000EF049F880B92046FFF776FD60B1C0B2CC
:10FA7000EDE7307A06F1880101F05EF9C6F8B800CA
:10FA80000028EAD10820E2E701236372D8F80030A9
:10FA90002046C4F80A30B8F80430E3810223237406
:10FAA00098F80210FFF796FFE0742046FFF7F4FC89
:10FAB00010236074237598F8043003F00303637512
:10FAC00098F8053003F00103A375E37C1B070DD5FF
:10FAD00098F80230180709D5052128460EF05AF883
:10FAE000637D03F0020363750023A3750521284697
:10FAF0000EF001F8002851D0A24B1B78A374E37CD0
:10FB0000990607D598F802309A0603D5142128469D
:10FB10000EF040F8E37CDB0742D598F80230D807B6
:10FB20003ED50D2128460EF035F8A37D032184F83B
:10FB3000E830637D284684F8E9300EF02BF8052183
:10FB400098F800800DF0D7FF70BBB8F1040F4BD8C8
:10FB5000E37AA27C1340D90744D4217BE37C194388
:10FB600011F0040111D02046FFF796FC864B08EBFC
:10FB70008808984418F80010042906D1D4F8F03009
:10FB8000DB78002B14BF0121022121722046D6F818
:10FB9000B8100DF0B6FF48BB032058E77B4BACE72D
:10FBA00000236375A375C0E7237BE07C03EA0002B2
:10FBB000120706D5E27A94F812C042EA0C02D20784
:10FBC000E3D4B8F1040F0FD843EA000111F00401A7
:10FBD000DBD02046FFF760FC6D4B08EB8808434400
:10FBE000195CD2E70621D0E70021CEE7D4F8F03047
:10FBF0009B7A032B38D026D8013B012B3FF642AF2E
:10FC0000052128460DF077FF002840F0A680204609
:10FC1000FFF72CFC07462046D4F8F080FFF726FCBF
:10FC200008F18801064698F8080001F021F9237AC6
:10FC3000F0B1427BD2071BD5D3B90121554A5648B2
:10FC40000DF057FF1EE7042B7FF41CAF237D627B72
:10FC5000934228BF1346102B7FF4F8AE05212846A7
:10FC60000DF049FF002897D0237A002BC8D193E7E5
:10FC7000062B5ED8DFE803F018552D5D5D5D0400AE
:10FC8000002E5CD0F368002B59D000230A212846AF
:10FC9000ADF804300DF07EFFF368D4F8F00001A950
:10FCA0009847237A002B4CD10F2128460DF023FFD3
:10FCB000002846D1002F44D07B69002B41D0284634
:10FCC0000A210DF067FF7B69D4F8F0009847002007
:10FCD000BDE604210DEB0100FAF748FA00287FF495
:10FCE000D1AE019B2D4AB3FBF2F102FB113301931C
:10FCF0004EB133683BB10B2128460DF04BFF404617
:10FD0000336801999847019BC3F3072284F8473071
:10FD10001B0C84F849301B0A84F8482084F84A30C8
:10FD2000BFE728460A210DF035FF40467368984723
:10FD3000B7E701211A4A18480DF00FFFA2E602208A
:10FD400085E6032120460DF025FF0E210DF022FF50
:10FD500002B0BDE8F0410DF04CBF237A73B90F211A
:10FD600028460DF0C8FE48B947B17B6933B1284633
:10FD70000A210DF00FFF30467B69A7E70C212046D2
:10FD8000E4E700BF365100208A50020035510020C0
:10FD900071500200964D0200540E020040420F00C6
:10FDA000034D020038B504460E49A0F1F00500F5F8
:10FDB00088700FF0A4FF28460DF0A6FF0A4A04F54C
:10FDC000A073D3E8EF1FC3E8E02F0028F9D14FF06C
:10FDD000FF3304F5A274D4E8EF2FC4E8E13F002913
:10FDE000F9D138BD9D0B0100B022002080B500AFD5
:10FDF00088B06A46074BC2E90530032342F8103F3A
:10FE000000234FF4C2510448F4F7FAFA6FF00B00E4
:10FE1000BD4680BDC34D0200540E020010B40F4A0F
:10FE2000D2F8F03053B1D2F8283333B1D2F860357C
:10FE300093B15DF8044BFFF7D9BF01234FF40E7067
:10FE40004343074CD018F033C0F8F4401A44002064
:10FE50005DF8044B0A6070470223EFE7B0220020F0
:10FE6000581A02002DE9F0410B46064600AF0D215D
:10FE700004300DF040FE78B3DD68D6F8F030022093
:10FE800003F188084246197A0EF01EF90446C8B9F3
:10FE90004046F7F757FB6D4688B06A46114BC2E9FA
:10FEA00005304FF4007393830F4B42F8103F0F4817
:10FEB00023464FF4E251F4F7A3FA0820AD46BD46BD
:10FEC000BDE8F0812B462A3405F1100253F8041BDB
:10FED000934244F8041BF9D1304609210DF05AFE33
:10FEE0000020ECE7E84D020003000001540E020080
:10FEF0002DE9F0410B46064600AF0D2104300DF010
:10FF0000FAFD78B3DD68D6F8F030042003F18808F4
:10FF10004246197A0EF0D8F80446C8B94046F7F7B9
:10FF200011FB6D4688B06A46114BC2E905304FF4AB
:10FF3000007393830F4B42F8103F0F4823464FF452
:10FF4000E251F4F75DFA0820AD46BD46BDE8F08108
:10FF50002B461A3405F1100253F8041B934244F85F
:10FF6000041BF9D1304607210DF014FE0020ECE708
:10FF7000E84D020003000001540E020070B5061D9A
:10FF8000CD6804460B2130460DF0DCFD2B4604F114
:10FF9000170205F1100153F8040B8B4242F8040BD1
:10FFA000F9D1052130460DF0A6FD20B92046BDE867
:10FFB00070400DF01FBF237A012B09D0022B13D103
:10FFC000204604210DF0E6FDBDE87040FFF7FEBAC3
:10FFD0000A2130460DF08FFD0028F1D03046002177
:10FFE0000DF0D8FD002070BD03480121034A0DF03B
:10FFF000B4FD0820F7E700BF540E0200034D0200D5
:020000040001F9
:100000002DE9F041044688B00E46FFF72FFA04F1BF
:10001000370805464246F36803F1100153F8040B14
:100020008B4242F8040BF9D1271D052138460DF00B
:1000300062FD002848D1D4F8F03004F1470603F1FE
:10004000960204AD8F3301920093414630460295EB
:1000500004F1100304F109020DF071FEE8B9102259
:10006000294604F1170010F02EFA00286DD12B4616
:10007000D4F83700D8F804102A4603C3D4F8270070
:10008000D4F82B1003C3294630460BF011FE40B1C3
:100090005A4A01215A480DF02CFD082008B0BDE84D
:1000A000F081334608AE2A4603CAB242186059604E
:1000B000154603F10803F6D1012138460DF06AFD1B
:1000C00020460DF0B0FDE9E7237A052B00F28D8084
:1000D000DFE803F0191F1F038B6104AB494900934C
:1000E0004246096804F1270304F1570001F00AF8B9
:1000F0000028D2D10A2138460DF04CFDAB68049996
:10010000D4F8F00098470D2120460DF043FD102152
:10011000D3E794F8DC20D4F8D8303A49D34004AD82
:1001200003F0010300954246096843F0800304F19F
:1001300057000EF026F808B1334AAAE710222946E4
:1001400004F1170010F0BFF908B10420A6E703215D
:1001500020460DF01FFD0DF066FD00289ED194F89D
:10016000DC300133DBB2142B84F8DC3009D10D21F3
:1001700020460DF00FFD102138460DF00BFD00203C
:100180008CE7102104F12700F9F7F0FF003818BFC1
:100190000120C00082E7102104F12700F9F7E6FFF3
:1001A00000287FF47AAF35B3EB6823B3174BE27ABC
:1001B0001B88D207ADF81030A37C03F0010312D4E2
:1001C000002B14BF012303238DF811300023384680
:1001D000C4E938330C210DF0DDFCEB68D4F8F000F5
:1001E00004A99847CBE75B00EEE70121084A0448E1
:1001F0000DF0B3FC51E7022050E700BF024E0200B1
:10020000540E0200303B0020174E0200481002003E
:10021000034D02002DE9F743C6780446012E05D0B0
:100220006FF01504204603B0BDE8F0830DF09EFC8E
:100230000546002800F0AC80071D042138460DF06B
:100240005AFC002840F0A780032138460DF053FCEB
:1002500010B16FF00F04E5E7314638460DF04BFC66
:100260000028F6D12846FFF701F9D5F8F030064608
:100270009B7A032B42D032D8013B012B48D90B216A
:10028000201D0DF038FC0028CAD1D4F8B83083B94D
:1002900004F1880632462020217A00F08DFDC4F852
:1002A000B80030B932460420217A00F085FDC4F848
:1002B000B800D4F8B830002BB2D0DA8912F0240F8D
:1002C000AED0A17A022923D9587BC007A8D503292B
:1002D0001ED09206A4D51B7B102BA1D118E0042BB5
:1002E000CDD12846FFF7D8F8032804D1002EC6D078
:1002F000F368002BC3D0294B1B7807E02846FFF793
:10030000CBF8032804D1002EB9D0F368002BB6D067
:10031000D4F8B8303BB12846FFF71EF9804670B1DB
:100320006FF068047EE7207A04F1880100F004FD94
:10033000C4F8B8000028EED16FF00B0472E70B216F
:1003400028460DF037FC06460028E9D001210C3084
:100350000DF0F9FF092181462846FFF73BFB434694
:1003600089F80000324620460621CDF800800BF0C7
:1003700082FF044618B1304600F0B8FF52E7384615
:100380000F210DF007FC012128460DF003FC49E781
:100390006FF07F0446E76FF0040443E73451002018
:1003A000F8B5D0F8F0400646D4F8B830051D002B5B
:1003B00033D10221404A41480DF09BFB0721404BBD
:1003C0005F5CD4F8B8304BB11B7B002B5DD1D4F807
:1003D000B8000DF08DFE0023C4F8B8300221284685
:1003E0000DF089FB48B9072F94BF364B1F213A46C1
:1003F000204698BFD95DFAF7A9FC032128460DF0E5
:100400007AFB68B3304B1B6853B31D6805B10C3DD4
:1004100053F8083C002B41D143E081BB0D21284615
:100420000DF069FB074620B1D4F8B80008B100F020
:10043000E9FD254B1B689BB11D6805B10C3D53F8C8
:100440000C3C13B13946204698474DB12B46ED6818
:100450001B681DB10C3D002BF4D1F7E7002BF1D147
:1004600030460DF051FC637B072B24D1627AA37ACE
:100470009A4220D02046BDE8F840FFF7CBBE0139B4
:10048000C9B20E299BD909279BE7022128460DF006
:1004900032FB00289BD1A1E70C3D23B13946204611
:1004A0009847002DDCD02B46ED685B68002DF3D11A
:1004B000002BF3D1D4E7F8BD304E0200540E0200F9
:1004C00062500200515002008C370020031DF7B526
:1004D00006460F46184602210DF00DFB044620B1DA
:1004E000B6F8E840B4FA84F46409032118460DF024
:1004F00002FB88B139463046FFF752FFCCB10221EA
:100500001A481B4A0DF0F5FA0521D6F8F0000BF059
:10051000AEFC002003B0F0BD012118460DF0EBFA4F
:100520000028E7D10F2118460DF0E5FA0028E1D1A7
:10053000E4E7052130460DF03DFB054690B1012171
:100540000C300DF000FF0770009423462A46062168
:10055000D6F8F0000BF08FFE0028DAD0284600F025
:10056000C5FED6E76FF06800D4E700BF540E020066
:100570005A4E02002DE9F3410B8A04460E4643B958
:1005800001212D4A2D480DF0B4FA002002B0BDE83B
:10059000F081012106F10C000DF01BFFA4F1F00524
:1005A000EC3C0746042120460DF0A5FA3B7828B123
:1005B000234A022121480DF0D0FAE6E70E2B01D99B
:1005C000204AF6E7DFF88C8058F833204AB9022138
:1005D0001D4A1A480DF0C1FA07212846FFF776FF99
:1005E000D3E7194628460DF06CFB3B7860B9022131
:1005F0001248164A0DF0B1FA032120460DF07BFA9D
:100600000028C2D00821E8E708EBC301328A097943
:10061000914208D001210093084813460C4A09F082
:10062000D6FE0A21D9E73146284658F83330984794
:1006300001460028A9D0D0E7B24E0200540E0200B5
:10064000CD4E0200FE4E0200204F02003A4F020043
:10065000E0470200801A020038B50F4B186018B945
:10066000BDE83840FEF74ABF0C4805F04FFC0025B6
:100670000B4C0621201D0DF03EFA38B12046FEF746
:10068000EDFF014610B12046FFF720FF0135032D95
:1006900004F50E74EDD138BD303B0020EC0A00208B
:1006A000B02200202DE9F04782B090F8E930D1F86F
:1006B0000C8023F0020380F8E930D0F8F06098F85D
:1006C0000030044600AF06F18809BBB398F8063045
:1006D00003F0C003C02B31D04046F6F733FF6E461F
:1006E00088B06C464FF4007A2546564BDFF864819B
:1006F000C4E90530A4F81CA045F8108F00232A4651
:100700004FF4E2515048F3F77BFE4846B546F6F702
:1007100019FFA5464D4BA4F81CA0C4E90530C4F848
:100720001080494800232A464FF4E251F3F768FE4F
:100730000A20B5460837BD46BDE8F0870722414686
:1007400048460FF0C0FE68B14146307A00F090FB99
:10075000054638B1014620460DF0D3F928B32846A6
:100760000DF0C6FC0D21201D0DF0C5F9002858D054
:100770004A460220317A0DF0A7FC0546B8B9484632
:10078000F6F7E0FE6C4688B06A46314BC2E90530A8
:100790004FF4007393832F4B42F8103F4FF4E25114
:1007A0002B462948F3F72CFEA5460820C2E7F3782C
:1007B0008BBB06F196031878012821D19A7902F0B3
:1007C000C002402A1CD1D3F80120C5F83A20B3F862
:1007D0000530EB8796F8883093B196F88E3003F0A9
:1007E000C003C02B0CD01C493A46C7E90098FAF761
:1007F000C3F9681C41460DF0B2F93046FAF778FAB1
:100800002846F8F703FD48B10F480221134A0DF0BE
:1008100070F903208EE706F18F03CCE72846F8F73E
:1008200005FD94F8E9305B0703D50A2120460DF059
:10083000B1F9B4F8E81009B100207BE72046FFF7D2
:10084000AFFDF9E7554F0200540E0200D34F0200EE
:10085000E84D020003000001E7DC0100694F0200DF
:100860002DE9F0410B460446D0F8F05000AF0D21C1
:1008700004300DF040F960B305F18808297A42464A
:100880000420DE680DF020FC0546C8B94046F6F7A6
:1008900059FE6C4688B06A461A4BC2E905304FF4DF
:1008A00000739383184B42F8103F18482B464FF4BF
:1008B000E251F3F7A5FD0820A546BD46BDE8F0814D
:1008C000324632F8023B0383D6F8023003615368A4
:1008D000436194F8E93023F0010284F8E9209A0793
:1008E00008D5082120460DF055F9B4F8E81029B1D3
:1008F0000020E2E75B07F8D50A21F3E72046FFF77F
:100900004FFDF5E7E84D020003000001540E020020
:100910002DE9F0410E460446D0F8F080FEF7A6FD22
:10092000F6680121054633780F48104A271D0DF05F
:1009300014F90A2138460DF0C4F938B16DB92046D2
:100940003178FFF72DFD0020BDE8F0810B213846FE
:100950000DF0B7F90028F1D1F1E72B69002BEED0AB
:1009600040469847EBE700BF540E0200A44F020038
:100970002DE9F04F89B00546A0F1EC060446884603
:1009800000AF0121304655F8F0990DF09AF938B3CF
:10099000B8F1000F19D0032130460DF0ACF8F8B1D2
:1009A0004046F7F7B7FE0138C0B208288CBF0024D4
:1009B000724B4FF0020198BF1C5C30460DF0EAF814
:1009C00021462846FFF7ECFC0AE099F80B303BB1D2
:1009D000032130460DF08FF830B928460DF094F918
:1009E0002437BD46BDE8F08F052130460DF083F871
:1009F000B8B114F8083C1A0707D514F8073C1B07D0
:100A000003D5112130460DF0C5F814F8083C23F049
:100A1000080304F8083C14F8073C23F0080304F822
:100A2000073C14F8073CD80725D5062128460DF0C9
:100A3000B1F8022130460DF0ADF82368D3F8B88044
:100A4000B8F1000F1FD103F18800F6F77BFD6C466B
:100A500088B06A464A4BC2E905304FF4007393836D
:100A6000484B42F8103F4FF4E25143464648F3F7F3
:100A7000C7FCA546B4E7990701D50821D6E75A0770
:100A8000D7D50A21D2E705210DF035F888B914F839
:100A9000083CDB070DD523681A21381DD3F8B88030
:100AA000F9F764FB824648B1384A012136480DF017
:100AB00020F834F8081C002992D182E70621284644
:100AC0000DF078F8814608B9314AEEE710210C3074
:100AD0000DF039FC98F80C20391D83460FF0B1FC5D
:100AE00098F80C000F2805D8C0F110025146584460
:100AF0000FF0CEFC494600222846FEF709FD0721EB
:100B000028460DF057F8814608B9224ACDE70A2158
:100B10000C300DF018FC034607F1140203CAC3F8A9
:100B20000200C3F80610BA8B494628461A801A4AB2
:100B3000FEF7EEFC30460D210CF0DDFF07F1140648
:100B40000028B6D0012140460DF0CEFA3B1D08F139
:100B50004A0C1A4603CAB242CCF80000CCF8041082
:100B600013460CF1080CF4D1334603CBBB8BC8F809
:100B70004000C8F84410A8F848309AE759500200DD
:100B8000C64F020003000001540E0200DB4F0200BA
:100B9000F64F02001D50020097E0010010B5044618
:100BA0000121084A08480CF0A4FFA4F500700821B0
:100BB000FFF7F6FBA4F5FE700421BDE810400CF031
:100BC000E9BF00BF45500200540E02002DE9F84372
:100BD00000AF04460CF0CAFF054670B3061D0321A2
:100BE00030460CF088FF40B3D4F8B80008B10DF0DF
:100BF0007FFA04F188094946207A00F09DF8804682
:100C0000C4F8B800E0B94846F6F79CFC6C4688B0DA
:100C10006A463B4BC2E905304FF400739383394B6E
:100C200042F8103F4FF4E25137484346F3F7E8FBF0
:100C30000821A5462846FFF749FCBD46BDE8F883D4
:100C40000E2130460CF057FF28B1D4F8B820537B62
:100C500043F0020353732A7AD4F8B810032A4B7B6B
:100C60003AD8002A3FD0D4F8B820537B43F0010390
:100C700053732B7D697BD4F8B8208B4228BF0B4679
:100C80003046137305210CF036FFD4F8B8305A7B88
:100C900090B342F010020D2130465A730CF02BFF36
:100CA0000028CAD02021D4F8B8000DF01DFAD4F8DD
:100CB000B83005F147021A33573552F8041BAA42DF
:100CC00043F8041BF9D10023D4F8B8201361536111
:100CD000D4F8B8201383B0E7053A012A03D843F0CB
:100CE00020034B73BFE723F020034B73D4F8B820E5
:100CF000537B23F00103BBE722F010025A739CE7F9
:100D0000E84D020003000001540E020008B5074B35
:100D1000074893F89C3003F006039A1F534253414F
:100D2000044A1370F9F74CFA002008BD00000020B7
:100D3000640600203451002070B50F4C064614F8AC
:100D4000013B0D46834204D1072220460FF0BBFB36
:100D500068B1072209490A480FF0B5FB48B904F801
:100D6000016C2B682360AB88A380AB79A371024828
:100D700070BD0020FCE700BF343B00203031020092
:100D8000353B002010B40B461146054AD489044275
:100D900003D010465DF8044B18475DF8044B7047CC
:100DA000343B002008B5002202200249FFF7EAFF89
:100DB000002008BDC5E00100F8B50C4C07462046F0
:100DC000E3890D463B4011464FF0000610F8012B19
:100DD00007D0954203D107220FF075FB18B13046BA
:100DE00000E01846F8BD2046FCE700BF343B002079
:100DF000F8B50B780646012B0C4601D00020F8BD53
:100E00008B7903F0C003402BF8D1164D00232946FF
:100E1000EF8911F83A2BBF0704F1010006D5B24261
:100E200004D106220FF04FFBD0B10023EA892978C4
:100E300002F00202002BE1D1002ADFD0B142DDD165
:100E4000671C394608480AF08EFA01230028EDD0C5
:100E5000D4F80130C5F83A30B4F80520034B9A8035
:100E60000048CCE7343B00205E3B00206E3B002076
:100E700010B5074C2378834208D10722601C0FF07D
:100E800022FB00280CBF2046002010BD0020FCE7FC
:100E9000343B0020F0B59BB01446064602AF50B973
:100EA00001214F4A4F4809F07FFA6FF01505284697
:100EB0006437BD46F0BD5022184607F11001A04727
:100EC000041E06DA2346484A0121464809F075FA0D
:100ED000EBE7304607F108010AF06EFA054698B1D3
:100EE0006C4688B002AA414BC2E905364FF4007344
:100EF00093833F4B42F8103F00234FF4E2513948AF
:100F0000F3F77EFAA546D0E73046391D09F03AFBE3
:100F10007868B0B10A22294606F084F90128034610
:100F200001D9344AD0E7C0B22CBB014607F1080210
:100F30003F20FFF741FF30B15C2221460FF0A8FAB5
:100F4000B5E72846F0E707F10800F6F7FBFA6E462A
:100F500088B002AA284BC2E905304FF4007393838E
:100F6000234B42F8103F4FF4E45123461D48F3F75A
:100F700047FAB5469BE707F10801FFF7DDFE064695
:100F8000C8B907F10800F6F7DDFA6C4688B002AA86
:100F90001A4BC2E905304FF400739383144B42F8A7
:100FA000103F4FF4E25133460E48F3F729FA6FF041
:100FB0000B05A5467BE7502C0BD050230121009355
:100FC0000F4A2346074809F002FA30460DF090F820
:100FD0006BE7224607F110010C300FF032FA66E79A
:100FE000A0310200340E0200AA5002008C49020017
:100FF00003000001A8490200C9500200EC500200A1
:101000000B5102000246014610B5502311F8010BA6
:101010000C32F6F755FC044628B101210346034A79
:10102000034809F0CAF9204610BD00BF295102004B
:10103000340E02002DE9F0479AB01646DDE92397F9
:101040000CAA84468A4690461D462C4B03F1300E6E
:10105000144618685968083303C473452246F7D10B
:1010600018681B79614620602371202204A80DF0C6
:1010700052F86B462022224804A90DF064F8044679
:10108000C0BB102251460DF135000DF044F810227E
:1010900031460DF145000DF03EF8294611F8013BAF
:1010A00006220DF156008DF855300DF034F82299D6
:1010B000062211F8013B0DF15D008DF85C300DF05A
:1010C0002AF84B463522414668460DF03CF8044666
:1010D00080B948460DF029F8012335228DF83030CB
:1010E00041463B4668460DF02EF8044610B9384696
:1010F0000DF01BF820461AB0BDE8F0874A10020038
:101100005651020070B50E461D46144698B0014671
:10111000202204A80CF0FFFF202231460CA80CF07E
:10112000FAFF1022294614A80CF0F5FF10222146E0
:1011300068460CF0F0FF6B465022184604A90DF0EB
:1011400002F840B9039B054A1BBAB3FBF2F102FB5C
:1011500011331C9A136018B070BD00BF40420F00DD
:1011600070B541690446867A0A4D59B1437ADB0766
:1011700006D42C2303FB06535B6A1B689B689847C5
:10118000002363612C20214606FB0050BDE870401F
:101190000EF0C1BC4C0B00202C22024B02FB003095
:1011A000704700BF4C0B00202C21827A054B01FBBD
:1011B00002339A6A1B7F801A1B3323F00303B0FBB0
:1011C000F3F070474C0B002038B52C24827A094B81
:1011D00004FB02335B6A0C685B681A68944294BF34
:1011E0000C600A60D3E90054FFF7DEFF05FB004006
:1011F00038BD00BF4C0B00202DE9F04385B00546FB
:10120000684690461C4603910EF043FFDDE90067F7
:101210004FF02003EFF3118983F31288BFF36F8F30
:101220006B8B002B41D02A8B9A4225D900220023B8
:10123000284604F037FE0446F0B189F31188BFF365
:101240006F8F039B002B41D032463B4668460EF021
:1012500044FF2C21A27A234B204601FB02335B6A18
:1012600003A91B681D68DDE90023A847606170BB06
:101270002046FFF775FF24E0698B4B1E6B8389F3D3
:101280001188BFF36F8F2B7F2A8BAC6A1B3323F03F
:101290000303521A02FB0344124B134AEB1A9B102E
:1012A0005343A3722B7FE372CBE789F31188BFF31B
:1012B0006F8F23464246284604F0F4FD044600287A
:1012C000BFD10024204605B0BDE8F0836361002350
:1012D0000122636022812382039A63696282E36050
:1012E000F0E700BF4C0B0020A38B2EBA70B52C2565
:1012F0000B4C00B970BD037A4668013BDBB2037248
:10130000002BF7D1C3604360837A05FB03431B6A5C
:1013100013B198473046ECE7FFF722FFFAE700BF2A
:101320004C0B00202DE9F84F07460E469046054627
:1013300029466D68002DFBD14FF02C0ADFF864B010
:1013400001F10C0420460DF058F886421AD32046CD
:101350000DF053F81FFA80F941464A4620460CF03A
:10136000F8FFB6EB09064D44C84417D00C9B63B197
:10137000DDE90A010D9A9847014678B138460CF02C
:10138000C1FFDDE71FFA86F9E6E7B87A3146DDE905
:101390000A2300FB0AB0FFF72FFFEDE72846BDE860
:1013A000F88F00BF4C0B002010B5027E0446022AC5
:1013B0000CD0042A09D0BAB10C490D480DF027F819
:1013C0002046FFF793FF002010BD0522114604F1CF
:1013D0000C000CF0EDFF228AE1680648F2F75EFA95
:1013E000021EEDDA0449E8E70122EFE78751020027
:1013F0000C0E0200903B00209751020010B50648E9
:10140000F7F7A6FC041E04DA2246044904480CF04F
:10141000FEFF204610BD00BF041B0200AF510200BA
:101420000C0E0200014804F071BD00BFBC0A002090
:1014300010B51248F2F7A4F9044648B110F1780F3C
:1014400006D002460E490F480CF0E1FF204610BDC1
:101450000D4A0E490948F2F7D3F9044610B1024685
:101460000B49F0E74FF4004200230A4804F074FDF2
:1014700004460028EAD002460749E4E7640A02006D
:10148000D95102000C0E02006C060020903B002097
:1014900009520200BC0A00202D5202002DE9F04F33
:1014A000074600780C46042885B001F1FF3309D0C7
:1014B000052800F09580022840F0B980032B6ED8F3
:1014C0005F4A02E0012B07D85E4A01215E4805B061
:1014D000BDE8F04F0CF099BF7B783E2B3BD1FB78F9
:1014E000022B36D00D2B36D13B79012B33D1B7F8F7
:1014F0000550C5F30015B7F80130033CB4EB132FCA
:10150000ADF80C302CD145B34FF000084FF0000976
:10151000DFF858B1DFF830A142464B4629469DF826
:101520000C00F6F779FA064610B300F10C0502221A
:1015300003A928460CF00DFF28460CF05EFF8442FC
:101540001ED9012100902346404A3F4808F03FFF42
:1015500040E00125CFE70025CDE74FF4A028D5E7EF
:1015600001213B4A38480CF050FF05B0BDE8F08F30
:10157000002DFAD15A46022150460CF046FFCBE727
:101580002246F91C28460CF0E4FE05F0EDF8304642
:10159000F7F7B6FB05B0BDE8F04F05F0F9B800224B
:1015A00000230320F6F706FA0646B8B1D7F8013053
:1015B00000F10C050422284603A903930CF0C9FE90
:1015C000BDF80E30053C9C4229D0224A01211E481C
:1015D0000CF01BFF3046FFF789FEC6E71E4A74E792
:1015E000032B01D81D4A70E700220023F6F7E2F929
:1015F000064690B1D7F8013000F10C0504222846C8
:1016000003A903930CF0A5FEBDF80E30053CC3F30F
:101610000D039C4203D0124AD8E7124A55E72846E8
:101620000CF0EBFE84428CD82246791DAAE70246D4
:101630000D49054805B0BDE8F04F0CF0E8BE00BF0D
:10164000EA5202004D5202000C0E0200C752020084
:101650006E52020023530200095302004553020058
:101660007E53020064530200A05302009252020013
:1016700010B5002000F054F8044618B9BDE8104039
:10168000FFF7D6BE0246034903480CF0C0FE2046D1
:1016900010BD00BFB45302000C0E020010B50E487E
:1016A000F2F7D0F8044630B102460C490C480CF071
:1016B000AEFE204610BD0B48F2F782F8044610B18A
:1016C00002460949F2E70CF0A7FE04460028F0D0D4
:1016D00002460649EAE700BF903B0020D9530200CA
:1016E0000C0E0200640A0200045402002854020096
:1016F000002210B5114640F60340F6F7B1FD04464E
:1017000018B9BDE81040FFF7C9BF024602490348B7
:101710000CF07DFE204610BD4F5402000C0E02005E
:101720001022044B0020C3F840244FF05023C3F88C
:101730001406704700300050084B70B5C31A0D46B0
:1017400007499B1004465943402206480CF087FE87
:101750002B4601462046BDE870401847AC3B0020B0
:10176000B76DDBB6EC090200402373B50B4C009358
:10177000041B0B460D460A49A41061430646094A5C
:1017800009480CF098FE011E05DA30462B4602B0DF
:10179000BDE87040184702B070BD00BFAC3B0020F0
:1017A000B76DDBB621E50100EC0902002DE9F84335
:1017B0000022012106460520F5F798F9114801F0AD
:1017C00079FF114B984219D101F084FF00244FF0AA
:1017D0001C090C27DFF834803569414609FB0450A9
:1017E00007F015FE002807DB012307FB04551C4406
:1017F000042CAB67F0D10020BDE8F8836FF0040043
:10180000FAE700BF451801000000AD0B1C1B0200E9
:1018100001460C2300224B4370B50848C4187833A6
:101820001844D4E91C5622670CF006FE2DB132464E
:101830002B46BDE870400248184770BDAC3B002005
:10184000EC090200062812D8DFE800F0040F11119D
:10185000110D0B00064B986F10F0070007D1FFF732
:10186000D7BF0220FBE70320F9E70120F7E7704725
:10187000AC3B002008B54FF02003EFF3118183F358
:101880001288BFF36F8F124A136843F00200106092
:10189000DA0708D481F31188BFF36F8FBDE80840E1
:1018A000012001F02FBF4FF05023D3F80C24D3F8C0
:1018B0000C34DB07EED507480CF0BEFD81F3118830
:1018C000BFF36F8FBDE808400020FFF7A1BF00BF46
:1018D0004C3C0020243C00207FB500220123CDE9B0
:1018E000022304ABCDE90433094A6B46CDF800D09E
:1018F000CDF804D00CF00DFE002805DB4FF480423B
:101900000023684604F028FB07B05DF804FB00BF25
:1019100059E5010010B54FF02003EFF3118483F374
:101920001288BFF36F8F074A136823F00201DB07A9
:10193000116002D401200DF0EEF884F31188BFF39A
:101940006F8F10BD4C3C00202DE9F041012207466D
:101950003749D1E8EF3FC1E8E02F0028F9D133B98A
:10196000344935484B60CB608A6007F063FD7B1ECD
:10197000012B2BD8012F07D14FF05023D3F81C3463
:1019800003F00303022B21D00EF014F80546F8B93A
:101990002A4B1B78E3B14FF0502302220646C3F8CE
:1019A00008234FF05024DFF89880D4F81824D4F896
:1019B0001834D20316D503F00303022B01D0012FF4
:1019C00010D175B386F31188BFF36F8FBDE8F08136
:1019D0004FF02003EFF3118683F31288BFF36F8F6C
:1019E0000125DEE7C5B13046F5F752F9D4F81835D0
:1019F000DBB2012BD9D1D4F80421002AD5D00022A2
:101A0000C4F80421D4F804210222C4F818252022A5
:101A1000C8F88021A360C8E70021212004F05EFF00
:101A2000E4E74FF050230222C3F80423CEE700BFBF
:101A3000A83B0020983B0020C83B002049510020D3
:101A400000E100E008B507480DF0F2FE38B10648A5
:101A5000F5F75CFB0448F1F71DFA002008BD6FF0B4
:101A60001200FBE7280A02006D1A01000A2838B5A7
:101A70000446074D04D1AB680D2128465B689847A2
:101A8000AB6803485B68E1B29847204638BD00BFA9
:101A9000280A020000F1744000F5A6000A289ABF47
:101AA000024B33F910006FF00F007047E41E020084
:101AB000024B0B6001231360704700BFF41B020050
:101AC00000487047741B02000268154BFF2A08BFCC
:101AD0004FF0FF32C3F824254268FF2A08BF4FF0B9
:101AE000FF32C3F828258268FF2A08BF4FF0FF3273
:101AF000C3F83025C268FF2A08BF4FF0FF32C3F891
:101B000034250269FF2A08BF4FF0FF32C3F8382599
:101B10004269FF2A08BF4FF0FF32C3F83C257047E7
:101B200000B00250054B994206D14FF0FF324FF002
:101B3000FF33303004F010BA704700BF0000AD0B27
:101B400030B50D46416885B0B9B1D1E9001384685C
:101B5000ACB1D4E900249CB193B19C4209D15C1C86
:101B6000092C03780FD90221114A1248009408F079
:101B70002EFC6FF0150005B030BD0B46E7E722469E
:101B800001331C44ECE78DF8083040F20113ADF846
:101B90000A30002302A88DF809408DF80C308DF82A
:101BA0000D5002F08FFD05B0BDE83040FFF772BF69
:101BB000E1540200F40E02002DE9F04F91B04368A9
:101BC00000AF5D6B81460021284607F128020CF02A
:101BD0002CFE041E7FDBBB6A2A681979186800F0A6
:101BE000A3FF041E77DB002201212B20F4F77EFFE8
:101BF00001254FF05023C3F8B855D9F804A0D9F8FF
:101C000010205046774902F03DFDFFF743FF041EC8
:101C100057DB754E4FF000080FCE07F128040FC4B4
:101C200096E80300AB2307F1040B84E80300C7F830
:101C30000480CBE901883B716C4B07F12800D3F895
:101C4000242507F11006D2B23A61D3F82825D2B282
:101C50007A61D3F83025D2B2BA61D3F83425D2B242
:101C6000FA61D3F83825D2B23A62D3F83C35DBB208
:101C70007B62FFF729FF284602F07AFD01463046D5
:101C8000FFF722FF5A4B99422AD141465846FFF7A7
:101C900057FF041E15DB23200DF0C5FD03229F23F3
:101CA000C7E90A887A614146C7F810B087F828303A
:101CB0003E6307F12800FFF743FF041E4FF00302C5
:101CC00011DA4FF050230222C3F8B82502F06EFD5E
:101CD00008B102F059FD20464437BD46BDE8F08FFB
:101CE0006FF00404EDE759460AF130000EF0EBFB0B
:101CF000044610B36C468CB06A4697F804C07E79EF
:101D0000BD799AF830009AF831109AF83230D362DF
:101D10000823DFF8F8E0C2E90765C2E905ECC2E98B
:101D2000090142F8103F44F2400143463148F2F7BE
:101D300067FBA5466FF01204C3E7D9F80420537F70
:101D4000023B012B05D9157F033D012D8CBF0025DA
:101D500001250CF00AFCB0F1000807DA0121434626
:101D6000254A244808F029FB4446AAE75FFA88F28E
:101D7000C8F380184545A4D00023012182F0400219
:101D8000BB623F6179613B6387F82810FE6207F10F
:101D900028003B803A70FFF7D3FE041E07D10CF0F9
:101DA000E4FB041E04DB14F00104F8D189E788DAAF
:101DB000124A134B002D18BF13466D468AB06A466F
:101DC0001049D461C2E905134FF4007313840E4B1C
:101DD00042F8103F00234FF411510648F2F710FB70
:101DE000AD466EE75FE501000C10020000B0025046
:101DF0000000AD0BF40E02003C550200FF3E020055
:101E0000045502004C550200040000010A5502006E
:101E10002DE9F74F0B460F46804614464668C1F33E
:101E20000B012AB96FF01506304603B0BDE8F08FFC
:101E3000C2F30B0252EA0105F4D1002B03DBF16A75
:101E40001A198A4206D90121304A3148009408F013
:101E5000BEFAE7E70CF0D3FB2846D8F804900CF064
:101E60009FFB0646D0B9DFF8B8A0D9F82C309C42C9
:101E700018D10CF0E1FEA34605462946D8F810001B
:101E8000FFF750FE554534D1B4EB0B045F44ECD161
:101E900001200CF085FB002E08BF064640460CF0E2
:101EA00094FBC1E7B4F5803F09D3BBB253B93946BF
:101EB000012002F085FC4FF4803B0546DDE7B4F5D8
:101EC000805F09D3C7F30B0030B9394602F078FCC4
:101ED0004FF4805B0546D0E701213B460D4A0C4894
:101EE000009408F074FA0C49D8F81000FFF71AFEB5
:101EF000094D07483B460121084A009408F067FA5B
:101F00002846FFF7C7FD0646C2E700BF5D55020041
:101F1000F40E0200A75502000400AD0BC5550200E7
:101F20000000AD0B2DE9FF470E4607461D469046C3
:101F30004168A2B19BB1042B01D9AB070FD116F0B8
:101F400003040CD1002E03DBCA6A731993420CD927
:101F500001213346384A3948009508F038FA6FF0C5
:101F60001504204604B0BDE8F08738460CF047FB66
:101F700020460CF015FB044630B101200CF010FB9C
:101F800038460CF022FBECE7032D1CD83246042126
:101F900003A80CF04EFE044601463869FFF7C2FD67
:101FA000274B9C4234D12A46414603A80EF049FAF9
:101FB0003246042103A80CF039FE04460146386974
:101FC000FFF7B0FD24E008F06043B3F1005F02D1F9
:101FD00018F0030F2BD0DFF868A0042DA94628BF06
:101FE0004FF0040941464A4603A80EF02AFA324649
:101FF000494603A80CF01AFE044601463869FFF76B
:1020000091FD544504D1B5EB0905C8444E44E4D1D3
:102010002046FFF73FFD044601200CF0C1FA0546BB
:1020200038460CF0D2FA002C08BF2C4699E732460D
:1020300029464046BFE700BFE3550200F40E020008
:102040000000AD0B2DE9F04F82460E461C4690462F
:1020500087B082B1002B00F08F800029426803DB3B
:10206000D26A0B4493420BD901213346434A444878
:10207000009408F0ACF96FF0150007B0BDE8F08FE0
:10208000754205F003050CF0BAFAA54228BF2546B3
:10209000D8F1000303F0030308F0030758BF5F42C1
:1020A0007F4207F00307A74228BF2746631BE41BB4
:1020B00024F0030423F00309A145C8BFA14603F09F
:1020C000030BC8BFA3EB040BB9F1000F19D008EB49
:1020D000070372194946184603930CF0AAFD0446FB
:1020E0000146DAF81000FFF71DFD264A944238D168
:1020F000BD4206D0039B4A46194608EB05000EF088
:10210000ADF9ADB1C5F104070421F21B04A80CF030
:1021100090FD04460146DAF81000FFF703FD194B65
:102120009C421ED104AB2A464046D9190EF089F9CB
:10213000BBF1000F1ED0721908214A4404A80CF00C
:1021400078FD04460146DAF81000FFF7EBFC0D4B72
:102150009C4206D109EB05005A4604A940440EF002
:1021600070F950460CF031FA204607B0BDE8F04F48
:10217000FFF790BC034CF4E718467EE72D560200AB
:10218000F40E02000000AD0B024B0B600123136044
:10219000704700BF503C002000487047101C0200F0
:1021A00007B50346054A00910548012108F00FF9DB
:1021B0006FF0150003B05DF804FB00BF8C56020001
:1021C000740E020010B50122064811460DF0B1FC54
:1021D0000CF029FD044C20600CF022FD6060002012
:1021E00010BD00BF583C0020503C0020F7B50E4603
:1021F00014460CF015FD2146054630460CF016FA43
:10220000374660B3B6FBF5F305FB136323B9B4FBA4
:10221000F5F305FB13434BB13346134A00941348BF
:10222000012108F0D4F86FF0150002E0A54202D9B0
:10223000002003B0F0BD4FF0FF324FF0FF330C48E9
:1022400003F08AFE0CF0ECFC0546384601F098FFDE
:10225000641B2F44F9D1064803F058FEE8E7054A0D
:1022600033460094DBE700BFA9560200740E02005B
:10227000583C00208C560200F7B50E4619463046F1
:1022800017461C460CF0D2F950B93346174A009451
:102290001748012108F09BF86FF0150003B0F0BD5E
:1022A00046EA040515F0030503D0124A33460094AC
:1022B000EEE7A4B14FF0FF324FF0FF330E4803F0CA
:1022C0004BFE24F00304A54205EB060009D10B4A9E
:1022D000D2F80034DB07FBD5074803F017FE0020D7
:1022E000DCE7795901F06AFF0435ECE78C5602000F
:1022F000740E0200C8560200583C002000900350A3
:10230000F0B5406801F01F04057B87B044EA45142E
:102310000569002D63D0B2F5001F00F1100506D14C
:10232000214628460CF077FC002007B0F0BD0027BE
:10233000B2F5800F01AE0197776039D1B3F1007F1C
:1023400014BF052304238DF804300023CDE9046372
:102350000393836823FA01F111F001011AD1B2F15C
:10236000A07F17D104F01F03620903F180032AD074
:10237000012A3AD11E4A52F82330DB070AD40DF164
:10238000030632462146284601F0EEFC194B9842DE
:102390001BD002962146284603AA01F0A1FB164B4A
:1023A00098421FD101222146284601F043FDBBE798
:1023B000B3F1C06F05D0B3F1007F14BF0123022336
:1023C000C1E70323BFE70D4AD5E73146284601F0B0
:1023D0002BFD094B9842DCD06FF00B00A5E76FF0A6
:1023E0008500A2E76FF015009FE751F82330FFDE6C
:1023F000002884500400AD0B0000AD0B0025845074
:1024000038B545682B69B3B11035284601F0FCFC9E
:10241000044680B90146284601F0C0FC084B9842AA
:102420000BD122462846074901F098FC2246052197
:102430000D20F4F75BFB002038BD6FF00400FBE7D4
:102440000000AD0B492401004209034670B502D0DB
:10245000012A17D070BD0D4E326951680029F9D09C
:10246000012503F01F030C689D400029F2D08A6803
:102470002A4002D030464B6898472CB12368214649
:102480001C46F2E7024EE7E72346F8E7140A02008B
:10249000000A02002DE9F04340F206354668D006F6
:1024A00048BF0320337B02EA050558BFC2F3401042
:1024B00087B001F01F07B5F5837F144647EA43173D
:1024C0008DF8030043D00FD8062D18D007D8B5B12A
:1024D000022D3ED06FF0150007B0BDE8F083B5F5D2
:1024E000807FF7D101250AE040F20222954232D0E6
:1024F000B5F5407F31D0B5F5007FEBD10225220341
:102500002DD5012372688B409360326982BB07F03E
:102510001F037F092AD0012F77D13E4A02EB8302A5
:1025200084F48033D2F80012C3F30043C4F3404470
:1025300044EA430421F4706144EA800421F00F016D
:1025400044EA05230B43C2F800320020C4E7072504
:10255000D5E70425D3E70525D1E70325CFE76303B6
:1025600041BF012372688B40D360CEE72A4AD5E78A
:102570001036394630460DF1020201F0F5FB14F435
:10258000403F80460CD1394630460CF042FB234B8D
:102590009845DAD130469DF8021001F03FFCD4E7AF
:1025A0004FF0000901AB3946304603AACDE90439A2
:1025B000CDE90199CDF80C9001F092FA174B9842B1
:1025C00088D114F4003315D09DF8033084F480349E
:1025D000C4F300448DF80E3039464B46304603AA0A
:1025E0008DF80C508DF80D4001F036FB0B4B9842E6
:1025F000CDD06FE7CDE9043339460DF10303304602
:1026000003AA039301F06CFAF0E7803352F8233009
:10261000FFDE00BF00288450002584500000AD0B71
:1026200008B5CA0743681BD4C1F3420102290AD086
:1026300003290CD001290ED14FF0CC721B68002069
:10264000C3F8242508BD4FF0C8621B68F7E74FF0B8
:102650007F621B68F3E70121034A044807F0A4FEE8
:102660006FF01500EEE700BF235702008C0E02004A
:10267000F8B5446800AFE369054606699847206AE3
:102680000CF0B1F800281FDB33462046124A04F153
:10269000080102F071F9114B984217D06C4688B0CE
:1026A0002B686A460E49C2E905134FF40073938301
:1026B0000C4B42F8103F0C4800234FF4E251F1F765
:1026C0009FFE6FF00400A546BD46F8BD204602F00F
:1026D000AFF90020F8E700BF292701000000AD0B8B
:1026E00035570200030000018C0E020070B54468EB
:1026F00023682046D3F80855D3F80C6502F0A8F9F2
:102700003146284602F040FC0546206A0CF06BF882
:10271000204602F08DF9034B9D4214BF6FF00F006D
:10272000002070BD0000AD0B0378012B08D0022BF8
:1027300008D04BB9054B0B6301F1180003F0E6BB61
:10274000034BF8E7034BF6E7034BF4E70000AD0B50
:102750000100AE0B0200AE0B0100AD0B2DE9F04FF6
:102760008DB002AF7A6014221D46D0F804B0D0F8C4
:102770001080BBF8183006460C46B8180021D8F86F
:1027800034A0BB600DF084FE7D754FF0FF324FF03A
:10279000FF33404603F0E0FB08F11803FB604FF005
:1027A000000900220023F86803F0D6FB4D467B6841
:1027B000994501D300243FE0207A020700F1AB8065
:1027C0007B6809F101099945D4F800E00AD2830732
:1027D00008D4237D80EA030202F0010203F004031F
:1027E0001A4307D025B90EF06043B3F1005F36D02D
:1027F000002300E001236268B96805EB020C8C45F8
:102800001ED96C468CB0316802ABDA61BA684348B5
:10281000C3E9082140F203521A851A46C3E90505A7
:102820003F4B42F8103F00234FF451513D48F1F720
:10283000E7FDA5466FF01B04404603F067FB23E06D
:10284000C10706D471460AEB05003B600DF0F9FDA7
:102850003B6862682A4495B2002B47D1CDB9002568
:1028600023683B626368227ABB6102F0010139751B
:10287000BBF82410994210D22B4A0091294801211B
:1028800007F0A5FD6FF01B0420462C37BD46BDE8C0
:10289000F08F2B46C7F820A0E5E782F00202C2F3D2
:1028A00040025846520107F1140102F0EFF81F4BA5
:1028B000984205D00B3398420CD16FF00F04BBE760
:1028C0004FF480420023F86803F046FB28B13046FD
:1028D000FFF70CFF6FF00404AEE7D8F83030134A6E
:1028E0009342F7D1237ADB0702D400250C345EE74C
:1028F0003B6A9A45F9D1234608E0A91AD8688DB2F7
:102900001AFA81F13B600DF09CFD3B685A680C3B64
:102910009542F2D2E9E76FF085048DE75557020042
:10292000060000018C0E0200205802000000AD0BD2
:1029300010B504460269A2B0C2F880001F49002009
:1029400001F0A0FB002201212A20F4F7CFF86468EF
:102950008422002101A80DF09BFD6368B3F5803F40
:1029600004D30221164A174807F01EFD2368B3F569
:10297000803F04D30221144A124807F015FD0023BA
:102980000120219301AA61680432D940C90744BFDC
:1029900000FA03F142F8041C2168D940C90748BF76
:1029A00000FA03F103F1010348BFD163102BEAD110
:1029B00001A801F07FFB002022B010BDA52A010074
:1029C0007E580200C40E0200AA58020038B50F2932
:1029D0000C4605693CD843681B68CB40DB0737D5FC
:1029E000D5F88430CB4003F001031AB9EBB96FF08E
:1029F00077002CE0002BFAD155F8213023B90221C1
:102A0000154A164807F0D0FCD5F8843013B92A20AF
:102A1000F4F73CF80122D5F88430A2401343C5F8FE
:102A20008430E0B201F066FB0AE0C8B201F06AFB54
:102A30000122D5F88430A24023EA0203C5F884308D
:102A4000D5F8843013B92A20F4F72EF8002038BDC9
:102A50006FF01500FBE700BFD6580200C40E02005D
:102A600038B505460C4622B102210C4A0C4807F045
:102A70009BFC0F2C0ED86B685B68E340DB0709D525
:102A800001230020A400E4B204F1A04404F528349A
:102A9000236038BD6FF01500FBE700BF0659020048
:102AA000C40E020070B5D1F880600F2804460D46B0
:102AB000736803D81B68C340DA0704D402210E4AA6
:102AC0000E4807F071FCD5F88430E340DB0704D4EE
:102AD00002210B4A094807F067FC05EB840255F810
:102AE00024503DB121463046AC46BDE8704000233D
:102AF000126C604770BD00BF21590200C40E020075
:102B00003D590200036803F01F025B09026004D014
:102B1000012B034818BF002070470248704700BFD0
:102B200000288450002584502DE9F04F1546824638
:102B3000DFF88C81DFF88C9185B000EB8101514585
:102B400003D1002005B0BDE8F08FDAF80030C3F300
:102B50004322082A03F07F0400F2AC807F2C4FEA66
:102B6000134308BF4FF0FF3418F80270222B00F215
:102B7000A480DFE803F012191F22252B22A2A2A2B3
:102B8000A23B67A2A2A2A2A2A2A2A2A26A7F82855F
:102B9000A2A2A288909396999C00C5F80C45601C4F
:102BA0005DD10AF1040ACAE7C5F81445621CF8D0E1
:102BB00000265DE0C5F80845F1E7C5F81045F5E7E2
:102BC000631CC5F80845ECD0002604E0661CC5F877
:102BD0000C45E6D001264FF0010B03A80394FFF744
:102BE00091FF039B0BFA03F3C36008E0C5F80845A7
:102BF000002FDBD1631CD4D000260627B346DAF8B9
:102C0000003003A803F40052002A1CBF01264FF035
:102C1000000B01930394FFF775FF039A019B00EBF0
:102C20008200D0F80022C3F3C1143B0243EA8403BC
:102C300043EA0B0302EA0902134343EA4603C0F8DE
:102C40000032AEE7C5F80C45D2E7C5F86045601C18
:102C5000DAF80030A5D0C3F38033002BBAD00126B8
:102C600003A80394FFF74EFF039B06FA03F3836068
:102C7000B346C4E7C5F86445E9E7C5F86845E6E743
:102C8000C5F86C45E3E7C5F82445621C89D00126E8
:102C90004FF0000BB3E7C5F8284580E7C5F830458D
:102CA000F3E7C5F83445F0E7C5F83845EDE7C5F872
:102CB0003C4574E76FF0150044E76FF0850041E78D
:102CC00073590200F0F0FCFF2DE9F74306464FF080
:102CD0000008002201210820F3F708FF0820F3F77D
:102CE000D5FE776835693C684146C4F800852E609A
:102CF000D7F80C9001AA48460BF097FD00283FDB5F
:102D0000019BD9F8002019791868FFF70DFF0028FA
:102D100036DB6B7AD6F810C0012B03D0032B2DD1F4
:102D20004FF01008AB7A032B28D195F80BE0BEF1D9
:102D3000000F02D0BEF1010F20D1297A012922D043
:102D4000022924D0D1B90A466B687068B3F5164FD2
:102D5000006800F0898037D8B3F5165F00F08780EF
:102D60001FD8B3F5966F00F0848012D8B3F5967F24
:102D700000F08280B3F5167F00F081806FF085004F
:102D800003B0BDE8F0834FF480720E21DCE700222F
:102D9000FBE7B3F5166F75D0B3F5965FEED15E4BDA
:102DA0003EE0B3F5E14F70D007D8B3F5615F6ED068
:102DB000B3F5964FE2D1594B32E047F612294B4515
:102DC000DCD14FF400032BE0B3F5613F61D013D8A1
:102DD000B3F5963F60D009D84DF6C0294B455DD07C
:102DE000B3F5614FCAD14FF46B0319E0B3F5E13F7E
:102DF000C4D14FF0EB7313E0B3F5612F51D009D874
:102E0000DFF838914B454FD0B3F5E12FB6D14FF0F5
:102E1000E86305E0DFF828914B45AFD14FF08053D0
:102E2000C0F82435736848EA01081B6842EA0E02BC
:102E300042EA0802C3F86C250CF10403D5E901014C
:102E400083E803007B6899073DD505F1180000F081
:102E500019FD334B98422AD032480121324A07F0FB
:102E6000A3FA6FF004008BE74FF41D03D8E72F4B54
:102E7000D6E74FF49E23D3E74FF4A033D0E74FF4C7
:102E80001C33CDE74FF41D23CAE7294BC8E7294B74
:102E9000C6E74FF06C73C3E7274BC1E74FF46503F8
:102EA000BEE74FF07063BBE74FF08063B8E7287E62
:102EB00004F10C0204F590710BF06BFD01202B7EE8
:102EC000984000F0EBFB0823C4F800353B7A53B977
:102ED000C4F81031D4F810316B69C4F834350123CB
:102EE000C4F8383523607B6800209A075CBF4FF434
:102EF0008073C4F804337B68DB0644BF4FF480035F
:102F0000C4F804332B69C4F844350123C4F84805D8
:102F1000A360E36034E700BF00B0130000A04E00E0
:102F20000000AD0B140F02007C5902000050270076
:102F300000C0750000F03A0000903A0190D0030004
:102F400040420F00F8B504460D4607690CF032FD0B
:102F5000B0B92E4B1B789BB1642660680BF093FCD4
:102F600000BB01200BF009FD013EF6D1002121201C
:102F700003F0B4FCF0E786F31188BFF36F8FF5E739
:102F80004FF02003EFF3118683F31288BFF36F8FA6
:102F9000606831460BF077FC90B986F31188BFF377
:102FA0006F8FEDE74FF02003EFF3118683F3128864
:102FB000BFF36F8F606831460BF065FC0028DAD0F4
:102FC0003B691D70626838691368C3F844050120C5
:102FD000C3F848050020C3F82001D3F82051C3F8F6
:102FE00058015268D3F85801D20608D50820626803
:102FF0001268C2F800054FF48002C3F804230122CE
:103000009A6081F31188BFF36F8FF8BD495100209A
:103010000123834070B5DC430B4AD2E8EF1F01EA7D
:103020000405C2E8E65F002EF7D14FF480328240FB
:103030000648C0F80823BFF35F8FBFF36F8F0B42C2
:1030400014BF0120002070BD183D00200050015029
:1030500070B40E4922F07F46D1E90034D01AC3186B
:1030600044F10004C1E90034A6F50013B3F5400FA4
:1030700009D2074B1B681A0A1B069C19054B42F123
:103080000005C3E9004570BC03F030BD782900207D
:103090001C3D002080290020D9B101230D4A834026
:1030A000D2E8EFCF4CEA030CC2E8E1CF0029F7D118
:1030B0004FF48033084A8340C2F80433074BD3E807
:1030C000AF3FC340DB0742BF4FF40012044BC3F8CD
:1030D00000217047183D002000500150103D002095
:1030E00000E100E0C3B202489B001844704700BFF3
:1030F00040510150024B00F5A87053F82000704772
:10310000005001500D4B1868010A0006BFF35F8F95
:103110000B4BD3F80435181841F10001B3F5801FAB
:103120000AD2084BD3E90023904271EB030303D288
:1031300010F1807041F10001704700BF1C3D00207C
:1031400000500150802900202DE9F04F85B016462F
:103150001F4604469DF840A0FFF75AFF0190FFF775
:10316000D1FFB04271EB070352D23B4B301A67EBF1
:103170000101984271F100014DD2384B03EB041369
:10318000D3E902239F4208BF964258D04FF48038BB
:10319000334908FA04F8204626F07F4BC1F84883EB
:1031A0000BF0BAFB4FF00309584604F15005AD008F
:1031B000ADB205F1502504F5A87305F580350293ED
:1031C000029A20F07F4341F82230C1F84483D1F8BD
:1031D0000435244AC01A033820F07F4090422ED98B
:1031E000286868B1D1F80435A3EB0B0020F07F40CC
:1031F000B0F5000F039322D920460BF08DFB039B03
:10320000BAF1000F07D109EB030009F10109D7E773
:10321000BAF1000F09D06FF0150520460199FFF7AC
:103220003BFF284605B0BDE8F08F01230E4AA340BE
:10323000D2E8EF0F1843C2E8E10F0029F8D107499F
:103240000E982301C8500F9B01EB04120025C2E920
:1032500002675360E1E700BF0100800058290020A9
:1032600000500150FDFF7F00103D00207FB500257C
:103270004FF0FF304FF0FF314FF480321C4C1D4BAC
:103280000226C4F80833C4F848331B4BC4F8085569
:10329000C3E90201C4F80423C3E906014FF4003373
:1032A0004FF40012C4F80433144B0121C4F8046332
:1032B0001520C3F880212A46F3F718FC1520F3F7F0
:1032C000E5FB01230322A36023600D4B28461A600F
:1032D0000C4B0D4A1E600D4BCDE9015500930023A8
:1032E000FFF732FF3046FEF72FFB284604B070BDD3
:1032F0000050015003000F005829002000E100E0B9
:10330000183D0020143D0020FFFF7F0051300100D8
:1033100070B501240C4B186890B1B0FA80F0C0F180
:103320001F0004FA00F1C943D3E8EF2F02EA0105B8
:10333000C3E8E65F002EF7D1C240D207EBD570BDDF
:103340006FF00B00FBE700BF143D00200123054A8E
:103350008340D2E8EF0F1843C2E8E10F0029F8D10B
:10336000704700BF143D002030B5431C124C85B09F
:1033700005D08442A8BF0446012CB8BF0124FFF742
:10338000C1FE0E4B0C4DD3E90013401AB0F5000FEF
:103390000FD22218AA4228BF2A46002052180849F4
:1033A000CDE90100009143F10003FFF7CDFE05B028
:1033B00030BD2A46F1E700BFFFFF7F0078290020DB
:1033C0005130010008B5FFF79DFE024B1B68C01A83
:1033D00008BD00BF78290020012310B5074C152037
:1033E0006360F3F761FB4FF40012054BC4F8083338
:1033F000C4F84833034BC3F8802110BD005001507E
:1034000003000F0000E100E008B5F0F715FF0448E5
:103410000121044A06F0C8FF0020F3F75DFA00BF5F
:103420006C0E0200B55902004FF47F03D3F830212F
:10343000D3F83431072A05D1023B032B02D8024AC4
:10344000D05C704700207047DA59020008B5FFF7DA
:10345000EBFF58B1694BD3F8202A3AB90D21C3F8D4
:10346000201A0121C3F81C19C3F81C290022D3001B
:1034700003F57F03D3F80013013107D0D3F800130D
:103480000132D3F80433202A0B60F0D1FFF7CCFFD0
:10349000002840F0AA80FFF7C7FF40B1584B594AB7
:1034A000C3F830254FF050230122C3F858254FF4BC
:1034B0007F03D3F83021D3F83431072A09D1023BF6
:1034C000032B06D8504AD35C1BB100224F4BC3F8E4
:1034D0004C25FFF7A9FF50B14FF05023D3F800243B
:1034E000D10742BF0022C3F81421C3F818214FF4BA
:1034F0007F03D3F83021D3F83431072A09D14FF0B4
:103500005023D3F80024D20744BF6FF00102C3F860
:103510000024FFF789FF18B16522384BC3F80C2748
:103520004FF47F03D3F83021D3F83431072A16D172
:10353000364BD3F82034002B11DA4FF050230322FE
:10354000C3F8182501229A60D3F80421002AFBD081
:103550000022C3F804210122DA60C3F818254FF4D1
:103560007F03D3F83021D3F83431072A23D1023B2B
:10357000032B02D8264AD35CEBB17E221F4B204995
:10358000C3F80C27C3F83C297F23224AC2F818311C
:103590000023C1F8043EC1F8083E01F54821C1F8F6
:1035A0001031C2F82431C2F82C3102F5FF1202F5B5
:1035B0008052C2F8A032184B1849D3F88C2042F43C
:1035C0004062C3F88C200868154AC2F84405C969EE
:1035D000C2F84C15D3F8882042F47002C3F8882052
:1035E000BFF34F8FBFF36F8F08BD2922034BC3F882
:1035F0000C270322C3F83C274DE700BF00400050D2
:10360000009003504400EFBED65902000020035042
:10361000D25902000020005000ED00E00080FF00C1
:103620000060005030B50468ACB1B4FA84F30122F4
:10363000C3F11F03DBB29A4024EA0202D0E8EF5F35
:10364000A54204D1C0E8EC2FBCF1000FF6D1EAD1BD
:1036500002480B7030BD0248FCE700BF0000AD0B14
:103660000200AD0B10B50368CB40DB0710D401237B
:103670008B40026843EA0201D0E8EF4F944204D144
:10368000C0E8EC1FBCF1000FF6D1F2D1014810BD2B
:103690000148FCE70000AD0B0400AD0B014BC3F883
:1036A0000405704700700150014BC3F808057047CE
:1036B00000700150044B1A7922B9012218601A7166
:1036C0000248704702487047203D00200000AD0BC3
:1036D0000C00AD0B08B50A4B1B6833B10520F3F79E
:1036E000F7F910B90520F3F7D1F94FF05023012273
:1036F000C3F81825C3F81425C3F8802508BD00BFFA
:10370000203D002010B5032845D8DFE800F018025E
:10371000554F00224FF480730121002003F1502304
:1037200018601C68012402F150221460284A1268B3
:10373000002A47D04FF05023C3F804132BE04FF07A
:103740005023D3F81814D3F81824C90312D502F063
:103750000303022B05D0012B02D000200BF02AF925
:1037600001234FF050220221C2F8183508224FF4ED
:103770008273D2E7D3F81424D207F1D5D3F81C24EE
:1037800002F00302013A012AE7D8114A12681AB17D
:103790000222C3F8042310BDD3F80421002AFBD071
:1037A0000022C3F80421D3F80431F4E718224FF4BF
:1037B00090734FF48071B0E720224FF492734FF46E
:1037C0000071AAE71A68002AFCD018601B68E2E7BB
:1037D000203D00204FF0502310B5D3F8002152B106
:1037E0000020C3F80001D3F800210122C3F8082308
:1037F000234B1B6898474FF05023D3F8042182B124
:103800000022C3F80421D3F80421D3F81824D3F8F4
:103810001824022102F00302012A28D1C3F8181546
:103820009A604FF05023D3F8202162B10022C3F8F0
:103830002021D3F820214FF48072C3F80823104BC5
:1038400005201B6898474FF05023D3F82421AAB1D4
:103850000022C3F82421D3F824214FF40072C3F8C6
:103860000823074B0620BDE810401B681847C3F823
:103870000813034B01201B689847D2E710BD00BF17
:10388000203D002001460148FFF7CCBE3007002054
:103890000123044A83400146C2F808350248FFF775
:1038A000E1BE00BF0070015030070020036803F044
:1038B0001F025B09026004D0012B034818BF0020DF
:1038C00070470248704700BF00288450002584508C
:1038D000034A4309D35C00F01F001844C0B270478C
:1038E000DE59020070B50546FFF7F2FF0C4C0830B8
:1038F00034F810300E46DA0508D5C3F3432304EB41
:10390000C302284654F8333052689847A3682BB155
:1039100031462846E268BDE87040184770BD00BFD8
:103920003407002008B5FFF7D3FF034B083033F806
:103930001000400B08BD00BF3407002008B5FFF79A
:10394000C7FF034B083033F81000C0F3400008BD38
:103950003407002008B5FFF7BBFF034B083033F8EE
:103960001000C0F3401008BD34070020034611F0DA
:10397000010010B5CCB20BD1A207C4F340000DD5A5
:10398000074A106A58601062003818BF012005E02D
:1039900004490A6A1A600A62002AEDD010BD00BF0D
:1039A000002884500025845010B5FFF791FF124A7B
:1039B000083032F81030D9051CD5C3F3432123F465
:1039C000F85322F81030002002F10E0434F8023FC0
:1039D00013F4807F03D0C3F3432399420AD001300C
:1039E0003028F3D1002342F831300448BDE81040BC
:1039F000FFF738BE10BD00BF34070020AC07002021
:103A0000F0B5054600200126044607468C420BD13E
:103A1000114BD3F87C2132B10022C3F87C21D3F8BA
:103A20007C3140F00040F0BDE3B29B0003F58072B2
:103A30009B0806FA03F31D420BD002F1A04202F5E7
:103A40005042D2F800C0BCF1000F02D017601268DB
:103A500018430134DAE700BF00D00050F7B506463E
:103A60000846FFF735FF1A4F00F1080537F8153003
:103A70000C46DB072AD530460BF0A7F82046FFF7A7
:103A800069FF58B12046FFF74DFF0022316800B2B0
:103A900001EB8003C3F81025C3F810252046FFF77B
:103AA00083FF002301A827F815300194FFF7FEFEDD
:103AB000019B00EB8300D0F80022064B134043F03B
:103AC0000203C0F80032044803B0F0BD0348FBE72E
:103AD00034070020F0F0FCFF0000AD0B0400AD0B3C
:103AE0002DE9F0431646804685B00846FFF7F0FE04
:103AF0000D463168044609B32846FFF71FFF18B189
:103B00002846FFF727FF10BB00230DF10F02CDE978
:103B100000338DF80E308DF80F3028460B460DF12E
:103B20000E010AF0FAFF484A04F1080132F8113098
:103B300023F0020343F0010322F8113073687BB3D2
:103B400028461F785968FFF7F9FE10B1E9B13F48E0
:103B500029E03D4A04F1080032F8103023F0200338
:103B6000DB04DB0C22F8103079B1032FEFD8716839
:103B7000D1F804E0D8F800109EF800C001EB8C01E9
:103B8000A7B9C1F81075C1F810752F4A04F10801E2
:103B900032F8113023F01C0343EA870322F8113076
:103BA000B3683BBB2A4805B0BDE8F083D1F810E507
:103BB00043EA4C332EF0030EC1F810E5D8F800109C
:103BC00043F0200301EB8C0EDEF8101522F81030C4
:103BD00021F44F3121F44071CEF810152902DEF89E
:103BE000108501F47C5141EA074141EA0801CEF811
:103BF0001015CAE72846D3E90067FFF7D5FE002E67
:103C0000D0D0114DD5E90023964203D19F4201D176
:103C1000002209E00F480DF10F01FFF703FD0C4BE7
:103C20009842C0D19DF80F2005EBC20308345F60B5
:103C300035F8143045F8326043EA422343F4807388
:103C400025F81430AEE700BF340700200400AD0BA8
:103C50000000AD0BAC0700202DE9F0430C46804678
:103C600085B0204611461D46FFF732FE064629B3B1
:103C70002046FFF763FE18B92046FFF76BFE18BB1E
:103C8000334F06F1080937F8193013F01C0F02D032
:103C90004B78012B18D001238DF80F3000234A1CDC
:103CA000CDE9001320468B1C0DF10F010AF035FF02
:103CB00037F8193043F0030327F81930002D44D0AA
:103CC0002046FFF73BFE18B9224805B0BDE8F08357
:103CD000002295F800C0D8F800301D4F03EB8C038C
:103CE000C3F81025C3F8102506F1080237F81210A2
:103CF0004FEA8C0E21F02001C904C90C27F81210DC
:103D00006E7816B3D8F80000AD787044D0F810354E
:103D1000360423F4991323F4F853C0F81035230222
:103D200003F47C5306F440362D05D0F810E53343F8
:103D300005F480152B4341EA4C3143EA0E0341F070
:103D40002001C0F8103527F812100348BDE700BF66
:103D5000340700200400AD0B0000AD0B014BC3E99C
:103D6000021270473407002010B508461446FFF7CA
:103D7000F1FD50B10846FFF7ABFD054B083033F8B5
:103D8000103004485B0B237010BD0348FCE700BFF4
:103D9000340700200000AD0B0400AD0B70B5174ECA
:103DA000054696F880403CBB2146602206F1100093
:103DB0000CF06EFB21462D68306F884212D1002333
:103DC00045F30730C5F87C31D5F87C31F2F75EFE5B
:103DD0004FF00043C5F804330123094886F88030CA
:103DE000B36770BDCBB29B0003F580727C2B04BF20
:103DF000AC50AB580131E0E70248F2E7340700204D
:103E00000000AD0B0C00AD0B034B93F880000038A5
:103E100018BF0120704700BF340700200148FFF79A
:103E200021BC00BFA80700200148FFF7FBBB00BF73
:103E3000A807002073B5054608460C461646FFF74E
:103E400089FD00B30846FFF779FD0146D8B9204641
:103E5000FFF768FD04B2A4000346286804F58072E9
:103E60008150296882582144D1F8102542F001027E
:103E7000C1F810252EB10122296802FA03F3C1F816
:103E8000043302B070BD2046FFF722FD0E4B083010
:103E900033F81030C3F38203042B11D0052B11D05B
:103EA00001A80194FFF702FD019A0369D34003F0D2
:103EB0000103991C204602B0BDE870400AF076BEAE
:103EC0000321F7E70221F5E7340700202DE9F04F41
:103ED000684BDFF8AC81D3F80403D8F87010C0B297
:103EE00089B040F00040FFF78BFD051E2FDAC24677
:103EF00000235AF87C1F06A8CDE90633FFF736FDEC
:103F00004FF0000B5C4B0DF118090193019A12F868
:103F1000013B0192DA081AF8022003F0070322FAA3
:103F200003F3DA071CD409F10409BBF1000F14D024
:103F3000D8F870104FF00040FFF762FDD8F87C1001
:103F400006A8FFF713FD0028DAD125F0004501246B
:103F5000002D76D109B0BDE8F08F4FF0010BD5E709
:103F6000464B5B440293D9F800100029DBD091FA4C
:103F7000A1F1B1FA81F1029B1C7841EA4414204678
:103F8000FFF7A6FC083038F81070C808BB08039388
:103F9000012319F8002001F0070103FA01F122EAD8
:103FA000010209F8002005A80594FFF77FFC059A97
:103FB000039B803250F82220C7F382065B07374606
:103FC000C2F3014222D520463946D6B2FFF78AFC19
:103FD00005A80594FFF76AFC059B803350F8233051
:103FE000C3F301439E4207D1002120460AF0DEFDC3
:103FF000314620460AF0DAFD05A80594FFF756FC85
:104000000122059B02FA03F30362ACE7022A0CD1FA
:10401000032120460AF0CAFD06F00503012BEBD16F
:1040200039462046FFF75EFCE6E702212046039270
:104030000AF0BCFD032EF3D0039A032ADCD1022E32
:10404000EDE795FAA5F3B3FA83F304FA03F29B00C4
:1040500003F1A04303F55043D3F81005D3F810152E
:10406000C0F30520C1F3014125EA0205FFF73AFC40
:104070006EE700BF00D00050EE590200EE5902007A
:104080003407002070B5084C0E462379154643B915
:104090002A20F2F7FBFC0123044823712660A56067
:1040A00070BD0348FCE700BF283D00200000AD0BB9
:1040B0000C00AD0B002330B50D4A50F8234003F53A
:1040C000A2710133102B42F82140F6D10023084A97
:1040D00000F13C0103F5B27451F8045F0133102B79
:1040E00042F82450F6D1D0F88030C2F8043330BD05
:1040F00000A002500123024A8340C2F804337047F3
:1041000000A002500123024A8340C2F808337047DE
:1041100000A00250F8B5012600270B4B0B4DD3F839
:104120000C4304B9F8BD94FAA4F0B0FA80F006FA92
:1041300000F324EA0304064B82009F502B68002BF7
:10414000EFD0A9689847ECE700A00250283D002076
:1041500000A102500022034BC3F88425C3F80425B4
:10416000704700BF00900350044AD2F80034DB07C8
:10417000FBD50160BFF35F8F704700BF0090035015
:1041800008B5C0F30B0383B90222094BC3F8842599
:10419000C3F804254FF0FF320260D3F80024D207A1
:1041A000FBD5FFF7D7FF034808BD0348FCE700BF76
:1041B000009003500000AD0B0A00AD0B012208B5C2
:1041C000054BC3F88425C3F80425FFF7CDFFBDE8F0
:1041D0000840FFF7BFBF00BF00900350002201213D
:1041E000054B83F83820054BC3F808131961C3F851
:1041F0000025C3F800217047343D002000B0025074
:1042000070B5104D6C6B9CB14FF47A735C430A230C
:10421000B4FBF3F40C4ED6F8003163B995F839309D
:104220004BB90A200AF0A9FB013CF4D1074870BD44
:104230004CF25034EEE795F83930002BF6D10448B3
:10424000F5E700BF343D002000B002500700AD0B81
:104250000000AD0B10B500220124084BC3F8004547
:10426000C3F800211C6038B1FFF7CAFF044B984225
:1042700003D1044B83F83840014810BD00B0025010
:104280000000AD0B343D002070B500F06044B4F187
:10429000005F5CD184075AD12F4C94F83050012D27
:1042A00005D09D4255D194F83850002D51D00026AC
:1042B0002A4D022B0BBFC5F81025C5F80425C5F8FB
:1042C0001405C5F808050CBFC5F81815C5F80C1578
:1042D00084F8396026680CBF08250425BEB994F817
:1042E00038306BB100221D4B05F1A045C3F8002109
:1042F000012305F52C352B60BDE87040FFF780BF2A
:104300000120FFF7A7FF164B9842EBD170BDA668BE
:1043100026B1E0606161E2611248F7E784F830306D
:104320000123A2610D4AA0602161C2F80061C2F8B8
:10433000043394F8382002F0FF0012B9FFF78AFF27
:10434000EAE705F1A04505F52C352B60E4E70648C2
:10435000DCE70648DAE700BF343D002000B0025039
:104360000700AD0B0000AD0B0A00AD0B0B00AD0B51
:10437000084B9A685A621A699A629A69DA62DA682C
:104380009A6032B15A691A61DA699A610022DA6078
:1043900070477047343D002000F01F0340090FD0E4
:1043A00001280FD10A4A02EB8302D2F80002094B1E
:1043B000034043EA012343F00203C2F8003270478E
:1043C000054AF0E70022803352F82330FFDE00BFB9
:1043D00000288450F0F0FCFF0025845010B50E4BEF
:1043E0000238D3F83C26D3F83836072813D8DFE84C
:1043F00000F0110F0D0B0A080604100EC871100C06
:104400008871100A48710A711A0ECA701A0C8A70E3
:104410001A0A4A700B7010BD00B00250023807280B
:104420001FD8DFE800F02927251123211F04CB79AD
:104430001B068A7943EA02434A7943EA02230A794E
:1044400013430E4AC2F83C36CB781B068A7843EAFF
:1044500002434A7843EA02230A781343074AC2F820
:10446000383670470023E4E70023E5E70023E6E75A
:104470000023EBE70023ECE70023EDE700B0025058
:104480000268154BFF2A08BF4FF0FF32C3F82425FE
:104490004268FF2A08BF4FF0FF32C3F82825826820
:1044A000FF2A08BF4FF0FF32C3F83025C268FF2A49
:1044B00008BF4FF0FF32C3F834250269FF2A08BF56
:1044C0004FF0FF32C3F838254269FF2A08BF4FF08A
:1044D000FF32C3F83C25704700B0025030B5194D8B
:1044E0008DB006AC0FCD0FC495E8030084E803003F
:1044F000154906A8D1F82435DBB20093D1F8283548
:10450000DBB20193D1F83035DBB20293D1F8343508
:10451000DBB20393D1F83835DBB20493D1F83C35E4
:10452000DBB20593FFF7ACFF0023C1F80031012394
:104530000B60D1F80031002BFBD06846FFF7A0FFDD
:104540000DB030BD2410020000B0025070B590F8DC
:10455000293004461BB190F82A20002A3CD160681B
:10456000FF2800F08580A168FF2900F08180E268C3
:10457000FF2A7DD025690E2D7AD1112878D11229F4
:1045800076D10D2A74D16269FF2A01D00F2A6FD12A
:10459000A269FF2A01D0102A6AD1BBB903211120D8
:1045A000FFF7FAFEA068FFF7F7FEE068FFF7F4FEFA
:1045B0002069FFF7F1FE6069FF2801D0FFF7ECFEEC
:1045C000A069FF2802D00321FFF7E6FE94F82A3005
:1045D00013B9201DFFF754FF636A264E264D7363FF
:1045E00094F8293086F83A300123C5F80833FFF7EC
:1045F00075FF2368C5F84035A37F617F227F9B014B
:1046000043EAC1031343E27F43EAC213C5F84435CA
:1046100094F82320D5F844352ABB43F44033C5F839
:1046200044354FF4C063C5F84036D5F8002694F8F9
:10463000203022F07F4222F0FF02134394F8212021
:1046400043EA026394F8222043EA426394F8232069
:1046500043EA0273C5F80036336813B12B20F2F732
:1046600015FA064870BD23F4003343F48033D6E7CF
:104670000348F7E7343D002000B002500000AD0BC6
:104680000400AD0B38B50C4C94F8305095B9C4E922
:10469000001248B900230122C4E90233074884F814
:1046A000302084F8383038BDFFF750FF034B984274
:1046B000F9D1EFE70248F6E7343D00200000AD0BEA
:1046C0000C00AD0B2DE9F843DFF8A090074699F8F0
:1046D00030008846012814463DD199F838301F4EE5
:1046E0006BB301231E4DC5F80833FFF7F7FEB8F191
:1046F000000F2BD14FF0000889F83980C5F80081F0
:10470000BB787A781B0343EA02233A781343FA789A
:1047100043EA42333A7943EA82337A7943EAC2334D
:10472000C5F83436FFF76CFDB0420CD0C5F80081F7
:104730001CB121467878FFF751FE0A4804E0FFF7E4
:1047400089FDB042CDD10548BDE8F883414678786F
:10475000FFF764FECEE70448F6E700BF0700AD0BA5
:1047600000B002500000AD0B0B00AD0B343D00203B
:10477000034B93F838300BB9FFF76CBD0148704715
:10478000343D00200C00AD0B08B5054B93F83030DC
:10479000012B03D1FFF722FD024808BD0248FCE7C8
:1047A000343D00200000AD0B0B00AD0B034B93F824
:1047B0003000003818BF0120704700BF343D002092
:1047C00038B511F0030539D11E4B1A68D2B193F8F0
:1047D0003040012C34D11C4AC2F81C150421C2F807
:1047E000200583F8395083F83010C2F80051C2F820
:1047F000044393F8383003F0FF00EBB9FFF72AFDCC
:10480000124818E0104CC4F81C15C4F8200583F8B1
:10481000392093F8383043B10023C4F80031012324
:10482000E360BDE83840FFF7EBBC0120FFF712FD65
:10483000074B9842F0D138BDD460E1E70548FAE76C
:104840000548F8E7343D002000B002500000AD0BF1
:104850000700AD0B0A00AD0B0B00AD0B10B5224BE2
:10486000D3F8002192B10022204CC3F8002194F823
:10487000381094F8302071B90121032A84F83810D7
:1048800005D0042A05D0022A00D1996010BD5960D4
:10489000FCE7D960FAE7032A19D0042A19D0022AC2
:1048A00004D1012384F82030FFF762FDA36813B917
:1048B000012384F8303094F8393003F0FF0013B945
:1048C000D4E900319847002384F82030DEE7022342
:1048D000E8E7032284F82020D3F81C256262D3F88D
:1048E000203584F82830E1E700B00250343D002044
:1048F00030B500F01F04400911D0012811D10B4838
:1049000000EB8400D0F80052094C1B0243EA8202FB
:104910002C4042EA41012143C0F8001230BD054855
:10492000EEE70023803453F82430FFDE0028845063
:10493000F0F0FCFF0025845010B4CC7B8A6803683B
:104940002CB9D1E90041C3F80845C3F80C15C3F8E8
:104950002425282203795343064AD35833B10068EB
:104960005DF8044B40F30730F2F790B85DF8044B64
:10497000704700BF703D00202DE9F843074690F8CE
:104980000490282000FB09F0254D0C462E1896F8BF
:10499000221000293FD1B1602A50736086F825109B
:1049A00086F824103CB394F80E8086F82780A3681C
:1049B000B3F17F6F2DD32368222B25D16368232B7E
:1049C0002BD10B26B8F1000F0BD133460322414601
:1049D0002068FFF78DFF3346032241466068FFF7EA
:1049E00087FF282303FB0953627B2146384683F85F
:1049F0002620FFF7A1FF282303FB095501230948BF
:104A000085F82230BDE8F883232B06D16368222B7A
:104A1000D6E70626D6E70448F4E70448F2E700BFE5
:104A2000703D00200000AD0B0C00AD0B0400AD0B81
:104A3000062103680279C3F800152821034B01FB06
:104A40000233022283F82220704700BF703D00200D
:104A5000282102790B4B01FB023300219960026887
:104A60000948C2F80803D2F8000220F4BC50C2F88A
:104A70000002C2F80015012283F8241083F82220D6
:104A8000704700BF703D002002029C012DE9F84FE5
:104A900028239046002290F80490AE4D046803FB52
:104AA000095383F823204B680E4633B1CB6803F0DB
:104AB0006043B3F1005F40F085813378023B012B06
:104AC00006D8336903F06043B3F1005F40F07A81A8
:104AD000A14BC4F80833282303FB095393F824108F
:104AE00001F0FF0239B19B68DFF878B2C4F80433F3
:104AF0005846BDE8F88F18F0140F0CBF01210021B3
:104B000083F82410317809EB890783F82010717835
:104B100005EBC70783F82110F168D9607168196146
:104B200031695961B168C3F81C809961C8F30011FB
:104B300083F825107378C4F88835C4F86021D4F858
:104B40006031C4F84821D4F84831C4F82421D4F89D
:104B50002431C4F80421D4F8043118F0010318BF3B
:104B60000123C4F8503518F0020318BF0123C4F81C
:104B700040353378032B00F2A480DFE803F0799905
:104B800062024FF48073C4F80032D7E90323C4F8FB
:104B90004425C4F848350123A3604FF48011204612
:104BA0000AF090F80028F8D1D7E90523C4F8442585
:104BB000C4F8483528234FF4802203FB09539A6038
:104BC000DFF8A4B1282202FB09F218F0080AAB585A
:104BD00005EB020013D13178032910D0012940F0F0
:104BE00086802160002B6FD0282202FB09F27168B9
:104BF000AA5821B9002A00F0BB8001226261282254
:104C000002FB09F2A918AA58002A00F0B18018F096
:104C1000040F1CBF00228A6018F0400F06D1282222
:104C200002FB0952916841F002019160282202FBC7
:104C30000952916841F4007191609268C4F80423AC
:104C400056E7D7E90323C4F84425C4F84835D7E923
:104C50000523C4F83425C4F838354FF48453C4F818
:104C60000032012323622823022203FB0953A6E713
:104C700018F0200FD7E90323C4F8442514BF4FF4DC
:104C800080724FF40072C4F848354FF0280315BF06
:104C9000C4F80022C4F800224FF48022022214BF7C
:104CA00003FB095303FB09539A600123236287E73F
:104CB000D7E90323C4F83425C4F838354FF48053BA
:104CC000CDE7DFF8A8B07DE7026902B96161234949
:104CD000DFF88CA0204609F0F5FF012210F4007FD8
:104CE00018BF626110EA0A0F1C49F3D07CE701216A
:104CF000A160002B7FF478AF006918B3184B1AEA53
:104D0000030F7FF471AF2046144909F0DBFF10F464
:104D1000007F8246F2D04FF08071204609F0D2FF2A
:104D2000D4F8001280B111F4007003D10122824640
:104D300022626261CB05E1D54FF48021204609F063
:104D4000C1FF04E06161D9E70122226262614FF094
:104D5000000AD3E7703D002002029C010202040019
:104D6000020004000B00AD0B0000AD0B0400AD0B06
:104D7000282101FB09550021D4F8C424C4F8C42417
:104D800085F824108AB11149114B12F0010F14BF9C
:104D90008B469B46013112F0020F18BF8B4612F072
:104DA000040F0C4A18BF9346A2E618F0400F7FF498
:104DB0009FAE3946204609F043FF054A002808BF48
:104DC000934695E6DFF810B092E600BF0000AE0B08
:104DD0000100AD0B0200AE0B0A00AD0B70B55D4DCE
:104DE000022186B0284609F06DFF4FF40071064697
:104DF000284609F067FF584CD8B1E6B9A3684FF0D0
:104E00008071C5F808330223A360A3682846C5F85B
:104E1000043309F057FF18B1D5F800329B0503D4CD
:104E200001224C4B1A625A61012384F8233006B0E8
:104E300070BD002E58D0E5696E060AD494F8233070
:104E40003BB94549434809F0FBFE80F0010084F876
:104E5000230015F0040525D13E4B94F82520C3F816
:104E60006051D3F86011C3F85C51D3F85C1112B1F2
:104E700094F823205AB10022C3F80022A260374AD6
:104E8000C3F808234FF40072354BC3F88021238CFC
:104E9000ADF80430E36804932369029363690593D2
:104EA000A36903932B4AD2F8C4349807C2F8C434D8
:104EB0004AD459074AD4DA074AD494F823309B00DD
:104EC000DBB28DF8003094F825300BB984F824302B
:104ED000E3695B0703D594F82330002BA7D0D4E90E
:104EE000003168469847A2E74FF48021284609F030
:104EF000E9FE94F82030ABB994F8253053B94FF45B
:104F00000072C5F80032A360144BC5F80833144B87
:104F1000C3F8802100238DF8043094F821308DF8F7
:104F20000530B7E74FF40073C5F8003240F20223B2
:104F3000A36003F1CE73C5F80833A368C5F8043342
:104F40000123AB602B6272E70123BAE70223B8E7C3
:104F50000323B6E700900050703D002002029C0140
:104F600000E100E0036803F01F025B09026004D067
:104F7000012B034818BF002070470248704700BF4C
:104F80000028845000258450F7B5064609F0C4FE79
:104F9000084609F0C1FE01A80196FFF7E3FF0C46A1
:104FA00040F20D61019B2B4D00EB8300D0F80032E5
:104FB00001942B400B43C0F8003201A8FFF7D2FF49
:104FC000019B012700EB8300D0F800322B400B43FC
:104FD000C0F80032042009F0D0FC092501A8019492
:104FE000FFF7C0FF019A0369D340DB0714D401A87F
:104FF0000196FFF7B7FF019B013D07FA03F3C3607A
:10500000042009F0BAFC304609F086FE042009F0BD
:10501000B4FC15F0FF05E1D101A80194FFF7A2FF50
:105020000123019A9340C360042009F0A6FC2046A6
:1050300009F072FE042009F0A0FC01A80194FFF71A
:1050400091FF019A03690448D34003F00103C01A99
:1050500003B0F0BDF0F0FCFF0100AD0B2DE9F04115
:105060000E4617460C4D55F8184FAC4203D16FF061
:105070001200BDE8F081314654F8440CA4F1440814
:10508000EBF7F0FD30B9C7F800804046BDE8F041CD
:1050900009F042BF2468E8E7983D002010B5D0E948
:1050A00009124A60416A00F124031160C0E9093322
:1050B0004368044603B19847054B1A78062A05D978
:1050C0005B681BB10720226802499847002010BD89
:1050D000983D0020F05902002DE9F04107460D46A9
:1050E0000B4E56F8084FB44202D16FF001000AE0AF
:1050F000394654F8240CA4F12408EBF7B3FD20B989
:105100001DB1C5F80080BDE8F0812468EBE700BF61
:10511000983D002010B5044600B30068F0B1037854
:10512000E3B10021FFF7D8FFD8B104F11C03C4E9B3
:1051300007330D4B04F12402D96803F10800DA604B
:10514000A16260620A601A78062A05D95B681BB101
:105150000720226805499847002010BD6FF0150010
:10516000FBE76FF01000F8E7983D0020F2590200CD
:1051700010B5036893B11B7883B18368012B0DD8F8
:10518000084B00F144014360074BDA6903F118044E
:10519000826444640020D961116010BD6FF0150075
:1051A000FBE700BFB8070020983D00200E4B10B56C
:1051B00004462022002118460BF06AF9226842605A
:1051C0000246217902F8081BC0E9022200F1100210
:1051D000C0E9042200F11802C0E906222046BDE819
:1051E000104000F00FB800BF983D002008B500F057
:1051F00011F8BDE808402022002101480BF048B911
:10520000983D002008B50248FFF784FF002008BD44
:10521000B80700200148FFF741BF00BFB8070020D2
:105220000EB4431E062B33B588BF0020094B05ACD6
:1052300054F8045B53F82010074803F0DDFD2146C5
:1052400028460194EDF72CFE02B0BDE8304003B0D3
:10525000704700BF1C1D0200525702002DE9F04F9D
:1052600087B017469B460446DDF840A000284BD087
:10527000056A35B12D6825B1AC4607B0BDE8F04FE1
:105280006047A36A9F4242D80026BE4203D1002055
:1052900007B0BDE8F08F182303FB06F8D4F82C9074
:1052A000A26909EB08052B1D0593CAB968696968ED
:1052B0000368B5F80CC0C91AAB680CF1030E5D1E8B
:1052C00005EB0C155B4205EB4E051D4005EBCC03D1
:1052D00085680633A94228BF4FF0FF3109F0E9FD88
:1052E00059F8083020460293236AB1B29B6A0193B1
:1052F0005AF8263000935BF82620059B09F053FEF0
:105300000028C5D10136C0E76FF01500C0E701489D
:10531000BEE700BF40F4FFFF10B5044690B1028D18
:1053200043899A4209D0084B1A78032A05D95B6849
:105330001BB142680549042098472046BDE810404B
:105340000BF074B810BD00BF983D00209D5A0200BC
:1053500030B544898C4212D9436A013C5D882C40A7
:1053600003EBC40359609A60BFF35B8F426A5388B2
:1053700001335380438D01334385002030BD014804
:10538000FCE700BF41F4FFFF70B4039E144658B120
:10539000006A48B143B1013406D0002E04DB846FAB
:1053A00014B1A44670BC6047014870BC704700BF90
:1053B0002DF8FFFF70B4039E144660B1006A50B12F
:1053C0004BB1013407D0002E05DBD0F8884014B172
:1053D000A44670BC6047014870BC70472DF8FFFFC1
:1053E00070B50C46114605461E460C4B202200297E
:1053F00008BF194620460BF088F8049B6662A3623A
:10540000059B2562E362069B23636A6804F134030B
:10541000C4E90D526B60A26B136070BDBE5A0200EE
:105420002DE9FF47DDF834900D4692461F460646AB
:1054300000286CD000296AD0B9F1000F67D001F1C3
:105440005808404609F018FF781C40D1AC6C05F1B3
:10545000480314F001040BD000240134802C54D0F4
:10546000620953F8222004F01F01CA40D107F4D486
:105470000121600953F8202004F5806704F01F041F
:10548000A1400A4343F820200E9B5246CDE90193E8
:105490000C9B3146009328463B46FFF7A1FF404650
:1054A00000F034FD347874B195F890405CB1B36A83
:1054B00001332ED10021304609F00DFF044610B112
:1054C000304609F0DFFE204604B0BDE8F087B7F5AE
:1054D000806FD9D3A7F580637F2B05F148010FD8E2
:1054E000580951F8204003F01F0324FA03F2D207B1
:1054F0000BD4012202FA03F3234341F82030C3E71F
:10550000054C404600F002FDDDE7044CF9E7024C93
:10551000D9E70024D7E700BF2DF8FFFF29F8FFFFE8
:105520002DE9FF478A46904603A90D9A05469946FC
:105530000AF0E0F80446D8B10C9E039BD5F8AC0005
:105540009E42A8BF1E4601688768611A33464A46D4
:10555000B94228BF4FF0FF3109F071FC23464246A3
:105560005146284600960AF065F804B0BDE8F08779
:105570000048FAE72EF8FFFF38B50446E0B100F125
:105580005805284609F036FFD4F8A0309B6953B976
:10559000D4F89440103C002C00DC084C284609F05C
:1055A00027FF204638BD012BF7D1D4F8A80009F019
:1055B0004BFEA0F11004EEE7014CF2E72EF8FFFFDE
:1055C0002DF8FFFF2DE9F0478AB00D46DDE912976F
:1055D00090461E46044620B9824F38460AB0BDE8C0
:1055E000F0870029F8D0002BF6D0942200210AF091
:1055F0004FFF012204F1580011460AF09AFA7A4B43
:10560000C4F8A050C4F870806C62A367774BE3675E
:10561000774BC4F88030774BC4F88430764BC4F8AD
:105620008830764BC4F88C30D4F8A030D3F818808A
:10563000B8F1000F6FD1002FCED097E8070004F12A
:10564000940383E80700D4F8A000036A1B69984715
:105650000023286100F001006B6184F89000B8F12C
:10566000000F6ED13B7A002B69D009F10C03C4F80E
:10567000B030B9F1000FAFD0D9F80820002A00F0FF
:10568000AE809B68002B00F0AA805D4B04935D4BBD
:1056900005935D4B06935D4B0793EB6A1B68C4F85B
:1056A000A430EB6A9B69C4F8A830002104F1B4036C
:1056B000C4E92D3306ABC4F8AC600093019102221B
:1056C000D4F8A00004ABFFF7C9FD0746002884D139
:1056D000D4F8A80009F053FDEB6A1B68DE62EB6AA0
:1056E0009B69DE62B8F1000F61D1C246D4F89830F0
:1056F0000993D4F8A4305B89534534D894F890309A
:10570000C4E90044002B59D1D4F8A0000421036A55
:10571000DB68984761E7B8F1010F94D1D4F8A00095
:10572000036A9B689847420606D5D4F8A00000217A
:10573000036ADB689847F1E74307EFD583E74B46F9
:1057400095E7B8F1010FB0D12E4B04932C4B059384
:105750002E4B06932C4B0793EB6A9B69C4F8A4303D
:10576000EB6A1B689FE74846D4F8981009F0B3FF2E
:105770000546C8B131680890411AB06800228142DC
:1057800028BF4FF0FF31D4F89830304609F091FB34
:10579000009501230022D4F8A40008A909F030FCE8
:1057A00018B90AF1010AA4E71948074615E794F861
:1057B0009030C4E90044002B3FF40FAF0023029364
:1057C000144B204601933523134A009304F108013A
:1057D000FFF706FEB8F1000F7FF4FFAE94E70C4F21
:1057E000FBE600BF2DF8FFFF21550100E1F30100AA
:1057F000F5F50100F5F6010035F6010001F40100B0
:10580000BF5A0200C55A020041F50100EFF3010042
:105810002EF8FFFF43F40100CB5A0200F0B5054615
:105820000E46174687B0074A03AC07CA84E807004C
:105830000C9A3146009228463A460194FFF7C2FE80
:1058400007B0F0BD3C1002002DE9F84304460D46B8
:1058500000AF4FF02003EFF3118883F31288BFF3FA
:105860006F8F0428294A98BF294BE9468AB0966869
:10587000117C98BF53F820306A4688BF254BC2E997
:10588000073140F2013324489384244BC2E90504D4
:1058900042F8103F00234FF431512148EEF7B0FD9C
:1058A000CD4645B1EB69C3F3080323B101211D4A7D
:1058B0001B4804F079FD2EB130460AF084F808B197
:1058C000037803B91848E9468AB06A46174BD06195
:1058D000C2E9053640F201331384154B42F8103FFC
:1058E00000234FF411510E48EEF78AFD2946CD46AC
:1058F0002046FDF789FD88F31188BFF36F8F30468E
:10590000F1F734F8BD46BDE8F88300BFBC3D002088
:105910003C1D0200CE5A0200E45A020005000001BC
:10592000EC0E02000C5B0200DC5A02002D5B020050
:1059300004000001104B70B553F82040013053F8BB
:105940002060A64200D870BDD4E9003595B153B1AE
:105950002846984738B10028B8BF4042FF28A8BF62
:10596000FF20EB681870EA68537843F00103537026
:105970000834E6E79847FBE7501D0200012208B50E
:10598000094B03201A70FFF7D5FF01F089FA0420B4
:10599000FFF7D0FF00F084F9EBF7A8FE034A137B72
:1059A00023F00103137308BD49510020502A002041
:1059B00008B50348034A0021121A09F044FF08BD44
:1059C000B00C00204C510020C82370B5174E0122A6
:1059D00003FB0066002386B0CDE904230F22019368
:1059E000CDE9023218234FF4A0720446104D11493C
:1059F00003FB005502FB00110F4B3046009500F0F1
:105A0000E5F8737B2C7423F0040373730B4B0134A0
:105A100003EBC4236B600A4BEE60D3E8EF1F013148
:105A2000C3E8E21F002AF8D106B070BD8829002023
:105A3000BC3D002078980020CFF90100789000202C
:105A4000B83D002080B50020B8B0FFF773FF2F4BA2
:105A500003F5006282F3088883F30A880024E023B8
:105A60002B4D2C4E85F82230EC772C766C76AC766C
:105A700085F820406B6A284F43F4E0236B6285F879
:105A80002340F0F7E3FEF1F7E1F84FF0FF33AB62AC
:105A9000EB62F1F7AFFAF1F735F9EEF73DFB40F2C3
:105AA000011306AD2846ADF82430CDE91F4401F0BE
:105AB000D9F9B56009F0BBFE0120FFF73BFF0220DA
:105AC000164DFFF737FF00F07FFE154BB5610593CC
:105AD000012314494FF48062CDE9034328463B4635
:105AE000CDE90144009400F071F806466A7B28462F
:105AF00022F004026A730AF098F92046FFF764FF67
:105B00003A4631462846F1F77BF800BF78900020EE
:105B100000ED00E0BC3D00207D590100502A00202E
:105B20008F5B0200B899002038B5064C064DAC4298
:105B300001D3002038BD2046D4E9011209F087FEC8
:105B40001434F4E7300A0020440A0020002038B55D
:105B5000054C064DAC4200D338BD204609F0E0FEAE
:105B60000028F9DB1C34F5E7C0090020300A0020CA
:105B700073B50C464FF02005EFF3118185F31288C1
:105B8000BFF36F8FC5685DB125602B68C360836903
:105B900001338361002081F31188BFF36F8F11E01F
:105BA00052EA030603D16FF00B002560F3E7CDE95D
:105BB00000230246083000F043FD18B9024B9B68F1
:105BC0005B69236002B070BDBC3D00202DE9F0434D
:105BD000984685B000F15803C0E91633109B0026A3
:105BE00003730423073222F0070543730F9B01EB75
:105BF00005090F4683734946C0E906668660C67389
:105C00000446F0F7D7FB0E9B073020F00700E06654
:105C1000C4E9197502930D9BA9EB000901930C9B34
:105C20004A460093394643462046F0F7A3FF054B0A
:105C300066659B6803B11B6F4846236705B0BDE8E6
:105C4000F08300BFBC3D0020F0B5002587B005956E
:105C5000109DDDE9127604950F9D044603950E9D77
:105C600002950D9D01950C9D0095FFF7AFFFB6F1D4
:105C7000FF3F08BFB7F1FF3F05D056EA070305D144
:105C8000204600F053FD204607B0F0BD3A463346AB
:105C9000024904F1180000F0B3FEF4E7E9FE010048
:105CA00070B5224C224D86B02646AE4204F1300437
:105CB0000AD300F059FD1D4C1E4EAC4220D306B055
:105CC000BDE8704000F064BD54F80C3C059354F8F6
:105CD000103C049354F8143C039354F8183C02937A
:105CE00054F81C3C019354F8203C009354E90A23D7
:105CF00054E90C01FFF76AFF54F8303C5E65D3E7C6
:105D0000D4E90A23B3F1FF3F08BFB2F1FF3F05D04A
:105D100052EA0301206803D100F008FD3034CCE7DB
:105D20003146183000F06CFEF8E700BFC80C0200E6
:105D3000280D0200E9FE010038B5836804466BB304
:105D4000194A926893422CD1C368012B03D9013BB5
:105D5000C360002038BD4FF02003EFF3118583F3BB
:105D60001288BFF36F8F0169806809F03CFE2046FE
:105D70000AF0D5F8A06058B190F90E2022610022F7
:105D8000C2670AF052F82946084800F0BDFCE0E777
:105D9000E06085F31188BFF36F8FDAE76FF01500CD
:105DA000D8E74FF0FF30D5E7BC3D00204A51002036
:105DB0002DE9F341044617461E464FF02003EFF34A
:105DC000118883F31288BFF36F8FC368334A7BB1A6
:105DD00080689168884219D057EA060318D188F381
:105DE0001188BFF36F8F6FF00F0002B0BDE8F08134
:105DF000916891F90E100133E36093682161A3600B
:105E000088F31188BFF36F8F0020EEE72169F2E776
:105E100091F90E1090F90E306FF07E029942A8BFF2
:105E200019469142B8BF11468B422EDD09F0DBFDC9
:105E3000054622464146CDE90076194800F000FCAF
:105E40000028E1D04FF02003EFF3118683F312888E
:105E5000BFF36F8FA068D0B1236821699C420AD03C
:105E60004BB193F90E309942A8BF19466FF07E03EB
:105E70009942B8BF194609F0B6FD40B1314608480D
:105E800000F042FC6FF00A00AFE70025D1E7002DDB
:105E9000F4D186F31188BFF36F8FF3E7BC3D002088
:105EA0004A51002037B511464FF02002EFF311851B
:105EB00082F31288BFF36F8F04689CB12368426835
:105EC00023F003039442036008BF4360012120468E
:105ED00009F0FEFD044685F31188BFF36F8F20465D
:105EE00003B030BD51EA0302F5D000F10802CDE95C
:105EF00000131046294600F0A3FB0028EFD1024B07
:105F00009B685C69EBE700BFBC3D002038B50446E8
:105F10004FF02003EFF3118583F31288BFF36F8FE7
:105F200009F0FDFF48B10022C26709F07EFF294653
:105F3000BDE83840074800F0E7BBD4E902329A4296
:105F400018BF01330221A36004F110000AF03BFAEC
:105F5000EDE700BF4A51002013B54FF02004EFF3E6
:105F6000118184F31288BFF36F8F846844B1013CC0
:105F7000846081F31188BFF36F8F002002B010BDE1
:105F800052EA030406D181F31188BFF36F8F6FF0DB
:105F90000F00F3E7CDE900230246024800F050FB72
:105FA000ECE700BF4A5100201FB50024084B4FF416
:105FB0008062029302AB009306494FF0FF3306481C
:105FC0008DF80C4000F0CAF8204604B010BD00BFA8
:105FD000975B0200B89D0020182B002070B5C368A5
:105FE0000546C3F340069B070C460DD50122002150
:105FF00004F1080009F09DFD00232360054B656056
:106000005A681AB9C3E90044304670BD14605C6038
:10601000FAE700BFE43D0020F8B5C36804469A07DC
:106020000F46C3F340062CD45B071AD40B680BB998
:1060300083680B60E368DD0742BFA36802263B600C
:106040003D6858BF0126002D3AD01F4B9B68AB42DC
:106050000AD0D5F8E030D807C3F3800214D46FF02B
:10606000120600233B6025E009F0A4FCD5F8E030DF
:106070000028F0D1D907C3F3C002F0D552B15B07B5
:1060800008D46FF00F06ECE7002AFAD1C3F3C0037F
:10609000002BF6D100232360D5F8CC3063B9C5E9D5
:1060A0003244284609F06FFDE36843F00403E360DF
:1060B0003B68A3603046F8BD1C60C5F8CC40F0E7F3
:1060C0006FF01506CDE700BFBC3D00202DE9F04183
:1060D000C368074603F00503002B0C4614BF4FF0BE
:1060E00001084FF000081ED08668D6F8C85025B1C8
:1060F000AF4201D02D68FAE701250021012204F109
:10610000100009F016FD2046104909F098FD9DB1D8
:106110003B68236073B9D6F8CC303BB9C6E932444A
:10612000304609F030FD4046BDE8F0811C60C6F8FD
:10613000CC40F5E73C60F3E7D6F8C8302360D6F8EA
:10614000CC30C6F8C840002BEAD1F0E7FBFB0100D9
:106150000146014809F0A0BD182B0020F0B5044607
:10616000002089B0C4E932000E9D04F1D000C4E9DA
:10617000340004F1D800C4E936001DB328790028A2
:1061800040F2011008BF0120C4F8E00000204FF0E9
:10619000FF364FF0FF37CDE90330CDE90100CDE9FF
:1061A00006672046084B0094FFF74EFD25B129688D
:1061B00011B1204609F004FC204609B0BDE8F040CA
:1061C00009F003BC0120DFE76112000030B50A4688
:1061D000044685B04FF02003EFF3118583F3128856
:1061E000BFF36F8FD0F8E03013F0060F1DD1B1B1BF
:1061F00043F00C03C4F8E030204609F0C4FC00234F
:106200004FF0FF3202934FF0FF332946CDE90023D0
:106210000C4804F1D80200F081FB05B030BDD0F885
:10622000C80048B143F00403E4E743F00401C0F8B8
:10623000E010002AE0D0DBE785F31188BFF36F8F11
:10624000EBE700BF4A51002037B5019008464FF0F8
:106250002001EFF3118481F31288BFF36F8FC168BF
:1062600011F00E0F16D153EA020508D101A9FFF76C
:10627000D3FE84F31188BFF36F8F03B030BD41F0BC
:106280000801C160019910308161034900F0B8FB39
:106290000120EEE70020ECE701FC01000146014887
:1062A000FFF7D2BF182B0020F7B50C4616461D4647
:1062B00001904FF02003EFF3118783F31288BFF3AF
:1062C0006F8F084609F050FC55EA060309D12046B5
:1062D00001A9FFF7A1FE87F31188BFF36F8F03B009
:1062E000F0BDE36804F1100043F00803E360019B94
:1062F0003246A36202492B4600F082FB0120EAE706
:1063000001FC010001460148FFF7CEBF182B002019
:10631000C3897F2B12D80A4B1B6863B1094B90F9D4
:106320000E201B689A4209DB437BDB0606D1064B35
:10633000C31A18BF012303F0010070470023FAE7D6
:10634000F43D0020F03D0020882900200122044B6C
:10635000C01A044BC0105843034B1A54704700BF77
:10636000002C0020ABAAAAAA4A51002070B50E4BFF
:106370000E4C1E7C054606EB460304EBC304204688
:1063800009F06BFE00220A4B28469A55FFF7C0FF22
:1063900048B1084B2046BDE870401A680649013AEA
:1063A000D31700F02DBB70BDBC3D0020002C002099
:1063B0004A510020F43D00204D63010038B50D4DD9
:1063C0002B4653F81C4F9C4200D004B9EC68AB68D4
:1063D00038B95A7BD20604D1A26912B9DA897F2A68
:1063E00005D89C4202D02046FFF7C0FF2346AB6190
:1063F00038BD00BFBC3D002070B590F90D200146AE
:10640000002A437B04DA03F07F03437309F0CAFCDC
:10641000154A4B7B104663F07F034B7350F81C3FCB
:10642000146A834208BF002323B9C1E90004216034
:1064300011620CE091F90E5093F90E60B5420ED046
:10644000AE420CDD5868C1E90030016059609068C7
:10645000BDE87040431A58425841FFF7AFBF9C4215
:10646000E3D01B68E0E700BFBC3D002070B490F9AA
:106470000D30427B002B29DBD30627D183692BBB50
:10648000134962F07F0242730A4652F81C4F94424D
:1064900018BF23460C6A23B9C0E9002420600862B3
:1064A0000CE090F90E5093F90E60B5420AD0AE425E
:1064B00008DD5A68C0E9003210605860002070BCE6
:1064C000FFF77CBFA342E7D01B68E4E770BC7047CE
:1064D000BC3D002008B590F90D200146002A437B01
:1064E00004DA03F07F03437309F05CFC044B986803
:1064F000431A58425841BDE80840FFF75FBF00BF4C
:10650000BC3D002070B515461C46064609F065FCEA
:10651000B4F1FF3F08BFB5F1FF3F08D02A4623463C
:1065200006F118000249BDE8704000F069BA70BD7C
:10653000E9FE0100002A2DE9F0410E460CBF1021B2
:106540000821437B044619420AD10B43DD0903F0BD
:106550009F0211D14273082914D00120FFF72EFFAA
:106560001E4B9B68A34232D1EFF305837BBB3046C1
:10657000BDE8F041F0F710BA03F01F03437309F0D0
:1065800011FCE8E7A36813B1204609F013FC04F1FD
:10659000180009F062FD4FF0000804F15807A56DDE
:1065A000BD4200D035B90120FFF708FF2046F0F7C3
:1065B00001FBD5E7284609F0FDFB05F1180009F0BD
:1065C0004CFD2846C5F87C80FFF750FFE7E786F3CF
:1065D0001188BFF36F8FBDE8F08100BFBC3D002084
:1065E00038B54FF02003EFF3118583F31288BFF322
:1065F0006F8F104B104A9C681068A04206D1FFF7BD
:10660000B5FE85F31188BFF36F8F38BD00211B7C69
:1066100011600A4AD35C002BF3D02046FFF778FEC6
:106620000028EED0637BDB0602D12046FFF7E4FEB4
:106630002046E4E7BC3D0020EC3D00204A5100200C
:1066400070B50C480C4D86680C462E601146DDE98D
:1066500004234FF02006EFF3118586F31288BFF371
:106660006F8F8068FFF74EFF2046BDE87040F0F75F
:1066700093B900BFBC3D0020EC3D0020F8B50446B6
:106680004FF02003EFF3118683F31288BFF36F8F6F
:10669000437B49B2DA0619D18569BDB903F07F039E
:1066A000437309F07FFB437B164A63F07F03437318
:1066B0001346817353F81C0F984218BF0546106AA1
:1066C0005DB9C4E900300460146211E00020A173D8
:1066D00086F31188BFF36F8FF8BD95F90E70B9423C
:1066E0000BD08F4209DD6B68C4E900531C606C60FD
:1066F0000120FFF763FE0120EAE7A842E1D02D6800
:10670000DEE700BFBC3D002049B9EFF3058030B99A
:10671000054B9A699B689A4201D0F0F73DB981F325
:106720001188BFF36F8F7047BC3D002010B54FF04C
:106730002002EFF3118482F31288BFF36F8F427B44
:10674000510704D484F31188BFF36F8F10BD22F07A
:1067500004024273FFF78AFE2146BDE8104001485B
:10676000FFF7D2BF4B5100204FF02003EFF3118110
:1067700083F31288BFF36F8F044B9A68D37B013B7E
:10678000D37381F31188BFF36F8F7047BC3D002036
:1067900010B54FF02003EFF3118483F31288BFF399
:1067A0006F8F084B00209A68D37B0133D373FFF7B8
:1067B00005FE84F31188BFF36F8FBDE8104009F028
:1067C000EEBB00BFBC3D0020024B03F11C02C3E93D
:1067D00007227047BC3D0020F8B54FF02003EFF3CF
:1067E000118583F31288BFF36F8F19498868437B43
:1067F00003F07F03437309F0D5FA08468B685A7B90
:1068000062F07F025A7350F81C2F0C6A824208BF54
:10681000002222B9C3E9000423600B620CE093F963
:106820000E6092F90E70BE420ED0B7420CDD516878
:10683000C3E900210B6053600120FFF7BFFD28462C
:10684000BDE8F840F0F7A8B8A242E3D01268E0E74C
:10685000BC3D002050EA01032DE9F04105460E46FB
:1068600003D1FFF7B9FF00202CE0831C71F1FF3347
:106870002ADB09F008FC2C184FF02003EFF31188F5
:1068800083F31288BFF36F8F114F124BB8681860F3
:10689000FFF720FEB86810492A463346183000F04A
:1068A000AFF8BA684046537B43F010035373F0F7D8
:1068B00073F809F0E8FB201A63EB0303012873F176
:1068C0000003D0DBBDE8F0816FF00104241AD3E7A8
:1068D000BC3D0020EC3D0020E9FE0100B1F1FF3F8E
:1068E00008BFB0F1FF3F08B506D1084B986809F022
:1068F000ACFA4FF0FF3008BDFFF7ACFF4FF47A73EE
:1069000080FB0303C00B40EA4340F4E7BC3D00209A
:10691000014B9868704700BFBC3D0020D3B5DDE94E
:106920000667089CCDE90067FFF78AFE1CB1034BA0
:106930009B685B69236002B0D0BD00BFBC3D0020F6
:1069400008B50648064A0749121A08F07EFFBDE856
:106950000840054A0549064808F077BF00000020B6
:10696000AC0C0020DC5B020000000000DC5B0200DD
:1069700000000020034B1B680BB9FCF723BD00206F
:10698000704700BFF83D002010B50E4B1C689C42BC
:1069900004D1FFF7EFFF6FF0004010BDFFF7EAFFF3
:1069A000002CF8D0D4E904321B1A62EBE072B3F188
:1069B000004F72F10001EEDA002AACBF1846002049
:1069C000EBE700BFE407002030B570B10B4B5B680C
:1069D00098420AD0036843B1D3E90421D0E90445C1
:1069E000121941EB0501C3E90421D0E9003213601B
:1069F0005A600023C0E9003330BD00BFE407002027
:106A0000B3F1FF3F08BFB2F1FF3FF8B504461D46A2
:106A100016465CD081604FF02003EFF3118783F3BB
:106A20001288BFF36F8F013275F1FF3324DA6FF0F4
:106A300001032C49D1E900209B1A4FF0FF3262EB91
:106A400000009E1B60EB0500012E70F1000301DACF
:106A500001260020C4E90460234ED6F800C0756802
:106A6000B44508BF4FF0000CBCF1000F0DD1C4E9D4
:106A700000652C6074601CE0FFF77CFF013645F177
:106A80000005361845EBE070E4E7DCE90420D4E9C2
:106A90000431934271EB000E1ADAD21ADCF804309A
:106AA00060EB0100CCE90420C4E900C31C60CCF811
:106AB00004403368B34206D09C4204D1FFF764FF20
:106AC0000021FCF751FC87F31188BFF36F8FF8BDED
:106AD0009B1A61EB0001AC45C4E90431C7D0DCF876
:106AE00000C0C1E7182C0020E40700202DE9F84F72
:106AF0004FF02003EFF3118783F31288BFF36F8FFA
:106B0000DFF8B8902B4E4FF0000A3060D9F8000043
:106B10004FF0000B484508BF0020274C3D46D4E904
:106B2000001E336888B3D0E904874FEAE37C43450D
:106B30007CEB070206DAB8EB030267EB0C07C0E94F
:106B4000042722E018EB01014EEBE873C0E904AB27
:106B5000C4E90013FFF738FF85F31188BFF36F8F87
:106B6000836898474FF02003EFF3118583F3128871
:106B7000BFF36F8F3368D9F80000A3EB08034845D3
:106B80002F463360CAD1D4E9001E59184EEBE37387
:106B9000C4E9001300243460FFF7F6FE2146FCF739
:106BA000E3FB85F31188BFF36F8FBDE8F84FFFF764
:106BB00017BD00BFF83D0020182C0020E40700207E
:106BC00010B54FF02003EFF3118483F31288BFF365
:106BD0006F8FFFF7CFFE0346054AD2E90001181870
:106BE00041EBE37184F31188BFF36F8F10BD00BFD9
:106BF000182C0020F8B504464FF02003EFF311875E
:106C000083F31288BFF36F8F026822B187F3118874
:106C1000BFF36F8FF8BDD0E90A36581C46F100016A
:106C2000022871F1000127D3012B76F10001BCBFCE
:106C3000012316465D1E46F1FF3609F028FA0130A1
:106C400041F10001401946EB0101012871F10001F9
:106C50003ADB09F01CFA013041F100016FF001024A
:106C6000401946EB01034FF0FF31121A61EB0303A9
:106C700020461849FFF7C4FE236B01332363236AC0
:106C800073B187F31188BFF36F8F2046236A98474B
:106C90004FF02003EFF3118783F31288BFF36F8F58
:106CA00054F8185FA542B1D0002DAFD0284609F0A6
:106CB000E7F80023EB6787F31188BFF36F8F28464F
:106CC000BDE8F84009F0B1B86FF001024FF0FF33B2
:106CD000CEE700BFF56B01002DE9F04105461C46EB
:106CE00090461F464FF02003EFF3118683F312887E
:106CF000BFF36F8FB4F1FF3F08BFB2F1FF3F05D183
:106D000086F31188BFF36F8FBDE8F081531C74F1D7
:106D1000FF3309DB012A74F10003BCBF0122002408
:106D200012F1FF3844F1FF37284609F096F9DDE902
:106D30000623C5E90A23002342462B6328463B4627
:106D40000149FFF75DFEDBE7F56B01002DE9F34735
:106D50001D46294B16469F68012387F8603087F847
:106D6000613052EA05030CBF0123002307F16002E2
:106D7000804609F05CFA81464FF02003EFF3118A58
:106D800083F31288BFF36F8F97F8604064B90146B0
:106D90005246404609F0EBF98AF31188BFF36F8F32
:106DA000204602B0BDE8F087002387F8603056EA3D
:106DB000050306D18AF31188BFF36F8F6FF00A04C1
:106DC000EEE75146CDE900650C4A0D48FFF738FC67
:106DD00004464FF02003EFF3118583F31288BFF3CD
:106DE0006F8F2A464946404609F0C1F985F311885C
:106DF000BFF36F8FD4E700BFBC3D0020EC0700203D
:106E00004B51002038B503464FF02002EFF31185B7
:106E100082F31288BFF36F8FC16001218160006827
:106E2000834206D185F31188BFF36F8F002420467B
:106E300038BDD0E9003213605A600023C0E9003346
:106E400009F06CFA294604460148FFF75DFCEEE7BD
:106E50004B5100200A460146014809F0D4BA00BF50
:106E6000300A0020014B0367704700BF300A002042
:106E700038B504460D4608F09DFD20B9064B9B68C9
:106E80001B6F0BB938BD054B2A4621461846BDE895
:106E9000384009F0B8BA00BFBC3D0020300A0020DD
:106EA000014801F0A9BF00BFA05B020010B50A4C69
:106EB00023681BB101232360002010BD00F0F2F80D
:106EC0000028F7D00138072803D8044B53F82000D6
:106ED00010BD034810BD00BFFC3D0020681D02002E
:106EE000FE8FFFFFBFF34F8F0549064BCA6802F4C0
:106EF000E0621343CB60BFF34F8F00BFFDE700BFDD
:106F000000ED00E00400FA0530B44FF0FE32002539
:106F10000B4B0C4C0C494968C3F80024C3F80424FB
:106F2000C3F80824C3F80C24C3F81024C3F81424AD
:106F3000C3F81824C3F81C24C4F8005530BC084713
:106F40000050845000408450F4070020024BD0E9E8
:106F50000012C3E900127047F407002010B5044680
:106F600050B1636813F0685F05D0064A934202D0BF
:106F700000236260236010BD034B04485B689847A0
:106F8000EFE700BF2C5F5CA9F4070020881D02001A
:106F9000C8B143680D4A934213D013F0685F0ED016
:106FA000012350E8002F194640E8001C9CF0000F18
:106FB000F7D1012AF5D0BFF35F8F00207047044856
:106FC0007047044870476FF4E04070472C5F5CA93D
:106FD000E98FFFFFEA8FFFFF034680B1426809494E
:106FE0008A420AD012F0685F05D0BFF35F8F00229B
:106FF00010461A60704704487047044870476FF4A1
:10700000E04070472C5F5CA9E98FFFFFEA8FFFFF2C
:1070100010B5044620B10023034A2360626010BD0E
:107020000248FFF771FFF6E73A00003AB01D020090
:107030002DE9F041174C4768066867608768C068AB
:10704000A760E06026600868134B144D186048681C
:10705000D5F818215860886812F0685F9860C86891
:107060000969D860196112D000230D4A05F58A70AC
:10707000C5F81431C5F8B831C5F81821C5F8BC21D8
:10708000B047236805F5DC70BDE8F0411847BDE85E
:10709000F08100BF10080020FC070020143E0020F3
:1070A0002C5F5CA908B500F011F830B900F010F8B9
:1070B00038B9054AC2F80C0A08BD00F037F80320B9
:1070C00008BD042008BD00BF005084500020704758
:1070D00010B5114800F048F800B110BD0F4800F09D
:1070E00043F80028F9D10E4C204600F03DF8002866
:1070F000F3D10C4B0C481C6000F036F80146002818
:10710000EBD100F02DF8044608B1204610BD00F088
:107110003FF82046FAE700BF500800204C08002046
:1071200048080020400800204408002008B508480E
:1071300000F024F8074800F021F8074800F01EF896
:10714000064800F01BF8BDE8084000F00BB800BF8F
:10715000500800204C080020480800204408002067
:1071600000207047704700BF08B5034B02681B68DA
:1071700010689847002008BD1008002008B5034B90
:1071800002685B6810689847002008BD100800205E
:1071900070B5094C094D2069AB68984718B1084B88
:1071A00008485B6898470021074AEB68116020692E
:1071B000BDE87040184700BFFC0700201008002001
:1071C000F4070020D41D0200103E00200CB430B59E
:1071D00089B005460C461C22002101A809F058F987
:1071E000022305958DF806300D4B029323462CB1F2
:1071F000B4F1004F28BF4FF00043013B1D440DAADE
:107200000C9901A80695009200F00CF914B1059BA9
:1072100000221A7009B0BDE8304002B0704700BFCC
:1072200001090200242AF0B5044601D8012A40D100
:107230002E4B162209F06CFB1A5001B10C60002095
:10724000F0BD2F463D4615F8010B2028F9D0A0F1DE
:1072500009060346042EF4D92B282CD02D282CD136
:107260000126BD1C7B78302B2DD1287840F02000E2
:10727000782824D132F0100021D16B782C461022CE
:1072800002350020392B82BF03F1FF3343F0200386
:10729000263B303B9A421AD9A0FB02040CB9C01815
:1072A00001D346F002062F462C4617F8013B3D4617
:1072B000E8E70746C6E70026D3E70026D3E7002A1B
:1072C00008BF0822DDE7002A08BF0A22D9E701B17A
:1072D0000C60F20748BF4042B307B1D5034B2222EE
:1072E00009F016FB1A504FF0FF30A9E70C00000020
:1072F0002DE9F04101260746B24201DCBDE8F081EC
:107300003B461F4613F8014B002CF7D0252CF8D133
:107310001C780237252CF3D00023DFF804819C462B
:107320001D461F2D18D8A4F1200EBEF1100F09D94B
:10733000A4F1300EBEF1090F1ED80A24202504FB4B
:1073400003E304E028FA0EFE1EF0010F06D017F842
:10735000014B002CE5D128E07F2D1CD8A4F1300E84
:10736000BEF1090FE9D9242C10D1BCF1000F46D091
:10737000B34246D00023EAE724F0040EBEF12A0F00
:10738000F8D06C2C09D145F08005E0E724F0040E1C
:10739000BEF12A0FEED06C2C22D06C2C1BD8682C9E
:1073A00023D06A2C28D04C2C26D0BCF1000FA5D0BD
:1073B000B445A1D144F020070B68A7F1650CBCF1DE
:1073C000020F01D9612F1ED1073323F007030833C1
:1073D00001360B608FE7742CB9D07A2CB7D0E4E774
:1073E0002C0648BF45F40075CDE7EC0548BF45F4D1
:1073F000007545F48075AAE745F42075A7E79C461B
:10740000B8E76324D6E7692C02D007D8632C03D0F1
:107410002F0601D5AC05D7D40433D9E7732CF6E792
:10742000892801002DE9F04F436893B0804601930D
:1074300083789807CDE9061216D50B4600250B92E6
:107440001F789FB1252F15D001330593414638464B
:10745000019B01359847002880F2458498F8023056
:1074600043F0040388F802304FF0FF35284613B08C
:10747000BDE8F08F5F789A1C252F0592E6D0002496
:107480002646A246A346BBF11F0F32D8A7F1200320
:10749000102B0AD8DFE803F02409092A0909091B7F
:1074A00009090922092709091900A7F13003092B45
:1074B0002DD92A2F39D154B90B9B1BF0400F53F80B
:1074C000042B0B9329D0164601E04BF0010B059BD2
:1074D00013F8017B0593002FD5D15BE04BF0020B35
:1074E0004BF0040BF3E74BF0080BF0E74BF0100BFD
:1074F000EDE7BBF17F0F3FD8A7F13003092BD8D8B8
:107500001BF0400F03D00A2202FB0636DFE70A22F7
:1075100002FB0A3A4BF0200BD9E7B2F1000AF9DA84
:10752000CAF1000A4BF0280BD1E72E2F05D11BF032
:10753000400F9BD14BF0400BC9E7242F1CD1002CEE
:1075400000F03F81079B1BF0400F0B930AD152467E
:107550000BA90698FFF7CCFE0B9B1A1DD3F800A0D1
:107560000B92B4E732460BA90698FFF7C1FE0B9BBE
:107570001A1D1E680B92AAE76C2F00F00F8100F213
:107580000681682F00F012816A2F00F017814C2FBE
:1075900000F0148134B1079B22460BA906980B9387
:1075A000FFF7A6FE002E47F02003B8BF2BF0400BDC
:1075B0000293A3F16503BCBF00261FFA8BFB022BCD
:1075C00040F20481029B612B40F07282FF431BF06A
:1075D000400F0CA84BF4C05407F0200314BF3146F1
:1075E0004FF0FF31A346049301270B9B073323F091
:1075F000070303F1080293ED000B0B92049A09F0C4
:10760000BEF8431C0646DDF83090DBB203937023CE
:10761000029309F10903122B0CD909F16303C62B5C
:1076200040F20D8109F2E73340F2CE72934294BFEB
:10763000032704279DF8342002F00C0312F0010206
:1076400040F018811BF0020F40F011811BF0040480
:1076500000F0F780002B40F0108120231BF4405FE6
:1076600022D1039A002E02F1480208BF01266A4483
:10767000133A039921B112F8011D302900F032812B
:107680001BF0100F039A18BF324619F1040FC0F215
:107690002E81B14580F22B814A454BF4005B40F3CB
:1076A000288109F10106961B1BF40052089200F094
:1076B000228129EAE974013403B10134002E00F07B
:1076C0002181721C1444A245CCBFAAEB04040024FF
:1076D0001BF0090F04D12C44A54240F0188100246E
:1076E0003BB118464146019B013598470028FFF6FB
:1076F000B5AE1BF4006F12D041463020019B984775
:107700000028FFF6ABAE049B41460235C3F178007A
:10771000019B00F0F80098470028FFF69FAE1BF091
:10772000080F05D12C44AC4240F0FD8025460024D2
:10773000089B002B00F0268129EAE97A7642A9EB22
:107740000A02039B0AF1FF3A6F1C0292934289BF1F
:107750000CAB3020D3185879564500F3ED804146E4
:10776000019B9847029A002802F10102FFF676AECB
:10777000BAF1FF3F09D141462E20019B0292984762
:107780000028FFF66BAEAF1C029A3D46D9E7742F76
:107790003FF49DAE7A2F3FF49AAEFBE61BF0800FCC
:1077A00018BF4BF4007B4BF0800B90E61BF4807FFE
:1077B00018BF4BF4007B4BF4807B88E64BF4207BB6
:1077C00085E626465446B346B24680E6FF431BF0A4
:1077D000400F07F0200308BF062604930B9B0733D6
:1077E00023F0070303F1080293ED000B029B0B92B9
:1077F000652B12D1711C00224BF4805BC9B2134679
:1078000011290CA84FF0020728BF112100F008FB36
:10781000DDF83090C3B20393FBE6029B662B05D1E3
:107820004BF4005B334601221121E9E7F1B200225B
:10783000652001291346029038BF0121E0E70227A5
:10784000F8E6002B3FF40AAFBAF1030F39DC9DF8DC
:107850003430A44E13F0080FA34B08BF1E46B146A8
:107860004F4619F8010BA0BBAE1B374485E023BB84
:107870002B23F3E61BBB2D23F0E62022BAF1040FE5
:1078800012DD1BF0080FAAF104040ED12C4441466E
:107890002020019B0135029298470028FFF6DEADBB
:1078A000A542029AF3D192B1002441461046019BB1
:1078B000013598470028CADAD0E52B22DEE72D22D1
:1078C000DCE71BF0080FAAF10304C0D1DEE7144681
:1078D000BDE7049B4146C01A019BC0B298470028EF
:1078E000BEDABBE503990139C9B20391C1E6561E60
:1078F000DAE60026D8E61BF4006F0CBF032405244B
:107900003C44D9E61BF0100F18BF0134DBE60993A5
:107910004146019B20209847002805F10105099B5D
:10792000BFF6DAAE9AE541463020019B0135984713
:107930000028BFF6F8AE91E5D1450AD19DF8353063
:10794000352B1DD805D19DF8343013F0100F08BF2A
:1079500031204146019B98470028FFF67FAD1BF080
:10796000100F0AD0BAF1FF3F07D1AF1C41462E20BD
:10797000019B98470028FFF671AD3D463C4436E236
:107980003120E6E79DF83500414631281EBF9DF8BD
:10799000343023F010038DF83430019B98470028D1
:1079A000FFF65CAD002E68DD41462E20019B984716
:1079B0000028FFF653AD4FF0010A039B4146D34622
:1079C0009A45B7BF0CAB302053445879019B984778
:1079D0000028FFF643AD0AF1010A5645EDDA0235FB
:1079E0005D44029B4146049A981A019BC0B2984795
:1079F0000028FFF633ADB9F1000F04DB4AD19DF842
:107A00003430DB0646D5C9F100092D204146019BE3
:107A100098470028FFF622AD042F3DD14FF47A7726
:107A20004146019B033599FBF7F606F13000C0B2E1
:107A300098470028FFF612AD07FB169964274146C8
:107A4000019B013599FBF7F606F13000C0B298476B
:107A50000028FFF603AD07FB16990A274146019B54
:107A6000013599FBF7F606F13000C0B298470028BF
:107A7000FFF6F4AC07FB169914E01BF0100F01D1D0
:107A80000135AEE741462E20019B0235984700287C
:107A9000A7DAE3E42B20B9E7032F05F10205CDD0E7
:107AA000012FDAD109F130006F1C4146C0B25FE707
:107AB000A7F16303122B00F2FF80DFE813F0170039
:107AC0005700FD00FD00FD00FD005700FD00FD001A
:107AD000FD00FD00FD001701F800FD00FD002C0079
:107AE000FD00B900D05B0200BB2702000B9B012404
:107AF0000CAF1A1D1B680B928DF830301BF0080F6D
:107B00002AD007EB04093E464E4527D1EF1B3744E8
:107B1000AAEB040431E70B9B1A1D0B921F68AA4BBA
:107B2000002F08BF1F461BF0400F384614BF3146D8
:107B30004FF0FF3108F0F9FC0446DFE74146202012
:107B4000019B98470028FFF689AC013EB442F5D36B
:107B50005544B246AD1BD4E75646F7E7414616F802
:107B6000010B019B98470028CEDA77E41BF0800FC9
:107B70000B9B35D01BF4007F2DD0073323F0070378
:107B800003F10802D3E900010B922BF01009002940
:107B90001FFA89F936DA404249F4806961EB410104
:107BA0000DF1300B0A235A4608F0CBFC19F0400FB8
:107BB000A0EB0B0B65D029F001025E4592B240F3B9
:107BC000B280002F00F0A98019F0100334469146CE
:107BD00026D002345CE01A1D18680B92C117D4E756
:107BE0001A1D1BF4807F19680B9201D10846F5E736
:107BF0001BF4007F19BF48B241F3C01108B241F332
:107C0000C031C2E750EA0103CAD11BF0400FC7D010
:107C1000002EC5D12BF0110B34461FFA8BF9B34659
:107C200040F2064319EA03031CBF013400232FE08E
:107C30002BF0100B0A231FFA8BFB1BF080040B9A0E
:107C400057D01BF4007115BF0732101D22F0070238
:107C50000B900FBF106802F108010B91D2E90001EF
:107C600050EA010252D12BF016091BF0400F1FFA07
:107C700089F94FD0002E4DD12BF0170B1FFA8BF93D
:107C8000B34619F0100352D0002F4ED10BF101046E
:107C900019F0080F5ED119F0010F06D0A2456DDD75
:107CA000AAEB040404EB0B06544622464DE04BF0CD
:107CB000100B10237827C0E7029B782B04D1C7F163
:107CC000780343F01003B8E741462520019B98470D
:107CD0000028FFF6C3AB41463846019B9847002871
:107CE000FFF6BCAB0235059BFFF7AABB08230027B4
:107CF000A3E7111D10680B911BF48071B0D01BF429
:107D000000711ABFC0B2214680B2A9E72BF0060B62
:107D10001FFA8BF90DF1300B45E729F011093446B4
:107D20001FFA89F97CE79146ABE75C4651E75C4670
:107D300076E7CDE9022341462020019B98470028A1
:107D4000FFF68CAB029A039B01329245F1DC2C1BAF
:107D5000A5181446EBB141463020019B98470028F6
:107D6000FFF67CAB67B901352F462E44F31B5B450C
:107D700021DC5D460CAE4DBB5F44C9E65E4694E730
:107D8000023541463846019B98470028ECDAFFF758
:107D900065BB40F2064319EA030FE5D019F0020F64
:107DA00005F10105414614BF2B20202019F4806FF6
:107DB00018BF2D20E7E741463020019B0137984747
:107DC0000028D3DAFFF74ABBD45B0200013D4146ED
:107DD000019B705D98470028CDDAFFF73FBB414615
:107DE0002020019B013598470028FFF637AB631B25
:107DF000002BF4DC77E700BF1FB502AB074A009306
:107E00004FF0CC3308F081FCDDE90201C00840EA04
:107E10004170C90805B05DF804FB00BFCDCCCCCCE7
:107E20002DE9F04F9DB055EC104BCDE90B122A46D1
:107E3000290D0D93C5F31303D20FC5F30A5507900F
:107E40008DED050A0A9275B922461A431BD13023DB
:107E50000126056043710A9B43F00203037130461B
:107E60001DB0BDE8F08F40F2FF7295424DD1059AEA
:107E7000002613430A9B079A14BF43F0080343F0FC
:107E800004031371EBE7059A4FEA83089A46B14D54
:107E900002F001020992059A48EA927897000122BD
:107EA0001646C5F1000B0892584600F017FAB5F1D6
:107EB000FF3FACBF8146A0F10109ABEB090B09EB19
:107EC00005035846069300F00FFA18A9A0F17D05A6
:107ED000584600F029FA14AB089AA9EB050501935E
:107EE00012AB02925146009318AA2B46059808F04F
:107EF0004FFBB9F1010F04460D4600F2D880099BF3
:107F0000002B40F0CB8001276FE0059A43F4801AE4
:107F1000A5F2354502F001024FEA8A080992059A56
:107F2000134348EA92784FEA82074BD140F2FE733E
:107F300019420CBF01260026002D3246B1DB28462F
:107F400000F0C6F90346032DC8BF013B184606934F
:107F500000F0CAF9069B7C3018A95D1B0544184641
:107F600000F054FA14AB18AA0598019312AB5146CD
:107F7000029600932B4608F00BFB069B04460D4629
:107F8000152B00F2888016AB734A384641460093A1
:107F90004FF0CC3308F0B9FB169B179A9B0843EAC5
:107FA000827303EB8303BB42DDE9129A0CD138469E
:107FB000414600F0A1F9069B83428CBF00270127B0
:107FC000002612E00126B7E7099B002B53D1013FA1
:107FD00048F1FF31B81B61F1000100F08DF9069BFB
:107FE000099F83428CBF002601260C9B002B40F08A
:107FF0009280DDF82CB04FF000084FF00A0ACDF85F
:108000002080CDF81480DDE91201FFF7F5FE149B06
:10801000CDE90E01184615991093FFF7EDFE0E9B62
:1080200081460F9A98420B461191934180F08D80C2
:1080300020462946FFF7E0FE0AFB09F3109AB8F143
:10804000000F14BF002707F001070AFB10480D4678
:10805000934214BF002606F001060E9B5FFA88F8D3
:10806000044612930F9BCDE91339119B1593089B7E
:1080700001330893C7E7B81C48F1000100F03CF950
:10808000069B83428CBF00200120B9EB00006AF1FF
:108090000002CDE9120200273E46A6E7129B012707
:1080A000139A013B42F1FF32CDE9123288E7B9F170
:1080B0003E0FF0D84FF0FF33A9F12000C9F12001A5
:1080C00003FA09F203FA00F023FA01F103FA09F3C3
:1080D000024327EA03070A4328EA020857EA080787
:1080E0000CBF012700276BE700FB02FC0133A1FB5B
:1080F000001262448C4275EB020CF5D2069A1344CE
:108100000D9A13440B9A012BB8BF01239A42A8BFC2
:108110001A4693466FE70A21002201230846E9E741
:108120000AFB03F00131A2FB0A230344944275EBDE
:108130000300F5D2594511DDBBF1000F02D154EA1D
:1081400005030BD00123059372E70A2200230121C6
:10815000ECE700BFCCFBFFFFCDCCCCCC7EB34FF027
:108160000A0A149B159918460F93FFF745FE0F9BBB
:108170000AFB00F281460E919A4220D1B8F1000F1D
:1081800014BF002707F00107DDE91201FFF734FEF5
:1081900010900F9120462946FFF72EFE0F9B0AFBF9
:1081A0001048109A04460D465FFA88F81292CDE9FD
:1081B00013390E9B1593089B01330893D1E7069B57
:1081C000089A13449946002F5BD0B8F1050F58D197
:1081D00014F001034BD1059A32B9DDE914239D4215
:1081E00008BF944260D0059B18194FF00A044FF065
:1081F00000024FF0010645F100012546A04271EB57
:10820000020754D2EBB1B3451BDA0C9B63B106EB0A
:1082100009030D9A1A4422EAE2730B9A9A42A8BF04
:108220001A46964293460CDD053009F1010906F124
:10823000FF364FF00A024FF0000341F10001E8F76A
:10824000A9FB5E450FFA89F9079BA8BF5E4636B2C7
:10825000B14406F1050809F1FF3798444FF00009D1
:10826000B1452BDB079B0A9A1F601A71F7E5059B46
:108270002BB9DDE914239D4208BF944209D00123A4
:10828000B2E7059B53B9DDE914239D4208BF944230
:1082900004D1099B002BF2D1002EF0D0B8F1040FCD
:1082A00094BF002301239FE74FF00408F1E705FB8B
:1082B00002F70136A4FB05423A449FE70A22002355
:1082C000E8F768FB303209F1010908F8012DC7E72A
:1082D000014B5843800C704741340100014B584317
:1082E000000D7047FB2E0B00024B5843C00C0130B1
:1082F000704700BF4F93120070B50346094A002033
:108300004FF0CC364FF0333506FB03F402FB01444B
:10831000A3FB023121449D4275EB010401D30130DE
:10832000F2E770BDCDCCCCCC1A232DE9F04FB0FBD9
:10833000F3FA334E03FB1A0389B004460D4606EBED
:108340000A1653B9D6E90023C1E90023D6E9020190
:10835000C5E9020109B0BDE8F08F2A4A02EBC30368
:10836000D3E9008904AB404649460093D6E902238D
:1083700008F0CBF906AB83460F46404649460093CA
:10838000D6E9002308F0C1F900238146DDE9066241
:1083900016EB0B0652EB070828BF012333B1049BF1
:1083A000059A013342F10002CDE9043220460391DF
:1083B000FFF79AFF07461A2000FB0AF0FFF794FF29
:1083C0003F1A3246434648460399009708F0B8F9E9
:1083D0000D4A4FEA141C640004F01E0352F82C40AE
:1083E000DC4004F003042418304641F10001DDE9CB
:1083F0000423C5E900414146009708F0A1F9A7E729
:108400005811020088100200F41D02002DE9F04FFF
:108410001A2700F11905DFF8E8A089B004460E46D6
:10842000B5FBF7F56F434FEA051B0AEB05153A1A42
:108430000AD1D5E90023C1E90023D5E90201C6E943
:10844000020109B0BDE8F08F2B4B03EBC203D3E967
:10845000008904AB404649460093D5E9022308F061
:1084600054F95AF80B206B68013ACDE9020106A9CC
:1084700063F1000340460091494608F046F98A46F8
:10848000029900238146DDE906526D18039952EBEB
:10849000010828BF012333B1049B059A013342F13F
:1084A0000002CDE904323846FFF71EFF074620469A
:1084B000FFF71AFF3F1A2A4643464846514600979F
:1084C00008F03EF90D4A4FEA141C640004F01E0344
:1084D00052F82C40DC4004F00304013424182846F0
:1084E00041F10001DDE90423C6E90041414600975E
:1084F00008F026F9A3E700BF88100200481E02001A
:108500002812020010EE102AF0EE407A22F000430A
:10851000B3F17E5F0CD19FED5C7ADFED5C6A20EEFB
:10852000077A00EE267AF0EE477AB0EE670A7047D7
:1085300001D900F071BAB3F17C5FF7EE006A0BD29B
:10854000B3F1485F50D29FED527A30EE077AB4EE25
:10855000E67AF1EE10FAE8DCB6EE007A9FED4D6AAD
:10856000F0EEE77A76EEE77ADFED4B5A67EE877A40
:108570009FED4A7A07EE876A9FED497A16EE277AD1
:108580009FED486A07EE276A9FED477A16EE277A35
:108590009FED466A07EE276A9FED457A17EEA57AAA
:1085A000DFED445A26EE276A47EE275A9FED427ABE
:1085B00015EEA77A47EE276AB1EEE77A3F49C6EE95
:1085C000265A8B423FD905EE877ADFED3D7A37EEAA
:1085D000077A37EE277ADFED2D7A77EEC77A002A11
:1085E000D8BFF1EE677AA0E720EE007ADFED2B5AD4
:1085F0009FED286A9FED285A07EE256ADFED285A7D
:1086000056EE075A9FED276A05EE876ADFED265A78
:1086100056EE075A9FED256A05EE876ADFED245A6C
:1086200057EE055A9FED235A26EE076A05EE875A44
:10863000DFED215A55EE075A45EE876A86EE267A17
:1086400047EE007A71E717EE103A37EE075A23F437
:108650007F6323F00F0306EE903A46EEE67A37EE9C
:10866000267A76EEA66A87EE876A9FED077ADFEDB7
:10867000157A77EEE66A36EE066A37EE467A15EE3A
:10868000257A37EE667AA8E72EBD3BB3DB0FC93FEC
:10869000CAF24971047F4F3A2EC69D3D08EF11384A
:1086A0004611243DA80A4E3E90B0A63EABAA2A3EF3
:1086B0006133303F2D57014039D119409999793FA5
:1086C0002EBD3B33DB0F493F10EE902AF0EE407A8F
:1086D00022F00041B1F1FF4F10B506D810EE100A9C
:1086E00020F00043B3F1FF4F04D977EEA07AB0EE4B
:1086F000670A10BDB2F17E5F03D1BDE8104000F003
:108700009FB9941704F0020444EAD0748BB9022C88
:1087100008D0032CEBD1DFED407A9FED407A77EE65
:10872000C77AE4E7DFED3E7A9FED3C7A77EE877A11
:10873000DDE739B9002802DADFED3A7AEDE7DFED5F
:108740003A7AF1E7B1F1FF4F2CD1B3F1FF4F1DD1D0
:10875000022CDFED327A0BD0032C10D0012C02D08A
:108760009FED327AE2E79FED327A77EE677ABEE7E5
:10877000B0EE087ADFED2D6A46EE877AB7E7B8EEFD
:10878000087ADFED2A6A56EE877AB0E7022CC9D064
:10879000032CC0D0012CDFED277A9FED277A47FE0E
:1087A000877AA4E7B3F1FF4FC4D05B1AB3F1F45F4B
:1087B0004FEAE35112DBDFED1C7A9FED207A77EE72
:1087C000C77A012C1AD0022C1FD0002C8FD09FED1D
:1087D0001C7A77EE877A9FED127AA0E7002A01DAF9
:1087E0003C3108DB87EEA00AB0EEC00A00F028F9A1
:1087F000F0EE407AE5E7DFED107AE2E717EE903A27
:1088000003F1004307EE903A71E79FED0D7A77EEA2
:10881000877A9FED037AA8E7DB0F49C06042A20D7B
:10882000DB0F4940DB0FC9BFDB0FC93FDB0F493FFF
:10883000DB0F49BF00000080000000002EBD3B336D
:108840002EBDBB3310EE102A22F00043B3F1FF4FD0
:1088500002D930EE000A70474FEAD27105D10029E3
:10886000DFED4D7A00FE270A70474C48824202DD58
:10887000002000F0C3B8002A05DA494A934202D921
:10888000002000F0ADB8474AF7EE005A934252D9A3
:10889000454A93424FEA810234D8444B1344D3ED06
:1088A000006A434B70EE666A1344C1F10102D3EDD6
:1088B000007A521A36EEE70A20EE007A9FED3D5A12
:1088C0009FED3D6A17EE056A9FED3C5A06EE075A8A
:1088D0009FED3B6A15EE076A9FED3A5A06EE075A7E
:1088E000B0EE406A05EE476AB0EE007A20EE065A16
:1088F00092BB36EE476AC5EE067A37EEC00A35EE11
:10890000C00A7047304BF0EE406A9FED307A134456
:10891000D3ED007A40EE077A9FED2D7AFDEEE77AEF
:1089200017EE902AF8EEE77A47EEC76A9FED297AAC
:1089300067EE877ABEE7B3F1505F0BD29FED267AE0
:1089400030EE077AB4EEE57AF1EE10FA02DD30EEA1
:10895000250A70470022AFE737EE467A12F17D0F05
:10896000B8BF643285EE076A77EEC67A77EEE67AAC
:1089700075EEE77A17EE903AB5BFDFED187A03EBA4
:10898000C25303EBC25300EE103ABCBF00EE103AE4
:1089900020EE270A704700BF000000001772B142A6
:1089A000B5F1CF421872B13E9115853FA41E020069
:1089B0009C1E02004CBB31330EEADD3555B38A38BC
:1089C000610B363BABAA2A3EAC1E02003BAAB83F65
:1089D0008071313FD1F71737CAF249710000800D1D
:1089E0009FED040A0028DFED047A40FE277A27EE87
:1089F000800A704700008000000080809FED040A1C
:108A00000028DFED047A40FE277A27EE800A7047BF
:108A1000FFFF7F7FFFFF7FFF08B52DED028BB0EEDC
:108A2000408A00F0E3F820B938EE080ABDEC028B6A
:108A300008BDDFED027A87EEA70AF7E70000000025
:108A400010EE102A22F00043B3F1A14F12D3B3F17C
:108A5000FF4F02D930EE000A7047002A9FED4F0AFF
:108A6000CBBFDFED4F7ADFED4F7A37EE800A37EE7E
:108A7000C00A70474C498B4211D8B3F1445F0BD206
:108A8000DFED4A7AB7EE007A70EE277AF4EEC77A15
:108A9000F1EE10FA00F381804FF0FF3315E0444906
:108AA000F0EEC07A8B424FD8A1F5D001B7EE007A34
:108AB0008B4241D877EEA76A002336EEC77AF0EEF4
:108AC000006A77EEA67A87EE270ADFED3A7A591C1C
:108AD0009FED396ADFED395A60EE006A26EEA67A1C
:108AE00007EE276ADFED367A46EE077A9FED356AA4
:108AF00007EE876ADFED347A46EE077A9FED336A38
:108B000007EE876ADFED327A57EE275ADFED317ACA
:108B100055EE877ADFED305A57EE875ADFED2F7A20
:108B200055EE877A67EE877A46EE267A67EE807A88
:108B30001FD130EE670A704777EEC76A012377EEE0
:108B4000877A86EEA70AC0E725498B420BD8F7EE55
:108B5000086A0223B7EE007A37EEE66A07EEA67AD5
:108B600086EE070AB1E7BFEE007A032387EE270AF5
:108B7000ABE71C49002A1C4801EB830100EB83038F
:108B800093ED007A77EEC77A77EEC07A91ED000A1E
:108B900030EE670AB8BFB1EE400A70476821A233D1
:108BA000DA0FC93FDA0FC9BFFFFFDF3ECAF24971D2
:108BB000FFFF973FD769853C59DA4B3D6BF16E3D1E
:108BC000356B883D6E2EBA3D2549123EABAAAA3EB2
:108BD00021A215BD95879D3D388EE33DCDCC4C3E01
:108BE000FFFF1B40C41E0200B41E020010EE103A2C
:108BF00033F000400DD0A0F50003B3F1FE4F0AD3CF
:108C0000421E074B9A4208D9A0F1FF4358425841EF
:108C1000704702207047042070470320704700BF50
:108C2000FEFF7F0070477047052103F020B9E8F789
:108C30006DBCE8F78BBC014640F2E73008B54FF455
:108C40007A72002300EBC1304914E7F7A3FEBDE8B8
:108C50000840FDF743BE2DE9F04706460D4617468E
:108C600098462BB34FF0000A98F8004093F8019013
:108C7000DB78A40004EB430498F802301C4444441D
:108C8000CA4509D339463046AC46D8F8042008F125
:108C90000803BDE8F047604714F8013B0AF1010AF8
:108CA000204648F82340E7F7EFFF01300444E7E7A8
:108CB0006FF01500BDE8F08770B500250246284624
:108CC000144614F8013B0BB9184609E098B18D42DF
:108CD00007D1702B04D0A3F140023A2A0BD8002010
:108CE00070BDA3F140063A2E05D853780135941C87
:108CF000002BE9D00020252B224608BF80F0010080
:108D0000DEE7F0B564230546042600200A2769B98A
:108D1000F0BD9A42B2FBF3F40CD2012B0AD048B951
:108D200003FB14220A24B3FBF4F3D2B2013EF0D1C8
:108D30002E70EDE7303405F8014BB2FBF3F403FB82
:108D40001422B3FBF7F301390130C9B2C0B2D2B279
:108D5000DBB2DCE7A0F13003DBB2092B02D8002044
:108D60000B707047A0F16103052B02D85738C3B2CE
:108D7000F5E7A0F14103052B01D83738F7E76FF08D
:108D800015007047F7B5054601F0010000EB5106EC
:108D90009E424FEA510703D90026304603B0F0BD8A
:108DA00058B128780DF10701FFF7D4FF0028F3DB55
:108DB0009DF80730013502F8013B01351744BA42EE
:108DC000EBD015F8010C0DF10701FFF7C3FF0028E8
:108DD000E2DB9DF807402401E4B2147015F8020BA1
:108DE000FFF7B8FF0028D7DB9DF807301C4402F8D6
:108DF000014BE4E7002070470FB407B504A951F810
:108E0000040B0191EAF74CF803B05DF804EB04B0F1
:108E10007047836800EBC101B3F5004F2CBF51F8D8
:108E2000220031F81200704700EBC1018068B0F5F4
:108E3000004F2CBF41F8223021F812307047012238
:108E400008B5FFF7E6FFD04008BD836800EBC1011D
:108E5000B3F5004F08D34B681AB143F001034B60E0
:108E6000704723F00103FAE74B881AB143F001037E
:108E70004B80704723F00103FAE753000122FFF70C
:108E8000D3BF8368B3F5004F34BF04230823C91A46
:108E9000081AC0087047B0F5004F34BF04230823F8
:108EA000481C0833A0EBD300B0FA80F0C0F11F00DB
:108EB00070472DE9F041174603220E460446FFF79E
:108EC000A8FF8642054607F104080AD10122E3689B
:108ED000BA4023EA0203E360002344F82830BDE8E7
:108EE000F081314602222046FFF793FF06462B46CB
:108EF00001460322204644F82850FFF795FF3346E9
:108F000029462046BDE8F0410222FFF78DBF70B52B
:108F10000D4686680446FFF792FFB6F5004F0146FE
:108F200001D3012809D03046FFF7B5FF2946024694
:108F30002046BDE87040FFF7BCBF70BD2DE9F0478B
:108F400005468068FFF7A7FF05EB800ADAF8109066
:108F500088460646B9F1000F1BD00327DAF8104007
:108F600028462146FFF76BFF404507D3324621468E
:108F70002846FFF79EFF2046BDE8F08703222146E2
:108F80002846FFF746FF013FCAF8100001D081458F
:108F9000E4D14FF0FF34EB680136B4401C40EAD016
:108FA00094FAA4F2B2FA82F2131D55F82340DEE7D8
:108FB0002DE9F04114460E460546FFF740FFA4EBAD
:108FC0000608371B0744424631462846FFF755FF3F
:108FD0003A4621462846FFF750FF434600222146E5
:108FE0002846FFF721FF21462846FFF728FF3B468A
:108FF000211800222846BDE8F041FFF715BF2DE9F2
:10900000F041164604460F46FFF719FF3146054664
:109010002046FFF714FF05442A4639462046FFF74D
:109020002CFF31462046FFF70AFF2B46311800225D
:109030002046BDE8F041FFF7F7BE2DE9F0410D46AF
:1090400086680446FFF7FBFEB6F5004F014601D3E4
:10905000012832D03046FFF71EFF04EB80010E6975
:1090600096B90122E36882401343E36002220D6156
:109070002B4629462046FFF7D7FE032229462046E5
:10908000BDE8F041FFF7D0BE022231462046FFF78F
:10909000C0FE0746034629462046FFF7C5FE0322C9
:1090A000334629462046FFF7BFFE39462B46204669
:1090B000FFF7BAFE02223146E1E7BDE8F081F8B5DC
:1090C0000C460546FFF7BBFE26180122314628460E
:1090D000FFF79FFEC3070CD431462846FFF717FF62
:1090E00021462846FFF7ABFE214622182846FFF707
:1090F00086FF002221462846FFF78BFE271A012211
:1091000039462846FFF785FE10EA020613D1394694
:109110002846FFF7FCFE214632462846FFF779FE37
:109120002246211A2846FFF76AFF21463246284682
:10913000FFF76FFE241A21462846BDE8F840FFF7E6
:109140007CBF38B571B1056800222846FFF799FE4B
:10915000044601462846FFF778FE2146BDE8384020
:10916000FFF7ADBF38BD70B5066809B9002070BD06
:10917000B368B3EBD10FF9D9B3F5004F34BF042373
:109180000823CC1D1C44E40821463046FFF7D6FED8
:1091900005460028EAD001463046FFF750FEA042BF
:1091A00009D92C44294630462246FFF701FF2146C3
:1091B0003046FFF742FF304601222946FFF745FEC1
:1091C000B368B3F5004F34BF0423082303EBC50392
:1091D0001844CCE72DE9F84306681446B26801F15B
:1091E000FF39B2F5004F34BF0423082319EA0109FF
:1091F0000F460BD0494239408B424F4628BF0B46A1
:10920000894654B900252846BDE8F8839942F8D824
:109210002146BDE8F843FFF7A6BFB2EBD40FF1D962
:10922000B2F5004F34BF04220822E11D3944C91AA7
:1092300011443046C908FFF781FE80460028E1D07E
:10924000B36809EBC005B3F5004F34BF042308230E
:109250001D4435447B1E1D44B5FBF7F57D43A5EB4E
:10926000090529463046FFF70CFE2C44073424F04C
:109270000704A41B804507464FEAE40408D20246CF
:1092800041463046FFF794FE41463046FFF7D5FE93
:1092900039463046FFF7D3FD3844844208D2394678
:1092A00030462246FFF784FE21463046FFF7C5FED2
:1092B000012239463046FFF7C8FDA4E7B2F5802FFA
:1092C0002CBF082304232DE9F0410026D21A8C1864
:1092D000CD1D25F0070524F00704641BE408056094
:1092E00021462046AC60EE60FFF7D5FD421D92009E
:1092F000013002F107074FEAD7073146A2F1100209
:1093000005F11000B8BF324607F0C2F83A463146C0
:109310002846FFF7B2FD3346324631462846FFF76E
:1093200083FDA4EB0708284631460122FFF78DFD97
:1093300042463946FFF7A1FD3B46324639462846AC
:10934000FFF772FD21462846FFF797FD4346324658
:1093500021462846FFF768FD214628460122FFF7EF
:1093600074FD3946BDE8F041FFF767BE038B13F08B
:10937000070305D10368002B0CBF002003207047B2
:10938000022B05D1408BB0FA80F040098000704775
:10939000012B05D10368002B0CBF0020052070476E
:1093A0000020704710B50C4600B111B96FF01500E0
:1093B00010BD081D00F096F80028F9D1A368032B12
:1093C000F6D9F3E72DE9F0410D4607461946281D69
:1093D00090461E4600F09AF8044638B1334642469D
:1093E00029463846A446BDE8F0416047BDE8F08113
:1093F00010B44FF02004EFF3118284F31288BFF30E
:109400006F8F41615DF8044B0121E9F77BBD38B5F1
:109410000C46054658B151B10B6843B14B6833B1A6
:109420001C22002107F034F800202C6138BD6FF0B9
:109430001500FBE770B505460E46FFF7B3FF041EA7
:1094400015DB4FF02003EFF3118283F31288BFF393
:109450006F8F4FF6FF716B8B2C8B8B4204F00704E0
:1094600007D182F31188BFF36F8F6FF00A04204693
:1094700070BD022C0CD101336B8382F31188BFF3D2
:109480006F8F0023224631462846FFF79BFFEEE709
:10949000062C14D8DFE804F004131313041A040094
:1094A000002333606B683BB9C5E90066ACB90221A3
:1094B0002846E9F727FDDAE71E606E60F6E782F3DB
:1094C0001188BFF36F8F6FF00404D0E782F3118827
:1094D000BFF36F8F6FF08504C9E782F31188BFF384
:1094E0006F8FC4E7034640B1426802F00302022ACC
:1094F00006D0032A04D0012A05D06FF0150070476A
:109500001A68002AF9D000209860704710B54268A8
:10951000034602F00302022A4FF00004816007D0E4
:10952000032A02D05C60002001E018685C6010BD76
:1095300018685C600028F6D0FDF764FCF3E70FB410
:1095400007B504A951F8040B0191E9F7A9FC03B090
:109550005DF804EB04B0704710B50369024613F0E0
:10956000080009D11368D4689C429BBF0120126A8D
:10957000E31AD31A0B6010BD00231846FAE713B59F
:1095800001A90446FFF7E8FF20B1019BE268013B17
:1095900013440193206A019BC01A013802B010BD28
:1095A00010B5044650182269236AD20702D5013B40
:1095B000184010BD984228BFC01AFAE710B50446FB
:1095C0000A46C168FFF7ECFF2369E06023F0080357
:1095D000236110BD38B50D46C2698B00016843F0A8
:1095E0000203044642F8213001682A46FFF7D8FFFB
:1095F000E3686168984208BF2369206008BF43F0B0
:1096000008032A46204608BF2361FFF7C9FF6060B0
:1096100038BD2DE9F74FC768C6699B4616F8273055
:10962000044603F00303022B884691464FF00003E3
:1096300006EB870A09D01360CBF80030236999073D
:1096400010D4002003B0BDE8F08F56F82710136047
:109650008908CBF80030F1D0FFF7B0FFE368A360D2
:109660000120EFE7A3695046984716F827300546D2
:10967000DA07E6D513F002031DD0B8F1000F03D0CE
:1096800041462046FFF7A6FF61682A462046FFF7BD
:1096900087FFD4E902319942606004D12A4620460E
:1096A000FFF77EFFA060A3682360E360236943F0B7
:1096B00008032361D4E7014620460193FFF77EFFAC
:1096C000E268A260B8F1000F04D02168E269019B52
:1096D00042F8213005EB0802CBF800202168204633
:1096E000FFF75EFF2369206043F00803236116F84B
:1096F00027306FF3000306F82730C9F800A0AFE762
:1097000070B504461546FFF74BFF2368834205D129
:109710002369216023F00803236170BDE269AB0077
:1097200043F0020342F8213061682A462046FFF7E1
:1097300037FF6060F1E738B5036904465B0706D57B
:10974000456AFFF71CFF85422CBF6562606238BD29
:1097500038B50D4604461C22002106F099FE002271
:10976000EB68A361AB6863612B68E3616B6862625D
:1097700023622A6923B1591E194208BF42F001022F
:109780002261012204F128000021BDE8384006F0E2
:10979000D0B92DE9F04F002587B00093036A044645
:1097A0008B420E469246A946039505953AD34FF053
:1097B0002003EFF3118B83F31288BFF36F8F059AA9
:1097C000D8462AB129462046FFF79AFF0023059381
:1097D00004A92046FFF7C0FE04990746B1422AD3E8
:1097E0002268E369204613F8221003EB820921F076
:1097F000030103F8221021683246FFF7D1FEE36827
:109800002060984212D0002788F31188BFF36F8F31
:10981000039929B162690AB1204690470023039356
:10982000002FC4D1484607B0BDE8F08F236943F04C
:1098300008032361E7E718B12046FFF7CBFEE3E713
:10984000009B5AEA03031AD0019106F0B3F801997C
:10985000A8B98BF31188BFF36F8F5246009B04F1B8
:109860002800FCF779FB4FF02003EFF3118883F316
:109870001288BFF36F8FB0FA80F77F09C4E72046E4
:1098800005AB03AA2568FFF7C4FE0746BCE770B521
:109890000446836908460D46984702464FF0200368
:1098A000EFF3118683F31288BFF36F8F2B78204676
:1098B00043F001032B706168FFF772FE6060204681
:1098C000FFF739FF86F31188BFF36F8F70BDF8B5CE
:1098D00004464FF02003EFF3118683F31288BFF3A1
:1098E0006F8F236913F0080FA36802D16268934257
:1098F00000D9226AD21AE1692AB986F31188BFF326
:109900006F8F002733E011F8232001EB830712F05B
:109910000300F2D0022803D151F82350AD0805D13D
:10992000D00712D43846A36998470546A1682A464D
:109930002046FFF735FE2946A0602046FFF73EFE91
:1099400086F31188BFF36F8FC3E742F0020201F87C
:109950002320A3693846A568984729460246204631
:10996000FFF71EFEA06086F31188BFF36F8F3846A5
:10997000F8BDF8B50446836908460D469847064683
:109980004FF02003EFF3118783F31288BFF36F8F3B
:109990002B786FF300032B7023699B0705D5E268D2
:1099A000E36903EB82039D421AD12B786FF34103E5
:1099B0002B70D4E90231994204D132462046FFF798
:1099C000EFFDA06031462046FFF7F8FD87F31188D0
:1099D000BFF36F8F04F12800BDE8F840FCF796BA9A
:1099E0002B6860F39F032B60F0E70269836812071E
:1099F00002D442689A4200D2026AD31A181E18BFD3
:109A000001207047704770B4066884890D0C16FAFF
:109A100081F105FB0411806A84682468A44670BC47
:109A200060470B6803F580330B60C0891A0CB0EBFC
:109A3000134F04BFA3EB02430B60704700F0B4BCAC
:109A40002DE9F04381460E4617461C46C36A89B08D
:109A50001D686D4205F020051CB9204609B0BDE81F
:109A6000F083AC42A04628BFA8466A46434631462A
:109A70004846FFF7C8FF0028F0D1424669463846FD
:109A800006F021FD20B9A4EB080446444744E3E76F
:109A90000120E3E7014610B507220446FF20E9F75D
:109AA00003F8E07110BD2DE9F0411C46C36A88B08F
:109AB0001D6807466D4205F020050E4668461146B2
:109AC0002A4606F0E5FC1CB9204608B0BDE8F08146
:109AD000AC42A04628BFA8466A46434631463846AF
:109AE000FFF7AEFF0028F0D1A4EB08044644EAE7F4
:109AF00038B5828903680D0C090C044602FB01315C
:109B0000806A2D0483689B68984750B9E26A2946A9
:109B10002046A3891279FFF7C6FF002818BF6FF00F
:109B2000050038BD0378012B81BF01F1FF31C91851
:109B30005B4219400846704770B50C46054608213F
:109B4000C06AFFF7EFFF072206462146FF20E8F72D
:109B5000ABFFE379834207D1AA896388901B8342D4
:109B60002CBF0020012070BD0020FCE738B5054661
:109B70000C46FFF7E1FFA0B1A08898B94FF6FF733C
:109B800022889A420DD10821E86AFFF7CBFF62884C
:109B9000AB899B1AB3FBF0F202FB1030B0FA80F0F5
:109BA000400938BD0020FCE7F7B504460D46C06A01
:109BB0000821FFF7B7FF0823074629682046FFF76B
:109BC00022FF0646002836D12B683B442B60A28931
:109BD00099B2D21B91422ED11A0C09BFE289A3F58A
:109BE000803102F1FF3203EB0241204608236A462E
:109BF0002960FFF708FFE8B9E36A1A796B4613F8A2
:109C0000011B8A420CD101300828F8D1636805E0B5
:109C10002B68BDF802201B0C1B0413442B600AE0C8
:109C200069462046FFF7A2FF0028F1D129462046C9
:109C3000E9F78EFA0646304603B0F0BD2DE9F04351
:109C4000074690461E4689B01BB9002009B0BDE802
:109C5000F0833C688389080C14FA81F100FB03143B
:109C6000FB6A1D686D4235400CD0B86A8368214696
:109C7000D3F804902B46C8470028E7D1761BE4D0E0
:109C80002C44A844202332464146684606F008FC8E
:109C9000FD6A0DEB06002A682979921B06F0F8FB95
:109CA000B86A2B688268214655686A46A847CDE79E
:109CB00010B50A46082341680446FFF7BFFF082194
:109CC0000246E06AFFF72EFF63681B1A63601046C6
:109CD00010BD4FF6FF7313B500220446ADF80030F7
:109CE0008DF8063083686846ADF80420ADF8023080
:109CF000FFF7D0FE69462046FFF7DAFF02B010BD3D
:109D00002DE9F04F082195B00446C06AFFF70AFF1D
:109D10000546636820461B0C1B0403A90393FFF749
:109D200080FEDDF80CB0A68906AA5E44761B0823E7
:109D3000314620460496FFF766FE021EC0F2A98057
:109D4000E36A06AA1979002312F8010B814240F058
:109D50008F800133082BF7D1A36862682B449A42A5
:109D60007ED259462046FFF7C3FE024691E0BDF879
:109D70001A30360C36041E44049608AA204604A95C
:109D8000DDF810A0FFF710FF0246002840F08180A8
:109D9000204608A9FFF7D0FE18B9019B9A45ECD1DF
:109DA000DAE7636805930AAA204605A9059EFFF72E
:109DB000FBFE024600286CD1BDF82820BDF82030FB
:109DC0009A4227D06268059B9A42ECD15645E4D16D
:109DD000BDF82430002BE0D0BDF822704FEA1A43C2
:109DE0001B041F44A36808A8ADF82230FFF752FEF9
:109DF000E36ABDF824901E68764206F02006B9F1A9
:109E0000000F0ED1204608A9FFF752FF0246002896
:109E1000C3D03EE020460AA9FFF78EFE0028D1D02D
:109E2000D4E74E45B04628BFC8460CAA434639463B
:109E30002046FFF7E8FD024658BB4346A1680CAA3E
:109E40002046FFF7FBFE41460246E06AFFF76AFE46
:109E5000A3680344A360E2B9A9EB08094744CEE72D
:109E60002046FFF736FF024600283FF47AAF10E0A5
:109E7000731B204606A90193FFF778FE00287FF4A4
:109E800076AF204604A9E9F763F9024600283FF4BB
:109E900074AF104615B0BDE8F08F00231A46E9F7FD
:109EA0002FBB13B500240094E9F702FC02B010BDEB
:109EB0000A46012100F078BA0369D3F8B00370476D
:109EC0006FF085007047084608B5114618B105F0D7
:109ED00023FA002008BD6FF00100FBE7084608B533
:109EE000114618B105F010FA002008BD6FF001000E
:109EF000FBE713B504460846216901F56B71D1E80B
:109F0000AF1F022909D15BB168B100931346D0E9B4
:109F10000912FBF74FFA02B010BD6FF00F00FAE71D
:109F20006FF04C00F7E76FF00100F4E72DE9F8431C
:109F30001C46DDE90853164698460F46006939B3BA
:109F40004AB344B36A1C43F10003022A73F10003CD
:109F500024D2226842B1D0F8B0339A4204D96FF0CB
:109F60000B002360BDE8F88305EA080909F1010345
:109F70005A425A412146384605F0D7F988B9B8F116
:109F8000FF3F08BFB5F1FF3FF0D06FF06800E9E791
:109F90006FF00100E6E76FF01500E3E76FF0850072
:109FA000E0E730600020DDE705F003BA38B50D4684
:109FB000044600F140012846E6F754FE30B1284639
:109FC00004F1B001E6F74EFE20B90120702303FB37
:109FD000004038BD0020FCE702F52C7102F530701E
:109FE00005F05ABED0F8F830A0F52C70003B18BF31
:109FF000012300EB8300D0F89C0205F037B9CB6851
:10A0000033B1C86883681B6813B100220969184717
:10A010007047FBF791BED0E8EF3FC0E8E21F002A8F
:10A02000F9D1704710B5436804691B68C4F8A833B8
:10A0300004F5D87005F0DFFC002104F56B70FFF724
:10A04000EAFF084610BD2DE9F34117460D4679B3E6
:10A050000B786BB3D0F8B040A4F5CE7814344FF041
:10A06000FF324FF0FF332046FBF7A2FE2A46404660
:10A0700001A9E9F76DFC019E2EB9204602B0BDE8AA
:10A08000F041FFF7C6BF58B12046FFF7C2FF3B467D
:10A090002A463146404602B0BDE8F041E9F736BCF9
:10A0A0002022294606F1400006F02FFA3766E4E741
:10A0B00002B0BDE8F081030103EB4003093323F054
:10A0C000030303EBC00348430330083320F00300CD
:10A0D0001844400070472DE9F84306464FF0010947
:10A0E0000569D0F8048005F56B77D7E8EF3F022BC0
:10A0F00003D1C7E8E29F002AF7D141D195F8643037
:10A10000002B40D195F8D430002B3CD12846D5F80F
:10A11000A81300F054F8044680BB7168366948699A
:10A1200083681B6943B3224689699847044628BB64
:10A1300006F5307649463046FCF748F8304605F5D6
:10A14000E476ECF713FC3046D8F8001000F074F811
:10A15000044698B90146E822304606F099F92146AE
:10A160004FF4E272284606F093F921463846FFF78D
:10A1700052FF2046BDE8F8836FF057040221F5E74F
:10A180006FF07704F5E76FF00F04F2E710B50846BB
:10A19000029B114652B993F864202AB9012218464D
:10A1A00083F86420E9F7C0FC002010BD9A6E546863
:10A1B000002CF9D0DA6EA047F6E705F0FAB838B50A
:10A1C0000D46044660B1E03005F01FFB0DB10020E4
:10A1D00038BDC4F89C51C4F8A051C4F8A451F6E7A6
:10A1E0006FF01500F4E70268D2F8E03013B1D2F84E
:10A1F000DC10184770477047836913B9D0F888306E
:10A2000019707047012070478369012B04D1D0F881
:10A2100088301878C0B270470420704738B5C41D24
:10A22000E400204606F009F9054618B1224600214F
:10A2300006F02EF9284638BD38B5044630220021F4
:10A2400006F026F91822002104F1BC0006F020F9DE
:10A250001822002104F1A40006F01AF9D4F8D8005D
:10A26000FBF75AF8D4F8D400FBF756F8002304F1B2
:10A270003400C4F8A03004F079FDFAF7B7FFE36EBC
:10A2800004F140050BB128469847382200212846A2
:10A2900006F0FEF8002038BD03785B075FBF036857
:10A2A0004288C3F34A2303EB12105DBF173020F03E
:10A2B00007008008002070470020704704F04DBB65
:10A2C0000346D3E8EF0F421CC3E8E12F0029F8D181
:10A2D00070470120E9F7D8BE0020704770B5D2E979
:10A2E00001369B1B8B420C4615460AD313680A465F
:10A2F0000146981906F0A5F82046AB682344AB60E8
:10A3000070BD6FF01B00FBE770B50E461546194691
:10A310000446120D18B9BDE87040E9F7B5BE2BB17F
:10A320001030C5F34A23184406F08BF8C4E90056F0
:10A330002046BDE87040EAF72FB82DE9F3415F1CD5
:10A340004FEA8708064608F1170020F0070080084A
:10A350000C461546E9F7FAFE00238DF80470ADF8B7
:10A3600005308DF8073068B10346019AA8F1040161
:10A3700043F8102F2A46294452F8045B8A4243F8D6
:10A38000045FF9D100233146A20102F4E07242EAEF
:10A39000482222F07F4222F4700222F03F0202B0F3
:10A3A000BDE8F041FFF7B0BF07B50123019201AA54
:10A3B000FFF7C3FF03B05DF804FB07B5CDE9002349
:10A3C00002236A46FFF7B9FF03B05DF804FB1FB52F
:10A3D000CDE90123069B01AA03930323FFF7ADFFF9
:10A3E00005B05DF804FBF8B506460D4614461F4659
:10A3F000214628463A46B047241A0544F8D1F8BD0C
:10A4000010B542680446D2E9002381680068FFF76E
:10A41000EAFF002263681A6010BD38B54B68054634
:10A420001A68CB680C469A4202D10846FFF7E8FF4B
:10A430006368D3E8EF2F511CC3E8E01F0028F8D170
:10A44000A36800209D5438BD0A2838B504460D463F
:10A4500002D10D20FFF7E1FF29462046FFF7DDFF7F
:10A46000002038BD436800201B685B689961704715
:10A4700043681B681A68526853607047012143683B
:10A480001B685A6811771868FFF7BABF43681B68E2
:10A490001868EAF7E3B970B543680C461D686B6845
:10A4A0009869E9F7CDFD214603460F222868BDE8EB
:10A4B00070401847704770B54C680368A34201D2DA
:10A4C000012070BD8A682244934201D30020F8E73E
:10A4D0004E69D1E90325B54203D36FF00B038B61BD
:10A4E000F4E71B1B42F835304368086902EBC002F1
:10A4F00053600B6901330B61E2E72DE9FF41D1F8AD
:10A500000C80054640461F460C461646E6F7BCFB47
:10A51000BDF8283080B2CDE90180009332463B4639
:10A520002146284603F016F904B0BDE8F08100206A
:10A53000EAF78EBA00221146EAF750BA034610B580
:10A5400008460AB10021116053B1D0B1411E11F883
:10A55000010F80B113F8014BA04201D13D28F6D183
:10A5600000200EE0013313600AE03D2808D0B0FA65
:10A5700080F0400905E018782F28F6D1002AF1D1A3
:10A58000012010BD10B509B100230B6058B103467E
:10A590001A781C4601332AB13D2A03D02F2AF7D15D
:10A5A00001B10B60201A10BD0830704710B513467A
:10A5B00014460A4681880068FFF773FCA042A8BFD2
:10A5C000204610BD2DE9F04F97B004469A468946C3
:10A5D000019200297CD0DAB1BAFA8AF67609258F81
:10A5E00004F1080B0135ADB2A8466F1EBFB2B7F536
:10A5F000004F26D04A233946584603AAFFF751FC9C
:10A60000002807DA10F1020F08BFB8463D46ECE714
:10A610000126E4E700F158030DEB0300002303A932
:10A6200000F84C3C4846E6F71DFB0028EED126B367
:10A6300039465846FFF731FC002805DA17B0BDE867
:10A64000F08FBEB30020F9E705F57F513F31584642
:10A6500089B2FFF722FC0028F0DB238FBB42F1D147
:10A660002246013B22F8383F4FF40041022358466E
:10A67000E8F746FF00EAE070E0E7B846B8F5404F7B
:10A6800029D0238F04F10805434515D308F58041EF
:10A6900053462846019A89B2E8F732FF0028CDDBFD
:10A6A000002ECFD04846E6F7EFFA4A460346414629
:10A6B0002846DDE70126E1E7224602234FF4004168
:10A6C000284622F8388FE8F71BFF0028DEDAB5E7C6
:10A6D0006FF01500B2E76FF00B00AFE773B5C36B17
:10A6E00004460363C3B100F108063046E8F762FD93
:10A6F000054670B902234FF4004130460DF10602C1
:10A70000FFF7CFFB0028B4BF4FF40043BDF806307D
:10A710002387284602B070BD6FF01205F9E70246A4
:10A72000F0B500200125884200D1F0BD546805FA3B
:10A7300000F3D4E8EF6F46EA0307C4E8EC7FBCF10E
:10A74000000FF6D13342F0D00130ECE70A46012188
:10A75000FFF72ABE01234A0901F01F018B40DB43AA
:10A7600000EB8200D0E8EF2F1A40C0E8E12F00296B
:10A77000F8D17047FBF71CBBFBF7DEBA38B50D46C6
:10A7800004464FF0FF3280694FF0FF33FFF7F2FFCE
:10A7900004EBC50045681DB9A069FFF7EDFF284629
:10A7A00038BD0368994205D08368994202D0036995
:10A7B000994202D18069FFF7DFBF7047C368012962
:10A7C0009B6B02D123B1002018470BB10120FBE79E
:10A7D0007047C36801291B6B02D123B100201847C1
:10A7E0000BB10120FBE77047C36801291B6B02D145
:10A7F00023B1002018470BB10120FBE770471FB5BC
:10A8000004240294CC680194BDF81840009402F02E
:10A81000A1FF04B010BD30B5CC6885B0A588029505
:10A8200024680194BDF82040009402F093FF05B025
:10A8300030BD10B5CC6886B024788DF81440012462
:10A840008DF815400224029405AC0194BDF8204017
:10A85000009402F07FFF06B010BD10B5CC6886B042
:10A8600024788DF8144002248DF81540029405AC2C
:10A870000194BDF82040009402F06CFF06B010BDBA
:10A8800010B5CC6886B024788DF8144003248DF878
:10A8900015400224029405AC0194BDF820400094B8
:10A8A00002F058FF06B010BD70B51C46BDF8103060
:10A8B0001546CE6893B9012C13D8107820B1012821
:10A8C00002D06FF0050070BD736803B1984722464F
:10A8D0002946304605F0B5FD2046F4E76FF0060046
:10A8E000F1E76FF00C00EEE70A460221FFF75CBDCE
:10A8F0002DE9FF47CD680646A5F5E0750F460146F0
:10A90000D5F84C0290469946BDF830A0EAF77AFC9B
:10A91000044620B904B0BDE8F047EAF747BE082373
:10A920000293431C42463946CDE900A330464B46CC
:10A9300002F010FF06462146D5F84C02FFF731FF22
:10A94000304604B0BDE8F0872DE9FF47CD680646E4
:10A95000A5F50E750F460146D5F84C02904699466E
:10A96000BDF830A0EAF74EFC044620B904B0BDE8BB
:10A97000F047EAF71BBE01234246CDE90103394601
:10A980004B463046CDF800A002F0E4FE06462146D4
:10A99000D5F84C02FFF705FF304604B0BDE8F0875C
:10A9A0002DE9FF47CD680646A5F5FA750F46014625
:10A9B000D5F84C0290469946BDF830A0EAF722FC43
:10A9C000044620B904B0BDE8F047EAF7EFBD08231C
:10A9D000029300F1090342463946CDE900A330460F
:10A9E0004B4602F0B7FE06462146D5F84C02FFF76B
:10A9F000D8FE304604B0BDE8F08770B40D4611466D
:10AA00001A46034688B9284670BC05F01ABDE0080E
:10AA1000185C04F00706F040C00744BF085D2855E5
:10AA200001349442F3D370BC70470024F9E738B581
:10AA30000D46AB4211461C4604D81A4605F001FDEE
:10AA4000204638BD0024FBE705F022BDC30903EB17
:10AA5000430303EBC30383EA4000C0B27047CB78E3
:10AA60000278534003704B884278534043700A6821
:10AA7000837883EA122383700A68C3785340C370D3
:10AA8000CB79027953400371CB88427953404371AB
:10AA90004A68837983EA122383714A68C3795340F1
:10AAA000C371CB7A027A53400372427A4B89534086
:10AAB00043728A68837A83EA122383728A68C37A2C
:10AAC0005340C372CB7B027B53400373CB89427BE1
:10AAD00053404373CA68837B83EA12238373CA6833
:10AAE000C37B5340C37370471FB50278C37A8DF898
:10AAF000002042798DF80120827A8DF80220C27BF5
:10AB00008DF8032002798DF80420427A8DF8052013
:10AB1000827B8DF80620C2788DF80720027A8DF8A6
:10AB20000820427B8DF8092082788DF80A20C279AE
:10AB30008DF80B20027B8DF80C2042788DF80D20CB
:10AB400082798DF80E208DF80F3010236A46194651
:10AB5000FFF76DFF05B05DF804FBF8B50646087811
:10AB60000C46FFF773FF05466078FFF76FFFA2788A
:10AB700063785340E27853405D40684030706078BD
:10AB80002778FFF763FF0546A078FFF75FFFA378FC
:10AB90005F40E3785F407D4068407070637827785D
:10ABA000A0785F40FFF752FF0546E078FFF74EFFC1
:10ABB000E3785F407D406840B0702078FFF746FF43
:10ABC000627823785340A278534080EA0305E07806
:10ABD000FFF73CFFEDB24540F570F8BD70B5144687
:10ABE000054688B0002849D0002949D0002A49D01C
:10ABF00010230A4668461946FFF719FF21466846A2
:10AC0000FFF72DFF103401F1A0066846EBF7E0F8DE
:10AC10006846FFF769FF694604A8FFF79EFF01A990
:10AC200005A8FFF79AFF02A906A8FFF796FF03A958
:10AC300007A8FFF792FF1023684619460DEB0302A1
:10AC4000FFF7F5FE214668461034FFF708FFB442CF
:10AC5000DBD1EBF7BDF86846FFF746FF21466846B3
:10AC6000FFF7FDFE10236A4619462846FFF7DFFE70
:10AC7000684610220021FFF7E7FE012008B070BDF2
:10AC80000846FBE71046F9E70A4610B512F9103BF3
:10AC90000F30002BACBF0023872312F8014D83EA4D
:10ACA00044038A4200F8013902D01378DB09F4E743
:10ACB00010BD08B520B158220021FFF7C5FE0120C4
:10ACC00008BD10B5044688B110220021FFF7BCFE74
:10ACD000102204F130000021FFF7B6FE002300220D
:10ACE00063644FF480330120C4E9142310BD70B5B0
:10ACF00004460D46164610B311B358220021FFF743
:10AD0000A3FE29463046A664EBF76EF81022002118
:10AD10002046FFF799FE04F11005A26C214620465B
:10AD2000FFF75CFF21462846FFF7AEFF294604F1F6
:10AD30002000FFF7A9FF2046FFF7C3FF012070BDE9
:10AD40000846FCE72DE9F0410E461546044600286A
:10AD500060D0FAB100295DD0D0E9143253EA020183
:10AD600058D0013BD0F8448042F1FF32C0E91432A0
:10AD7000B8F1000F2CD0C8F1100708F13000BD4227
:10AD800020440AD22B4632462946FFF750FE636C18
:10AD90002B4463640120BDE8F0813B4632463946CE
:10ADA000FFF745FE0023103D636445443E44631EA7
:10ADB00004F10F0113F8012F93F830008B4282EA5F
:10ADC00000021A70F6D121462046A26CFFF706FF5A
:10ADD00004F10F07102D0AD8002DDBD02B46324688
:10ADE000294604F13000FFF722FE6564D2E7631EB6
:10ADF000711E13F8012F11F8010FBB4282EA000205
:10AE00001A70F6D121462046A26CFFF7E7FE1036F5
:10AE1000103DDFE70020BEE770B50C460546F0B1F7
:10AE200071B34A6C102A1BD11031631E013904F131
:10AE30000F0013F8012F93F83060984282EA06025F
:10AE400011F8016F82EA06021A70F2D12146A26C53
:10AE50002846FFF7C3FE2046FFF72BFF012070BDF9
:10AE600002F130000021C2F110022044FFF7ECFD96
:10AE70008022636C04F12001234483F83020D4E75E
:10AE80000846ECE7F8B50C4610B1F9B10AB9012053
:10AE9000F8BD00278D1800F12806836E5A1C8266C3
:10AEA00014F8011B03443F2A83F828100BD93146BC
:10AEB000EAF7EEFFD0E9083213F5007342F1000221
:10AEC000C0E908328766A542E7D1E0E70846DFE738
:10AED000F8B50C460546002854D0002953D08B6E97
:10AEE000D1E90821D800121841F10001C4E9082174
:10AEF0008022581C38282344A0664FF0000783F8AE
:10AF0000282004F128060AD9C0F14002394630440D
:10AF1000FFF79AFD31462046EAF7BAFFA766A06E12
:10AF20000021C0F138023044FFF78EFD236A31461C
:10AF30001ABA636A62661A0A84F8633084F8622077
:10AF40001A0C1B0E84F86030204684F86120EAF762
:10AF50009FFF2B1D211F243551F8042F0433100EA1
:10AF600003F8080C100C03F8070C100A03F8060C81
:10AF700003F8052CAB42EFD1204670220021FFF7E9
:10AF800063FD0120F8BD0846FCE770B51446054690
:10AF9000431E8818884212D1402CC4F1400688BF55
:10AFA000002604F1400032465C21284405F070FA86
:10AFB000324628193621BDE8704005F069BA0A7892
:10AFC00082F0360203F8012F11F8012B82F05C02A7
:10AFD00083F84020DEE7F0B50E4614460546CDB0B6
:10AFE000B8B141B34AB3402A00F1700713D810A892
:10AFF000EBF730F82246694610A8FFF743FF10A987
:10B0000034A8FFF765FF224631463846FFF7BDFFFB
:10B0100001204DB0F0BDEBF71DF82246314605F199
:10B0200090042846FFF72EFF29462046FFF750FFE1
:10B0300020222146E9E70846EBE71046E9E710B58C
:10B04000044640B1EBF706F84022204604F17001B7
:10B05000FFF718FF012010BD08B510B1FFF712FF70
:10B06000012008BD70B50E4614460546F0B12029F2
:10B070001CD1EAB11146FFF72BFF2046EAF7EAFFA1
:10B08000402204F1B0012046FFF7FCFE324629467B
:10B090002046FFF7F7FE21462846FFF719FF204616
:10B0A000F0220021FFF7D0FC012070BD0020FCE75A
:10B0B0001046FAE72DE9F74F04464FF0010B1F4603
:10B0C0000023884600F1F0063146914620228DF893
:10B0D0000630DDF830A08DF807B004F58875FFF76D
:10B0E0007AFF2046FFF7ABFF202229462046FFF7D4
:10B0F000B3FF5A4620460DF10601FFF7ADFFB8F148
:10B10000000F07D0B9F1000F04D04A46414620464F
:10B11000FFF7A2FF3FB1BAF1000F04D05246394603
:10B120002046FFF799FF224620213046FFF79AFF7D
:10B13000202231462046FFF74EFF2046FFF77FFFD3
:10B14000202229462046FFF787FF22462021284655
:10B15000FFF788FFB8F1000F3AD0B9F1000F37D0F0
:10B16000202231462046FFF736FF2046FFF767FFD3
:10B17000202229462046FFF76FFF01220DF107012B
:10B180002046FFF769FF4A4641462046FFF764FF25
:10B190003FB1BAF1000F04D0524639462046FFF7BE
:10B1A0005BFF224620213046FFF75CFF202231461C
:10B1B0002046FFF710FF2046FFF741FF20222946D7
:10B1C0002046FFF749FF224620212846FFF74AFF85
:10B1D00003B0BDE8F08FF7B50C4617460546B0B191
:10B1E000B9B1002620220021F030FFF72DFC2022EB
:10B1F000012105F58870FFF727FC284633463A46BB
:10B2000021460096FFF756FF0120C5F8306103B0D4
:10B21000F0BD0846FBE7F7B5089C054680B179B15B
:10B220001F2A0DD953B16CB10094FFF743FF4FF0C3
:10B23000FF330120C5F8303103B0F0BD0093F4E7CF
:10B240000020F9E72046F7E72DE9F7430D461446BD
:10B250008046D8B3D2B34B1EB3F5002F36D2D2F806
:10B260003031ABB3013BC2F8303102F1F00902F5E5
:10B270008877202249462046FFF7ADFE2046FFF79B
:10B28000DEFE202239462046FFF7E6FE2246202138
:10B290003846FFF7E7FE202D2E4628BF20264046E1
:10B2A00033463A463146FFF7C2FB202D38BF2025F2
:10B2B000203DB044DDD120462B462A462946009544
:10B2C000FFF7F8FE012003B0BDE8F0830020FAE7A5
:10B2D0004FF0FF30F7E7002008B5E7F721FF014600
:10B2E0000068EAF7E1BF08B5EBF760F8BDE8084091
:10B2F000EBF78EB80A460121FFF756B8002101206E
:10B30000EAF7D2BF436E83F30B88704740E800F33F
:10B3100013F4803FD8B208BF6FF01500704730B506
:10B320000C684B6885B00A894D890094013B24F074
:10B330001F04234402F01F0242EA451223F01F03B8
:10B3400069468DF808200393EBF712FD05B030BD78
:10B3500008B5D1E904319847002008BD08B5EBF7DE
:10B36000CDFE002008BD30B50546B1F8032087B0FA
:10B370004B79ADF808200C460D2200210DF10B0091
:10B380008DF80A3005F084F802AA1146284600F02C
:10B390008FFC10B1002007B030BD029B0322ADF836
:10B3A000043020461B0C01A98DF8063005F08BF8FF
:10B3B000B0FA80F04009EEE770B50D460021044672
:10B3C000FFF7E0F80D2818D1237B302B13D0312B59
:10B3D00013D1012305F8063B04F10C062A4620464A
:10B3E000012302210234FDF7CDFCB44205F1FF3503
:10B3F000F4D1002070BD0023ECE76FF01500F9E7F1
:10B400000020704710B50C46017822788AB08A4235
:10B410000FD06946ECF792FA204605A9ECF78EFAB0
:10B4200010220DF115010DF1010005F04CF80AB0E4
:10B4300010BD012A06D0022A07D072B9408863885D
:10B44000C01AF4E740686368FAE71022611C013013
:10B450000AB0BDE8104005F036B86FF01500E6E719
:10B46000042A0AD0102A0DD0022A4FF0000315D169
:10B4700003700B88438001207047012303700B6821
:10B480004360F8E7022300F8013B01F1100351F893
:10B49000042B994240F8042BF9D1ECE71846704789
:10B4A000012310B50621044600F8013BEEF75EFECD
:10B4B00018B9A37963F03F03A37110BD0B68036053
:10B4C0008B8883808B798371037823F00203037068
:10B4D00070470078C0F3400070470F2807D80D2848
:10B4E0000BD8052808BF032018BF02207047132877
:10B4F00003D01A2808BF0120F6E701207047D0F8D2
:10B50000B83083B15A7BD1070DD5D2060DD51B7B40
:10B51000102B14BF032304234372807A98428CBFFC
:10B520000020012070470223F6E70323F4E7704769
:10B53000FEF73ABF034610B5D3E8EF0F40EA010229
:10B54000C3E8E42F002CF7D110BDFEF736BF0B681F
:10B5500003608B8883808B79837170470B680360ED
:10B560008B8883807047D0E8EF3F0B40C0E8E23F14
:10B57000002AF8D17047C0F30723537000231070DE
:10B58000000C9070000AD070C1F30720090E1371EF
:10B5900050719371D171704770B506460D4640F2F7
:10B5A00006400321ECF722FE044668B103210C306B
:10B5B00002F0C9FE068085702146BDE87040002279
:10B5C00040F20640ECF74CBE6FF0680070BDF8B575
:10B5D00007460E4642F2220006211546ECF706FE0B
:10B5E000044678B106210C3002F0ADFE3B8846805F
:10B5F000038085802146BDE8F840002242F2220007
:10B60000ECF72EBE6FF06800F8BD2DE9F0478146DB
:10B61000884642F23200072117461E469DF820A0B8
:10B62000ECF7E4FD0546A0B107210C3002F08BFEDB
:10B63000B9F8003080F802800380C7700671A0F866
:10B6400005A02946BDE8F047002242F23200ECF79F
:10B6500007BE6FF06800BDE8F087C068ECF7FABF7E
:10B6600010B503884288934219D8052B17D9B2F533
:10B67000486F14D88388B3F5FA7F10D240F6764429
:10B68000C088A0F10A0189B2A14208D801339BB257
:10B690005343B3EB800F34BF0120002010BD0020C6
:10B6A000FCE770B506460D4642F221000321ECF797
:10B6B0009DFD044618B9BDE87040ECF791BA03212E
:10B6C0000C3002F040FE068085702146BDE87040D7
:10B6D00042F22100EDF7C0B840F2C230704708B521
:10B6E000F5F7C6FB18B1C089003818BF012008BDA6
:10B6F000D0E8AF0F7047072208B504F0E4FEB0FAB7
:10B7000080F0400908BDFEF74FBE0B6803608B88D0
:10B71000838070470B6803608B8883808B7983718B
:10B7200070470128F8B50F46144626D8272142F263
:10B730002700ECF75BFD054610B327210C3002F023
:10B7400002FE224606463946FFF7E4FFC31D04F118
:10B75000100152F8040B8A4243F8040BF9D110226D
:10B76000002106F1170004F093FE2946BDE8F840D9
:10B77000002242F22700ECF773BD6FF01500F8BD10
:10B780006FF06800FBE7037A02465B0705D50146C8
:10B790002A3211F8010BFFF7C4BF704738B50121F9
:10B7A000054642F22D00ECF721FD044658B129462A
:10B7B0000C3002F0D7FD2146BDE83840002242F2AD
:10B7C0002D00ECF74DBD6FF0680038BD10B400F1EE
:10B7D0001003D3E8EF2F22F40041C3E8E41F002C4C
:10B7E000F7D1130404D501215DF8044B00F000BA31
:10B7F0005DF8044B70472DE9F041D1F80480044610
:10B800000D4686B0B8F1000F1DD1037A5B071AD53B
:10B810000E68411C701CFFF76EFF2A361622414647
:10B820000746684604F034FE10226946304604F0AC
:10B830004AFE30B11022304604F12A0104F043FEE2
:10B8400000B107B16C6006B0BDE8F08100F11002F4
:10B8500008B503461046FFF74BFF01060DD5D2E8A9
:10B86000EF0F40F40040C2E8E10F0029F7D118467D
:10B87000BDE80840002100F0BBB908BD08B500F1E3
:10B8800010031846FFF734FF020606D51846FFF7E7
:10B890002FFF430644BF01230B7008BD012810B5DC
:10B8A0000C4606D819B1F5F7A3FA00B1441C20469E
:10B8B00010BD0024FBE770B50D460446C0B3B9B314
:10B8C00000F110021046FFF713FF83070ED4E01CAF
:10B8D000FFF71BFF0123A370D2E8EF3F43F00803FB
:10B8E000C2E8E13F0029F7D1002070BD072142F2F4
:10B8F0003500ECF77BFC0646E8B107210C3002F07E
:10B9000022FD6378294600F8013BFFF7FEFE002286
:10B91000314642F23500ECF7A3FC0028E5D1E01CEB
:10B92000854202D02946FFF7F0FE0123A370DBE732
:10B930006FF01500D9E76FF06800D6E713B504463D
:10B9400080B106216846EEF711FC48B99DF8053034
:10B95000694603F03F0320468DF80530FFF7ABFF43
:10B9600002B010BD6FF01500FAE71030D0E8EF3FDD
:10B9700023F01003C0E8E23F002AF7D17047037AB2
:10B98000D90704D523F001030372EDF74FBC9907E3
:10B9900004D523F002030372EDF764BC7047002066
:10B9A0007047034610F4004F0CBF07200620DA034F
:10B9B00048BF00F005009B0348BF00F0FB00704744
:10B9C000D0E8AF0F084100F001007047034610B502
:10B9D000D3E8EF0F00EA0102C3E8E42F002CF7D10F
:10B9E00010BD0B6803608B8883808B7983717047EF
:10B9F000012310B403FA01F104464AB1D4E8EF3F41
:10BA00000B43C4E8E23F002AF8D15DF8044B7047CD
:10BA1000C9435DF8044BFFF7D9BF01238B40D0E841
:10BA2000EF2F1A43C0E8E12F0029F8D170472DE924
:10BA3000F04F87B09DF84C4007460E4692460021D5
:10BA4000102202A81D469DF844B09DF8488004F0DD
:10BA50001FFD44BBBBF1000F02D0B8F1000F15D1A0
:10BA6000CDE9026A012342F23701384602AAEDF716
:10BA700093FD40B9B8F1000F2AD107F1100002215F
:10BA8000FFF7CBFF002007B0BDE8F08F109B0295B9
:10BA90000393012342F23801384602AAEDF77CFDF8
:10BAA0000028EAD0EFE7EDF7FFF9814626BB7DBB22
:10BAB0004846E5F7E9F809228DF801008DF80020E5
:10BAC000CDF80490BBF1000F24D0B8F1000F21D0C5
:10BAD000109B022C02950393DBD10123CDF810D0EB
:10BAE00005932346D6E716F83210083901291AD9EA
:10BAF00001329245F7D1DAE70022FAE715F8321061
:10BB0000083901290FD90132109B9342F6D1CFE7B2
:10BB10000022F9E7012CCDE9026AA3D10223CDF876
:10BB200010D005949FE76FF01500ACE708B500F161
:10BB3000100309211846FFF743FF28B91846BDE84E
:10BB400008400821FFF73CBF022008BD436813F0FE
:10BB500008000AD05A0307D403F4C063B3F5806F1A
:10BB600014BF022001207047012070472DE9F041E9
:10BB700080460F4642F23900062186B01446ECF7A3
:10BB800035FB064688B300F10C0537B30121284682
:10BB900002F0E8FB0121284602F0E4FB284698F871
:10BBA000011002F0DFFBD4B12188284602F0E2FB4D
:10BBB000A178284602F0D6FB304608F1100203A90E
:10BBC00007230097ECF700FB0022314642F23900D0
:10BBD000ECF746FB06B0BDE8F0813946D7E72146D1
:10BBE000284602F0C7FB2146E3E76FF06800F1E763
:10BBF0000022FFF7BBBF203004F08FB838B50446F1
:10BC000004F11005FFF7F7FF6FF480412846FFF7B6
:10BC1000DDFE07212846FFF7D3FED8B16FF04001C3
:10BC20002846FFF7D3FE430604D52046FFF79DFEC6
:10BC3000EDF7D6FA0A212846FFF7C2FE18B1002117
:10BC40002046EDF795FE00222046BDE8384011461B
:10BC5000FFF78CBF38BD2DE9F043984600F1100383
:10BC600085B004460F4618460C21DDF83090FFF7EA
:10BC7000A7FE0B2105461846FFF7A2FE064645B172
:10BC800028B9B9F1000F04D06FF085000DE0002A4B
:10BC9000FAD12046FFF74AFF4346CDE90260394614
:10BCA0002046CDE90095FFF7C2FE05B0BDE8F08360
:10BCB000F0B50D461446B1B070B369B362B36E46C9
:10BCC0003246374600F1100313F8011D834202F893
:10BCD000011BF9D1314604A8EAF786F8E0B105F175
:10BCE000100313F8012DAB4206F8012BF9D13946A8
:10BCF000204604AAFEF772FF70B1631E04F1100221
:10BD0000073413F8011F12F8010D9C4218701170CE
:10BD1000F7D1002031B0F0BD6FF01500FAE7002236
:10BD200003680BB9184670478B4210D10B6842B9B3
:10BD300042680360914200D14360002301200B6000
:10BD4000704713604368994208BF4260F5E71A469E
:10BD50001B68E6E7034610B5D3E8EF0F00EA0102DF
:10BD6000C3E8E42F002CF7D110BD2838EEF75EBBF6
:10BD700010B50446006918B1F5F7B8FA002323613D
:10BD800010BD2DE9F0410446002704F138060023D8
:10BD90000022304602F070FA034650B92046FFF701
:10BDA000E7FF04F158000022BDE8F0410023FAF754
:10BDB000A9BA9D699F61F5F799FA002DE7D0294648
:10BDC0002046EEF763FBE0E710B500F1BC02D2E8D5
:10BDD000AF3F5BB1591CD2E8EF4F9C4204D1C2E89F
:10BDE000EC1FBCF1000FF6D1F1D110BD1846FCE7F5
:10BDF00000F1BC03D3E8EF2F013AC3E8E12F00299B
:10BE0000F8D140F201124188914204D1D3E8AF3F0A
:10BE10000BB9EDF73BBF70472DE9F84307460E46D7
:10BE2000904600244FF0C009B44203D100231846C5
:10BE3000BDE8F88309FB0470FFF7C6FF034658B15D
:10BE4000457B012D02D0073D012D03D81A884245BC
:10BE5000EDD01846FFF7CCFF0134E5E710B50446F6
:10BE6000EFF7F0FC2046BDE81040EEF7C1BA10B580
:10BE7000437B0446023B062B16D8DFE803F004158B
:10BE80001515090B0900017300212046EEF748FD46
:10BE9000002010BD0088FFF77FFB0028F9D1637BED
:10BEA000072BF5D10821F0E76FF07F00F1E710B51F
:10BEB0000446D0F8B80028B9207A04F18801F4F7D4
:10BEC000D7FF38B1E278C3892AB913F0210F14BF24
:10BED0000120002010BD13F0240FF8E70346C07ABC
:10BEE00018B1D3F8B80000B1007B704738B5437B78
:10BEF0000446072B22D10B0601F07F050FD5031D49
:10BF0000D3E8EF1F41F40061C3E8E21F002AF7D134
:10BF10002046A572F4F77EF968B9002038BD437A4F
:10BF2000AB42FAD2837AAB42F7D26FF400610430AD
:10BF3000FFF710FFECE7637AA372EFE76FF07F0083
:10BF4000ECE7407A704738B5037A04468B421546D1
:10BF500015D100F188010722284604F0B4FA80B117
:10BF6000E378072243B904F19601284604F0ABFABE
:10BF7000B0FA80F0400938BD04F18F01F5E70020E8
:10BF8000F9E70120F7E788307047F8B507460D4616
:10BF900042F213000E21ECF729F90646D0B10E212A
:10BFA0000C3002F0D0F904460E22002104F070FAA1
:10BFB0003B88314623802B88002263806B8842F2C5
:10BFC0001300A380AB88E380EB882381BDE8F840B1
:10BFD000ECF746B96FF06800F8BD10B5B0F89E20D8
:10BFE0000C880346944200F1040013D84C88944214
:10BFF00010D3B3F8A4408A8894420BD1B3F8A6407A
:10C00000CA88944206D16FF40071FFF7A3FE6FF067
:10C01000770010BDD0E8AF4FC4F3C012240604D59A
:10C02000BDE810401846EEF7BDBF0C88A3F8A0404D
:10C030004C88A3F8A2408C88A3F8A840C988A3F82C
:10C04000AA10D0E8EF3F43F40073C0E8E13F0029B5
:10C05000F7D11046DDE7136839B9416803608A42B9
:10C0600000D143600023136070470B6043689A421D
:10C0700008BF4160F6E70346002003B970471A8AFB
:10C080005B681044F9E738B50346006D0D4670B1A2
:10C090000021A0F1080494F8B400A84208D12AB104
:10C0A00004F1080203F15000FFF7D5FF204638BD28
:10C0B000A0680028FBD004F10801A0F10804EAE719
:10C0C000A1F140023F2A38B50B4613D8046D4CB19C
:10C0D0000021083CA58A04F108029D4204D1503099
:10C0E000FFF7B9FF204638BDA468002CFAD01146EE
:10C0F000083CEFE70024F5E7536810461B69184732
:10C100007047D0E8AF0F7047FEF74EB9B83003F074
:10C1100004BE014610B52C30FFF7F3FF58B10B6B8E
:10C120000BB98B6C3BB1BDE810400022002301F13C
:10C130005000FAF7E7B810BD034630B400F12C0206
:10C14000D2E8EF5F0D44C2E8E45F002CF8D103F1C0
:10C150001001D1E8EF2F42F00104C1E8E54F002DB6
:10C16000F7D1D20704D45B68DB690BB130BC184748
:10C1700030BC704710B5044654F8102B03462046D7
:10C18000FFF7BFFF400721D4052906D0082920D199
:10C19000527A012A20D8022107E0527A012AFAD9DC
:10C1A000022A11D0032A17D104211868FFF79EFE36
:10C1B000002808DBD4E8EF3F43F00403C4E8E23F83
:10C1C000002AF7D1002010BD0321EEE76FF07600C2
:10C1D000F9E76FF01500F6E76FF07700F3E710B4BA
:10C1E000036D0C467BB10021083B9C4203F1080221
:10C1F00004D15DF8044B5030FFF72DBF9B6813B19D
:10C200001146083BF1E75DF8044B704770B50446F2
:10C21000D0E9003523B16B6803B198470023236050
:10C22000002384F8B030A4F8B230E3680BB12046A4
:10C2300098472B6A1BB12046BDE87040184770BD77
:10C2400038B5006D30B150F8084904B1083CFFF72B
:10C25000DDFF04B938BDA5682DB12046083DFFF7C4
:10C26000D5FF2C46F7E72046BDE83840FFF7CEBFA4
:10C270000431EEF7ADBC2DE9F041144605460F46FA
:10C2800002F10C0004211E46DDF8188002F07CF853
:10C29000228A4780043A0280434632462146284695
:10C2A000BDE8F041EEF784BA2DE9F0410C6805468F
:10C2B00020469046FFF7DFFEEB8C08EB0007BB4201
:10C2C0000E4633DB238A1BB96368002B18BF1C465C
:10C2D000B8F1000F11D1022221462846EFF72EF9BE
:10C2E000002808DA10F10B0F04BFA369C3F800801F
:10C2F0003460BDE8F0811FFA80F8B84504DB2046C1
:10C30000F4F7F4FF4046F4E7208A18B9214602F01A
:10C310000AF80446002221462846EFF70FF90028C4
:10C32000E0DB08EB00021FFA82F8E6E76FF0790025
:10C33000DFE7F7B504460027A0F15006A0F120057D
:10C3400054F8080CE8B144F8087C0190836901A90D
:10C350001A883046FFF7A8FF031EF1DA0B33019865
:10C360000AD144F8080C4FF400420023204603B0E1
:10C37000BDE8F040F9F792BF03B0BDE8F040F4F734
:10C38000B5BF00220023284601F076FF0190002867
:10C39000DCD103B0F0BD002313B50A460C46009370
:10C3A0000521FFF768FF28B1204602B0BDE8104024
:10C3B000F4F79CBF02B010BDF7B51E4600230093F2
:10C3C00004460D46174600680A460521FFF753FF4D
:10C3D00028B1284603B0BDE8F040F4F787BF3A46DD
:10C3E000334604F1B80003B0BDE8F040F9F78ABF66
:10C3F0002DE9F8430D460446A0B399B3EEF768FF64
:10C400000A1D5200014692B206461720EEF7C8FFF9
:10C4100000F10C0907460821484601F094FF4FF04F
:10C4200000082368B3F8B2200280DA8A42801A8BAF
:10C430008280DB69C380A84509DB20684FF4A01225
:10C4400000233946FFF7B8FF0020BDE8F88354F811
:10C4500028304846998A83F8B46001F08BFF08F1D0
:10C460000108E8E76FF01500EFE738B50446EEF78E
:10C470002FFF0A22014684F8B4001420EEF790FF43
:10C480000546B8B10A210C3001F05DFFB4F8B230B6
:10C490004FF4A0120380A38A29464380E38A838055
:10C4A000238BC380E369038120460023FFF784FFC9
:10C4B000002038BD6FF00B00FBE770B5046D0E4631
:10C4C00086B0002C51D054F8085905B1083D04F14C
:10C4D0001003D3E8EF2F22F00401C3E8E01F002887
:10C4E000F7D1530707D59EB120682146FFF777FEA5
:10C4F0002046FFF78BFE63689B6813B131462046E8
:10C50000984795B3AB6803B1083B2C461D46DEE760
:10C5100094F8B4301BB323681B6DDBB13146083B84
:10C5200094F8B40093F8B42090420FD103F11002B4
:10C53000D2E8EFCF2CF0040CC2E8E0CF0028F7D10E
:10C5400006AA02EB810242F8143C01319B6813B148
:10C55000083BE5E7314601A8FFF74AFFCBE7204655
:10C56000FFF783FF0028C6D0BEE706B070BD006DA0
:10C5700028B1838B08388B4201D08068F8E7704778
:10C5800008B53AB98988FFF7F2FF18B1BDE808404D
:10C59000FFF7BFBD08BD2DE9F0411446D1E90267A0
:10C5A00005460846B1F80480EEF7DEFE3CB1D6B190
:10C5B0002246394628463346BDE8F04118474146F1
:10C5C0002846FFF7D4FF044668B143689B6903B16E
:10C5D00098471EB1002239462846B0472046BDE89C
:10C5E000F041FFF796BDBDE8F081006D28B1838969
:10C5F00008388B4201D08068F8E7704773B506466B
:10C60000EEF766FE0D46082201461220EEF7C8FE40
:10C610000446D0B108210C3001F095FE2B8822464B
:10C6200003806B8805214380AB888380EB88C380BF
:10C63000002330460093FFF71EFE054610B120464A
:10C64000F4F754FE284602B070BD6FF00B05F9E711
:10C6500038B503680446F3B1EEF73AFE042201460A
:10C6600084F8B4000620EEF79BFE0546B0B1042125
:10C670000C3001F068FEA38C4FF480320380A38A53
:10C680002946438000232046FFF796FE042300201E
:10C6900084F8B03038BD6FF07F00FBE76FF00B001F
:10C6A000F8E770B5A0F1880600F11004002200231D
:10C6B000204601F0E1FD054600B970BD304629462F
:10C6C000EFF778FA2846F4F711FEEFE7034600206B
:10C6D00003B970471A8A5B681044F9E710B5D4684B
:10C6E0000231237813B92170012010BD8B42FBD099
:10C6F000038A023B038200201061F6E706207047A0
:10C70000D0E8AF0F084100F001007047032100F5A9
:10C710008C70FFF7F5BFFDF747BE70B405686A6A15
:10C7200062B313680BB1A3F5B473A2F5B47400221D
:10C73000114601E0A3F5B473844207D0E68DE48B83
:10C74000B14238BF3146A24238BF22461C462BB107
:10C75000D3F86831002BEDD18442EFD1C38DC08B6B
:10C760008B4201D890420BD9824238BF024699428F
:10C77000286838BF194670BCF2F79EBD1146EDE738
:10C7800070BC70470838FFF7C8BF0846F0F734B8E8
:10C790002DE9F0411446054608468E688F88D1F889
:10C7A0000C80F0F729F804B92EB9BDE8F0814146B4
:10C7B0002846B0470134A3B29F42F8D8F5E710B538
:10C7C00008680C46D0F81C3133B14FF470220023B6
:10C7D00000F59C70F9F796FD2046BDE81040F0F793
:10C7E0000BB873B51446014605464FF495722068A0
:10C7F00001F02FF8207500BB237A2068ABB1A3F1BC
:10C800001802534253419B000193638A29460093C7
:10C81000AE68238AE268B047002808DB238A984282
:10C820000ED100230120237508E00223ECE710F16C
:10C83000FF0F05D34042C0B22075002002B070BD8A
:10C840000E20F9E71FB5CDE9012300231A46009316
:10C85000F1F718FF05B05DF804FB73B504460D460B
:10C86000EFF79CFFA8B380F86050012100F130057C
:10C870000DF10700EDF77AFC10B100238DF80730B9
:10C88000B4F8A430B4F89E404FF4004603FB0444CF
:10C8900040F6C4135C434FF47A73B4FBF3F49DF891
:10C8A000073040F2E73003F007031C44642C38BF24
:10C8B000642400214FF47A720023E4FB0601E4F7BC
:10C8C00069F802460B46284602B0BDE87040F9F709
:10C8D00019BD6FF07F0002B070BDD06804310378DD
:10C8E00013B90170012070478B42FBD00020916882
:10C8F0000B8A043B0B821061704708B50B4641B1AF
:10C90000FFF704FF10B1C3F3400008BD03F00100BE
:10C91000FBE70120F9E7F8B5936805460F46144692
:10C92000166863B9506801210C3001F00CFDA0605D
:10C930002B681B78002B14BF022301230370A3680C
:10C940001B78012B03D0022B1FD000201CE02B688A
:10C950001B78002BF9D1606804210C3001F0F3FC46
:10C96000E06007802A68E36852885A806168F28D27
:10C97000F38B088A9A4294BFC0EB0200C0EB03001D
:10C98000042894BF00200120F8BD2B681B78022BDF
:10C99000DBD1606812210C3001F0D5FCE06007802B
:10C9A0002B68E268591C0232113351F8040B99428A
:10C9B00042F8040BF9D16168F28DF38B088A9A4230
:10C9C00094BFC0EB0200C0EB03001228D9E72DE9A9
:10C9D000F04F044685B0104690469946FFF776FE24
:10C9E000E38BE28D8B46934228BF1346834240F28D
:10C9F0009380A3684046039301F073FC4FF0000A54
:10CA000006464046FFF762FEE28BE38D06F10C0717
:10CA10009A4294BFC0EB0205C0EB0305384601F013
:10CA2000ECFC854217D24046FFF750FEE28BE38DC7
:10CA30009A4294BFC0EB0205C0EB03058DBB98F88A
:10CA40000A00F4F7A9FB0022002301F010FC0646BF
:10CA500030B9574636E0384601F0CFFC0546EDE7E1
:10CA60000146404601F04EFC4046FFF72FFEE28DA6
:10CA7000E38B06F10C079A4294BFC0EB0205C0EBB2
:10CA80000305384601F0B9FC85421FD24046FFF746
:10CA90001DFEE28DE38B9A4294BFC0EB0205C0EB12
:10CAA0000305F168328ACDF80090DBF804700A447F
:10CAB00003985946ABB2B847071E0CDABAF1000F1B
:10CAC00018BF5746384605B0BDE8F08F384601F02C
:10CAD00094FC0546E5E70E9BB3B9394606F10C0018
:10CAE00001F031FC4046FFF7F1FDE38DE28BB944E4
:10CAF000934228BF13468342BA441FFA89F9A8D942
:10CB0000AF423FF47EAFA4E7394630460F9A0E9B02
:10CB100098470028E1D19CE70027D3E7002203686B
:10CB200003B970478B420FD10B683AB94268036072
:10CB3000914200D1436000230B607047136043684B
:10CB4000994208BF4260F6E71A461B68E8E70123EE
:10CB50008B40DB43D0E8EF2F1A40C0E8E12F0029DB
:10CB6000F8D1704710B50C460868012100F58C70AB
:10CB7000FFF7EDFF2046BDE81040EFF73DBE10B5D2
:10CB80000C460868002100F58C70FFF7E0FF204696
:10CB9000BDE81040EFF730BE10B58B690A46197C2E
:10CBA0000446FFF7AAFE28B12046BDE81040114612
:10CBB000EFF7B6BE6FF0150010BD2DE9F041044649
:10CBC0008868FFF783FDE38DE28B0D46934228BF13
:10CBD000134683421FD30027C4F81C11D1F80880E4
:10CBE0008F60F9F7C1FD41462046FFF7D5FF0646A5
:10CBF00040B1C5F80880C4F81C71F9F7C9FD30468A
:10CC0000BDE8F081E18DE38B2846994228BF1946A3
:10CC100000F06CFFF1E76FF07906F0E738B50446F5
:10CC20000D46EFF77DFE30B1294604F59070BDE862
:10CC3000384001F050BB38BD062070472DE9F04167
:10CC4000884617460121042205461E46EFF73AFFA3
:10CC5000044670B104210C3001F075FB80F80080AF
:10CC6000A0F80170C67021462846BDE8F041FFF7E4
:10CC7000D5BFBDE8F08173B500230546166814469C
:10CC8000B06829461373952200F0E3FD207380B944
:10CC9000CDE9000029463046A388A268FFF797FE39
:10CCA000002809DA10F1FF0F32BF0E204042C0B257
:10CCB0002073002002B070BD0120FBE72DE9F34195
:10CCC0000023074616681446B06839461373952248
:10CCD00000F0BFFD0546207308BBA068F18DF28B04
:10CCE000038A914294BFC3EB0103C3EB0203012B00
:10CCF00015DD02210C3001F026FBCDE90055804600
:10CD0000A38839463046A268FFF761FE031E0ADA9F
:10CD100013F1FF0F32BF0E235B42DBB223730020FF
:10CD200002B0BDE8F0810120A8F80030F8E738B57E
:10CD30000C461546EFF732FD38B1272D05D1A0F886
:10CD40006240BDE83840EFF76FBF38BD2DE9F041D4
:10CD50000F4615461E46BDF81880EFF71FFD58B167
:10CD6000B8F1270F08D1AD1BA0F8647080F86650A9
:10CD7000BDE8F041EFF758BFBDE8F08170B505465A
:10CD800086B00E46684602F0AFFE00240022002363
:10CD9000304601F071FA0246A0B90022002368462D
:10CDA00001F06AFA0146E8B904B328462146FFF7C4
:10CDB000F3FE054618B12146304602F0ACFE284687
:10CDC00006B070BD34B11146684601F084FA2246BF
:10CDD0001446DBE793692846197CFFF78EFD00288F
:10CDE000F1D0F5E7304601F076FAD6E76FF00105AD
:10CDF000E5E710B504211446FFF7B9FB082150F808
:10CE0000080CEFF7E7FF18B108302060002010BDD4
:10CE10006FF00B00FBE7F8B550F8084C0546A0F1A1
:10CE20000807042100F58870FFF791FE1CB3D5F8C0
:10CE300014319BB966688EB1A2683368964208BF08
:10CE4000A360314638466360FFF7B7FE002812DA68
:10CE500063683360A368666003B9A660384605F569
:10CE60008C71FFF78BFF30B1384604F10C01BDE83F
:10CE7000F840FFF783BFF8BD2DE9F843436A054644
:10CE8000002B4ED01E68A3F5B4770EB1A6F5B4768C
:10CE900000231C46984612E0BBB13846FFF736FC2B
:10CEA00081461846FFF732FC81450ED1002E38D05E
:10CEB000D6F868210AB1A2F5B47237461646D7F8FB
:10CEC0001C21002AF2D1002CE6D06C680CB93B463C
:10CED000ECE7A36838469B69197CFFF70EFD2368D1
:10CEE00040B922461C46F1E71360AB689C4208BF7C
:10CEF000AA6006E0002AF7D1AA686B60944200D1CC
:10CF0000AB6021463846C4F80080FFF756FE002883
:10CF100007DA6B682360AB686C60002BD7D1AC601C
:10CF2000D5E7BDE8F88338B5054608460021FFF788
:10CF3000E7FBE0B155F8083CCBB1D5F81421B2B904
:10CF40005C68A4B1996822688C4208BF9A60214647
:10CF50005A60A5F10800FFF730FE002807DA55F8FF
:10CF6000083C5A6822609A685C6002B99C6038BDCF
:10CF7000012310B503FA01F1D0E8EF3F43EA0102C3
:10CF8000C0E8E42F002CF7D1194214BF0120002083
:10CF900010BD37B50C46054601F10C0001F021FA31
:10CFA000228A03460192E268122100922846132247
:10CFB000F0F77AF803B030BD37B50C46054601F1FD
:10CFC0000C0001F00EFA228A03460192E26828461C
:10CFD000009200221146F0F767F803B030BD0868F0
:10CFE000C3689B690BB108301847704710B50C46F1
:10CFF0000AB9FFF7F4FF2046BDE81040EFF7FCBB8D
:10D0000070B505460E4614460AB9FFF7E8FF2246FA
:10D0100031462846BDE87040FFF7BABB70B50546FB
:10D020000E4614460AB9FFF7DAFF22463146284673
:10D03000BDE87040FFF7C3BB70B505460E46144609
:10D040000AB9FFF7CCFF224631462846BDE87040BA
:10D05000FFF788BD70B505460E4614460AB9FFF7BE
:10D06000BEFF224631462846BDE87040FFF787BD27
:10D0700007B5CA680C211388528800920D22F0F778
:10D0800011FA03B05DF804FB07B50022CB680A2152
:10D090001B8800920B22F0F705FA03B05DF804FB41
:10D0A0002DE9F0410B460546FFF730FB044608BB6F
:10D0B000DB681F88BBB2162B1ED90222032128462B
:10D0C000F0F78CF80646C8B102210C3001F03BF9AC
:10D0D0004FF04208314680F8008044702846FFF740
:10D0E0009DFD2846A5F81E80EF85FFF716FB20461C
:10D0F000BDE8F0810620FBE70420F9E70E20F7E702
:10D1000008B510B90022104608BDEFF747FB00280C
:10D11000F8D0436A002BF5D00022A3F5B47318466B
:10D12000FFF7F4FA30B1022103F58C70FFF7E8FA4B
:10D1300000B10132D3F86831002BE4D0A3F5B47309
:10D14000EDE72DE9FF41044610220E466846002116
:10D1500003F09EF92046FEF7F4FE012825D9731E40
:10D16000022B25D824B304212046FFF700FA6F468E
:10D17000002550F8088C08214046EFF72BFE78B1C7
:10D1800001350830AE4247F8040BF4D12722694636
:10D190002046EEF74BFC00EAE07004B0BDE8F081F9
:10D1A000002DF3D16FF00B00F7E74FF0FF30F4E7FD
:10D1B0006FF01500F1E70A8A0023C968F0F750BB49
:10D1C00070B5064650F8083C044656F80859002B3E
:10D1D00038D041B1D0F81431002B33D01B7CDA07A2
:10D1E00030D5052321E02846F2F77AF86B7A012B37
:10D1F00028D0D4F814512DB32B7CDB0722D5EB6853
:10D20000002BEED030466A69697CEFF75BFC044680
:10D2100050B1D5E90512EB68984768B1A069EFF7FE
:10D22000EBFA2046F4F762F80E2300223046BDE800
:10D2300070401146F0F714BB21463046EFF770FB03
:10D240000028EBD170BDF8B50D46EFF7A7FA0446FC
:10D2500040B9A869EFF7D0FA2846F4F747F86FF01D
:10D260007F00F8BD00F10C062946304601F033F886
:10D27000636A5BB11C68A3F5B4750CB1A4F5B47412
:10D2800031462846FFF77AFD034668B90020E8E7F3
:10D290002046FFF73BFA07462846FFF737FA874252
:10D2A0006FF0010307D11446002CEFD0D4F86821A9
:10D2B00022B90233ECD025461446E1E7A2F5B47258
:10D2C000F7E738B505460C46F9F74EFA2846EFF76A
:10D2D00065FA20B9F9F75CFA6FF07F0038BD0023DA
:10D2E000236083683BB9C0E90144FFF7C5FDF9F746
:10D2F0004FFA0020F2E71C608460F6E708B5FFF7FC
:10D30000FFFEB0FA80F0400908BD10B504464AB9E6
:10D31000012907D9FFF7F2FF20B12046BDE81040F0
:10D32000EFF778BA10BD10B5EFF738FA58B1446A84
:10D330004CB1A4F5B47404F58C700521FFF707FC1B
:10D34000D4F86841F4E710BD08B50421FFF74DF9A2
:10D3500030B1BDE80840052100F58870FFF7D0B96D
:10D3600008BD8069C0E902120122037482807047FF
:10D3700001F00303032B10B5044610D08B0710D522
:10D38000FEF7DFFD012808D92046FFF7B7FF80F040
:10D390000100C0B200F0010010BD0020FAE700203B
:10D3A000FAE70120F8E71060002070470B46098972
:10D3B0005A8A914238BF11469A8B914238BF114622
:10D3C000DA8B8A4203D0D9831B6A03B118477047AE
:10D3D00010B5029C0A46A3680BB121469847A37D6D
:10D3E000E268013BDBB2A37522B11BB92046BDE860
:10D3F0001040104710BD1060918000207047002041
:10D400007047F0B5076806463D78144689B0DDB927
:10D410007B88B3F5245F04D010D8A3F52053032BE9
:10D4200012D8ADF80A10022220460DF10A01FDF7CC
:10D4300089FC68B96FF01502A26506E003F5564352
:10D44000FF339BB2042B1ED90125284609B0F0BD3D
:10D450007B88022220460DF10A01ADF80A30FDF763
:10D4600071FC0028E6D00020009003AA1323314667
:10D470007768B847021EDFDB03A92046FDF762FC90
:10D480000028E1D1D6E7ADF80A10022220460DF1BE
:10D490000A01FDF757FC0028CCD07B880222ADF8AA
:10D4A0000A300DF10A01E8E7FCF77EBF072208B554
:10D4B00003F009F8B0FA80F0400908BD2DE9F04109
:10D4C00004460F4690460025461C16F8013C43458D
:10D4D00007D139463046FFF7E9FF10B16019BDE8C2
:10D4E000F0810A351E2D06F10A06EED10020F6E77E
:10D4F000034610B5D3E8EF0F40EA0102C3E8E42F7A
:10D50000002CF7D110BD034610B5D3E8EF0F00EAA9
:10D510000102C3E8E42F002CF7D110BDFCF74DBF8A
:10D52000D0E8AF0F7047F8B599420446DDE9060729
:10D530000D46089E01D90020F8BD914201D201207C
:10D54000FAE760B98FB933882946013B338020461A
:10D55000099B0A9A98473388002BEDD1EBE72168A5
:10D56000FDF750FF0028EDD0E9E7E368BB42E6D1C4
:10D57000E9E70B6803608B8883808B798371704740
:10D5800000230360436083607047022A10B508D10E
:10D59000002300F188011A46007AF0F7EDFB022023
:10D5A00010BDF0F73FFCFAE738B5BDF8104015465E
:10D5B00094420AD3A41A8C42A8BF0C46A4B22246B5
:10D5C000591902F03EFF204638BD6FF00604FAE715
:10D5D00030B585B0C96814461D46F0F7F9FA00B1B8
:10D5E00000890223ADF80E00009329462046BDF8BD
:10D5F00020200DF10E03FFF7D7FF05B030BD1FB59A
:10D600000C461946E36810461C78BDF818203CB15A
:10D6100010240133069404B0BDE81040FFF7C4BFE6
:10D620005B88ADF80E30022300930DF10E03FFF777
:10D63000BBFF04B010BD30B51D46002385B01446B5
:10D640008DF80C30F0F7A2FA10B1037A8DF80C3097
:10D650000123294600932046BDF8202003ABFFF7A5
:10D66000A3FF05B030BD1FB51946012310468DF844
:10D670000F300093BDF818200DF10F03FFF794FF52
:10D6800005B05DF804FB2DE9F04114461D46BDF8D8
:10D690001870EBF709FC0646E3F7F6FA80B206903D
:10D6A00033463A4629462046BDE8F041FFF77CBFA5
:10D6B00030B585B014461D46FEF70EF80223ADF8CE
:10D6C0000E00009329462046BDF820200DF10E03E0
:10D6D000FFF76AFF05B030BD10600020704708B545
:10D6E0000C3029B10121FFF703FFC043084008BDFA
:10D6F0006FF00101FFF707FF00F00100F7E710B539
:10D700000446FFF7ECFF38B12146BDE81040012286
:10D7100011F8010BF0F7AEBA10BD38B50446154646
:10D72000FFF7ECFD48B12046F0F730FA28B1037A54
:10D73000DB0702D50121FFF7E2FF55B9207A04F19A
:10D740008801F0F7D9F920B18560BDE83840F0F7DD
:10D750005BBA38BD10B5BDF80810BDF810401046D2
:10D760008C420BD3641A9C42A8BF1C46039BA4B2F4
:10D770002246194402F065FE204610BD6FF00604F3
:10D78000FAE713B5044610B9002002B010BD00231B
:10D790008DF8043042F60303006801A9ADF80630A5
:10D7A000FDF730FE0028EFD1E36898880028ECD11F
:10D7B0002046F0F737FF013080B2E6E770B5CC685D
:10D7C0001E46A37988B008468DF80C301546FFF741
:10D7D000D8FFADF80D00246823786BB96388ADF8E5
:10D7E0000F300523009331462846BDF8302003ABA7
:10D7F000FFF7DAFE08B070BD631C0DF10F021134A3
:10D8000053F8041BA34242F8041BF9D11323E9E7A0
:10D810001FB5CDE9012300231A460093F0F732FF2C
:10D8200005B05DF804FBF1F721B82DE9F041CE68B1
:10D83000144630461D46E3F727FABDF8187080B24B
:10D84000069033463A4629462046BDE8F041FFF7A8
:10D85000ABBE38B5D40705464B8A04D513F0950FF7
:10D860002BD0486848B3900704D513F4957F26D091
:10D87000896821B302EA030414F03C0F0DD0EB7A5F
:10D880002BB92846FEF713FBD8B9052038BD14F094
:10D89000300F04D114F4C07F07D10020F6E72846EA
:10D8A000FEF74FFB0228F5D8EFE7D5F8B830002B8C
:10D8B000EBD05B7BDB06E8D5EFE70220E6E7032051
:10D8C000E4E70F20E2E72DE9FF41437B0646072B03
:10D8D0000C46174610D100238DF80C3042F6030396
:10D8E000206803A9ADF80E30FDF78CFD60B9E36840
:10D8F0009B7913F0300F03D1002004B0BDE8F08114
:10D900002046F1F759F90446002320688DF80C30C1
:10D9100042F6021303A9ADF80E30FDF773FD18B1FE
:10D920002046F1F749F90446002542F6021820681E
:10D9300069468DF80050ADF80280FDF763FDF0B93F
:10D94000002320688DF80C3042F6021303A9ADF8CD
:10D950000E30FDF757FD0028CED1E5686C1C1F3551
:10D960002246304614F8011CFEF7EDFA18B1B4F85F
:10D9700007301F42C1D10A34AC42F1D1BCE742F6B4
:10D980000303206801A98DF80450ADF80630FDF7B7
:10D9900039FD0028D4D04FF42053206802A98DF817
:10D9A0000850ADF80A30FDF72DFD0028C8D042F62A
:10D9B0000103206803A98DF80C50ADF80E30FDF777
:10D9C00021FD0028BCD02046F1F7F6F804460028D7
:10D9D000ADD191E72DE9F04105468846F0F7D6F83C
:10D9E0000446E0B1037ADB0719D500F10C0738468D
:10D9F000FFF796FD10F0010611D1B8F1000F0FD01E
:10DA00006FF002013846FFF77EFD10F0020F284646
:10DA100009D0FFF788FC01212046FFF770FE0126A0
:10DA20003046BDE8F081FFF769FC0028F8D02846B1
:10DA3000FFF78AFC0028F3D06FF002013846FFF7A9
:10DA400062FD2846E5E7F8B506460F46F0F738F8D8
:10DA5000394604463046FDF742FE48B344B304F16C
:10DA600008056FF001012846FFF74DFDC20703D5F9
:10DA700039463046F1F750FC6FF002012846FFF7B7
:10DA800042FD830703D539463046F0F78DFA284624
:10DA9000FFF746FD60B9234603F8010BC4F8010007
:10DAA000C3F80300D5E8EF3FC5E8E20F002AF9D13B
:10DAB000F8BD38B5A0F12F05441C15F8010C294616
:10DAC0000C35FFF7C0FFA542F7D138BD38B5044685
:10DAD00059B100F188052946007AF1F71DFC294665
:10DAE000207ABDE83840F0F75FBA38BD70470720AC
:10DAF0007047FCF759BCD0E8AF0F084100F00100B7
:10DB00007047034610B5D9B1C88910F0240F17D05B
:10DB10001A7D5C7B097BA24228BF2246914201D933
:10DB2000002010BD820604D4187A003818BF0120E6
:10DB3000F7E70521181DFFF7DEFF0028F4D1EFE716
:10DB40000120EEE701238B40DB43D0E8EF2F1A40A2
:10DB5000C0E8E12F0029F8D17047FCF72EBC0B6814
:10DB600003608B8883808B798371704708B50621A9
:10DB7000FEF73BFD18B9BDE80840F1F7B3BCF0383B
:10DB800008BD4FF47022002300F50070F8F7BABB0F
:10DB90000720704701238B40D0E8EF2F1A43C0E8DD
:10DBA000E12F0029F8D1704708B50E21FFF7F2FFE9
:10DBB000002008BD70B5051D0E4628460421FFF75C
:10DBC0009AFF68B10022002100230846FEF750FBAF
:10DBD000044640B904212846FFF7DCFF204670BD0B
:10DBE0004FF47022EFE701210C3000F0ACFB06701F
:10DBF000F4E738B502210446FFF7DCFF054680B1A3
:10DC000006210C3000F09FFBD4F811300022036095
:10DC1000B4F81530294683802046F1F779FC0020BE
:10DC200038BD0820FCE738B504210446FFF7C2FFE1
:10DC30000546A0B110210C3000F085FB04F127034C
:10DC400004F1370253F8041B934240F8041BF9D146
:10DC5000204600222946F1F75BFC002038BD082051
:10DC6000FCE770B5D0F8F0300446DB78012B19D111
:10DC7000CD68061D10213046FFF764FF2B4604F1E6
:10DC8000B70205F1100153F8040B8B4242F8040B64
:10DC9000F9D107213046FFF72EFF28B10921304680
:10DCA000FFF778FF002070BD0A213046FFF723FF01
:10DCB0000028F3D12046BDE87040F1F7C9BD072028
:10DCC0007047012303FA01F1CA4330B5D0E8EF3FB2
:10DCD00003EA0204C0E8E54F002DF7D1194214BF52
:10DCE0000120002030BD38B500F188040D46072220
:10DCF0002046096802F0E7FB28B920466968BDE8BC
:10DD00003840FFF72CBF38BD38B504460025031D49
:10DD1000D3E8EF2FC3E8E15F0029F9D104F50070E3
:10DD200001F0FBFF2572D4E8EF3FC4E8E25F002A70
:10DD3000F9D12046BDE838400121FFF72BBFF0B5EF
:10DD400089B0DDE90E6705463078109C8DF800003B
:10DD5000387801F1100C8DF801001068CDF8020040
:10DD600090889279ADF806008DF808201A68684608
:10DD7000CDF809209A889B79ADF80D2022468DF8C0
:10DD80000F3011F8013B10F801EB614583EA0E03F7
:10DD900002F8013BF5D1224621462846FDF788FFCF
:10DDA000034628BB07932346B7F80520D7F80100A0
:10DDB000ADF81420D6F801200490CDF81620B6F85E
:10DDC000052004F11000ADF81A2004A913F8012B66
:10DDD00011F8016B834282EA060203F8012CF5D1A7
:10DDE00022462146284609B0BDE8F040FDF760BF55
:10DDF00009B0F0BDF0B5071D044685B00A213846CC
:10DE0000FFF779FE88BB04212046FFF7C3FE0321FC
:10DE1000D4F8F060FFF7CEFE0546C0B110210C30FB
:10DE200000F091FA06F196038F3602900193009666
:10DE300004F1100304F1090204F1270104F1470081
:10DE4000FFF77DFF064628B12846F3F74FFA082072
:10DE500005B0F0BD024629462046F1F759FB314690
:10DE60003846FFF76FFE0020F2E700213846FFF743
:10DE700091FEF8E72DE9F7430B9F0446CDE9002317
:10DE8000FFF774FE0546002800F08580BDF8288065
:10DE9000061DB8F1000F2AD1DDE90032134326D167
:10DEA00003213046FFF727FE002858D001213046D5
:10DEB000FFF721FE002852D02C7D6B7B05F1470136
:10DEC0009C4228BF1C462246384602F0BAFA0F2C64
:10DED00005D80021C4F11002381902F0D9FA3046F1
:10DEE0000121FFF757FE012003B0BDE8F083D4F80D
:10DEF000B830BBB904F188094A462020217AF2F7EC
:10DF00005BFFC4F8B80030B94A460120217AF2F725
:10DF100053FFC4F8B800B8F1000F03D1DDE90032B7
:10DF2000134320D0D4F8B880B8F1000F26D0B8F849
:10DF30000E30DB0722D50822694608F1400002F0C6
:10DF4000C2FAD8B902220AA908F1480002F0BBFAC5
:10DF5000A0B998F80C4008F14A012246B4E7D4F879
:10DF6000B830002BC6D0D4F8B8100029DAD0CB894D
:10DF70009A06D7D50C7B1A312246A5E70F213046E9
:10DF8000FFF7B9FD20B1022206212046ECF7DEFEA4
:10DF90002846FFF7B9FE0020A6E76FF0850070471E
:10DFA00070B504460820F1F74DFA0546E0B1061DAC
:10DFB00008213046FFF7C6FDBCB30721FFF7C2FDBD
:10DFC000234605F1970204F1200153F8040B8B421C
:10DFD00042F8040BF9D10A213046FFF78CFD70B1ED
:10DFE00009213046FFF7D6FD0720F1F72BFA04464A
:10DFF000E8B1F1F7CDFA0146C8B1204612E0102190
:10E000003046FFF778FD09210028EAD13046FFF7B6
:10E0100072FD0028E8D02846F1F71AFC01460028D6
:10E02000E2D02846F2F752FADEE70B21F9E770BD9D
:10E0300070B50546044655F8F03900F58870EC3C9B
:10E04000D3F8B86001F069FE03212046FFF753FDC5
:10E05000A0B108212846F2F7A3F93EB1F38913B124
:10E06000737B9B0702D5304600F042F82846BDE896
:10E0700070404FF40E72002102F00ABA01212046CE
:10E08000FFF739FD0028E4D10F212046FFF733FDCB
:10E090000028DED1E1E708B59AB98378012B10D1C9
:10E0A0000621FEF764FA10F8083C23F0010300F89B
:10E0B000083C30F8081C21B9BDE80840F038F2F7F8
:10E0C0006FB908BDEBF7B2B870B504460D461646F9
:10E0D000F2F772FE38B931462846F2F72DFE10B13C
:10E0E000C3891C43C48170BDC3891943C181704772
:10E0F00010B5037A04465B0701D5EBF7B3F8214668
:10E1000011F8010BE9F7EAFB2046BDE810405C225C
:10E11000002102F0BDB9531E1944024411F801391F
:10E1200000F8013B9042F9D1704710B5431E00F151
:10E130001002073013F8011F12F8014D83421C70C2
:10E140001170F7D110BD70B5C2B00D46164601462C
:10E1500016AA68461C46FCF7CAFD18B96FF0040001
:10E1600042B070BD324629466846FCF7EBFD0028F8
:10E17000F4D069462046FCF74FFE0028EED0002080
:10E18000EEE7F0B50E4614461D4697B00146202234
:10E1900005A81C9FFFF7BFFF202231460DA8FFF7FF
:10E1A000BAFF2146102201A88DF85450FFF7B3FFA3
:10E1B0003B46412205A901A8FFF7C5FF044610B957
:10E1C0003846FFF7B2FF204617B0F0BD2DE9F04307
:10E1D00016461D4697B00446DDE91F98102205A893
:10E1E000219FFFF798FF1022314609A8FFF793FF00
:10E1F000102229460DA8FFF78EFF03221E9911A8B1
:10E20000FFF789FF494611F8013BD9F801008DF865
:10E2100047308B880622129012A8ADF84C30FFF7D9
:10E220007AFF414611F8013B06228DF84E30D8F8AE
:10E2300001300DF14F00CDF84F308B88ADF85330E1
:10E24000FFF769FF2146102201A8FFF764FF3B4654
:10E25000412205A901A8FFF776FF044610B9384608
:10E26000FFF763FF204617B0BDE8F0837047416AAF
:10E2700049680968F2F7C0BFF7F714BE4FF02003F2
:10E28000EFF3118283F31288BFF36F8F00230B60CB
:10E29000436833B9C0E9001182F31188BFF36F8F6F
:10E2A000704719604160F7E7034610B54FF0200250
:10E2B000EFF3118182F31288BFF36F8F006828B1EA
:10E2C0005C680268A0421A6008BF5A6081F3118836
:10E2D000BFF36F8F10BD01F013BC027A01320272DE
:10E2E0007047034618465B68002BFBD170474268B5
:10E2F00010B52AB10B461C465B68002BFBD162604F
:10E30000416010BD10B5044620B908460B7A0133B0
:10E310000B7210BD034618465B68002BFBD1FFF75C
:10E32000E6FF2046F5E710B508B14B6843600023CF
:10E330004C6808464B60F2F7D9FF204610BD836851
:10E340000B44036070478388026819448180D018A9
:10E35000704730B484880568A3188380281930BCBE
:10E3600002F06FB810B5838802685C1C8480D154B9
:10E37000D01810BD838830B502689D1C8580D418E4
:10E38000D154090A617030BD034600689A88401A6A
:10E39000114418609980704703689A1E0260828851
:10E3A0000232828003F8021C090A03F8011C70473C
:10E3B0000268531E036083880133838002F8011CC6
:10E3C000704703468288521A8280006808441860A9
:10E3D0007047034600689A88521A01449A8019606F
:10E3E000704710B5036802211C88FFF7EAFF20463A
:10E3F00010BD02688068101A70478388C2888168DF
:10E40000D21A03685B1AD01A7047FBF7CDBF1346C8
:10E410000A460121FBF7D1BF4FF050230122002013
:10E42000C3F8142670470C220369C9B201FB0233FA
:10E43000986F00F0070070474FF02003EFF3118250
:10E4400083F31288BFF36F8F036803F0C00343F0B8
:10E450000203036082F31188BFF36F8F704770B5BA
:10E46000C9B203694FF02004EFF3118584F31288D9
:10E47000BFF36F8F0C2606FB0134A46F14F0C004A9
:10E4800008D0A24206D085F31188BFF36F8F4FF0FA
:10E49000FF3070BD012271430B449A6785F31188E8
:10E4A000BFF36F8F43680B445B6898470020F0E729
:10E4B0008022FFF7D4BFF8B5069F0469C9B24FF0B8
:10E4C0002005EFF3118685F31288BFF36F8F0C25BB
:10E4D00069430C44A56F05F0070CBCF1010F0BD18B
:10E4E000A76786F31188BFF36F8FC4E91C234368C5
:10E4F0005B5898470020F8BD05F0C005AF4286F391
:10E500001188BFF36F8F0CBF6FF077004FF0FF30B3
:10E51000F1E713B580240094FFF7CDFF02B010BDE2
:10E5200010B41C240069CBB203FB040000215DF889
:10E53000044B10470320F5F7E5B80220F5F7E2B8E1
:10E540000020F5F7DFB8032000F0E5BA022000F064
:10E55000E2BA002000F0DFBA1046F7F7D7BC18B9CE
:10E5600001F13000F7F7D2BC70477FB5FF238DF87B
:10E5700003300DF10303002101930123CDE90231A2
:10E58000052303A88DF80C3001AB04910593F3F734
:10E59000D7FA0028A8BF9DF8030007B05DF804FB78
:10E5A0001FB5002188420CBF0623042301A8CDE932
:10E5B000011103918DF80430F3F7C2FA002818BF57
:10E5C0006FF0040005B05DF804FB38B5044605693A
:10E5D000002200232846F7F7BFFC95F84820AB68D7
:10E5E0003AB94FF050220221C2F8B8150BB9F6F72C
:10E5F000CBF820691830BDE83840F7F787BC38B54C
:10E60000044605692846F7F781FC206918304FF069
:10E61000FF334FF0FF32F7F79FFC95F8483023B9EE
:10E620004FF050230122C3F8B82538BD38B5054650
:10E630000C4600F0F2FA002D07DBA84205D9401B7A
:10E6400084428CBF0020012038BD0020FCE770B55B
:10E650000D461946284616461C46FFF7E7FF28B91F
:10E6600021462846BDE87040F3F79ABD24B1224602
:10E670002946304601F0E5FE002070BD2DE9F3414A
:10E680001C460023904682682360A3600D461369F0
:10E69000694601AA9847019B5A1E019223B96FF05F
:10E6A000150002B0BDE8F0810098A26847682168B3
:10E6B000676085B9A8EB02030668B34228BF3346FA
:10E6C00003FB07111A442160A26002689A4206D82F
:10E6D00008300090DFE76B1AB3FBF7F3ECE700209C
:10E6E000DFE713460022FFF7C9BF2DE9F0470024FA
:10E6F000836886B0884691461B6902AA01A998479B
:10E70000A2462546029BAB4202D806B0BDE8F08780
:10E710000026019F07EBC5077B6804933A680AEB64
:10E720000603B24202D89A460135EBE74946039404
:10E73000059303A8C0470028E7D0049B01361C447A
:10E74000ECE7436800205B681B690B607047436817
:10E7500002EA01005B6821EA020198600020D960AA
:10E760007047436800205B689960704743680020E9
:10E770005B68D960704743685A68536821EA0300B0
:10E780000B4090600020D360704710B50369586853
:10E79000F8B1884219D19C680868A142586000D13C
:10E7A0009860002008602AB15A680A609A68596027
:10E7B00002B99960002010E0814206D1086820600B
:10E7C00098688142EDD19C60EBE704460068002820
:10E7D000F2D1002AE8D16FF0150010BD002201210E
:10E7E0000920E8F783B913B5002101AA044600F017
:10E7F0001CF8002805DB019B226819791868F4F7DA
:10E8000093F902B010BD10B500690F299FBF00EB4E
:10E81000810440F821202364002088BF6FF0150098
:10E8200010BD002070471020704730B5436813605A
:10E83000057A446804EBC504A34202D36FF00100DB
:10E8400030BD5C798C4201D00833F0E70020F7E757
:10E8500043681B68D3F88004C3F88004704743689A
:10E8600002691B68D3F8100150B100205269127878
:10E870000A70C3F81001D3F8102101221A60704702
:10E880004FF0FF30704702680346D2F8580140B994
:10E890005B689B0706D4D2F82001003818BF01201E
:10E8A00070470120704742681368D3F80413C90504
:10E8B00018D5D3F82011A9B14FF02000EFF3118142
:10E8C00080F31288BFF36F8FD3F8200130B100209E
:10E8D000C3F82001D3F820010120D86081F311880A
:10E8E000BFF36F8F5268D20615D54FF02001EFF3BA
:10E8F000118281F31288BFF36F8FD3F8581111B1D1
:10E900000021C3F800154FF48001C3F8081382F307
:10E910001188BFF36F8F7047002200F150039B00F6
:10E920009BB203F1502303F580331A601B687047D4
:10E9300030B110308000C0B200F1502000F58030BE
:10E9400070471FB500210291079901910699009126
:10E95000F4F7FAFB05B05DF804FB08B5F4F7D2FB59
:10E9600008BDF8F7A3BA08B5E7F7A0FBE7F786FC00
:10E97000BDE80840F8F79ABA004700F054BF40F0ED
:10E980000040C1F88000704740F00040C1F88000AE
:10E99000704740F00040C1F88000C2F88000704726
:10E9A0000023C1F8803070470023C1F880307047E1
:10E9B000F4F768BF73B503285DD8DFE800F00218EC
:10E9C00026344FF050230222C3F808230122DA60D4
:10E9D0000022C3F80421D3F80431002401238DF868
:10E9E0000730032847D8DFE800F02C4865824FF055
:10E9F00050230122C3F808235A600022C3F80021E3
:10EA0000D3F800310DF10704E8E74FF050234FF43D
:10EA10000072C3F8082301225A620022C3F824219D
:10EA2000D3F82431D9E74FF050234FF48072C3F864
:10EA300008230122DA610022C3F82021D3F8203113
:10EA4000CBE742F210754FF05026D6F8183403F495
:10EA5000803334B97BB10120FFF78FFF013DF4D142
:10EA600009E0D6F8182402F0030222701BB19DF8C9
:10EA700007000128F0D002B070BD42F210754FF0CF
:10EA80005026D6F80C3403F480333CB9002BF2D076
:10EA90000120FFF772FF013DF3D1ECE7D6F80C241B
:10EAA00002F001022270002BE5D09DF8070001283A
:10EAB000EFD0E0E742F210754FF05026D6F85C3404
:10EAC00003F480333CB9002BD5D00120FFF755FF6C
:10EAD000013DF3D1CFE7D6F85C2402F001022270A9
:10EAE000002BC8D09DF807000128EFD0C3E742F201
:10EAF00010754FF05026D6F85434DB03BBD52CB933
:10EB00000120FFF73AFF013DF5D1B4E79DF807007A
:10EB10000128F6D0AFE7FFF74DBFF7B51646DDE9A0
:10EB20000847019001A81D46F4F7C0FE019BB6F10D
:10EB3000000C18BF4FF0010C00EB83000B1E18BF38
:10EB40000123002D43EA4C0314BF4FF00C0C4FF08F
:10EB5000000C002C43EA0C0314BF4FF4706C4FF010
:10EB6000000C002F43EA0C0314BF4FF4403C4FF05D
:10EB7000000CD0F8002243EA0C0322EA030301B19F
:10EB800009780EB13678760019430DB12D78AD00B5
:10EB900031430CB12478240229430FB13F783F045C
:10EBA0000C433C43C0F8004203B0F0BD1FB50DF16B
:10EBB0000F03019300238DF80F101A461946009396
:10EBC000FFF7ABFF05B05DF804FB38B50546084616
:10EBD0000C46F4F7BFFEB0B10846F4F7AFFE90B9AB
:10EBE0000846F4F79FFE01232A688340C2F80833E1
:10EBF0002A6803B202EB8303D3F8102522F0030244
:10EC0000C3F8102538BD2046BDE838400021FFF785
:10EC1000CDBFF4F723BFFFF7D8BF4FF48010704784
:10EC20004FF4805070474FF4807070470223F5F71F
:10EC30002BBB0323F5F728BB00210220F5F7C0BD4D
:10EC400091F820200346032A29D8DFE802F0212585
:10EC500019028A68500304D5D3F84C2508699042FC
:10EC600007D18A6852031AD4D3F84C258969914296
:10EC700015D000200622C3F80005C3F80025704710
:10EC8000D3F84C2508699042F3D1D3F83C25EDE741
:10EC9000D3F84C250969EAE7D3F83C25FAE70120C7
:10ECA000704730B50124A2F58075AD08AC400C4228
:10ECB00007D0815829B10021815082581A68224317
:10ECC0001A6030BD002313B50C4601934FF4A472B3
:10ECD00001ABFFF7E6FF21464FF48272FFF7E1FF39
:10ECE00021464FF49272FFF7DCFF21464FF4A872E1
:10ECF000FFF7D7FF21464FF4A672FFF7D2FF214658
:10ED00004FF4B072FFF7CDFF4FF4AE722146FFF71C
:10ED1000C8FF019802B010BD07B5019001A8F6F731
:10ED200021F90123019A9340836003B05DF804FB4D
:10ED300037B50C46154690B1037883B179B10B789D
:10ED40006BB162B101A9F6F7C7F950B901988368B0
:10ED50004BB12A46214603B0BDE8304018476FF05A
:10ED6000150003B030BD6FF01200FAE701464068AD
:10ED7000C36803B1184770472DE9F04389B0109E6E
:10ED80000446894690460021202268461F46129D6F
:10ED900001F07EFB1F2E97BF01234FF0FF33B340DE
:10EDA00003F1FF332361119BC4E90098C4E90276A3
:10EDB0006361183445B10FCD0FC495E80F0084E8A6
:10EDC0000F0009B0BDE8F0836D46F4E773B5046841
:10EDD000661C31D08568A9422ED264182CD05E18EA
:10EDE000AE4288BF6B1A056A35B100930523A84768
:10EDF0000346184602B070BDBFF35B8F1946A41AD4
:10EE0000101919B140EA0205AD070AD103290DDC3A
:10EE1000013811448A42ECD010F8014F02F8014B3E
:10EE2000F8E70078013902F8010BE9E750F8044BE4
:10EE3000043942F8044BE9E76FF02103D9E773B5D1
:10EE40000468651C32D08568A9422FD264182DD081
:10EE50005E18AE4288BF6B1A456ACDB10093052398
:10EE6000A84702B070BD12F8015B01390570154664
:10EE7000A01819B140EA0206B607F4D103290ADC4A
:10EE8000013D014488420CD1BFF35B8F1846E8E78F
:10EE90001946A41AEBE755F8042B043940F8042B63
:10EEA000ECE715F8012F00F8012BEBE76FF02100DC
:10EEB000D7E773B51C46036815465A1C29D08268EB
:10EEC000914226D25B1824D066189642866A88BF83
:10EED000541A36B105232A460094B047204602B0A2
:10EEE00070BD184622464AB9294601F0D1FABFF34F
:10EEF0005B8FF3E700F8015B013AF4E78307F9D190
:10EF00004FF001336B43032AEEDD40F8043B043A33
:10EF1000F9E76FF02100E2E70020704710B4046BBE
:10EF200002460B468CB9C1681F2998BF23FA01F429
:10EF3000416871B1806883420BD21069184051F862
:10EF4000243018445DF8044B704723465DF8044BA9
:10EF500018474FF0FF30F5E770B5436B05460E4696
:10EF6000E3B90469621C09BF43680C401C680C1BB0
:10EF700021462846FFF7D2FF864207D02B6901338E
:10EF80001C44AB689C42F3D34FF0FF342868431C09
:10EF900007D0AB68A34204D9204470BD984704460B
:10EFA000F4E70020F9E730B5059CC4E90002039AB4
:10EFB00021811989E260049A618121856261D3E926
:10EFC000002502EB0113C4E906128A1C236203EB3D
:10EFD00042036A1C13446D422B406362836953B938
:10EFE0000139E2698B4202EB031206DB00239373C3
:10EFF0006FF07F03D373002030BD0133D381F0E77E
:10F000002DE9F04FB0F830A004465546002685B0F3
:10F0100002EB030891460E9A00EBCA031FFA88FB25
:10F020009A63A3F83CB008F1FF32C3690F1D019247
:10F03000B0451ADC238D2586A3EB0B032385236AB9
:10F0400061895A8801390A4003EB4203A3F804A0FE
:10F05000BFF35B8F0020226A538801335380638D96
:10F060000133638505B0BDE8F08FE06A2A0157F8E7
:10F07000041C03EB0515029303680392C91A836805
:10F080000837994228BF4FF0FF31FFF747FFDDE90E
:10F090000232985000226A6057F8082CAA60019A40
:10F0A0009642ACBF00220122B145D8BF42F0020215
:10F0B000AA810136ED89BBE7F0B550B3456A448EAD
:10F0C0006B88A34230D0631C43864389BFF35B8FB8
:10F0D000013B1C4005EBC4056B689EB209B1AD68ED
:10F0E0000D60D0F81CC09BB20CEB031100EBC30306
:10F0F0009D8F078D2F44013D07859D878D896F0763
:10F100000ED5058ECD8100210686986B996302B1DC
:10F110001480F0BD9D8FC989013D0CEB01119D87C5
:10F120008D89ED07F6D4ECE70020F2E7C36903EB25
:10F1300001139868704770B5BFF35B8F0D46016A85
:10F140001646838E4A8804469A4216D05A1C8286F6
:10F150004289013A134001EB43018A882A8093B225
:10F16000C2691B01D158C06AFFF7F6FE2A88E3691D
:10F1700003EB02139B68336070BD0020FCE710B501
:10F18000026893691269920017D543B9438E026AE7
:10F1900081694489013B1B1B02EB41029380036898
:10F1A0009B69012B08D1838E426A81694089013BAA
:10F1B0001B1A02EBC102938010BD23B9026A1388A7
:10F1C00043F00103138003689B69012B01BF426A6E
:10F1D000138843F001031380EEE710B5BFF35B8F94
:10F1E000036804461A699B6912F0005F1AD07BB964
:10F1F000036A426A5B888169013B02EBC102928823
:10F200009B1A628D9BB29A4214D80023638510BD6D
:10F21000012BFAD1436A026A5B888169013B02EBE8
:10F220004102ECE763B9436A1B88DB4303F0010347
:10F23000002BEAD06369002BE7D020469847E4E72B
:10F24000012BE2D1036AEFE7036A828E598891426B
:10F250000AD0418901390A4003EB42039A88C36905
:10F2600003EB02139868704700207047BFF35B8F71
:10F27000C36803B1184770474FF0FF324FF0FF33B8
:10F28000F6F76ABE70B50446056A05F158063046C1
:10F29000FFF7F2FF636AA3F580637F2B0BD801228F
:10F2A0005909483503F01F039A4055F8213023EAE5
:10F2B000020345F82130D4E90D124A60616B04F174
:10F2C00034031160C4E90D33002323623046BDE8E6
:10F2D0007040F6F71BBE30B58DB0456A04460B9101
:10F2E0002022014602A80A9501F00FF928230122E5
:10F2F0002946CDE900322046352202ABF6F744F824
:10F3000000EAE0700DB030BD28B1006A18B111B14B
:10F31000C36F03B11847704730B1006A20B119B10B
:10F32000D0F8803003B11847704730B1006A20B17F
:10F3300019B1D0F8843003B11847002070472DE987
:10F34000F84306468846174699460468A64201D106
:10F35000002520E07A1CA4F1340502D06B6ABB4280
:10F3600019D0B8F1000F22D020224146284601F0E2
:10F37000BAF8E0B9B9F1FF3F02D0AB6A4B450AD009
:10F380007B1C0BD02468B442E2D054F8103CA4F1AA
:10F3900034059F42E8D12846BDE8F883AB6A0133C3
:10F3A000F9D02468B442D3D0A4F13405D9E7246855
:10F3B000CCE710B5044690B1036A83B102784AB134
:10F3C00093F8903033B1436AB3F5806F02D30121D3
:10F3D000FFF781FF2046BDE81040FFF753BF10BD87
:10F3E00051F8083C43F0004341F8083C704770472F
:10F3F000F6F78CBD4FF0FF324FF0FF33F6F7ACBDA0
:10F40000F8B50C46054651F8086C00F15807384627
:10F41000B6B2FFF7EFFF24F8086CD5F8B820A4F1D6
:10F42000100344F80C2C05F1B40244F8102CC5F874
:10F43000B83054F80C2C38461360FFF7D9FF002081
:10F44000F8BD2DE9F041056A282A0F46D5F8AC0031
:10F4500088B026D101688468791AA14228BF4FF08C
:10F46000FF3120236A46FFF7B1FC05F15806D7F8B3
:10F4700020803046FFF7BEFF43464FF0FF3269461B
:10F480002846FFF75CFF7B6A0446DB0719D560B9A5
:10F490003046FFF7ADFF6B6F1BB142466946284609
:10F4A0009847002008B0BDE8F0814FF0FF33836239
:10F4B0003046FFF79DFF236B002BECD0204698478A
:10F4C000E9E720B93046FFF793FF2B6FE4E7C0F878
:10F4D00028803046FFF78CFFE3E730B4D0F8A05027
:10F4E0001346AD6925B930BCD0F8A400FFF7E4BDE0
:10F4F000012D06D130BC0A46D0F8A4001946FFF70A
:10F500001ABE002030BC70477FB50C461946D0F8B3
:10F51000A0309D695DB90094CDE9024201232A46DD
:10F52000D0F8A40002A9FFF76BFD04B070BD012D57
:10F53000FBD1D0F8A40004B0BDE87040F5F708BFD7
:10F540002DE9FF4103685F6A07F158063046FFF76F
:10F5500051FF38460DF10A0203A9FFF7BEFF04462A
:10F560003046FFF745FF002C41D0BDF80A30304649
:10F57000A360FFF73FFF4FF0FF330021384662687A
:10F58000FFF7DDFE05463046FFF732FF7DB1AB6A7F
:10F59000E96B013308BF2368284608BFAB622368C4
:10F5A000A2890091D5F82C8004F11001C0473046A3
:10F5B000FFF720FFA368002B06DB21463846BDF885
:10F5C0000A30039AFFF7A0FF38460DF10A0203A99B
:10F5D000FFF783FF044618B13046FFF709FFC4E781
:10F5E000D7F8A400FFF7F9FD3046FFF701FF04B09C
:10F5F000BDE8F081F8B5044651F8086C00F15807F1
:10F600003846B6B20D46FFF7F5FE3146D4F8A400F1
:10F61000FFF78CFD33460246A5F110012046FFF7A7
:10F6200073FFD4F8A400FFF7D8FD3846BDE8F840D2
:10F63000FFF7DEBE2DE9F043A3F1100653F8085C96
:10F64000002389B00693ADF81E3004461023CDE99F
:10F650000412DDF84090D0F8AC00ADF81C900168C1
:10F660008768711A0DEB0302B94228BF4FF0FF31D2
:10F6700004F15808FFF7E3FB4046FFF7BBFED4F860
:10F68000A030ADB29B69CBB9D4F89420D4F8A030A7
:10F69000D4F8A8009B69C3B9CDE9026200960122A3
:10F6A00002A9FFF7ADFCD4F8A800FFF796FD40468D
:10F6B000FFF79EFE484609B0BDE8F0832946D4F81E
:10F6C000A800FFF733FD0246E0E7012BEBD1294606
:10F6D000F5F73EFEE7E710B548B149B143688B4204
:10F6E00006D382680468D21A5B1A4360A01810BD62
:10F6F0000020FCE72DE9F3470546D0F8A0000E46B0
:10F70000036A17469B689847430703D4002002B05A
:10F71000BDE8F08743F69823002F18BF1F4605F178
:10F72000580805F1B40A4046FFF764FED5F8B44026
:10F73000D5F8A0305445D3F8189025D024B3D4E997
:10F740000023536022681A60C4E90044B9F1000F35
:10F750000ED1D5F8943033604046FFF749FEBDF82E
:10F76000063004F11000A3603368103B3360CEE72D
:10F77000B9F1010FF0D12189D5F8A800ADF8061034
:10F78000FFF7D4FC3060E7E7B9F1000F2AD131462A
:10F79000D5F8A8000DF10602FFF78EFC04460028FC
:10F7A000DAD1D5F8A8301B8D53B94046FFF720FEBB
:10F7B000002FABD021200021F7F790F8013FB2E7EE
:10F7C000D5F89410D5F8B000FFF785FF0446D5F8BA
:10F7D0009430ADF8069033604046FFF709FE002CE8
:10F7E000E6D0BCE7B9F1010FDFD13246D5F8A80069
:10F7F0000DF10601FFF79FFC0446EDE720B119B1BA
:10F8000012B1C0E901220160704710B5044618B971
:10F8100010BD3438FFF7CDFD20688442F9D10023B4
:10F82000C4E92933F4E708B1E7F764BD70477047CE
:10F8300040B1C368587810F001001EBF1878B0FAC4
:10F8400080F04009704700F023BE00F0FABD10B40C
:10F8500000F10C04C0E903445DF8044BF9F72EBD38
:10F860002DE9F04F054687B0DDE9106791463B462C
:10F87000324604A8884605F1140A00F00AFCDDE9C6
:10F880000434CDE902344FF02003EFF3118483F305
:10F890001288BFF36F8F05F10C0B4A46414628468C
:10F8A000F9F798FC30B184F31188BFF36F8F07B07C
:10F8B000BDE8F08F3E43F6D0DDE9022304A800F056
:10F8C0000CFCDDE904675A4621465046CDE9006745
:10F8D000F6F7B6FE4FF02003EFF3118483F312889E
:10F8E000BFF36F8FD9E738B504464FF02003EFF32D
:10F8F000118583F31288BFF36F8FF9F722FC04F1AF
:10F900000C0000F056FB30B1294604F11400BDE8AC
:10F910003840F6F7F9BE85F31188BFF36F8F38BD15
:10F9200082684369134313F003030CD1C360016978
:10F93000994201D800207047C168013311604169C4
:10F94000C2600A44F3E76FF01500704710B5C0E9D4
:10F9500004320023816083610446FFF7E1FF002841
:10F96000A8BFC4E9004410BDF8B504460D464FF0E9
:10F970002003EFF3118683F31288BFF36F8FC768FC
:10F980006FB900F0CCFA50B1C767456100F04DFA8D
:10F99000314604F10800BDE8F840F6F7B5BEE3686B
:10F9A0002B60A369E560013BA36186F31188BFF377
:10F9B0006F8FF8BDEFF30580003818BF0120704746
:10F9C0006FF05700704700207047F6F7AFBE08B5DC
:10F9D0004FF02002EFF3118382F31288BFF36F8F91
:10F9E000E7F73AF9F4E790F90E308B4201D0F6F7D9
:10F9F00045BE0020704703460020C3E90033C3E939
:10FA0000020070472DE9F843994604460D4690469A
:10FA10009DF8203000F108064FF02002EFF3118727
:10FA200082F31288BFF36F8F03B14568304600F050
:10FA300076FA58B10023C0F81480C36700F0F5F9D6
:10FA400030463946F6F760FE00200CE0B9F1000FB1
:10FA50001BD00821F7F70CFA38B987F31188BFF3E8
:10FA60006F8F6FF00B00BDE8F8830122C0F80480AF
:10FA70000260016801F003015DB922680A43026077
:10FA8000626820606AB960600BE04046C8F8009088
:10FA9000EFE72A68032A10D80160616839B9C4E920
:10FAA0000000042104F1100000F08DFCC8E70A6892
:10FAB00002F0030202430A60E5E722F003020A4370
:10FAC00002602A6802F0030240EA02032B60E8E7C2
:10FAD00010B5044630B10268930703D0446809B1F9
:10FAE00000F0A4FC204610BD0023C0E9003300F163
:10FAF0000803C0E9023300F11003C0E90433704782
:10FB0000012307B5009300230A461946FFF77AFF41
:10FB100003B05DF804FB002307B50A4600931946BD
:10FB2000FFF770FF03B05DF804FB00210068FFF7EA
:10FB3000CFBF5AB18A4209D300F11003C0E90212C3
:10FB4000C0E90000C0E90433002070476FF01500E1
:10FB50007047012302688B4022EA0303036022FA04
:10FB600001F000F00100704710B5032104460C308D
:10FB7000FFF7EFFF30B104F1100000F06EFAB0FAB9
:10FB800080F0400910BD20B10022D030114600F0B5
:10FB900041BA704770B5C3680446C3F340069B077B
:10FBA00016D4856802210C30FFF7D3FF80B1D5F859
:10FBB000C8206AB194421DD122689EB9D5F8CC30D4
:10FBC000C5F8C8209C4201D1C5F8CC200023236091
:10FBD000E36813F00F001EBF43F00203E36040F040
:10FBE000020070BD3260D5F8CC20944208BFC5F841
:10FBF000CC60EBE716461268DBE71030F6F786B903
:10FC000073B504464FF02003EFF3118583F3128898
:10FC1000BFF36F8F0023A0F1100603210438019376
:10FC2000FFF797FF28B1A369304601A90193F6F7C2
:10FC3000F3F985F31188BFF36F8F02B070BD38B54B
:10FC400004460D461022002100F022FC656038BDFC
:10FC50004FF02002EFF3118382F31288BFF36F8F0E
:10FC6000C06800F00F0083F31188BFF36F8F7047F7
:10FC700013B5019008464FF02003EFF3118483F38E
:10FC80001288BFF36F8F01A9F6F7C6F984F31188C4
:10FC9000BFF36F8F02B010BD10B5FFF7E9FF041E70
:10FCA00009DD4FF02003EFF3118083F31288BFF3D7
:10FCB0006F8F00F068F9204610BD70B50D464FF00B
:10FCC0002003EFF3118683F31288BFF36F8FF6F7EB
:10FCD000FDF9044686F31188BFF36F8F38B14FF0FA
:10FCE000FF324FF0FF3305F11000F6F735F92046EB
:10FCF00070BD08B5E822002100F0CAFB08BD38B588
:10FD000030220D460021044600F0C2FB4FF4807300
:10FD10006560E36038BDFFF79BBF38B504464FF020
:10FD20002003EFF3118583F31288BFF36F8FFFF782
:10FD30001BFF2046FFF72EFF85F31188BFF36F8F5F
:10FD400038BDF8B504460D464FF02003EFF3118699
:10FD500083F31288BFF36F8FC36803F00F03002B88
:10FD600014BF0127002705D186F31188BFF36F8FD9
:10FD70003846F8BDFFF7F8FE2046FFF70BFF29468F
:10FD80002046F6F72BF986F31188BFF36F8F002812
:10FD9000EED04FF0FF324FF0FF3305F10800F6F7D9
:10FDA000DBF8E5E7D0E9003213605A600023C0E9D0
:10FDB0000033704708B5FFF7F5FF437B23F00203DC
:10FDC00043730023836008BD90F90E3091F90E0053
:10FDD000834214BFC01A0020704738B504460D4650
:10FDE000F6F778FB637B43F002036373E5B1A5602C
:10FDF0002B689D4209D16B68C4E900531C606C609C
:10FE000012E06A689342F6D01B68002BF3D094F995
:10FE10000E2093F90E108A42F3D09142F1DD5A6818
:10FE2000C4E9003214605C6038BD10B54FF02003A7
:10FE3000EFF3118483F31288BFF36F8FF6F716FB8D
:10FE400084F31188BFF36F8F10BD10B504461830CE
:10FE500000F003F94FF02003EFF3118183F31288D0
:10FE6000BFF36F8F627B12F0100204D081F3118810
:10FE7000BFF36F8F10BD2046BDE81040F6F75ABBA8
:10FE800008B54FF02002EFF3118182F31288BFF31F
:10FE90006F8F83680BB1FFF78DFF81F31188BFF37C
:10FEA0006F8F08BD38B504464FF02003EFF311857E
:10FEB00083F31288BFF36F8F437B13F0280F0BD1AE
:10FEC00083680BB1FFF776FF637B51B903F0FB0347
:10FED00020466373F6F7CAFA85F31188BFF36F8F74
:10FEE00038BD03F0EB03F3E701211838FFF7DABF61
:10FEF00008B503464FF02002EFF3118182F3128818
:10FF0000BFF36F8F0068834207D008B1FFF752FF3D
:10FF100081F31188BFF36F8F08BD0020F8E738B573
:10FF20004FF02003EFF3118583F31288BFF36F8F37
:10FF30000468A0420DD034B12046FFF73BFF04F126
:10FF4000180000F08AF885F31188BFF36F8F204600
:10FF500038BD0024F7E7014610B54FF02003EFF35A
:10FF6000118483F31288BFF36F8F83680BB1FFF79F
:10FF700021FF84F31188BFF36F8FBDE8104001F1BA
:10FF8000180000F06AB8034620B9EFF305820AB9F9
:10FF9000E6F702BD83F31188BFF36F8F70474FF010
:10FFA0002003EFF3118083F31288BFF36F8FFFF705
:10FFB000EABF38B5054600202C68A54200D004B938
:10FFC00038BD2046FFF7C7FF2046FFF72EFF012070
:10FFD000F2E74FF02002EFF3118182F31288BFF3B2
:10FFE0006F8F027BD2070AD581F31188BFF36F8F21
:10FFF000404080F311884FF0040002DF7047437BDC
:020000040002F8
:100000001B0704D581F31188BFF36F8F704701225E
:10001000F6F790BA38B54FF02003EFF3118583F36C
:100020001288BFF36F8F0468A04212D09CB1E167C1
:1000300062612046FFF7BEFE04F1180000F00DF8E3
:100040002046F6F713FA012085F31188BFF36F8F6E
:1000500038BD0020F8E72046F6E710B54FF0200243
:10006000EFF3118482F31288BFF36F8F03683BB103
:10007000F6F7AAFC002084F31188BFF36F8F10BD40
:100080006FF01500F7E708B5F6F79AFD08BDF6F72B
:1000900097BDB3F1FF3F08BFB2F1FF3F70B5044613
:1000A0001D46164613D01A4315D06FF001024FF0CB
:1000B000FF33921B63EB0501002904DAF6F780FD9C
:1000C000821941EB0501C4E90021204670BD4FF0C3
:1000D000FF321146F7E70022FBE7B3F1FF3F08BF0D
:1000E000B2F1FF3FF8B5074616461C4610D054EA59
:1000F000020311D0F6F764FDB0420A46A14103465F
:100100000AD2F31A64EB0204C7E900343846F8BD9A
:100110004FF0FF331C46F7E70023FBE70023C0E95D
:10012000081200F11802C0E90622C0E90033036397
:100130004363704710B50446FFF78FFFB0B9636A99
:100140000BB12046984704F11800FFF7D1FE68B1C3
:10015000FFF76BFE4FF02003EFF3118083F312885B
:10016000BFF36F8FBDE81040FFF70DBF10BD142324
:10017000F0B500244FF48B7603FB010001B9F0BD0C
:1001800010F8073CA0F1140703F03F03082B40F8D8
:100190000C4C0CD826FA03F3DB0708D550F8143CB6
:1001A0002BB150F8105C2B605D6040E9054482F390
:1001B0001188BFF36F8F4FF02003EFF3118283F3A9
:1001C0001288BFF36F8F38460139D7E7F8B50D466F
:1001D000D0E900138842044605D16368C5E90043AD
:1001E0001D6065601DE0002BF7D0986800B1603895
:1001F000A2F160073946FFF7E7FD0028EDDC26682D
:10020000B442EAD0002EE8D0B16801B16039384676
:10021000FFF7DAFD002805DD7368C5E900631D609E
:100220007560F8BD63689E42D7D03668EAE72DE96D
:10023000F84F00258B4614461F4682462E46A84698
:100240005D4502DB3046BDE8F88F4FF02003EFF349
:10025000118983F31288BFF36F8F9AF80D3003F082
:100260003F03013B072B0FD8DFE803F01E040E0A03
:100270000E0E0E25DAF810309B682BB1022320E019
:10028000DAF810301B688BBB47BB237833B39AF87E
:100290000D3003F03F03013B072B30D8DFE803F0BC
:1002A00033282F282F2F2F38DAF810309B68002B97
:1002B000EAD0012305E0DAF810301B6A002BE3D006
:1002C0001023DAF80C20CAF80880C2F386310B43F9
:1002D00063F39432CAF80C2084F8008089F3118803
:1002E000BFF36F8F01350AF1140AA9E70423E8E789
:1002F00022465146DAF810001030FFF767FFCAF8BF
:1003000008400136EAE722465146DAF81000F4E7E1
:10031000DAF81000224651462430EEE72DE9F0418C
:10032000846805460E46ECB16378012B25D114F89C
:10033000533C9A0714D5A4F160073846FFF70BFE2B
:10034000082E0CBF6FF003030023E36114F8533C45
:10035000DB0605D154F8483C13B93846FFF765FD74
:10036000002323700020EB68A860C3F38632164395
:1003700066F39433EB60BDE8F081022BF0D1237873
:10038000002BEDD054F8048CB8F1000FE8D004F144
:100390001400FFF762FE0023A4F11407394640461B
:1003A000E362FFF765FCDBE710B5002452050902A4
:1003B00001F47C5102F400120A43017B84600A4379
:1003C000C0E9032310BD034610B54FF02002EFF340
:1003D000118482F31288BFF36F8F0068834208D0C4
:1003E000D0E9003213605A600023C0E90033FFF700
:1003F00095FF84F31188BFF36F8F10BD0023C0E910
:100400000000836070470432D3B5044608D200264A
:10041000002741F00401CDE90067FFF721FA10B988
:10042000002002B0D0BD40F8044BFAE720B1011F14
:1004300050F8040CFFF757BA704701460420F6F74E
:1004400009BD0A44431E914200D1704710B511F80E
:10045000014B914203F8014FF9D110BD884210B50C
:1004600001EB020402D98442234607D8431EA1426D
:1004700008D011F8012B03F8012FF8E702440146D8
:100480008A4200D110BD13F8014D02F8014DF7E783
:1004900002440346934200D1704703F8011BF9E779
:1004A0009A4208B501D9E6F759FE814204D88B1863
:1004B0009842F8D3814202D183189942F3D3BDE820
:1004C0000840FFF7BEBF0139024410B5904201D188
:1004D000002005E0037811F8014FA34201D0181B5A
:1004E00010BD0130F2E710B56AB10139841810F877
:1004F000012B11F8013F9A4203D1A04201D0002AFA
:10050000F5D1D01A10BD1046FCE710B501390446EC
:1005100032B111F8013F013A00F8013B002BF7D14D
:100520000021FFF7B5FF204610BD0246014410B57B
:100530008A42134603D01C780132002CF8D1181AD5
:1005400010BD2DE9F047C3F137090746884603F08F
:100550001F055FFA89F916464FF0000A38464146F2
:100560002A465346E0F716FA4346D4B23A4688463E
:100570000746092C84BF4C44E4B2AA4204F130047B
:1005800073EB0A0306F8014BE8D23046BDE8F0876A
:100590002DE9F04F061889B09946154641EB010444
:1005A00004AB3046DDF84CB021460093A9F1410A76
:1005B000D2E9002300F0A9F806AB0746884630468A
:1005C00021460093D5E9022300F09FF80022DDE9DF
:1005D0000463841951EB0306069B28BF0122D5E969
:1005E0000001D218079B43F10003381848EB0101C2
:1005F000B84271EB0801E968039138BF0120A9688E
:1006000028BF0020CDF800A014EB010C039946EBA5
:10061000010110EB0C0041F10001A04271EB060C4E
:1006200034BF4FF0010C4FF0000CCDE906231CEB5A
:10063000020243F1000300F083F8129BC3E90001BA
:10064000149B012BDDE9062329D1D5E90201D5E967
:1006500000C5201ACDF800A066EB0101674578EBD4
:10066000050534BF01250025401B61F100018442CE
:1006700076EB010534BF01250025521B63F1000311
:1006800000F05EF8DDE90623CBE9000120463146A3
:10069000CDF800A000F054F809B0BDE8F08F17EBDA
:1006A000070E48EB080C201946EB0601BE457CEB13
:1006B000080834BF01270027C71941F10008D5E910
:1006C000000186457CEB010C34BF01200020D5E9F8
:1006D0000215381A68F1000C401A6CEB05019218EB
:1006E0005B41A74278EB060534BF0125002552196E
:1006F00043F10003874278EB010834BF0125002550
:10070000521BA9F140050095B8E7F0B50F46044625
:10071000A0FB0201059EA7FB02524919A3FB044559
:10072000A7FB037342F10002611845F10004D219DE
:1007300043F10003121943F10003C6E90023F0BDA1
:10074000F0B5059CC4F14007C4F12006A4F12005D2
:10075000E04002FA06F6BB4022FA05F5BA40334300
:10076000C4F120062B4301FA06F6A4F1200530431C
:1007700021FA05F5E140284319431043F0BD2DE966
:10078000F04F55EC104BA446C5F30A5403460846F7
:1007900044EA0C072946C5F313053026E14657EA1B
:1007A0000508AE465E7174D10024A1421C716EDA58
:1007B0000121A04219714FF000041ADA204603F11A
:1007C00012060D25C2F157024FF0300C07F00F0151
:1007D0003F0947EA0E774FEA2E1E002940F0878036
:1007E000A84201DB86F800C0013D06F1FF36EDD1DD
:1007F00076E00C2868DCC0F10D010126890001F1CA
:10080000FF3EA1F12108C1F1210706FA08F826FAF6
:1008100007F706FA0EF648EA070816EB060A48EB51
:10082000080BDAF100076BEB4B0E1AF1FF3A4BF1B4
:10083000FF3B0AEA0C0A0BEA050B564578EB0B0B5B
:1008400011DBC1F1200BB1F1200A2CFA01F105FAFC
:100850000BFB58BF45FA0AFA41EA0B0158BF41EABF
:100860000A01C90724D51CEB060C45EB0805E14637
:10087000B5F5801F1CDB5979B4F5806F01F10101DA
:10088000597127D007EA0C070EEA050E97E70028F2
:1008900091E75CB13126C90F0028A4F2FF345E71E4
:1008A00019710FDB0C28A6DD0D2005E00124F2E70D
:1008B00007EA09090EEA0505B4F5806F06D04F4630
:1008C000AE467CE70020F7E70D2078E759EA0505FA
:1008D0001A7908D01A794FF4806442F008021A712C
:1008E0001C60BDE8F08F42F004021A71F8E7092994
:1008F000D4BF30318918A8423170B8BF284673E799
:10090000D1E9043293421EBF5A1C0A611870704725
:10091000014800687047000084350020AC00FE7F6D
:1009200001000000D571000000000000F93800004F
:1009300000000000AD170100EC090200295B010076
:10094000000000004D5B01000000000001240100D8
:10095000140A020001240100000A020063E90100F8
:1009600000000000C92C0100280A0200451A0100FD
:10097000000000006D32010000000000493F00004F
:100980000000000031720000000000003129010069
:100990003C0A0200757100000000000067E90100D8
:1009A00000000000A95F010000000000B91B010069
:1009B000500A020025A00100640A0200712601000D
:1009C0008C0A0200C5210100780A02009974000017
:1009D00000000000ED78000000000000FD130100A1
:1009E000000000005973000000000000A75402003E
:1009F000281B0200581B020034090020AC3B0020D9
:100A000007570200181C0200481C02003A09002087
:100A1000703C002013570200301C0200481C0200EA
:100A20003C0900207C3C00209B590200DC1C020099
:100A3000101D020042090020100700205A59020030
:100A400008070020C81C020040090020883C002044
:100A5000765602007C1B0200E01B020036090020D3
:100A600084060020C826020064040020E01302006F
:100A700032090020D00E0020E656020000000000DF
:100A8000FC1B02003809002000000000675802002B
:100A90006C1C0200B01C02003E090020D0060020A1
:100AA00000000000FDB2010000000000FDB20100E6
:100AB00000000000FDB2010000000000FDB20100D6
:100AC00000000000FDB20100D537010079E9010006
:100AD00000000000FDB2010000000000FDB20100B6
:100AE000280A0200A7E80100DD4D010079E90100B4
:100AF00000000000FDB2010000000000FDB2010096
:100B000000000000FDB20100CD3E010079E90100C6
:100B100000000000FDB2010000000000FDB2010075
:100B200000000000FDB2010000000000FDB2010065
:100B300000000000FDB2010000000000FDB2010055
:100B400000000000FDB2010000000000591100008B
:100B500000000000FDB2010000000000FDB2010035
:100B600000000000FDB2010000000000FDB2010025
:100B700000000000FDB2010000000000FDB2010015
:100B800000000000FDB2010000000000FDB2010005
:100B900000000000FDB2010000000000FDB20100F5
:100BA00000000000FDB2010000000000FDB20100E5
:100BB00000000000FDB2010000000000FDB20100D5
:100BC00000000000FDB2010000000000FDB20100C5
:100BD00000000000FDB2010000000000FDB20100B5
:100BE00000000000FDB2010000000000FDB20100A5
:100BF0001541010079E901005D48010079E9010032
:100C000000000000FDB2010000000000FDB2010084
:100C100000000000FDB2010000000000FDB2010074
:100C200000000000FDB2010000000000FDB2010064
:100C300000000000FDB2010000000000FDB2010054
:100C400000000000FDB2010000000000FDB2010044
:100C500000000000FDB2010000000000FDB2010034
:100C600000000000FDB2010000000000FDB2010024
:100C700000000000FDB2010000000000FDB2010014
:100C800000000000FDB2010000000000FDB2010004
:100C900000000000FDB2010000000000FDB20100F4
:100CA00000000000FDB2010000000000FDB20100E4
:100CB00000000000FDB2010000000000FDB20100D4
:100CC00000000000FDB20100E00C002050510020A7
:100CD00000040000E5180000000000000000000013
:100CE0000000000007000000000000006A2202006F
:100CF0000000000000000000A80D0020505500205A
:100D000000100000251C0000000000000000000092
:100D10000000000007000000000000007222020036
:100D2000000000000000000005000000A1B4000069
:100D300000000000060000001DFE00000000000092
:100D400004000000B9CE00000000000031160000D1
:100D5000E913000000000000A113000000000000E3
:100D60001916000000000000000000000000000054
:100D70000000000000000000000000000BD3010094
:100D800000000000041902000A000000CC19020053
:100D900007000000B8140200070000007C130200E6
:100DA000050000002531020003000000F7220200C8
:100DB00003000000823C0200020000009B48020089
:100DC000020000003C4002000200000095290200E1
:100DD000030000006651020002000000E23202003F
:100DE00002000000FE27020002000000903D020009
:100DF00002000000AE4C0200020000001C290200AC
:100E000003000000D33902000200000084540200F5
:100E1000020000009254020002000000682A020052
:100E200003000000BA3C020002000000053C020082
:100E3000020000004E51020002000000A645020020
:100E4000020000009931020002000000BC320200E2
:100E500002000000A350020002000000DE24020095
:100E600003000000D354020003000000C659020032
:100E700003000000FD5602000300000030260200BF
:100E8000030000001F57020003000000705802001A
:100E9000030000008D220200030000002124020054
:100EA00003000000BC26020003000000E726020049
:100EB00003000000EB26020003000000D42702001C
:100EC0000300000065590200030000001830020012
:100ED000030000007051020003000000785102007E
:100EE000030000001031020003000000945B0200C8
:100EF000030000008356020003000000BF3202001E
:100F000003000000D730020003000000033102009C
:100F100003000000A5590200030000009C14020019
:100F200094040020C327020001000000B93202002F
:100F300000000000C17500004D78000000000000B6
:100F4000874B020000000000FFD3010000000000FA
:100F500000000000A24C02000000000069E4000054
:100F600000000000000000009A4C02000000000099
:100F700031DB0000E9E800000000000046510200FB
:100F800000000000950E0100A50D0100000000000A
:100F9000A84C020000000000F5DF000055DF000053
:100FA00000000000FFFFFFFFFFFFFFFFFFFFFFFF4D
:100FB0000000000001000000A0000000F0000000A0
:100FC000000000000100000001000000A00000007F
:100FD000F0000000000000002152010006000000A7
:100FE00000000000000000010000000200000004FA
:100FF0000000000800000010000000200000004079
:10100000000000800000001B00000036FF00000010
:10101000FF000000FF000000FF000000FF000000D4
:10102000FF000000FF000000FF000000FF000000C4
:10103000FF000000FF000000FF00000000020000B1
:10104000000200000000000001030062746C6500F3
:101050000000000000000000000000000000000090
:101060000000000000000000000000000000000080
:10107000000000000000000000000000000100006F
:101080000338FDD870470000010000000000000098
:101090000500000000000000190000000000000032
:1010A0007D00000000000000710200000000000050
:1010B000350C000000000000093D000000000000A9
:1010C0002D31010000000000E1F5050000000000E6
:1010D00065CD1D0000000000F90295000000000031
:1010E000DD0EE90200000000514A8D0E00000000F4
:1010F0009573C24800000000E941CC6B010000007C
:101100008D49FD1A07000000C16FF2862300000020
:10111000C52EBCA2B1000000D9E9AC2D78030000B7
:101120003D9160E45811000031D6E275BC560000D4
:10113000F52E6E4DAEB10100C9EA2683677808002E
:10114000ED95C28F055A2A00A1EDCCCE1BC2D3006B
:1011500025A4000A8BCA2204000000000000000041
:10116000000000000000001000000000000000006F
:10117000B9340332B7F4AD1410DB1AB30892540E2D
:101180000D307D951447BA1A66088F4D26ADC66D91
:10119000F598BF85E2B74511CA96853D92BD1DEB16
:1011A000FCA11860DCEF52163C92AE220BB8C1B421
:1011B000839D2D5B0562DA1C304C7E8F4E8BB25BBB
:1011C00016F4529F8B56A512FBD4827643ED8AF01B
:1011D0008FE7F9311565191850F19BD94A13EEB410
:1011E000284CF0A686C1251F035FC270CB9E49160E
:1011F000E642889C44EB2014B0650836AD6EA585A8
:1012000085F0CA14E2FD031A0B899979D5B13D091D
:10121000D8DA973A35EBCF10AC363F5E73BB38CF98
:101220003E6752FA44AFBA1501000000000000000A
:101230000000000000000020345065C05FC9A652C5
:10124000BB13CBAEC440C21806C8DF7100D5A87C62
:10125000F56F0FDA58FC27136E4756357D2420654D
:1012600002C7E768E48CA41DE9E60268D7CD3961BE
:101270007977FCC2405BEF16798CDE43FFA751F90A
:1012800091F3B278F5BDBE11E857E9D6E8BEE87B28
:10129000B054AC8F848D751BEA23A499E9F9D38BE4
:1012A000B7A3714061DA3E15CEE33ECB73F948082F
:1012B0008C97B427D51B7010A2BFEFB9EB85321500
:1012C0004DB44DB49BBB6F1996B6076CF8E7EEAD05
:1012D00036D9B4F59135AE13222218AF4E6A684D57
:1012E00091DAAA3D4F40741E9FBD9EE006A1C098B2
:1012F00057C2A7FDA40E90170E7D497173E3208F8E
:10130000B220D87605143B12853D7434811343B066
:10131000AD297A5F27F4351C010100000409002083
:10132000090600003F200200090D000046200200CF
:101330000101000007090020030200000509002048
:1013400001010000803801007A2202000202000040
:101350003D9600007F220200030300001E4B0000A8
:1013600082220200040400008F2500008522020072
:1013700005050000C8120000892202006008002054
:10138000FFD5010000000000190900200000010045
:101390005C080020BDD701000000000058040020B8
:1013A000000001000809002000000000000000000B
:1013B000000000000000000058080020D1D5010006
:1013C000C1E100002C0400200000030054080020AC
:1013D0002BD8010000000000EA22020000000100FA
:1013E00079390000D7A00100593B0000A53B00005F
:1013F000853C0000B99E01002D9F0100C19E0100A7
:10140000F39E0100DD9E0100C79E01000000000068
:101410000000000009A20100F9A1010005A20100DD
:10142000F7A1010000000000000000000000000023
:1014300000000000E7A1010050130020000100009F
:10144000D3A2010099A2010002000000ED470000B4
:10145000000000000000000000000000000000008C
:10146000A3270200AB2702000000000000000000DC
:1014700000000000B3270200B7270200BB270200CC
:10148000BF2702008C140200802F0020E1480000DA
:10149000A02F00204F5000200100000097A4010061
:1014A0008DA401007DA4010071A4010000000000D2
:1014B00065A40100000000008C080020FFD5010099
:1014C00000000000880800200000010084080020BF
:1014D000BDD7010000000000AC04002000000100A6
:1014E0007C080020FBA4010000000000DD270200B2
:1014F0000000010078080020BDD7010000000000B6
:10150000A40400200000010070080020FBA40100DA
:1015100000000000F1270200000001006C0800201C
:10152000BDD70100000000009C0400200000010065
:1015300064080020C1490000000000002A090020C2
:101540000000010003000000000000000000000097
:1015500000C00F00780A02000100000000C00F0068
:1015600000200000780A02000200000000E00F00E6
:1015700000200000780A0200982F8A4291443771B7
:10158000CFFBC0B5A5DBB5E95BC25639F111F15906
:10159000A4823F92D55E1CAB98AA07D8015B831248
:1015A000BE853124C37D0C55745DBE72FEB1DE80F4
:1015B000A706DC9B74F19BC1C1699BE48647BEEF23
:1015C000C69DC10FCCA10C246F2CE92DAA84744AAE
:1015D000DCA9B05CDA88F97652513E986DC631A824
:1015E000C82703B0C77F59BFF30BE0C64791A7D503
:1015F0005163CA0667292914850AB72738211B2E8B
:10160000FC6D2C4D130D385354730A65BB0A6A7672
:101610002EC9C281852C7292A1E8BFA24B661AA87E
:10162000708B4BC2A3516CC719E892D1240699D68E
:1016300085350EF470A06A1016C1A419086C371E07
:101640004C774827B5BCB034B30C1C394AAAD84EE5
:101650004FCA9C5BF36F2E68EE828F746F63A57820
:101660001478C8840802C78CFAFFBE90EB6C50A4B3
:10167000F7A3F9BEF27871C600000000D7B20100EE
:10168000F4040020EC040020E4040020000000002A
:10169000DC040020E9610000B96000000D61000079
:1016A0008161000000000020000000000600010031
:1016B00002000000B816020000000000AA3002007C
:1016C00002000000E0FF0F0000000020B230020026
:1016D00021000000E0FF0620F81A0200E0160200D8
:1016E00047000000DCB10020F81A0200F0160200EA
:1016F0004B000000E4B50020F81A020000170200B9
:101700003D00000050B80020F81A02001017020037
:101710001000000068B900200E030000857F000063
:101720000F040000597F00001A010000717A0000C8
:1017300005040000897A000013010000D57F000035
:10174000FF0100002FB501003E010000E17C000018
:1017500005040000D17A000008040000AD870000F5
:10176000300300002587000010010000817B00008D
:1017700001120000B18600000A1E00005BB60100E5
:101780000309000005810000040B0000F57B000048
:10179000060A0000498A0000070A0000517B000089
:1017A0000C0500001D7B0000050C0000898900006D
:1017B0000841000061A3000009210000D5A300003A
:1017C000120500009D9E00001308000039A00000D3
:1017D000F81A0200D81702000301000098B900208F
:1017E000D93F0200E63F0200FA3F02000A40020031
:1017F0001A4002002940020073420200B345020071
:1018000070420200F81A02000C18020020000000CA
:10181000F8C40020F81A02001C1802006D00000035
:1018200078C5002001C101000DC1010000000000C9
:10183000000000000000000011C6000000000000D1
:10184000000000000000000000000000F81A020084
:1018500054180200110000007CD0002001D00100CB
:101860001DD0010055D0010001D0010039D0010088
:101870001DD0010091C70100BFC701007FCB01004F
:1018800091C7010065CB0100BFC701004DCD01002C
:101890002FCD010002020100A1D0010004040100CB
:1018A000D5D600000606010009D600000804010094
:1018B00041D500000A02010089D001000C0401009A
:1018C00071D001000E040100FDD3000020040100CE
:1018D00055D300001004010059D20000120201008B
:1018E00093CF010016040100FDC60100180101009C
:1018F00039CC01001E000400B7D1010052020000E3
:10190000B9CF0100D4080020FFD50100000000007D
:10191000D008002000000100CC080020BDD7010045
:10192000000000001806002000000100C40800208C
:1019300000000000000000000000000000000000A7
:10194000C0080020D1D50100C1E100002006002020
:1019500000000300BC080020BDD70100000000000B
:101960001006002000000100B408002037D6010056
:1019700011E300000000000000000300B008002098
:10198000BDD7010000000000080600200000010093
:10199000A8080020F9E70000000000000000000097
:1019A00000000100A4080020BDD7010000000000D5
:1019B00000060020000001009C08002067D60100FE
:1019C00000000000000000000000010000090020ED
:1019D000FFD5010000000000FC080020000001000D
:1019E000F8080020BDD70100000000005C060020C0
:1019F00000000100F008002087D601000000000070
:101A00000000000000000100EC080020BDD701002C
:101A1000000000005406002000000100E40800203F
:101A2000B1D601000000000000000000000001002D
:101A3000E0080020BDD70100000000004C06002097
:101A400000000100D808002089DE0000000000002E
:101A50000000000000000100A5FD000031E00100D1
:101A60007109010000000000000000007505010080
:101A70000000000000000000000000000000000066
:101A800000000000000000002DFA00000600000029
:101A9000EFDA0100060000007DFF000010000000EA
:101AA0000100010010000000110901000100000008
:101AB000F1FE000010000000610801000A000000B3
:101AC00065FE000010000000A506010007000000F0
:101AD000BFDC01001000000091DB010001000000EC
:101AE000B9F700004000000063DC010010000000B6
:101AF000A9DB010001000000C91101000000000085
:101B00006DE20100755402000900000000000000B1
:101B100071160100F1160100A913010069170100F7
:101B200039170100000000007518010015190100A7
:101B3000B254020041E5010053E50100B85402002F
:101B40003BE501004DE50100BE54020035E5010012
:101B500047E50100C8540200D9180100B1E40100B2
:101B600013E501000000000027E401000000000070
:101B70000000000004000000FF0000000000000062
:101B80000000000000000000000000000000000055
:101B90000000000000000000040300000000000539
:101BA000F40100000001010000008000C2281700BD
:101BB000B41B020000B00250C01B02000100000074
:101BC000C81B02000600000011061D000D061F00C4
:101BD0000E0620000F0621001006220012061E002D
:101BE00045200100251F0100111E0100C11A01003E
:101BF000B11A010000080000001000004FE60100CB
:101C000079220100ED2101009921010089210100C3
:101C100004000000FF000000FFFF000000288450C7
:101C2000000000000100000000D000500000000093
:101C3000FFFFFFFF002584500000000000000000AF
:101C400000D00050000000009524010043E701008F
:101C50004FE7010063E701006DE7010077E701004E
:101C6000012301008BE701000000000000900050FC
:101C7000000000000000000000000000000040061E
:101C80000000010110000000DDE70100941C0200CB
:101C9000FFFF000000900050A01C020001000000A7
:101CA000A81C02000200000022000C0023000B0010
:101CB00021260100000000005D2701000000000057
:101CC00000000000ED260100612A010007E8010084
:101CD00023E8010027E80100CD2901000080005021
:101CE0000200000000000000EC1C02000080005018
:101CF000F81C020001000000001D020004000000AA
:101D00001400000013000200960101009501030079
:101D10005FE80100452F010051E80100055A02006B
:101D2000185A02002B5A02003E5A0200515A020071
:101D3000645A0200775A02008A5A0200455B020088
:101D4000535B0200675B0200765B0200825B02006D
:101D50002409020024090200740902007C0902001F
:101D6000EC090200EC090200FF8FFFFFFF8FFFFF6D
:101D7000FE8FFFFFFE8FFFFFFD8FFFFFFC8FFFFF3A
:101D8000FC8FFFFFFB8FFFFF6D757465785F6672D8
:101D900065652063616C6C65642077697468204EAA
:101DA000554C4C20706172616D6574657200000065
:101DB00043616E277420696E697469616C697A6524
:101DC000206D757465782C20776173204E554C4CCE
:101DD0000D0A0000436F756C64206E6F74206C6F89
:101DE000636B20706F7765722073617665206D7507
:101DF0007465780000000000000000000000000092
:101E0000000000000000004095596959555554558F
:101E10001555555604051541105455404551554426
:101E200040455044505555450040004040044496BC
:101E300065555655454045545141154055915555A8
:101E4000555540510501000054455454455505046D
:101E500000100410140440000000014055551541C5
:101E60005404000044000100000000404100004410
:101E7000504445505400555554556551004000405C
:101E80000100000100050100115451515455550540
:101E9000000000000000000000000000D1F717372C
:101EA000D1F717B78071313F807131BF0000003F1B
:101EB000000000BF6937AC3168212233B40F1433FE
:101EC0006821A2333863ED3EDA0F493F5E987B3FCD
:101ED000DA0FC93F0C001400000090010600090051
:101EE000000090010000F0FFF0FFF0FFEAFF74FF38
:101EF000F0FFF0FFF0FFF0FFEAFF434F4E4E5F5060
:101F00004152414D533A69643D257520696E7465AF
:101F10007276616C3D25752028252E3266206D7302
:101F200029206C6174656E63793D25752074696D37
:101F3000656F75743D25750A00444953434F4E4EF5
:101F400045435445443A2069643D257520726561D6
:101F5000736F6E3D25750A004849445F4144563A07
:101F600020737461727465640A004849445F414497
:101F7000563A206661696C65642025640A00524106
:101F8000575F4144563A20737461727465640A0065
:101F90005241575F4144563A206661696C6564203E
:101FA00025640A0053454355524954595F464149F7
:101FB0004C45443A206572723D25640A00534543FE
:101FC00055524954595F4F4B3A206C6576656C3DCC
:101FD00025640A00434F4E4E45435445443A206918
:101FE000643D257520696E74657276616C3D25755A
:101FF0002028252E3266206D73290A0049445F434C
:1020000052454154455F4552523A2025640A0048E2
:1020100049445F4144565F4352454154455F4552F0
:10202000523A2025640A005241575F4144565F43AB
:1020300052454154455F4552523A2025640A0056A4
:102040004D2D526177005669727475616C204D6F29
:102050007573650005010902A1010901A1000509C7
:1020600019012903150025017501950381027505E4
:10207000950181010501093009311581257F750818
:1020800095028106C0C0524154453A004552524F14
:10209000523A62616420726174652C207573652008
:1020A000524154453A3120746F20524154453A35DB
:1020B0000A004D4F44453A005354415455533A4D4C
:1020C0004F44453A25640A004552524F523A6261E4
:1020D00064206D6F646520E2809420757365204DE7
:1020E0004F44453A30202855415254292C204D4F19
:1020F00044453A312028484944292C204D4F444535
:102100003A322028526177292C204D4F44453A33EA
:102110002028426F7468290A004552524F523A757E
:102120006E6B6E6F776E20636F6D6D616E640A000B
:102130004C534D3644534F20696E69742066616973
:102140006C656400494D552073747265616D696EEC
:10215000672073746172746564004649464F5F532B
:1021600054415455532072656164206661696C6501
:10217000643A202564004649464F20726561642018
:102180006661696C656420617420776F72642025D4
:10219000753A2025640025752C25642C25642C2592
:1021A000642C25642C25642C25640A0049324320C4
:1021B000627573206E6F74207265616479004932B4
:1021C000432072656164206661696C6564202872D1
:1021D00065743D25642920E2809420636865636B03
:1021E00020776972696E670057484F5F414D5F49BC
:1021F0003D3078253032582C2065787065637465E1
:10220000642030782530325820E280942077726F35
:102210006E6720646576696365206F72206164640F
:1022200072657373004C534D3644534F20666F757F
:102230006E64202857484F5F414D5F493D307825F7
:102240003032582900696D755F6164645F73616D38
:10225000706C655F63623A20616C6C20256420734A
:102260006C6F74732066756C6C00636D645F746969
:102270006400696D755F7469640031322E35003217
:1022800036003532003130340032303800696D7537
:1022900000756E737562736372696265640053548E
:1022A000415455533A424C455F5241575F434C4964
:1022B000454E543A25730A006F66660053544154E4
:1022C00055533A424C455F5241573A25730A0049EB
:1022D0004D555F5241575F444154412073657276BA
:1022E00069636520726561647900494D55205261CA
:1022F00077204461746100626C655F7261775F642E
:102300006174610043616C6962726174696F6E200F
:102310006661696C65643A206772617669747920D8
:102320006D61676E697475646520252E3166204C79
:102330005342203C20252E306620E2809420726596
:10234000747279696E67004D6F756E74696E673A65
:1023500020592D646F776E202868617264636F6402
:102360006564290043616C6962726174696F6E20F3
:10237000646F6E653A20626961733D5B252E32663B
:102380002C20252E32662C20252E32665D204C53C3
:10239000422C20677261766974793D5B252E336625
:1023A0002C20252E33662C20252E33665D00696D8A
:1023B000755F6D6F7573653A20696E697469616CDC
:1023C000697365642C20636F6C6C656374696E67F8
:1023D0002025642063616C6962726174696F6E208C
:1023E00073616D706C657300696D755F6D6F75738A
:1023F000653A20656E61626C656420E280942072AB
:102400006563616C6962726174696E6700696D759C
:102410005F6D6F7573653A2064697361626C6564A2
:1024200000696D755F6D6F7573650000070E091C9F
:102430001B1215383F363124232A2D28756E7369F7
:10244000676E6564292063686172202A2075736550
:102450006420666F722025257020617267756D6536
:102460006E742E2049742773207265636F6D6D65DD
:102470006E64656420746F206361737420697420D6
:10248000746F20766F6964202A20626563617573BA
:1024900065206974206D6179206361757365206DB5
:1024A00069736265686176696F7220696E20636521
:1024B000727461696E20636F6E66696775726174AC
:1024C000696F6E732E20537472696E673A2225739A
:1024D0002220617267756D656E743A2564006362CF
:1024E0007072696E74665F7061636B6167650046E8
:1024F00061696C656420746F207265626F6F743AF5
:10250000207370696E6E696E6720656E646C6573AA
:10251000736C792E2E2E0A004E5653206E6F742047
:10252000696E697469616C697A656400436F756C82
:1025300064206E6F74206F627461696E20666C61D6
:10254000736820706172616D657465727300556E99
:10255000737570706F72746564207772697465202A
:10256000626C6F636B2073697A6500556E61626C93
:102570006520746F20676574207061676520696EDF
:10258000666F00496E76616C696420736563746F71
:10259000722073697A6500436F6E66696775726150
:1025A00074696F6E206572726F72202D207365637F
:1025B000746F7220636F756E7400256420536563B9
:1025C000746F7273206F662025642062797465735E
:1025D00000616C6C6F63207772613A2025642C2057
:1025E00025780064617461207772613A2025642C3B
:1025F000202578004E6F20474320446F6E65206D84
:1026000061726B657220666F756E643A20726573D5
:1026100074617274696E6720676300474320446F7A
:102620006E65206D61726B657220666F756E6400F9
:1026300066735F6E767300496E76616C69642069BB
:102640006E7374616E636500496E76616C696420B7
:102650006261636B656E6420636F6E666967757235
:102660006174696F6E00496E76616C696420696E91
:102670007374616E63652C20656E64706F696E742F
:10268000206F7220636F6E66696775726174696F1F
:102690006E00496E76616C696420656E64706F6966
:1026A0006E7400456E64706F696E74206E6F742076
:1026B000726567697374657265640A006970635F47
:1026C0007365727669636500697063300073726167
:1026D0006D302E73686D0067656E65726963006C9E
:1026E0006F6767696E67006C6F67006C6F675F6D1F
:1026F000676D74004D6573736167652028222573CB
:1027000022292064726F7070656420626563617550
:1027100073652069742065786365656473207369E7
:102720007A65206C696D69746174696F6E20282503
:102730007529001B5B306D00257320005B25303848
:102740006C755D20005B253032753A253032753A64
:10275000253032752E253033752C253033755D20AC
:10276000003C25733E200025732F0025733A20007E
:102770002530327820007C00256300206D6573735E
:10278000616765732064726F70706564202D2D2DF4
:102790000D0A1B5B306D001B5B313B33316D2D2D02
:1027A0002D20001B5B313B33316D001B5B313B3314
:1027B000336D006572720077726E00696E66006438
:1027C0006267006C6F675F6261636B656E645F7503
:1027D000617274006C6F675F75617274006E52464F
:1027E000353334305F4350554150505F514B414178
:1027F000004D616E75666163747572657200627416
:102800005F646973007365742D76616C756520660D
:1028100061696C7572652E206B65793A202573208D
:102820006572726F7228256429004E6F206D6F7279
:1028300065205555494431367320696E20746865AA
:1028400020706F6F6C21004E6F206D6F7265205588
:1028500055494433327320696E2074686520706F67
:102860006F6C21004E6F206D6F7265205555494485
:102870003132387320696E2074686520706F6F6C18
:102880002100556E6B6E6F776E205555494420744C
:1028900079706500496E76616C6964206174747248
:1028A0006962757465004E6F207370616365206C9A
:1028B000656674206F6E20676976656E2073766337
:1028C000004E6F206D6F72652063687263206465CF
:1028D0007363726970746F727320696E20746865B7
:1028E00020706F6F6C210057726F6E672066756E77
:1028F0006374696F6E207573656420666F722073F0
:1029000070656369616C2061747472696275746565
:1029100020616C6C6F636174696F6E0062745F67D5
:102920006174745F706F6F6C004D656D6F727920AC
:1029300063616E206E6F7420626520616C6C6F63E2
:1029400061746564005468657265206973206E6FF8
:1029500020616C6C6F6361746564206D656D6F726E
:102960007920666F72207468697320636F6E6E657C
:102970006374696F6E004E6F206D656D6F727920A4
:10298000626C6F636B20666F7220636F6E6E65633F
:1029900074696F6E0062745F636F6E6E5F637478EC
:1029A0000054686520636F6E746578742077617376
:1029B000206E6F7420666F756E6400546865726572
:1029C000206973206E6F2066726565206D656D6F7E
:1029D000727920746F20616C6C6F63617465207410
:1029E000686520636F6E6E656374696F6E20636FD8
:1029F0006E7465787400546865206D656D6F7279CA
:102A000020776173206E6F7420616C6C6F636174EA
:102A1000656420666F722074686520636F6E7465EC
:102A20007874206F66207468697320636F6E6E65BA
:102A30006374696F6E2E005265706F7274206D61E1
:102A4000702073697A652065786365656473206DAD
:102A500061782041545420617474726962757465A0
:102A6000206C656E6774680062745F6869647300E7
:102A7000637C777BF26B6FC53001672BFED7AB763B
:102A8000CA82C97DFA5947F0ADD4A2AF9CA472C0E6
:102A9000B7FD9326363FF7CC34A5E5F171D8311553
:102AA00004C723C31896059A071280E2EB27B27574
:102AB00009832C1A1B6E5AA0523BD6B329E32F84EC
:102AC00053D100ED20FCB15B6ACBBE394A4C58CFE4
:102AD000D0EFAAFB434D338545F9027F503C9FA8B8
:102AE00051A3408F929D38F5BCB6DA2110FFF3D286
:102AF000CD0C13EC5F974417C4A77E3D645D19733A
:102B000060814FDC222A908846EEB814DE5E0BDB33
:102B1000E0323A0A4906245CC2D3AC629195E4796A
:102B2000E7C8376D8DD54EA96C56F4EA657AAE08C4
:102B3000BA78252E1CA6B4C6E8DD741F4BBD8B8A5F
:102B4000703EB5664803F60E613557B986C11D9EC5
:102B5000E1F8981169D98E949B1E87E9CE5528DF3C
:102B60008CA1890DBFE6426841992D0FB054BB1668
:102B70006D757465785F696E69742063616C6C65EE
:102B8000642077697468204E554C4C2070617261E6
:102B90006D6574657200436F756C64206E6F742090
:102BA000616C6C6F63617465206D7574657820620B
:102BB00065666F726520696E697469616C697A69AE
:102BC0006E670072302F61313A202030782530381E
:102BD00078202072312F61323A2020307825303829
:102BE00078202072322F61333A2020307825303817
:102BF000780072332F61343A2020307825303878CD
:102C0000207231322F69703A2020307825303878A0
:102C1000207231342F6C723A202030782530387889
:102C20000020787073723A20203078253038780090
:102C3000735B2532645D3A20203078253038782067
:102C400020735B2532645D3A202030782530387857
:102C50002020735B2532645D3A202030782530389F
:102C6000782020735B2532645D3A2020307825304F
:102C700038780066707363723A20203078253038D7
:102C800078004661756C74696E6720696E73747242
:102C9000756374696F6E2061646472657373202854
:102CA0007231352F7063293A20307825303878001A
:102CB0002A2A2A2A2A204D5055204641554C542074
:102CC0002A2A2A2A2A002020537461636B696E67BE
:102CD000206572726F722028636F6E74657874203D
:102CE00061726561206D69676874206265206E6F2E
:102CF000742076616C696429002020556E737461BC
:102D0000636B696E67206572726F72002020446188
:102D10007461204163636573732056696F6C6174DD
:102D2000696F6E0020204D4D46415220416464720F
:102D30006573733A2030782578002020496E7374CB
:102D400072756374696F6E20416363657373205697
:102D5000696F6C6174696F6E002020466C6F6174DE
:102D6000696E672D706F696E74206C617A7920735B
:102D70007461746520707265736572766174696FD1
:102D80006E206572726F72002A2A2A2A2A205553F1
:102D9000414745204641554C54202A2A2A2A2A00D8
:102DA00020204469766973696F6E206279207A65A4
:102DB000726F002020556E616C69676E6564206DCE
:102DC000656D6F72792061636365737300202053B2
:102DD0007461636B206F766572666C6F7720286311
:102DE0006F6E746578742061726561206E6F7420F7
:102DF00076616C6964290020204E6F20636F7072C9
:102E00006F636573736F7220696E73747275637428
:102E1000696F6E73002020496C6C6567616C206C73
:102E20006F6164206F66204558435F524554555288
:102E30004E20696E746F205043002020496C6C65F1
:102E400067616C20757365206F6620746865204526
:102E5000505352002020417474656D707420746F5B
:102E6000206578656375746520756E646566696E46
:102E7000656420696E737472756374696F6E002A7D
:102E80002A2A2A2A20425553204641554C54202AAA
:102E90002A2A2A2A002020537461636B696E6720F6
:102EA0006572726F720020205072656369736520CD
:102EB0006461746120627573206572726F720020A4
:102EC000204246415220416464726573733A203057
:102ED000782578002020496D7072656369736520DC
:102EE0006461746120627573206572726F72002074
:102EF00020496E737472756374696F6E20627573A6
:102F0000206572726F720052657365727665642017
:102F1000457863657074696F6E2028005370757210
:102F2000696F757320696E7465727275707420288C
:102F30004952512000535053454C20696E2074680B
:102F400072656164206D6F646520646F6573206EC7
:102F50006F7420696E64696361746520505350001A
:102F60002A2A2A2A2A2048415244204641554C54B4
:102F7000202A2A2A2A2A0020204275732066617599
:102F80006C74206F6E20766563746F72207461625A
:102F90006C6520726561640020204465627567205D
:102FA0006576656E740020204661756C74206573CB
:102FB00063616C6174696F6E20287365652062655A
:102FC0006C6F772900415243485F45584345505440
:102FD000207769746820726561736F6E2025780AA6
:102FE000002A2A2A2A2A204465627567206D6F6E9E
:102FF00069746F7220657863657074696F6E202ADA
:103000002A2A2A2A002A2A2A2A2A202573202564E5
:1030100029202A2A2A2A2A006D7075004661696CC7
:10302000656420746F20616C6C6F63617465206EE1
:103030006577204D505520726567696F6E20257544
:103040000A00506172746974696F6E2025753A20A8
:1030500073616E69747920636865636B206661696A
:103060006C65642E00496E76616C696420756E64CF
:1030700065726C79696E6720726567696F6E206929
:103080006E64657820257500496E76616C696420F0
:1030900061747472696275746520666F72207468F9
:1030A0006520726567696F6E0A00464C4153485F40
:1030B00030005352414D5F30002A206275666665CC
:1030C00072206F766572666C6F77206465746563D5
:1030D000746564202A0A00736F63004661696C6539
:1030E000642073796E6368726F6E697A65642052CA
:1030F000544320736574757020286572723A2025D8
:1031000064290073796E635F7274630000000001CC
:103110006E726635333430646B5F6E72663533348D
:10312000305F6370756170700000FFFFFFFFFFFF8D
:1031300000000000000000FFFFFFFFFFFF00000095
:103140000000007075626C69630072616E646F6D7F
:10315000007075626C69632D69640072616E646FE2
:103160006D2D696400253032583A253032583A25A1
:103170003032583A253032583A253032583A2530D4
:103180003258202825732900303132333435363710
:1031900038396162636465660062745F72706100F1
:1031A000496E73756666696369656E74206E756DC8
:1031B000626572206F6620617267756D656E7473EB
:1031C0000049676E6F72696E67206964656E746925
:1031D000746965732073746F72656420696E20660C
:1031E0006C61736800496E76616C6964206C656E11
:1031F0006774682049442061646472657373206950
:103200006E2073746F726167650062742F25732F6F
:1032100025303278253032782530327825303278B2
:10322000253032782530327825752F257300627469
:103230002F25732F2530327825303278253032789B
:103240002530327825303278253032782575007374
:10325000657474696E67735F7375627379735F69A0
:103260006E6974206661696C6564202865727220DD
:103270002564290062742F2573004661696C6564BA
:1032800020746F207361766520494420286572722E
:103290002025642900556E61626C6520746F20736F
:1032A0006574757020616E206964656E74697479E7
:1032B00020616464726573730062740062745F738A
:1032C000657474696E67730042545F4C575F575161
:1032D0000002FB349B5F80000080001000000000B3
:1032E000000062745F646174610044617461206213
:1032F0007566666572206F766572666C6F772028DA
:103300006C696E6B20747970652030782530327866
:103310002900556E61626C6520746F206C6F6F6B55
:1033200020757020636F6E6E207769746820686105
:103330006E646C6520257500556E61626C65207445
:103340006F206C6F6F6B757020636F6E6E20666F91
:10335000722068616E646C65202575004861726436
:1033600077617265206572726F722C206861726479
:103370007761726520636F64653A20256400436F4E
:10338000756C64206E6F74207375626D6974207241
:10339000785F776F726B3A20256400556E61626CBE
:1033A0006520746F20616C6C6F6361746520627559
:1033B0006666657200556E68616E646C6564206552
:1033C00076656E7420307825303278206C656E20FA
:1033D00025753A20257300546F6F20736D616C6CF6
:1033E0002028257520627974657329206576656EBD
:1033F000742030782530327800496E76616C6964CB
:10340000204843492041434C207061636B65742020
:1034100073697A6520282575290041434C20646131
:103420007461206C656E677468206D69736D61747A
:1034300063682028257520213D2025752900556EBB
:1034400061626C6520746F2066696E6420636F6EC4
:103450006E20666F722068616E646C652025750051
:10346000496E76616C696420484349206576656ED3
:10347000742073697A6520282575290057455354AF
:103480005F544F504449522F7A65706879722F7398
:1034900075627379732F626C7565746F6F74682FC2
:1034A000686F73742F6863695F636F72652E630062
:1034B00062745F6863695F6576745F6765745F6691
:1034C0006C616773286864722D3E657674292026C6
:1034D000202831554C203C3C2028312929004153DB
:1034E00053455254494F4E204641494C205B257369
:1034F0005D20402025733A25640A00556E6B6E6F7F
:10350000776E206275662074797065202575006F6E
:1035100070636F64652030782530347820706F6F69
:103520006C20696420257520706F6F6C20257020D9
:10353000213D20266863695F636D645F706F6F6C07
:10354000202570004F70436F64652030782530343B
:103550007820636F6D706C6574656420696E737438
:10356000656164206F6620657870656374656420AA
:1035700030782530347800556E65787065637465F1
:103580006420484F53545F4E554D5F434F4D504C50
:10359000455445445F5041434B4554532028737470
:1035A000617475732030782530327829006576741F
:1035B000206E756D5F68616E646C657320283D25B3
:1035C000752920746F6F206C6172676520282575DE
:1035D000203E20257529004E6F20636F6E6E656357
:1035E00074696F6E20666F722068616E646C65200E
:1035F0002575007061636B65747320636F756E74FD
:10360000206D69736D6174636800657272203D3D61
:1036100020300009636F6D6D616E64206F70636FA1
:103620006465203078253034782074696D656F7555
:10363000742077697468206572722025640A006FAF
:1036400070636F646520307825303478207374613E
:1036500074757320307825303278004661696C6566
:103660006420746F207265616420444C45206D6154
:10367000782064617461206C656E00556E657870A9
:103680006563746564207374617475732030782584
:10369000303278004E6F2070656E64696E6720630B
:1036A0006F6E6E20666F72207065657220257300E4
:1036B0004661696C656420726561642072656D6F36
:1036C00074652066656174757265732028256429A8
:1036D000004661696C6564204C4520536574205038
:1036E00048592028256429004661696C6564207466
:1036F0006F207365742064617461206C656E20288E
:10370000256429004661696C656420746F207365C7
:103710007420726571756972656420736563757272
:10372000697479206C6576656C00556E61626C65B4
:1037300020746F2073656E6420746F2064726976E4
:10374000657220286572722025642900556E6162B9
:103750006C6520746F206C6F6F6B20757020636FC9
:103760006E6E207769746820696E646578203078A1
:1037700025303278004E6F74207265706F727469F4
:103780006E67207061636B657420666F72206E6F68
:103790006E2D636F6E6E656374656420636F6E6E0D
:1037A00000556E61626C6520746F20616C6C6F6394
:1037B000617465206E65772048434920636F6D6DA5
:1037C000616E64004F7574206F6620636F6D6D616C
:1037D0006E64206275666665727300556E636C6513
:1037E000617265642070656E64696E672073656ED2
:1037F000745F636D6400556E6578706563746564AD
:10380000206B5F706F6C6C206576656E74207374CE
:10381000617465202575006576745F666C616773F9
:103820002026202831554C203C3C202830292900D6
:10383000496E76616C696420627566207479706582
:1038400020257500436F6E74726F6C6C6572207406
:103850006F20686F737420666C6F7720636F6E746F
:10386000726F6C206E6F7420737570706F727465F8
:1038700064004E6F6E2D4C452063617061626C6513
:1038800020636F6E74726F6C6C6572206465746512
:1038900063746564210041434C2042522F454452D9
:1038A0002062756666657273206E6F7420696E693A
:1038B0007469616C697A65640056656E646F722024
:1038C00048434920657874656E73696F6E73206E26
:1038D0006F7420617661696C61626C650046616934
:1038E0006C656420746F20726561642073757070FC
:1038F0006F727465642076656E646F7220636F6D9D
:103900006D616E6473004661696C656420746F203C
:103910007265616420737570706F7274656420766F
:10392000656E646F72206665617475726573004EB2
:103930006F2048434920647269766572207265671A
:10394000697374657265640042542054580042548F
:103950002052580048434920647269766572206F8E
:1039600070656E206661696C656420282564290095
:1039700000090909090102090909090909090909CF
:1039800009090709090909090609090909090909AC
:1039900009090909090909090905312E30620031AF
:1039A0002E3100312E3200322E3000322E310033D3
:1039B0002E3000342E3000342E3100342E320035BB
:1039C0002E3000352E3100352E3200352E330035A5
:1039D0002E340062745F6863695F636F72650044D0
:1039E000697361626C696E67206164647265737388
:1039F000207265736F6C7574696F6E206661696C97
:103A00006564202865727220256429004661696C0E
:103A1000656420746F2072656D6F76652049524B26
:103A20002066726F6D20636F6E74726F6C6C65725E
:103A3000004661696C656420746F2064697361621B
:103A40006C652061646472657373207265736F6C5A
:103A50007574696F6E005265736F6C76696E67205E
:103A60006C6973742073697A652065786365656431
:103A700065642E20537769746368696E6720746F7C
:103A800020686F73742E004661696C656420746FE2
:103A900020636C656172207265736F6C7574696FF9
:103AA0006E206C697374004661696C656420746F84
:103AB000206164642049524B20746F20636F6E74E0
:103AC000726F6C6C657200536574207072697661F8
:103AD0006379206D6F646520636F6D6D616E642026
:103AE0006973206E6F7420737570706F7274656483
:103AF000004661696C656420746F20736574207082
:103B0000726976616379206D6F6465004F6E6C79C0
:103B1000207374617469632072616E646F6D2069D3
:103B200064656E746974792061646472657373206E
:103B3000737570706F7274656400496E76616C693C
:103B40006420696E70757420706172616D65746552
:103B50007273004661696C656420746F20726561E0
:103B600064207075626C696320616464726573734C
:103B70000052656164205374617469632041646418
:103B800072657373657320636F6D6D616E64206E13
:103B90006F7420617661696C61626C650046616971
:103BA0006C656420746F2072656164207374617445
:103BB000696320616464726573736573004E6F207E
:103BC000737461746963206164647265737365738F
:103BD0002073746F72656420696E20636F6E7472F7
:103BE0006F6C6C65720043616E277420736574207E
:103BF000626F7468204944454E5449545920262028
:103C00004E5250410062745F696400546F6F2062CD
:103C10006967206164766572746973696E67206490
:103C2000617461004661696C656420746F2073740F
:103C300061727420616476657274697365720043A1
:103C40006F6E74726F6C6C65722063616E6E6F74F0
:103C500020726573756D6520636F6E6E6563746148
:103C6000626C65206164766572746973696E672041
:103C700028256429004E6F2076616C696420616498
:103C8000760062745F616476004661696C656420E9
:103C9000746F2072652D736565642050524E470025
:103CA0004661696C656420746F20696E697469612E
:103CB0006C697A652050524E470062745F686F737A
:103CC000745F63727970746F0045434320484349C1
:103CD00020636F6D6D616E6473206E6F742061760A
:103CE00061696C61626C650043616C6C6261636BFD
:103CF00020616C72656164792072656769737465AF
:103D00007265640053656E64696E67204C4520508F
:103D1000323536205075626C6963204B65792063BB
:103D20006F6D6D616E64206661696C6564004661EB
:103D3000696C656420746F2067656E657261746577
:103D40002044484B6579202865727220256429003B
:103D5000E69D350E480103CCDBFDF4AC1191F4EF88
:103D6000B9A5F9E9A7832C5E2CBE97F2D203B02047
:103D70008BD28915D08E1C742430ED8FC2456376AA
:103D80005C15525ABF9A32636DEB2A65499C80DC00
:103D900062745F65636300556E61626C6520746F69
:103DA00020616C6C6F636174652062756666657214
:103DB0002077697468696E2074696D656F75740029
:103DC000556E657870656374656420666972737496
:103DD000204C32434150206672616D6500556E651E
:103DE00078706563746564204C3243415020636F82
:103DF0006E74696E756174696F6E004E6F742065C4
:103E00006E6F756768206275666665722073706193
:103E1000636520666F72204C3243415020646174A8
:103E20006100556E65787065637465642041434C2C
:103E300020666C616773202830782530327829003D
:103E400041434C206C656E206D69736D61746368CD
:103E500020282575203E20257529006E6F74206569
:103E60006E6F75676820726F6F6D20696E20757355
:103E700065725F64617461202564203C20256400C4
:103E80006E6F7420636F6E6E6563746564210044A9
:103E90006973636F6E6E6563746564207768696CBF
:103EA0006520616C6C6F636174696E6720636F6E0F
:103EB000746578740028756E6B6E6F776E29006E6E
:103EC0006F207472616E736974696F6E2025730060
:103ED000496E76616C69642028257529206F6C64B1
:103EE000207374617465006E6F2076616C69642064
:103EF0002825752920737461746520776173207398
:103F0000657400696E636F6D70617469626C6520C1
:103F100068616E646C6520257500466F756E64205F
:103F200076616C696420636F6E6E656374696F6E31
:103F3000202825702920776974682061646472657F
:103F4000737320257320696E202573207374617448
:103F500065200053656E64204C4520706172616D70
:103F600020757064617465206661696C65642028E1
:103F7000657272202564290053656E642061757432
:103F80006F204C4520706172616D207570646174A2
:103F900065206661696C65642028657272202564FD
:103FA0002900574553545F544F504449522F7A6566
:103FB000706879722F7375627379732F626C75658F
:103FC000746F6F74682F686F73742F636F6E6E2ECB
:103FD000630001010101010203646973636F6E6E86
:103FE000656374656400646973636F6E6E656374A2
:103FF0002D636F6D706C65746500636F6E6E6563C5
:1040000074696E672D7363616E00636F6E6E6563B6
:1040100074696E672D6175746F00636F6E6E656392
:1040200074696E672D61647600636F6E6E6563748C
:10403000696E672D6469722D6164760062745F63D6
:104040006F6E6E00556E61626C6520746F20616CDE
:104050006C6F636174652062756666657220666F59
:1040600072206F7020307825303278005365676D8C
:10407000656E746174696F6E2064697361626C65EA
:104080006420627574204D5455203E204D50532CB1
:10409000207472756E636174696E67204D545500AB
:1040A0004E6F20617661696C61626C65204C3243B1
:1040B000415020636F6E7465787420666F72206360
:1040C0006F6E6E202570006368616E20257020740D
:1040D000696D656F757400556E61626C6520746FF3
:1040E0002073656E642063726564697473207570F3
:1040F0006461746500556E61626C6520746F206147
:104100006C6C6F63617465204C324341502063686E
:10411000616E6E656C204944004D616E6461746F20
:1041200072792063616C6C6261636B2027726563D6
:104130007627206D697373696E67004E6F20667213
:1041400065652064796E616D69632050534D7320FD
:10415000617661696C61626C6500534455206C65E1
:104160006E677468206D69736D6174636800556E65
:1041700061626C6520746F2073746F7265205344A4
:104180005500657272202564005044552073697A89
:1041900065203E204D505320282575203E20257552
:1041A0002900546F6F2073686F72742064617461AA
:1041B000207061636B657400496E76616C69642080
:1041C000534455206C656E67746800556E61626C6F
:1041D0006520746F20616C6C6F636174652062751B
:1041E0006666657220666F7220534455004E6F20DC
:1041F0006372656469747320746F207265636569A6
:104200007665207061636B657400546F6F20736D09
:10421000616C6C204C3243415020504455207265F3
:104220006365697665640049676E6F72696E6720C1
:104230006461746120666F7220756E6B6E6F776E4D
:10424000206368616E6E656C2049442030782530AB
:1042500034780049676E6F72696E672064617461BB
:10426000207265636569766564207768696C65208E
:10427000646973636F6E6E656374696E6700496726
:104280006E6F72696E672064617461207265636528
:1042900069766564207768696C65206368616E6E15
:1042A000656C206861732073687574646F776E0045
:1042B0004C32434150206C656E677468206D6973A1
:1042C0006D617463682028257520213D202575299E
:1042D00000496E76616C6964206964656E7420764D
:1042E000616C756520696E204C324341502050440A
:1042F0005500546F6F20736D616C6C204C452063CA
:104300006F6E6E20706172616D2072737000546FF9
:104310006F20736D616C6C204C4520636F6E6E2056
:10432000726571207061636B65742073697A6500D2
:10433000496E76616C6964204C452D436F6E6E202A
:1043400052657120706172616D733A206D747520D1
:104350002575206D707320257500546F6F20736D67
:10436000616C6C204C4520636F6E6E207273702000
:104370007061636B65742073697A650043616E6E6A
:104380006F742066696E64206368616E6E656C2070
:10439000666F72206964656E7420257500546F6FB6
:1043A00020736D616C6C204C4520646973636F6E83
:1043B0006E20727370207061636B65742073697A0C
:1043C0006500546F6F20736D616C6C204C45204309
:1043D000726564697473207061636B6574207369BE
:1043E0007A6500556E61626C6520746F2066696E37
:1043F00064206368616E6E656C206F66204C45209A
:1044000043726564697473207061636B6574004303
:10441000726564697473206F766572666C6F77007D
:10442000546F6F206C61726765204C4520636F6E1E
:104430006E20726571207061636B65742073697A98
:104440006500496E76616C696420656372656420FD
:10445000636F6E6E2072657120706172616D732E74
:10446000206D7475202575206D707320257500549E
:104470006F6F20736D616C6C20656372656420637F
:104480006F6E6E20727370207061636B6574207341
:10449000697A650046657765722064636964207691
:1044A000616C756573207468616E206578706563F2
:1044B00074656400546F6F20736D616C6C2065636C
:1044C000726564207265636F6E662072657120701C
:1044D00061636B65742073697A65006368616E203F
:1044E000257020646563726561736564204D545561
:1044F000202575202D3E20257500546F6F20736D8B
:10450000616C6C206563726564207265636F6E66B2
:1045100020727370207061636B65742073697A65B3
:104520000052656A656374696E6720756E6B6E6FA5
:10453000776E204C324341502050445520636F64C5
:10454000652030782530327800546F6F20736D61AC
:104550006C6C204C32434150207369676E616C690A
:104560006E672050445500556E61626C6520746F13
:1045700020616C6C6F6361746520545820636F6EAA
:1045800074657874006661696C656420746F20736B
:10459000656E64206D6573736167652025640063D3
:1045A0006F6E6669670062745F6C32636170004EA3
:1045B0006F7420636F6E6E656374656400556E6121
:1045C000626C6520746F2066696E642041545420CB
:1045D0006368616E6E656C00415454206368616E5F
:1045E0006E656C206E6F7420636F6E6E65637465AC
:1045F00064004175746F6D617469632063726561F5
:1046000074696F6E206F6620454154542062656165
:1046100072657273206661696C6564206F6E2063D9
:104620006F6E6E656374696F6E2025732077697491
:1046300068206572726F72202564004572726F7215
:10464000207369676E696E672064617461005261EE
:104650006E206F7574206F662054582062756666F0
:10466000657273206F7220636F6E74657874732E39
:1046700000415454204D5455206578636565646548
:10468000642C206D61782025752C2077616E74650F
:104690006420257A7500556E61626C6520746F2008
:1046A000616C6C6F636174652041545420545820D0
:1046B0006D657461004661696C656420746F207378
:1046C00063686564756C65204541545420636F6E62
:1046D0006E656374696F6E207265747279202865E7
:1046E00072723A2025642900556E61626C652074EF
:1046F0006F2063726561746520555549443A207393
:10470000697A6520257500556E61626C6520746F4D
:104710002063726561746520555549443A20736978
:104720007A65202564004E6F20617661696C616254
:104730006C6520415454206368616E6E656C206620
:104740006F7220636F6E6E202570004E6F20617651
:1047500061696C61626C652041545420636F6E74B2
:1047600065787420666F7220636F6E6E202570000E
:10477000546F6F20736D616C6C2041545420504411
:104780005520726563656976656400556E68616E73
:10479000646C65642041545420636F6465203078F4
:1047A000253032780049676E6F72696E6720756ECA
:1047B000657870656374656420726571756573747E
:1047C0000049676E6F72696E6720756E65787065F7
:1047D0006374656420696E6469636174696F6E00F7
:1047E000496E76616C6964206C656E202575206663
:1047F0006F7220636F646520307825303278004E08
:104800006F20415454206368616E6E656C20666F42
:1048100072204D545520257A75004661696C656497
:1048200020746F20636F6E6E65637420256420456D
:10483000415454206368616E6E656C732028657204
:10484000723A2025642900454154542053657276FC
:10485000657220726567697374726174696F6E2026
:104860006661696C6564202564004E6F2070656E1A
:1048700064696E6720415454207265717565737464
:10488000004154542054696D656F757420666F72D1
:10489000206465766963652025730062745F6174C6
:1048A00074004661696C656420746F206465636F91
:1048B00064652076616C7565202865727220257AA2
:1048C0006429004661696C656420746F20736176A9
:1048D000652044617461626173652048617368207A
:1048E0002865727220256429006661696C65642000
:1048F000746F2073746F7265205343202865727241
:104900002025642900756E61626C6520746F2073C8
:104910006176652053433A206E6F20636667206C92
:10492000656674006661696C656420746F206465F7
:104930006C657465205343202865727220256429B4
:10494000004661696C656420746F20636C656172F8
:1049500020534320256400496E76616C6964206BA6
:104960006579004661696C656420746F2073746FAB
:10497000726520436C69656E74204665617475725A
:10498000657320286572722025642900556E616266
:104990006C6520746F206465636F64652061646476
:1049A0007265737320257300496E76616C696420AB
:1049B0006C6F63616C206964656E7469747920251D
:1049C0006C7500556E61626C6520746F2072657342
:1049D000746F72652053433A206E6F2063666720C0
:1049E0006C656674004E6F20737061636520746F30
:1049F0002073746F72652043434320636667004EE3
:104A00006F20737061636520746F2073746F7265BB
:104A100020436C69656E7420537570706F72746595
:104A20006420466561747572657300556E61626CD1
:104A30006520746F20726573746F72652043463A07
:104A4000206E6F20636667206C6566740043686142
:104A50006E67652D6177617265207374617475731B
:104A6000206E6F7420666F756E6420696E207365AA
:104A70007474696E67732C2064656661756C746903
:104A80006E6720706565722073746174757320742D
:104A90006F206368616E67652D756E617761726501
:104AA0000052656164206261636B2062616420630F
:104AB00068616E67652D61776172652076616C75DE
:104AC000653A20307825782C2064656661756C74B1
:104AD000696E6720706565722073746174757320E8
:104AE000746F206368616E67652D756E61776172A2
:104AF0006500556E61626C6520746F207365747516
:104B0000702041455320434D414300556E61626C16
:104B10006520746F2063616C63756C6174652068D7
:104B20006173680043616E277420726567697374EE
:104B3000657220736572766963652061667465725B
:104B400020696E697420616E64206265666F7265AB
:104B50002073657474696E677320617265206C6F71
:104B6000616465642E00556E61626C6520746F200F
:104B700072656769737465722068616E646C652024
:104B80003078253034780062742F636363004C6999
:104B90006E6B206973206E6F7420656E637279701E
:104BA00074656400446576696365206973206E6F7F
:104BB00074207375627363726962656420746F2018
:104BC0006368617261637465726973746963004ECE
:104BD0006F2062756666657220617661696C6162DC
:104BE0006C6520746F2073656E6420696E64696300
:104BF0006174696F6E00434343202570206E6F74AB
:104C0000207772697461626C65005343207265732A
:104C1000746F726520696E6469636174696F6E2078
:104C20006661696C6564004E6F20627566666572C8
:104C300020617661696C61626C6520746F207365B8
:104C40006E64206E6F74696669636174696F6E006B
:104C50004661696C656420746F20736574207365A8
:104C600063757269747920666F7220626F6E646515
:104C70006420706565722028256429004661696C8E
:104C8000656420746F2073746F72652043434373AF
:104C90002028657272202564290062742F68617370
:104CA000680062742F63660062742F73630062741D
:104CB0005F6761747400556E61626C6520746F206B
:104CC00066696E6420534D50206368616E6E656C3A
:104CD000005075626C6963206B6579206E6F74207B
:104CE000617661696C61626C65004661696C6564DE
:104CF00020746F2067656E65726174652044484B4F
:104D0000657900556E6B6E6F776E207061697269A0
:104D10006E67206D6574686F6420282575290052C0
:104D2000656D6F7465207075626C6963206B657961
:104D30002072656A65637465640043616C63756CB9
:104D4000617465204C544B206661696C6564004356
:104D5000616C63756C617465206C6F63616C204479
:104D6000484B657920636865636B206661696C6593
:104D7000640043616C63756C6174652072656D6F6E
:104D800074652044484B657920636865636B2066D1
:104D900061696C6564004A757374576F726B732038
:104DA0006661696C65642C2061757468656E7469F0
:104DB0006361746564206B657973207072657365D7
:104DC0006E74004E6F20617661696C61626C652063
:104DD000534D5020636F6E7465787420666F722037
:104DE000636F6E6E20257000556E61626C65207475
:104DF0006F20676574206B65797320666F7220255C
:104E0000730043616C63756C6174652053544B206F
:104E10006661696C65640043616C63756C6174659F
:104E200020636F6E6669726D206661696C656400EF
:104E300054686520696E2D70726F67726573732098
:104E400070616972696E6720686173206265656E62
:104E50002064656C657465642100534D5020646F57
:104E60006573206E6F7420616C6C6F7720612070A9
:104E7000616972696E67206661696C75726520612F
:104E800074207468697320706F696E742E204B6E85
:104E90006F776E2069737375652E20446973636F35
:104EA0006E6E656374696E6720696E7374656164A4
:104EB0002E00546F6F20736D616C6C20534D502029
:104EC00050445520726563656976656400534D50A2
:104ED00020636F6D6D616E642028636F64652030A0
:104EE000782530327829207265636569766564209B
:104EF00061667465722074696D656F7574005265C2
:104F00006365697665642072657365727665642091
:104F1000534D5020636F646520307825303278001F
:104F2000556E68616E646C656420534D5020636FEC
:104F300064652030782530327800556E657870656C
:104F40006374656420534D5020636F64652030782E
:104F50002530327800496E76616C69642069646539
:104F60006E74697479202573005265667573696E75
:104F700067206E65772070616972696E672E2054B4
:104F80006865206F6C6420626F6E64206D75737449
:104F900020626520756E7061697265642066697251
:104FA00073742E0070616972696E67206661696C46
:104FB000656420287065657220726561736F6E206C
:104FC0003078257829004E6F206B657973207370D7
:104FD00061636520666F7220257300556E61626C97
:104FE0006520746F206765742072616E646F6D2038
:104FF000627974657300556E61626C6520746F2010
:10500000616C6C6F6361746520456E637279707456
:1050100020496E666F2062756666657200556E6126
:10502000626C6520746F20616C6C6F6361746520C5
:1050300043656E7472616C204964656E742062759C
:105040006666657200534D502054696D656F7574C6
:10505000000005061F1F2918120308020305080A8D
:1050600000080103040105040509060701010606FD
:105070000800000100010003010003020201000218
:105080000000000000020301000300000100010015
:105090000001000102020100020000000000020203
:1050A00001000462745F736D70004661696C656431
:1050B00020746F20726561642076616C75652028AC
:1050C00065727220257A642900556E61626C6520D4
:1050D000746F2066696E642064656C657465642015
:1050E0006B65797320666F72202573004661696C69
:1050F000656420746F20616C6C6F63617465206BF4
:1051000065797320666F7220257300496E76616C35
:105110006964206B6579206C656E67746820257AF8
:105120006420213D20257A75004661696C65642004
:10513000746F2073617665206B65797320286572C2
:1051400072202564290062742F6B65797300627484
:105150005F6B657973006C888391AAF5A538603719
:105160000BDB5A6083BE62745F63727970746F0088
:105170006E65745F627566006E65745F6275665F0A
:1051800073696D706C6500556E6B6E6F776E207411
:10519000797065202575004661696C656420746FBF
:1051A0002073656E6420286572722025642900468C
:1051B00061696C656420746F2072656769737465DA
:1051C00072204254204849432064726976657220F7
:1051D0002865727220256429004950432073657246
:1051E0007669636520696E7374616E636520696EAC
:1051F000697469616C697A6174696F6E206661694E
:105200006C65643A2025640A0052656769737465A9
:1052100072696E6720656E64706F696E7420666176
:10522000696C6564207769746820256400456E6444
:10523000706F696E742062696E64696E6720666162
:10524000696C65642077697468202564004E6F740A
:1052500020656E6F756768206461746120666F7287
:10526000206576656E7420686561646572004576B8
:10527000656E74207061796C6F6164206C656E6717
:105280007468206973206E6F7420636F7272656337
:105290007400436F756C646E277420616C6C6F636F
:1052A000617465206120627566666572206166744E
:1052B00065722077616974696E672031302073658B
:1052C000636F6E64732E004E6F7420656E6F75672A
:1052D0006820737061636520696E2062756666651B
:1052E0007220257A752F257A75004E6F7420656EB1
:1052F0006F756768206461746120666F7220414336
:105300004C20686561646572004E6F20617661694A
:105310006C61626C652041434C2062756666657203
:1053200073210041434C207061796C6F6164206C83
:10533000656E677468206973206E6F7420636F7286
:1053400072656374004E6F7420656E6F75676820B8
:105350006461746120666F722049534F20686561F3
:10536000646572004E6F20617661696C61626C6584
:105370002049534F20627566666572732100495358
:105380004F207061796C6F6164206C656E67746822
:10539000206973206E6F7420636F7272656374008E
:1053A000556E6B6E6F776E20484349207479706537
:1053B00020257500484349207472616E73706F72C6
:1053C00074207365747570206661696C65642077FC
:1053D0006974683A2025640A0044657265676973D8
:1053E000746572696E672048434920656E64706F0A
:1053F000696E74206661696C656420776974683AC7
:1054000020256400436C6F73696E67204950432008
:1054100073657276696365206661696C656420777F
:105420006974683A20256400484349207472616EAB
:1054300073706F72742074656172646F776E20662A
:1054400061696C656420776974683A20256400534B
:10545000656E64696E6720726573657420636F6D35
:105460006D616E64206661696C656420776974683B
:105470003A20256400495043006E72665F62745F93
:105480006863690062745F6863695F647269766506
:10549000720062745F6863695F6E726635335F7352
:1054A0007570706F727400636C6F636B4035303071
:1054B00030006866636C6B006C66636C6B006866DA
:1054C000636C6B3139326D006866636C6B61756457
:1054D000696F00636C6F636B5F636F6E74726F6C88
:1054E0000063696E737472202530327820747261A3
:1054F0006E7366657220746F6F206C6F6E673A20F2
:10550000257A7500636C656172004A454445432005
:105510006964205B253032782025303278202530B0
:1055200032785D20657870656374205B2530327851
:10553000202530327820253032785D005244535295
:10554000206661696C65643A202564005145202518
:1055500073206661696C65643A2025640065726138
:105560007365206572726F723A206164647265734C
:1055700073206F722073697A65206578636565644E
:10558000732065787065637465642076616C7565F9
:10559000732E416464723A203078256C78207369E8
:1055A0007A6520257A7500756E737570706F7274E8
:1055B0006564206174203078256C782073697A6581
:1055C00020257A75006572617365206572726F724D
:1055D000206174203078256C782073697A652025E5
:1055E0007A75007772697465206572726F723A20FD
:1055F00061646472657373206F722073697A6520C9
:105600006578636565647320657870656374656447
:105610002076616C7565732E416464723A2030782F
:10562000256C782073697A6520257A75007265612A
:1056300064206572726F723A20616464726573737C
:10564000206F722073697A6520657863656564737D
:105650002065787065637465642076616C75657328
:105660002E416464723A203078256C782073697A10
:105670006520257A75006D7832357236343335669B
:10568000403000717370695F6E6F7200696E766191
:105690006C696420616464726573733A20307825A4
:1056A00030386C783A257A7500756E616C69676E72
:1056B000656420616464726573733A2030782530C4
:1056C000386C783A257A75006E6F7420776F726443
:1056D0002D616C69676E65643A2030782530386CCE
:1056E000783A257A7500666C6173682D636F6E7405
:1056F000726F6C6C657240333930303000666C61AB
:1057000073685F6E7266006770696F403834323854
:105710003030006770696F4038343235303000699E
:10572000326300756E737570706F72746564207388
:1057300070656564004661696C656420746F2069FA
:105740006E697469616C697A652064657669636500
:105750003A202573004E65656420746F207573656B
:105760002074686520696E7465726E616C20647265
:10577000697665722062756666657220627574204E
:105780006974732073697A6520697320696E737513
:105790006666696369656E7420282575202B20254F
:1057A00075203E202575292E2041646A757374206A
:1057B000746865207A65706879722C636F6E6361B6
:1057C000742D6275662D73697A65206F72207A6513
:1057D000706879722C666C6173682D6275662D6DC8
:1057E00061782D73697A652070726F706572747953
:1057F0002028746865206F6E65207769746820675B
:105800007265617465722076616C75652920696EB8
:10581000207468652022257322206E6F64652E0037
:10582000547279696E6720746F207472616E73664A
:105830006572206D6F7265207468616E2074686592
:10584000206D6178696D756D2073697A6520666F6A
:10585000722074686973206465766963653A2025EF
:1058600064203E20256400693263403930303000C6
:105870006932635F6E7266785F7477696D00747801
:105880005F6D61736B20746F6F2062696720286F92
:1058900072204950435F434F4E465F4E554D207432
:1058A0006F6F20736D616C6C290072785F6D61732E
:1058B0006B20746F6F2062696720286F72204950D7
:1058C000435F434F4E465F4E554D20746F6F2073BC
:1058D0006D616C6C2900456E61626C696E67206356
:1058E00068616E6E656C20776974686F757420618D
:1058F00020726567697374657265642063616C6C9E
:105900006261636B0A0053656E64696E672064614F
:105910007461206E6F7420737570706F727465643B
:10592000005258206576656E74206F6E20696C6C2D
:105930006567616C206368616E6E656C005258200B
:105940006576656E74206F6E2064697361626C6544
:1059500064206368616E6E656C006D626F784032C2
:1059600061303030006D626F785F6E7266785F69AB
:1059700070630000010203040506070B4661696CB1
:10598000656420746F20616C6C6F63617465205076
:105990005049204368616E6E656C00756172744099
:1059A0003830303000756172745F6E7266785F7582
:1059B0006172746500526573657474696E672073F3
:1059C000797374656D00666174616C5F6572726F86
:1059D0007200000000010101000001000000002031
:1059E0003030303030303030303030303030000116
:1059F000756E7265676973746572656420257320BE
:105A00006275730A006D6574616C3A20656D65722C
:105A100067656E63793A20006D6574616C3A206148
:105A20006C6572743A2020202020006D6574616CD2
:105A30003A20637269746963616C3A2020006D6575
:105A400074616C3A206572726F723A2020202020B7
:105A5000006D6574616C3A207761726E696E673AA9
:105A6000202020006D6574616C3A206E6F7469634C
:105A7000653A20202020006D6574616C3A20696EC3
:105A8000666F3A202020202020006D6574616C3AFA
:105A90002064656275673A20202020200025733A33
:105AA0002066726565696E67206E6F6E2D656D701C
:105AB0007479207669727471756575650D0A007266
:105AC000785F76710074785F7671004E5300556E82
:105AD0006B6E6F776E206572726F7200756E6B6E93
:105AE0006F776E003E3E3E205A4550485952204640
:105AF0004154414C204552524F522025643A2025B2
:105B000073206F6E20435055202564004661756CEC
:105B10007420647572696E6720696E74657272753F
:105B200070742068616E646C696E670A00437572F8
:105B300072656E74207468726561643A2025702005
:105B40002825732900435055206578636570746972
:105B50006F6E00556E68616E646C656420696E746A
:105B600065727275707400537461636B206F766533
:105B700072666C6F77004B65726E656C206F6F702C
:105B800073004B65726E656C2070616E6963006DA9
:105B900061696E006F7300737973776F726B710058
:105BA0002A2A2A20426F6F74696E67206E5246203F
:105BB000436F6E6E6563742053444B2076332E35ED
:105BC0002E39392D6E6373312D31202A2A2A0A008D
:105BD0006E616E00286E756C6C290000000000007C
:105BE00000000000000000000000000000000000B5
:105BF00000000000000000000000000000000000A5
:105C00000000000000000000000000000000000094
:105C10000000000000000000000000000000000084
:105C20000000000000000000000000000000000074
:105C30000000000000000000000000000000000064
:105C40000000000000000000000000000000000054
:105C50000000000000000000000000000000000044
:105C60000000000000000000000000000000000034
:105C70000000000000000000000000000000000024
:105C80000000000000000000000000000000000014
:105C90000000000000000000000000000000000004
:105CA000858D0000000000000000000000000000E2
:105CB00000000000000000000000000000000000E4
:105CC00000000000000000000000000000000000D4
:105CD00000000000000000000000000000000000C4
:105CE00000000000000000000000000000000000B4
:105CF00000000000000000000000000000000000A4
:105D00000000000000000000000000000000000093
:105D10000000000000000000000000000000000083
:105D20000000000000000000000000000000000073
:105D30000000000000000000000000000000000063
:105D40000000000000000000298C0100000000009D
:105D50000000000000000000000000000000000043
:105D600000000000278C010000000000000000007F
:105D7000338C010000000000000000000000000063
:105D80002F8C01000000000000000000302C0020DB
:105D900000000000000000001E00000000000000E5
:105DA00000000000000000000000000000000000F3
:105DB00000000000000000000000000000000000E3
:105DC00000000000000000000000000000000000D3
:105DD00000000000000000000000000000000000C3
:105DE00000000000000000000000000000000000B3
:105DF00000000000000000000000000000000000A3
:105E00000000000000000000000000000000000092
:105E10000000000000000000000000000000000082
:105E20000000000000000000000000000000000072
:105E30000000000000000000000000000000000062
:105E40000000000000000000000000000000000052
:105E50000000000000000000000000000000000042
:105E60000000000000000000000000000000000032
:105E70000000000000000000000000000000000022
:105E80000000000000000000000000000000000012
:105E90000000000000000000000000000000000002
:105EA00000000000000000000000000000000000F2
:105EB00000000000000000000000000000000000E2
:105EC00000000000000000000000000000000000D2
:105ED00000000000000000000000000000000000C2
:105EE00000000000000000000000000000000000B2
:105EF00000000000000000000000000000000000A2
:105F00000000000000000000000000000000000091
:105F10000000000000000000000000000000000081
:105F20000000000000000000000000000000000071
:105F30000000000000000000000000000000000061
:105F40000000000000000000000000000000000051
:105F50000000000000000000000000000000000041
:105F60000000000000000000000000000000000031
:105F70000000000000000000000000000000000021
:105F80000000000000000000000000000000000011
:105F90000000000000000000000000000000000001
:105FA00000000000000000000000000000000000F1
:105FB00000000000000000000000000000000000E1
:105FC00000000000000000000000000000000000D1
:105FD000000000000000000000040020000000009D
:105FE00000000000000000000000000000000000B1
:105FF00000000000580A0020F809002003000000FB
:10600000010300000200000000000000000000008A
:106010000000000000000000000000000000000080
:1060200000000000000000001D1D00000000000036
:10603000000000000809002000001000F58D01009C
:106040000000000000000720000001003C0A0200E0
:10605000000000003C0A02000100000002000000F5
:10606000000000000000000000020000B9A20100D2
:1060700084140200000000006808002000000200F4
:1060800074080020000002008008002000000200C8
:10609000E54C000000000000C5A501000000000064
:1060A000A9A501001430002010300020D43F0020AA
:1060B00064300020481502006C0A00203A000000FD
:1060C000800A00203A000000440A00203A00000044
:1060D000A80A00203A000000000000005DB30100A3
:1060E0000000000000000000000000003177000008
:1060F00000000000000000000000000000000000A0
:1061000000000000000400004C010020000000001E
:10611000000000000000000000000000000000007F
:10612000000000000000000000000000000000006F
:10613000000000000000000000000000000000005F
:10614000000000000000000000000000000000004F
:10615000000000000000000000000000000000003F
:10616000017D0000000000000000000090050020FC
:106170009005002000000000000000002700020041
:10618000F3CD01000000000061CF0000E5D8000061
:10619000C1D10100000000000000000099CF000004
:1061A00017CE010027CF0100E9C7000085C7010015
:1061B00000000000000000000000000000000000DF
:1061C00071F300000000000000000000CDDA0100C3
:1061D000000000000000000000000000A0080020F7
:1061E00000000200AC08002000000200B8080020F7
:1061F00000000A00C8080020000020000000000085
:10620000000000000000000000000000000000008E
:10621000000000000000000000000000000000007E
:106220008BD5010000000000DC0800200000020007
:10623000E808002000000200F4080020000002002E
:10624000590601000000000079540200000000001F
:10625000251401009D140100000000000000000052
:10626000840600208406002000000000FFFFFFFFDE
:1062700094060020940600209C0600209C06002026
:106280000100000001000000AC060020AC06002068
:10629000B4060020B4060020000000000100000049
:1062A000C4060020C406002000000000D006002024
:1062B000D00600200100000001000000E0060020E0
:1062C000E0060020E8060020E806002000000000AC
:1062D00001000000F8060020F80600200000000081
:1062E00037510020FFFF0000FFFF0000000000000A
:1062F00000080700000103000000000048510020D2
:1063000047510020000000000090D003FFFFFFFF76
:10631000000000000000000000000000000000007D
:10632000000000000000000000000000000000006D
:10633000000000000000000000000000000000005D
:10634000000000000000000000000000000000004D
:10635000000000000000000000000000000000003D
:10636000000000000000000000000000000000002D
:10637000000000000000000000000000000000001D
:1063800008000000FF000000000000000300000003
:1063900000000000D7260200000000005D50010050
:1063A00000000000000000000000000000000000ED
:1063B00000000000000000000000000000000000DD
:1063C000E4070020E4070020EC070020EC07002091
:1063D00000000000E56E01003808002030080020B1
:1063E0002808002000000000200800201170010093
:1063F0005D6F0100916F0100D96F0100003E002028
:106400003A00003A043E00203A00003A083E0020DC
:106410003A00003A0C3E00203A00003A48080020BA
:106420000C0800200408002000080020FC070020C1
:1064300000000129000002290000032800000028B4
:106440000000502A0000502A000003280000292ADA
:106450000000292A000003280000242A0000242A22
:106460000000032800000A1800000028000002298C
:10647000000003280000002800003A2B00003A2BFF
:106480000000032800002A2B00002A2B000003280C
:106490000000292B0000292B0000032800000229FE
:1064A0000000052A0000052A00000328000001184A
:1064B000000000280000042A0000042A000003282D
:1064C0000000012A0000012A000003280000002A21
:1064D0000000002A00000328000000180000002827
:1064E0000612180602000000000000000000000272
:1064F00000D0E0F0A002000000000000000000005A
:106500000100D0E0F0A00100000000010001000047
:10651000000000000000000000000000000000007B
:10652000000000000000000000000000000000006B
:10653000000000000000000000000000000000005B
:10654000000000000000000000000000000000004B
:10655000000000000000000000000000000000003B
:10656000000000000000000000000000F56B0100CA
:10657000000000000000000000000000A009002052
:10658000A0090020DD16000000000000000000004F
:10659000000000000000000000000000C009002012
:1065A000C0090020408F0020000000000300000010
:1065B0006800000000000000DC090020DC09002069
:1065C000007E0020000000000C00000070010000B0
:1065D00000000000F8090020F8090020B8B10020F0
:1065E0000000000001000000240000000000000086
:1065F000140A0020140A0020B0D00020000000007F
:10660000140000001C00000000000000000000005A
:10661000B8A10020001000000000000000000000F1
:10662000440A0020440A002000000000000000008E
:106630000E000000580A0020580A00200000000048
:10664000000000000E0000006C0A00206C0A002010
:1066500000000000000000000E000000800A002082
:10666000800A002000000000000000000E00000072
:10667000940A0020940A002000000000000000009E
:106680000E000000A80A0020A80A00200000000058
:10669000000000000E000000BC0A0020BC0A002020
:1066A0000000000001000000CC0A0020CC0A0020FD
:1066B000D40A0020D40A00200000000001000000DD
:1066C000E40A0020E40A0020EC0A0020EC0A002082
:1066D0000000000001000000FC0A0020FC0A00206D
:1066E00000000000000000000C0B00200C0B00203C
:1066F000140B0020140B002000000000000000001C
:10670000240B0020240B00202C0B00202C0B00203D
:1067100000000000000000003C0B00203C0B0020AB
:10672000440B0020440B002000000000000000008B
:10673000540B0020540B00205C0B00205C0B00204D
:106740000600060004000000B1880000E816020000
:10675000A8B700200000000000000000800B00200F
:10676000800B0020880B0020880B002014001400F0
:10677000080000000000000014180200FCCD0020FA
:106780000000000000000000AC0B0020AC0B00205B
:10679000B40B0020B40B0020010001000800000031
:1067A000000000004C18020090D000200000000003
:1067B00000000000D80B0020D80B0020E00B0020C8
:1067C000E00B0020030003000800000000000000B0
:1067D000F816020008B900200000000000000000C8
:1067E000040C0020040C00200C0C00200C0C0020D9
:1067F0000A000A000800000000000000D81602008D
:10680000A4B400200000000000000000300C0020B4
:10681000300C0020380C0020380C00200200020050
:1068200008000000000000000418020038C5002025
:1068300000000000000000005C0C00205C0C002048
:10684000640C0020640C00200A000A00080000000C
:1068500000000000D0170200B8C3002000000000B4
:1068600000000000880C0020880C0020900C002004
:10687000900C002001000100080000000000000052
:0C6880000817020078B9002015E015E0B0
:020000040100F9
:1000000040580021C52302018B900201B123020157
:10001000B1230201B1230201B1230201000000005B
:100020000000000000000000000000007D2502012B
:10003000B12302010000000015250201B1230201D5
:100040007127020171270201712702017127020144
:100050007127020171270201712702017127020134
:1000600029970201712702017127020171270201FC
:10007000DB9602017127020171270201712702013B
:10008000712702010F9702017127020171270201F6
:1000900071270201712702017127020171270201F4
:1000A00071270201712702017127020171270201E4
:1000B00071270201712702012DE9F00791E8F80785
:1000C000B2E802105B1854EB0C04B2E802104D4188
:1000D00056EB0C06B2E802104F4158EB0C08B2E8A0
:1000E000021059EB01095AEB0C0A80E8F80780412D
:1000F0000130BDE8F00770472DE9F00791E8F807F7
:10010000B2E802105B1A74EB0C04B2E802108D41E5
:1001100076EB0C06B2E802108F4178EB0C08B2E8DF
:10012000021079EB01097AEB0C0A80E8F8078041AC
:100130004042BDE8F00770472DE9F007524290E8D1
:100140007800B1E880071740DB1918EA020854EB81
:10015000080419EA020955EB09051AEA020A56EBE6
:100160000A0678C090E87800B1E8800717407B4124
:1001700018EA020854EB080419EA020955EB0905CC
:100180001AEA020A56EB0A0678C080410130BDE83F
:10019000F00770472DE9F007524290E87800B1E887
:1001A00080071740DB1B18EA020874EB080419EA01
:1001B000020975EB09051AEA020A76EB0A0678C00D
:1001C00090E87800B1E880071740BB4118EA0208C0
:1001D00074EB080419EA020975EB09051AEA020A28
:1001E00076EB0A0678C080414042BDE8F0077047D0
:1001F0002DE9F00152424FF0040890E8300091E8F8
:10020000C000A31B1340E41AF618EB1B1340ED1AB1
:10021000FF1830C0C0C1B8F10108EED1BDE8F0014F
:10022000704700BF00B592E8DC072DE9DC07B1E8B4
:10023000805702B4A7FB02510A95A8FB020B0918CC
:100240000020E7FB03105BEB000B00204041E9FBC3
:1002500002B00B91A8FB0351401800214941EAFB71
:1002600002011BEB050B0025E7FB04B568410025E7
:10027000E7FB0605694100256D41E8FB0615CDF851
:1002800030B0A9FB03B689190026EAFB03167541B5
:1002900000267641ECFB035610EB0B005FF0000BE1
:1002A000E8FB040B51EB0B015FF0000BE9FB041BB7
:1002B00055EB0B055FF0000BEAFB045B56EB0B06FE
:1002C0005FF0000B5BEB0B0BECFB046B0D90ACFBDE
:1002D0000230059C2D180020EEFB02504641002004
:1002E000E9FB04605BEB000B00204041EAFB04B03B
:1002F0005B180021E7FB04314D410021E8FB04516C
:10030000069C4E410021E8FB04615BEB010B0021E0
:10031000E9FB04B1484100214941EAFB04010E9385
:10032000A7FB0432079CB6180022E7FB04625BEBD4
:10033000020B0022E8FB04B250410022E9FB040258
:10034000514100225241EAFB0412049CED180023A3
:10035000E9FB04535E410023EAFB0463089C5BEB6A
:10036000030B0023E7FB04B358410023E8FB04031D
:1003700059410023E9FB04135A4100235B41EAFB86
:1003800004230F955DF8049B99E80006DDF80080D2
:10039000A9FB08541BEB040B0024EAFB08B4DDF8AE
:1003A000108060410024ECFB080461410024EEFB56
:1003B000081462410024E9FB0824634100246441DD
:1003C000EAFB0834DDF8048076190025EEFB0865A9
:1003D0005BEB050B0025E9FB08B568410025EAFB4E
:1003E0000805DDF8148069410025ECFB08156A4119
:1003F0000025EEFB08256B410025E9FB08356C4123
:1004000000256D41EAFB08450F96DDF80880AEFB3C
:10041000087680190026E9FB080671410026EAFBF0
:100420000816DDF8188072410026ECFB082673419F
:100430000026EEFB083674410026E9FB08467541AC
:1004400000267641EAFB0856DDF80C801BEB070B13
:100450000027ECFB08B778410027EEFB080779413D
:100460000027E9FB08177A410027EAFB0827DDF897
:100470001C807B410027ECFB08377C410027EEFB0A
:1004800008477D410027E9FB08577E4100277F414F
:10049000EAFB086708B000BD2DE9F14F87B0FFF710
:1004A000C1FEDDF81C8008F1200888E8FF00FFBCD1
:1004B00087E87F08BDE8F08F00B591E84C57A2FBB4
:1004C00002410194A2FB034524190020E2FB0650DF
:1004D0006D417F41641802940021E2FB0801A3FBF7
:1004E000034B654103950024E3FB060440417F4133
:1004F000091900246441E2FB0914FF0750EB0B00CB
:1005000004900025E2FB0A455FF0000BE3FB081BAB
:1005100049415FEA370714EB0B045FF0000BE3FB84
:10052000094B55EB0B055FF0000B5BEB0B0BE2FB94
:100530000C5BFF0F0020E2FB0EB000225141E6FBF6
:10054000061205910021E6FB084164417F416D18C8
:100550000021E3FB0A515BEB010B0021E3FB0CB133
:10056000484100214941E3FB0E010023E6FB09530A
:100570001BEB030B0023E6FB0AB358410023E6FB09
:100580000C03594100235B41E6FB0E13FF07544166
:1005900006946D417F41A8FB08265541079500222E
:1005A000E8FB09B25BEB0B0B7F4180180022E8FBF4
:1005B0000A0251410022E8FB0C125A4100235B4120
:1005C000E8FB0E230024E9FB0E340025E9FB0A15A5
:1005D00052190025E9FB0C256B410025EAFB0C357F
:1005E0006C4100256D41EAFB0E45FF075BEB060BF6
:1005F0000026ECFB0E564041494152415B416441AB
:100600006D417641AEFB0EE848F100087F00A9FB82
:100610000979784151EB0901AAFB0A7A7A4153EB37
:100620000A03ACFB0C7C7C4155EB0C0556EB0E062B
:1006300048F1000700BD00BF2DE9F14F87B0FFF77B
:100640003BFFDDF81C8008F1200888E8FF00FFBCB4
:1006500087E87F08BDE8F08F30B44FF0000310F852
:10066000014B11F8015B013A84EA050443EA0403F3
:10067000F5D1A3F101034FEAD37030BC704700BF3E
:100680004FF0000310F8012B013943EA0203F9D1BE
:10069000A3F101034FEAD370704700BF30B411F8E3
:1006A000014B12F8015B6C4000F8014B013BF6D1A5
:1006B00030BC70472DE9F00791E8F807B2E8021066
:1006C0005B1854EB0C04B2E802104D4156EB0C06DB
:1006D000B2E802104F4158EB0C08B2E8021059EB97
:1006E00001095AEB0C0A8941B3F1FF3374F1FF346D
:1006F00075F1FF3576F1000677F1000778F1000813
:1007000079F101097AF1FF3A51F100015B184C418E
:100710004D4156F1000657F1000758F1000859EB1A
:10072000D1795AEB010A80E8F807BDE8F007704775
:100730002DE9F00791E8F807B2E802105B1A74EBB4
:100740000C04B2E802108D4176EB0C06B2E8021000
:100750008F4178EB0C08B2E8021079EB01097AEBD3
:100760000C0A89415B184C414D4156F1000657F186
:10077000000758F1000859EBD1795AEB010A80E8DB
:10078000F807BDE8F007704718EB040859EB0509B6
:100790005AEB060A5BEB070B5FF0000C4CF1000C08
:1007A00018EB050859EB06095AEB070A5BEB070B38
:1007B00050EB0C005FF0000C51EB0C0152EB0C0203
:1007C00063414CF1000CB8EB070879F100097AF1AC
:1007D000000A7BEB040BA841B141A241B3416CF18B
:1007E000000CBBEB050BB041B941AA41BB416CF118
:1007F000000C4CF001068CF0020718EB060859EBD0
:100800006C095AEB6C0A7BEB6C0B70EB6C0471EBB4
:100810006C0572EB670653EB6C076CEB6C0C18EB1A
:100820000C0059EB0C015AEB0C025BF1000354F184
:10083000000455F1000556EBDC7657EB0C077047CA
:100840002DE9F14F87B0FFF7EDFCDDF81080DDF802
:100850001490DDF818A0FFF797FFBDE8000FFFF731
:1008600093FF03B05DF8048B88E8FF00BDE8F08FCC
:100870002DE9F14F87B0FFF71FFEDDF81080DDF89E
:100880001490DDF818A0FFF77FFFBDE8000FFFF719
:100890007BFF03B05DF8048B88E8FF00BDE8F08FB4
:1008A0002DE9F047A54D86B00023C41DEA7B07461D
:1008B0000E4624F00704CDE902338DF80E206A7D40
:1008C0002B788DF81020AA7D8DF809308DF8112035
:1008D0006B78EA7D8DF80A308DF81220AB782A7E8D
:1008E0008DF80B308DF81320EB786A7E8DF80C3084
:1008F0008DF814202B7995F826208DF80D300AB14B
:100900008DF80F30002E02A94FF0000A0CBF2046D0
:10091000002000F04DFE95F800806B780444D1462D
:1009200098445FFA88F85FFA8AF34345C0F0F48090
:100930000334002E494624F0030414BF002020464F
:1009400001F028F8A978044471B1E01CEB78EA7B47
:10095000002E20F003041A4414BF002020466B89A7
:10096000D2B201F08BF8044495F827308BB1697A44
:1009700079B195F82830E01C002B20F0030414BF57
:10098000FF222522002E0CBF2046002001F064F932
:100990000444297B81B1AB7823B995F827305BB14A
:1009A0006B7A4BB1E01D002E20F0070414BF00202D
:1009B000204607F09DFA0444614B1B685BB129791E
:1009C00049B1E01C002E6A7B20F0030414BF002014
:1009D0002046984704445B4B1B6853B1A97B41B147
:1009E000E01C002E20F0030414BF0020204698478E
:1009F0000444554BD3F80080B8F1000F0FD0E97BC9
:100A000069B1E01C002EAB7C20F0030418BF00206D
:100A1000009308BF20466B7C2A7CC047044495F8AD
:100A2000263063B1297951B1E01C002E2A7D20F0D7
:100A3000030414BF0020204601F044F90444E87F79
:100A400068B103346B7EA97D24F007041944334652
:100A500044F00404C9B2224601F074F9044495F844
:100A60002010002962D0E01D002E4FF0FB0220F084
:100A7000070814BF002040461EF09BFC08EB000452
:100A80001EB9FB21404619F0ADFCA97E00294FD0CC
:100A9000AB7F002B4CD0E01D002E4FF48C7220F069
:100AA000070814BF002040461EF083FC08EB00043A
:100AB0002B7E0334A97DA87F24F007041944334614
:100AC00044F00404C9B2224601F02EF904442EB9C0
:100AD0004FF48A72A97E404619F0A6FCEB6A13B166
:100AE00006B9EC62283495F8241089B1E01D002E77
:100AF00042F2107220F0070514BF002028461EF0B5
:100B000058FC2C1826B942F21071284619F092FCB4
:100B1000E01B06B0BDE8F0872B7A0AF1010AEA79FA
:100B2000A97968791EF017FC8144FCE68846A7E79E
:100B3000002ED3D1324631463046CDE7580700214A
:100B4000540000215C000021580000218FB572B6CE
:100B50001A4B1D6BE5B9BFF34F8F1949194BCA6882
:100B600002F4E0621343CB60BFF34F8F00BFFDE799
:100B7000B4FBF6F4D3B20132002CF9D103F1100228
:100B80006A4402F80C4C0A2433B901A8A847E2E7EA
:100B9000044600220A26EDE7013BDBB203F1100216
:100BA0000DEB0206C2B2B2FBF4F704FB172230329F
:100BB000B0FBF4F006F80C2CE6E700BF5807002164
:100BC00000ED00E00400FA051FB5164C02A8237AD8
:100BD0008DF80930E3798DF80830A379ADF80C3041
:100BE0006379ADF80A3017F035FA18B1B521032052
:100BF000FFF7ACFF012301A88DF8043020F058F86E
:100C000008B1B921F3E7A07C17F05CFA08B1BC2168
:100C1000EDE7607C17F050FA08B1BD21E7E704B0BA
:100C200010BD00BF5807002138B50546002842D046
:100C30001DF0C2F810B94FF0FF3038BD19F034FE86
:100C4000B0F5FA7FF7D81E4C1E482563002500F04A
:100C5000C3FA26222946204684F8345084F83550B9
:100C600084F8275084F82850E56284F826501DF057
:100C70003BFB1B2240F20113627140F21B322380C6
:100C80000123E28040F20232A37022811F222375E9
:100C9000FB2362814FF40272A383A28144F6011206
:100CA00063842282EFF3108472B601F06BF82CB9E2
:100CB00062B62046C1E76FF01500BEE72846BCE7E4
:100CC00058070021C90B000110B5002840F0A6808C
:100CD000554C94F83430002B40F09D80A1B1002A8F
:100CE0006DD00139142900F29980DFE801F00B1969
:100CF0001C2C545C75325F6270383E4B507A7D8B91
:100D00008E9182001378237001210020FFF7C8FD27
:100D1000B0F5803F80F28580012384F8353010BD26
:100D200013786370F0E79378002B48D0D378002BCA
:100D300045D013781A2B42D953781A2B3FD9136810
:100D4000C4F80530E0E71378E278934237D3A37014
:100D5000DAE71378A278934231D8E370D4E71378B6
:100D6000A27893422BD8E373CEE713783BB3537842
:100D7000013BDBB2F82B22D81388927823822B4BCD
:100D80009A70C1E71078E07417F024FCBCE7137880
:100D9000ABB12375B8E7137894F827200AB1012B7B
:100DA0000DD96372B0E713886381ADE713782371BF
:100DB000AAE794F82610137821B9012B04D86FF014
:100DC0001500ACE7002BFAD0137863739CE7137817
:100DD000082BF4D8A37397E71388FF2BEFD823735E
:100DE00092E7137863758FE713780E2BE7D8A37516
:100DF0008AE713680E49C4F81A3053684B601389A8
:100E00000B8181E71378E3757EE7137863767BE7E0
:100E10001378237678E74FF0FF3080E76FF02C00EF
:100E20007DE76FF00B007AE7580700216807002183
:100E30007207002170B50D460646F0B1E9B111F018
:100E400007041AD100F0FCF8D0B130460E4E1DF068
:100E50005FF8214686F836002846FFF721FD17F097
:100E6000E5FB96F83600F16A17F0E2F9FFF7ACFE01
:100E70000123204686F8343070BD6FF01500FBE783
:100E80004FF0FF30F8E700BF5807002110B5084CBD
:100E900094F834302BB117F0E7F994F836001DF0D0
:100EA00053F81EF0CDFB002084F8340010BD00BFC5
:100EB0005807002150B1074B03F1140253F8041BEB
:100EC000934240F8041BF9D1002070476FF01500E1
:100ED000704700BF7FBC0201074B93F8352010B567
:100EE00032B993F834401CB917F050F9204610BDC0
:100EF0004FF0FF30FBE700BF58070021074B93F886
:100F0000352010B532B993F834401CB917F052F9B6
:100F1000204610BD4FF0FF30FBE700BF580700210F
:100F200038B5094D95F835305BB995F8344044B97A
:100F300017F062F90123204685F8273085F828301C
:100F400038BD4FF0FF30FBE758070021074B93F8FF
:100F5000352010B532B993F834401CB917F0C6F8F3
:100F6000204610BD4FF0FF30FBE700BF58070021BF
:100F7000074B93F8352010B532B993F834401CB9BB
:100F800017F0A6F8204610BD4FF0FF30FBE700BF7A
:100F900058070021074B93F8352010B532B993F864
:100FA00034401CB91FF0CDFE204610BD4FF0FF307D
:100FB000FBE700BF58070021074B93F8352010B519
:100FC00032B993F834401CB91FF0BEFE204610BD64
:100FD0004FF0FF30FBE700BF58070021074B93F8A5
:100FE000352010B532B993F834401CB91FF0AFFE6C
:100FF000204610BD4FF0FF30FBE700BF580700212F
:10100000074B93F8352010B532B993F834401CB92A
:101010001FF09FFE204610BD4FF0FF30FBE700BFE2
:101020005807002107C8024B83E8070000207047DB
:1010300090070021014B9B68184700BF90070021D3
:10104000024B9868003818BF0120704790070021B4
:1010500073B5031D2D4D04462B60284605F038FA64
:101060000228064606D1294920461DF0C4FA30461A
:1010700002B070BD042842D12B78092B0AD0252B51
:101080001ED0294620461DF030FBB0F5817F2DD3C0
:10109000722112E005213E201DF080FA0028F0D1D7
:1010A000EB7801A92A79684643EA0223ADF80030BB
:1010B0001DF0B7FE0028D0D053210820FFF746FDD1
:1010C0001A213E201DF06AFA0028DAD16B686946C1
:1010D00001A8C3F30F23ADF8043011238DF80630B7
:1010E0001DF0DDFE0028B8D06521E6E70028B4D069
:1010F000A17820781DF052FA0028B8D1ADE7082871
:10110000B5D1024920461DF0AEFAB0E79C07002198
:10111000074B4FF0FF3141F6FF72C3E9001205495A
:101120000022C1E900221F21C3E90212704700BF5B
:1011300000000021A00800213F280CD801380B4BEB
:10114000C0F3421200F01F0053F8223023FA00F0DF
:1011500000F001007047FF2806D04038044BC0F370
:10116000421200F01F00EFE701207047000000214D
:10117000A0080021074B0146006849681A4603C2CF
:1011800040F48C221A6041F0107242F4FF625A60FF
:10119000704700BF000000210246024B0068516802
:1011A00003C37047A00800210246024B0068516843
:1011B00003C37047080000210138064BC0F34212F8
:1011C00000F01F0003EB82039B6823FA00F000F09D
:1011D0000100704700000021014B1860704700BFFC
:1011E000A808002110B5FFF793FF1EF079FE034B0E
:1011F00004461B6803B19847204610BDA80800218B
:1012000038B5274B0446D3F8A022D3F8A4120131F5
:1012100006D1D3F8A8324FF6FF719BB28B423DD076
:10122000D3073BD51E4DD5F8A422D5F8A832C4F873
:101230000120A4F80530C3F3072363F03F03A37133
:10124000D5F89032013323D0D5F8943201331FD032
:10125000D5F8983201331BD0D5F89C32013317D022
:10126000002001F005FE98B9D5F89002D5F8941247
:10127000D5F89822D5F89C32C4F80700C4F80B10B2
:10128000C4F80F20C4F8133001230020237038BDA8
:1012900010220021E01D1DF027F8F5E70023F4E7F8
:1012A0000000FF0170B5274D102200210446D5F83B
:1012B000A0621DF019F810220021A0181DF014F8EA
:1012C000D5F8803201330BD1D5F88432013307D100
:1012D000D5F88832013303D1D5F88C3201330BD0E5
:1012E000D5F88002D5F88412D5F88822D5F88C324A
:1012F00020616161A261E361002001F0B9FD08B9DC
:10130000F3071CD40F4BD3F8902201320BD1D3F842
:101310009422013207D1D3F89822013203D1D3F8B5
:101320009C2201320BD0D3F89002D3F89412D3F858
:101330009822D3F89C3220606160A260E3600020B4
:1013400070BD00BF0000FF0170B50C88C27CA6B262
:10135000C4F30E04531D058804F118021D44825A7B
:10136000ADB21A4443882A44013AB2FBF5F202FBBB
:10137000054292B29342044B8BBF3340B3431343B5
:101380009BB20B8070BD00BF0080FFFF10B5114BFA
:1013900000EB41041A786389B3FBF2F303FB0223E9
:1013A000013A1A44B2F5706F027928BF00231A443B
:1013B0008378B2FBF3F0194403FB1020091AB1FB48
:1013C000F3F003FB101313446FEA43436FEA5343F4
:1013D000638110BDAC080021124B10B5E0B15A7802
:1013E000022A04D040F259111720FFF7AFFB032265
:1013F0005A70026812F0070102D04FF4AF71F3E7A0
:101400005C685A602244BDE81040026003F10C00A1
:101410009A6030221CF068BF0122C3E901005A70B3
:1014200010BD00BFAC0800212DE9F041264E96F812
:1014300001E00EF0FD0CBCF1010F04D040F273117D
:101440001720FFF783FB91F80680B8F1080F02D947
:1014500040F27511F4E7CF799FB345467B1D726862
:10146000022D4FEA430402EB430338BF02256A1EF4
:101470006D421344C8F100022B408D884544013D64
:101480002A404FF6FE75AA4202D94FF4C071D7E741
:10149000BEF1030F12D106EB80001C1BC56815B10D
:1014A00040F28511CCE7C460A770228084F803C0A5
:1014B000087A09682071080C2181E08007FB02335B
:1014C0007360BDE8F08100BFAC0800212DE9F04752
:1014D000364C6378012B65D0032B04D040F2951174
:1014E0001720FFF733FBD4E901329A4202D04FF4C0
:1014F000CC71F5E7002325460B221E46994605F8D8
:101500000C3B55F82200013A58B190F804808178DC
:10151000B8F1FF0F2FD180F804908E423CBFCEB2BD
:101520000123511CEDD103B126700B2640F6FF6953
:1015300055F826709FBB013EFAD204230020637049
:10154000BDE8F08755F82CE0BEF1000F06D09EF8FC
:1015500004A0C24504BF9EF802E077440CF1FF3CB2
:10156000BCF1000FEEDA3944FF2907D903B1267028
:101570004FF49A71B4E794460027F1E70771CCE77E
:1015800007EB410308F101083846A3F80A90FFF77A
:10159000FDFE5FFA88F1BB788B42F1D8CBE74FF0C4
:1015A0000008F6E7022360686370C9E7AC08002111
:1015B0002DE9FF474A7806468B780C461344FF2BEB
:1015C00004D940F2AB111720FFF7C0FA0B78934211
:1015D00002D940F2AF11F6E7DFF8D481009038B1BC
:1015E00098F80130022B02D00020FFF7E1FF684697
:1015F000FFF7F2FE6F4A00270825637801A90192E0
:101600004FF45A7238468DF80B30ADF808204FF081
:10161000FF098DF80A508DF80C70FFF705FF664A38
:1016200001A9A378012001924FF47A728DF80B3052
:10163000ADF808208DF80A508DF80C70FFF7F4FE15
:101640005E4A01A9E378022001924FF4AC728DF852
:101650000B30ADF808208DF80A508DF80C90FFF78C
:10166000E3FE574A01A923790320019290228DF8C5
:101670000B30ADF808208DF80A508DF80C90FFF76C
:10168000D3FE637901A94F4A04208DF80B30012362
:101690000192A8228DF80C30ADF808208DF80A5080
:1016A000FFF7C2FEA379484ACDE9027701928DF88F
:1016B0000A508DF80B308DF80C901BB116F07EFFA0
:1016C000ADF8080001A90520FFF7AEFE3F4A082546
:1016D000E3794FF0FF090192802201A906208DF8DD
:1016E0000B30ADF8082000278DF80C908DF80A50CB
:1016F000FFF79AFE237A01A9354A07208DF80B30AF
:101700000223019278228DF80C30ADF808208DF874
:101710000A50FFF789FE2F4A01A9637A28460192F1
:101720004FF40A728DF80B30ADF808208DF80A508E
:101730008DF80C70FFF778FE274A01A9A37A0920DB
:1017400001924FF48C72DFF894A0ADF808208DF868
:101750000B308DF80C904FF488798DF80A50FFF714
:1017600063FEE37A01A90A20CDF804A08DF80B30BE
:10177000ADF808908DF80A508DF80C70FFF754FE04
:10178000237B01A90B20CDF804A08DF80B30ADF818
:1017900008908DF80A508DF80C70FFF745FEFFF7A2
:1017A00095FED8F80400801B04B0BDE8F08700BFA8
:1017B000AC080021F1620101A9E700016DAC000154
:1017C00049130201E18501013B1402014B1402019E
:1017D000F9670101656701014D680101F5680101C3
:1017E000034B03EB8003D86800B18078704700BFDB
:1017F000AC080021F8B54FF6FF7305460380184B7F
:1018000003EB8103D868B8B186780379B3FBF6F2AD
:1018100006FB1233DBB219460A1D00EB4202B2F995
:1018200002705488002F09DB0131B1FBF6F206FB90
:101830001211C9B28B42EFD10020F8BDFF29FBD0B5
:10184000C4F30E03C4782B8024B940F2C7211720BB
:10185000FFF77CF95380BDE8F8401DF05BBD00BF89
:10186000AC0800211E4B03EB810370B5DC68054614
:101870004CB3B0F5706F04D340F2D5211720FFF7B9
:1018800065F9014620461DF028FDFF28014604D0D9
:101890002046BDE870401DF03DBDA078B5FBF0F3DB
:1018A00000FB1353DBB219460A1D04EB4206B6F9DE
:1018B0000260002E09DB0131B1FBF0F200FB1211D6
:1018C000C9B28B42F0D1002070BDFF29FBD08B4202
:1018D00004EB42021CBF0023E3705580D8E700BF31
:1018E000AC080021094B03EB8103014610B5DC680D
:1018F00020461DF0F2FCFF28014604D02046BDE83A
:1019000010401DF007BD002010BD00BFAC08002135
:101910000F4B03EB8103014670B5DC680646204699
:101920001DF0DBFCFF28054610D0014620461DF0C7
:10193000F1FCE28823890146304643EA0243984796
:1019400020462946FFF722FD002070BD0320FCE75A
:10195000AC08002138B50E4B0446827903EB8203B4
:10196000D86808B9022038BD8278E1799142F9D26D
:101970004B1CE37100EB41035D89B3F90A30002B86
:10198000F3DBA5801DF0C6FC20600020EBE700BF64
:10199000AC08002170B5044610F003000E4603D0D9
:1019A00049211820FFF7D2F81DF03BFC054624B171
:1019B0000348314604601DF034FC284670BD00BF6A
:1019C000E80800212DE9F04F1E4C85B0924698465C
:1019D000226881460D46BDF83830BDF83CB01AB9D2
:1019E0005B211820FFF7B2F81A460A2150460393EC
:1019F0001DF0ACFA06465A46092140461DF0A6FAEB
:101A00003118074620681DF037FC039BC9F8000019
:101A100018B9286005B0BDE8F08F841952463146E8
:101A200000932C600A23D9F800001DF042FA092324
:101A3000424639462868CDF838B005B0BDE8F04FC9
:101A40001DF037BAE808002170B50E4604461DF0B7
:101A500085FA054630461DF081FA044B2A182146C6
:101A60001868BDE870401DF031BC00BFE8080021D7
:101A7000014B18681DF0F3BBE80800211144F8B5CC
:101A8000C9B21C4C10F00305217003D04E2109206F
:101A9000FFF75CF81F2B17D89B009BB2033323F092
:101AA00003039BB208B160602381282264684FF071
:101AB000010C4A438618EFB2B94212D8D01D03FB7D
:101AC000010323F00700F8BDFF2B4FEA430204D9BE
:101AD000FF339342E1DB93B2E0E77C2AFBDC7C231B
:101AE000DCE710B184F800C06660013528341E447C
:101AF000E1E700BFEC080021144A002138B5536823
:101B00001478C8B2844203D8A9210920FFF71EF82F
:101B10001846013128330578002DF2D00021012428
:101B20001289051D8170447092088161C16100F1C4
:101B30002001446821F8022B994245F8044B1444D3
:101B4000F8D100234361037038BD00BFEC080021C9
:101B50000A4B1B89B3F5FF7F4FEA930006D25A0860
:101B60009B1A9BB2984238BF18467047B3F5EE6F88
:101B700001D8FF22F4E740F27263F3E7EC0800219A
:101B80002DE9F8434B7880460C4602F0040602F03B
:101B9000FB07D3B1DFB12F4BD4F804901D89BFBB35
:101BA0000123AD084A46211D637004F1280004F1A9
:101BB0002003A761E76123F8025B984241F8042BF8
:101BC0002A44F8D10023636101E0002FE3D0002E06
:101BD0004FF0FF0318BF0226A370A3191B7D032B30
:101BE00003D1022F1CBF0136F6B2A31901221A75C8
:101BF00006F10C02002304EB860624F8123072680A
:101C00004046A370C8F80020A8F80430BDE8F88367
:101C1000002114226170A0181CF066FBB5F5FF7F4F
:101C20000FD26B08ED1AADB209EB0502C4F80490AF
:101C30002584A2606384C4F80C90A5842261E384A7
:101C4000C5E7B5F5EE6F4FF0FF03EBD940F27265D3
:101C5000EAE700BFEC0800212DE9F7431FFA82F8FC
:101C600004461FFA81F90F4616462E214A46404681
:101C70001DF06CF905465CB12E2301464246204614
:101C8000CDF800901DF015F9034B1C601F715E71BB
:101C9000284603B0BDE8F083F8080021024B5A79CA
:101CA00019791868FFF7D8BFF8080021014B1868A8
:101CB000704700BFF8080021014B5879704700BFFA
:101CC000F80800212DE9F74305460C46F7200521C9
:101CD00090461DF03BF9064685B115F0030703D089
:101CE0008F211920FEF732FFDFF83890C9F8105025
:101CF000A5B2A9F81400BBB29D4204D806FB04F0BB
:101D000003B0BDE8F083B9F814C00523D9F810007A
:101D1000F7223146CDF8008007FB0C0001371DF09B
:101D2000C8F8E8E70809002107B5CDE900230B460C
:101D300003490246081D1DF05DFC03B05DF804FB7D
:101D40002009002113B5064CCDE900230B460246BD
:101D500004F1080104F10C001DF04CFC02B010BDB0
:101D600020090021024B0146D3E900201DF0AEBA44
:101D700020090021024B0146D3E902201DF0A6BA3A
:101D800020090021144B012200214FF0FF309A60FE
:101D9000C3F80012C3F80803C3F80015C3F80425FC
:101DA0009A60C3F808034FF48040C3F80015C3F8E5
:101DB000042503F5805341F6F8720849C3F8082555
:101DC000C1F88000BFF34F8FBFF36F8FC1F8800160
:101DD000C3F80825704700BF00E0004100E100E0C3
:101DE0008C463822064B00B50CF8032B8E4607CBE9
:101DF000CEF80300CCF80410CCF808205DF804FB02
:101E00003C09002170B5224DE96AAC6A0B78A83410
:101E100003F00303032B1AD16B8E01202A8E034398
:101E2000207442F400626B866B6B2A869847E96ADD
:101E3000237E013B18BF012323764B7833B1D4E9CD
:101E40002232013342F10002C4E9223270BD002B7C
:101E5000EED04B78002BEBD02A8E42F400622A861B
:101E6000AA6B002AF2D0FB2B08D895F83C3063B15E
:101E70006B6B00212020BDE87040184795F83D307D
:101E800043F0100385F83D3070BD01230370CFE7A8
:101E90003009002110B5114C17F01AFA16F062FD46
:101EA0000021636B208E9847237E4BB9236C94F8F6
:101EB0003D1094F83E009847002384F8443010BD4C
:101EC00094E8070004F10C0383E8070002220449A8
:101ED00004F1190004F098FCE8E700BF3009002184
:101EE000E11D0001034B93F8443003B97047FFF73D
:101EF000D1BF00BF30090021174A92F824307BB1CE
:101F000080B992F84810C9060ED5FBB10021538E56
:101F10009B0713D5536DDB78981E18BF01207047BF
:101F20000128EED000207047D16C906B0978C1F386
:101F30000011C1F1010120B1002BE8D131B1012024
:101F40007047B2F850000028F9D1F5E7508E0038FC
:101F500018BF0120704700BF3009002108B5094BA8
:101F600093F84420022A07D1DA7A42F00102DA72A9
:101F7000BDE80840FFF78EBF40F23D212720FEF765
:101F8000E5FD00BF30090021F8B5234C0646A56ADF
:101F9000E36C95F8CB2005F1A80794F85800E362AC
:101FA0000AB1031DD8B2FF2895F8711004D11EB9EB
:101FB00095F87030994203D016F0EEFE97F8232082
:101FC0001AB3E06D17F0ACFD94F82430E16D003BDE
:101FD000E06A18BF012384F87830D7E92223C4E9E6
:101FE0001C2316F065FC3EB995F8710010F00C004A
:101FF00018BF282017F0F2FD95F87010002017F098
:1020000051FE022384F84430F8BDE06A17F088FDE1
:1020100016F0A8FCE7E700BF3009002170B57F4C3F
:10202000002382B0A56A8DF8053095F8CB2005F124
:10203000A80694F858300AB10433DBB2FF2B11D153
:1020400080B995F8713095F870108B4202D0FF205E
:1020500016F0A2FEB37D032B00F2DA80DFE803F076
:102060000520847495F87010F1E794F8BA306C4844
:10207000ADF80630A5F8603000F062FE002840F0B0
:102080009A800DF105020DF10601D4F8BC001CF098
:1020900087FF606520B196F86130002B00F0A280C8
:1020A000604B18466365F37DDB0003F0080203789C
:1020B00003F0F3031343327E920002F00402134351
:1020C00003F0EF0203F00303032B027002D1C37885
:1020D000022B12D0D4F8BC001CF0E3FF48B9606DAD
:1020E000027802F00303032B07D000F051FE002812
:1020F00071D1606D027842F01002027096F82230C1
:1021000013B14378002B43D117F00AFD16F02AFCD7
:10211000666D04F02BFE20B1337803F00303032B2C
:102120005CD095F87110012017F0BCFD626D0123A1
:102130003D491088927884F8C030A4F8480084F8AB
:1021400044308A7002B070BD354800F0F9FD0028B7
:1021500059D0606DC3781B2BA5D1012105F110006A
:1021600016F050FE606D9EE7B5F860300DF1050287
:102170000DF10601D4F8BC00ADF806301CF010FFDC
:10218000606500288FD140F2D6212720FEF7DEFCC3
:10219000E06D17F0C5FC94F82410E06DD6E920231B
:1021A000B1FA81F6616D7609C4E91C2384F8786080
:1021B00016F07EFBACE7638E8020616D43F08003F8
:1021C000626B638690470121606D7174C3781B2B2D
:1021D0007FF469AFC2E7606D02788EE7012018F0E6
:1021E00005FB9EE79DF805302BB1BDF8061003F006
:1021F000A3FF606D57E7038001218370606D03F0DA
:102200000DFE606DF1E740F2DF212720FEF79EFC16
:102210004FF43B712720FEF799FC00BF30090021E5
:1022200084090021B8090021780900212DE9F04135
:10223000444C82B006460F4694F84420A56A012A11
:102240005FFA82F805F1A80577D12B7C6BB1638E1C
:102250000021042043F0040329746386636B9847CC
:1022600094F824300BB185F81280616D0A7802F081
:102270000302032A44D04B78EBB10223AB7595F8E7
:10228000233023B3A36A93F8711094F824300139F2
:10229000003B18BF012384F87830D5E92223C4E934
:1022A0001C2394F85820072942D8DFE801F03E09A2
:1022B00041074141413B0123AB75E0E74FF0030883
:1022C00000214346012000911F4916F08DFA012F8D
:1022D00011D186B9D4F8C4303046984758B194F833
:1022E0003D3043B93046FFF707FE20B902B0BDE8E4
:1022F000F041FFF749BE02B0BDE8F041FFF7CABDAB
:10230000AB7D63B9638E022043F002036386636B87
:102310009847616D0B7803F00303032BABD10323C4
:10232000AB75ACE74FF00208CAE74FF00008C7E70B
:1023300040F2B9310620FEF709FC40F25C4127204B
:10234000FEF704FC30090021900900210C4B0D4AD6
:1023500070B50D4C1A6094F8443063B906460D46CA
:1023600003F0FF02012104F18800227603F056FDFC
:10237000E664E56570BDDF212720FEF7E7FB00BFBF
:10238000600000217C2C000130090021044A92F8F1
:10239000443003F0FF000BB9107670470C207047F3
:1023A00030090021024B012283F83C20704700BF16
:1023B000300900212DE9F04385B0BF4C02AD85E81E
:1023C000030094F844100C98002940F0E181002BA0
:1023D00018BF002A00F0DC81002800F0D98101F04C
:1023E000FF06C4F8C430206404F12403626384F857
:1023F0003C6084F83D6084F8C86084F83E6084F8EE
:10240000C0606686268695E8030083E80300A56A17
:1024100016F02CFD16F0A6FA95F9740005F1A80740
:1024200016F040FEA86A17F05FFB286A16F040FE1F
:1024300097F8330016F046FE94F82430002B00F095
:10244000B08004201CF030F8EA6941F64B539A4200
:1024500094BF4D20962016F055FC95F87110012080
:1024600017F04CF8002800F0B080944B186817F073
:1024700041FB6B69C4F8BC30AB69C4F8CC3095F84B
:102480007F301BB9A96F002940F0D380D7F89C306A
:10249000DFF82CC2D7F89000D7F89410D7F898201E
:1024A000ACE80F00D7F8A030C4F87930D7F8A430E2
:1024B000CCF80D3094F82430002B40F08980A36ACA
:1024C00093F8C520263A012A40F2DD8093F8C62011
:1024D000262A00F0D88093F87080B8F1040F08BF66
:1024E0004FF0080805F138094146484604F014FB4E
:1024F000414602F00FFCB5F84430024695F87110E1
:102500004846934228BF134684F8BA3004F0FEF9D7
:1025100095F8711097F823900829B5F84C8008BFFA
:10252000042102F0F7FBB9F1000F01D1043080B2B1
:10253000404528BF40465FFA80F884F8D08004F018
:1025400015FC20B1B8F12B0F38BF4FF02B0894F8D1
:10255000241084F85880002940F0D48097F8223065
:10256000002B00F0B780012395F87060E86984F8CB
:102570007830013ED7E92023C4E91C2341F64B53B0
:10258000984294BF04200020072E00F2E880DFE884
:1025900016F09A00EB00E6009900E600E600E6007F
:1025A000ED0003201BF080FFEA6941F64B539A428D
:1025B00094BF4D20962016F0A5FB95F870100020D2
:1025C00016F09CFF00287FF450AF05B0BDE8F08303
:1025D000A26A92F8C530A3F1260101293AD992F8EE
:1025E000C600262836D0A3F121011346012900F2A6
:1025F000CB80242840F08D8092F86E3192F86910DB
:1026000092F870800B405A0700F18A8013F00102A3
:1026100040F0B2809B077FF565AFB8F1040F7FD023
:10262000B8F1080F7CD0B8F1010F18BF4FF00208C5
:1026300058E7B7F84E20BB8A93427FF427AFB5F82E
:102640007C2013440122A7F84E3095F87E0018F044
:10265000A9F81BE792F8B63392F87080002B3FF48C
:1026600041AFB8F1080F5BD0B8F1040F58D0082B78
:1026700056D0042B54D0B8F1010F01D0012B18D142
:102680004FF001082EE793F81A2393F87080002A80
:102690003FF428AFB8F1080F42D0B8F1040F3FD093
:1026A000082A3DD0042A3BD0B8F1010FE8D0012A16
:1026B000E6D04FF0020815E7300900216000002144
:1026C00090090021032100220B4636490092FB228B
:1026D00016F08AF80120FFF7A1FC334BD3F85035F0
:1026E00023F00803032B58D00023B98A97F833202E
:1026F000A360C4E900332B8861802271238005B078
:10270000BDE8F08397F823306BB90120FFF73CFC5C
:10271000E3E792F86E3192F8708059077FF576AF53
:102720004FF00808DEE695F871300122D7E9220162
:10273000013B84F87820C4E91C01072B0FD8DFE89F
:1027400003F005170E040E0E0E1903260021334662
:10275000424601200091134916F046F8D5E740F2B1
:10276000B9310620FEF7F2F90121ACE70221AAE710
:102770000126EBE70226E9E7B8F1080FD0D0B8F15F
:10278000040FCDD09046ADE624287FF4A4AE33E705
:102790004FF4A8712720FEF7D9F94FF4FD712720D7
:1027A000FEF7D4F9900900210080004110B5184CC3
:1027B00094F84430EBB194F824308BB194F8443061
:1027C000022B20D1A36AD3F8F00217F0DDF9A06A3A
:1027D00090F87F3003F0FF020BB9836F63B910BD2F
:1027E00094F84430012BF2D040F20F212720FEF75D
:1027F000ADF9FFF74FFBEAE7114690F87E00BDE820
:10280000104017F0CFBF40F213212720FEF79EF9AA
:1028100030090021FFF73EBB014B1876704700BF1F
:1028200030090021014B93F8C000704730090021A6
:10283000024B188EC0F38020704700BF3009002182
:10284000014B93F8C8007047300900212DE9F04191
:102850001E4F820782B00546BC6A0E4604F1A804EA
:1028600011D4EB070CD5217ED4E92232013342F199
:1028700000020129C4E922320CBF00230123237680
:1028800002B0BDE8F081BB6BDBB1B7F85020184651
:10289000F96A033291F801801BF0B0FC0DF10202DD
:1028A00001A9F862D7F8CC001CF0B1FC01981CF02B
:1028B00098FC012230604146D7F8CC001CF03DFC6A
:1028C000CFE740F24D412720FEF740F930090021C3
:1028D0002DE9F047002386B0B54C06468DF80F3041
:1028E0000F46A56ACDE9043394F84430A835022B8D
:1028F0005FFA83F840F0B281238E13F0400106D1D5
:10290000636B40209847238E43F040032386002EBC
:102910005AD095F82330002B40F02B81D4F82CA00E
:102920009AF8011089B2A4F85010002940F03881BB
:102930000023A3639AF80000238EE97DC0F3800290
:1029400043F480739142238600F0DF80A26A94F8FA
:10295000241002F1A80999F81620EAB1022A00F021
:102960006381002389F8163021B199F81220002ADA
:1029700040F04F8199F81130002B40F0268199F8F2
:102980001730D4F82CA0012B0CBF0023012389F8A9
:102990001730238E9AF8000043F48062C0F3C0031E
:1029A0004FF0000922862A7E9A4200F0B58004F09A
:1029B000DDF9C0B19AF8003003F00303032B12D104
:1029C000012017F013FF0EE095F82320002A40F0B5
:1029D000CC8043F400734FF00009238694F8C8308C
:1029E000013384F8C83095F822305BB394F8243072
:1029F000A26AB3FA83F392F870105B09D0690139C7
:102A000084F8783041F64B53984294BF042000205C
:102A1000D5E92023C4E91C23072900F2F280DFE86E
:102A200011F0A1000800F0009E00F000F000F0009E
:102A30000A004FF00108002243465E490092FB2243
:102A400015F0D2FE002F49D194F8C830012B45D89B
:102A5000D4F8C4300120984700283FD094F83D3086
:102A6000002B3BD10120FFF747FA0746002835D15C
:102A7000FFF7D4FA9DF80F30002B36D1B9F1000FD3
:102A800008D094F82430002B60D1B4F80930013319
:102A9000A4F8093076B3B4F805300022013384F885
:102AA000C820A4F80530444805F022F9049840B144
:102AB0001CF097FBA16A002308220130037203F087
:102AC00083FE059B33B1A16A00201022187205987D
:102AD00003F07AFEA7B906B0BDE8F08717F04CF90D
:102AE0009DF80F300127002BC8D005A90220FFF761
:102AF000ADFEC3E7B4F807300133A4F80730D2E7DE
:102B0000FFF7C8F906B0BDE8F087C0F3C0032A7E1E
:102B1000B1469A427FF44BAF04F028F900284DD01B
:102B2000D4F82CA09AF8003003F00303013B012BEA
:102B300044D89AF8012094F8D0309A423ED994F8BB
:102B40003D3043F0100384F83D3030E7B4F80530F1
:102B5000B4F80710AA8A0B4313439BD095E74FF0B4
:102B6000030868E74FF0000865E715F079FF238E4A
:102B70002FE715F03BFF15F01DFFD4F82CA09AF8B5
:102B8000011000287FF4CEAE00293FD09AF8003023
:102B90002A7EC3F3C0039A425AD089B2A4F85010D7
:102BA000D4F8CC001CF09EFAD4F82CA0A063C1E6A7
:102BB0003009002190090021540900210DF10F0076
:102BC000FFF720F9D4F82CA0F1E64FF0000A89F8BD
:102BD00011A000F0C7F800284AD0638E51460820A3
:102BE00043F008036386636B9847D9F8803001335C
:102BF000C9F88030D9F8843043F10003C9F8843033
:102C0000BDE640F2B9310620FDF7A0FFA4F8501050
:102C10008EE6194689F81230638E102043F01003B7
:102C20006386636B9847A5E604A9D4F8BC001CF042
:102C3000D9F9C0B1D9F8803094F824100133C9F81B
:102C40008030D9F8843043F10003C9F8843088E635
:102C5000012384F83E30FFF71DF93CE740F2CF41F5
:102C60002720FDF773FF40F2CB312720FDF76EFFE1
:102C700040F2E2312720FDF769FF00BF5D1F000130
:102C8000D12800012D220001E51E0001044B4FF662
:102C9000FF7200219A86DA8683F832101A8770470D
:102CA000040A0021044B4FF6FF7200219A86DA864F
:102CB00083F832101A877047040A0021054B9A8E58
:102CC000824205D100214FF6FF7283F832109A86B6
:102CD000704700BF040A0021014BD886704700BF2F
:102CE000040A00210A4A4FF6FF710346B2F834C0C5
:102CF0008C4503D0002210461A60704792F83210BB
:102D0000012902D001201A6070470020704700BFDF
:102D1000040A0021064B93F83220012A06D0012232
:102D2000D98E104683F8322099867047002070476C
:102D3000040A0021014B1887704700BF040A0021D4
:102D4000074B0246B3F834C0198F8C4501D00020E0
:102D5000704793F832000028FAD0012013607047C2
:102D6000040A0021094B998E1A8F914201D000204C
:102D700070474FF6FF7193F832209986002AF6D0FB
:102D80000022012083F83220704700BF040A00218E
:102D9000064B998E1A8F914201D00120704793F80B
:102DA0003200B0FA80F04009704700BF040A0021E9
:102DB000704700BF034648B9094B4FF0010C086843
:102DC0008A88586003F804CB9A807047012800D0A5
:102DD0007047034A086889889372D06011827047EF
:102DE000400A002140B90C4A13781BB1506812897F
:102DF00008608A8018467047012809D1064A937AEC
:102E0000002BF7D0D068128A086018468A80704775
:102E100000231846704700BF400A002100B580EA31
:102E2000020C1A78087891F805E050404A7860441E
:102E300093F801C082EA0C0291F802C0024498782B
:102E40008CEA000CC8789444DA7850400A7900EB98
:102E50000C0193F804C0587982EA0C038EEA000250
:102E60000B44DA420CBF012000205DF804FB00BFD8
:102E700010B9054B18787047012802D1024B987A97
:102E800070470020704700BF400A00216E4B2DE9BB
:102E9000F0475A781C18013A94F802C1D2B2824223
:102EA0005A7036D168B393F8022162452FD00128B9
:102EB00027D093F80321624529D0022821D093F826
:102EC0000421624523D003281BD093F805216245D5
:102ED0001DD0042815D093F80621624517D0052887
:102EE0000FD093F80721624511D0062809D093F836
:102EF000082162450BD0072803D093F809216245C9
:102F000005D01A78013AD2B294451A7043D1BDE87F
:102F1000F0871101060100EB4000B71C82364FEA32
:102F2000400E881C82311D1853F800A0D8190EF5E8
:102F3000857ED5F80490D5F80880ED6843F807A0A1
:102F4000C0F80490C0F80880C560581853F8018094
:102F500002EB4201D0F804901A4487684900C56822
:102F6000981943F8068001F58571C0F804908760D0
:102F7000C56092F8020184F802015818595843F8C4
:102F80000E1003EB0E018088888092F83A21587861
:102F900084F83A2186E7C2EBC202CCEBCC0102F501
:102FA000A97201F5A9719C581A4458185C5091886F
:102FB00094795A78818084711978002AA7D093F87F
:102FC0000201884231D0012AA1D093F8030188423E
:102FD0002DD0022A9BD093F8040188422BD0032ADB
:102FE00095D093F80501884223D0042A8FD093F816
:102FF0000601884221D0052A89D093F8070188422A
:103000001FD0062A83D093F80801884217D0072AD8
:103010003FF47DAF93F809218A427FF478AF07220D
:10302000134483F802C1BDE8F0870022F8E70122CB
:10303000F6E70322F4E70222F2E70422F0E7062291
:10304000EEE70522ECE700BF540A0021F0B52B4D56
:1030500089B095F88A416E4605F5C671304622461C
:103060001BF0CCF854B13219002412F8013D83F062
:10307000010396421C44E4B2F7D10CB909B0F0BD8B
:1030800002AE04EB4401013C3046C9B2FDF7D2FF69
:1030900095F894715FFA84FC19484FF0010E0CEB1F
:1030A0004C0CB44407F120030DEB03023B4612F82D
:1030B000201C71B195F88A110133B3FBF1F201FBC9
:1030C000123303F120026A4412F8204C002CF3D191
:1030D000DFB203EB4301BCF8004002F820EC44529D
:1030E00029449CF8022081F89A212B44B445ACF184
:1030F000030283F88CE1C1D09446D3E7540A00213F
:10310000EC0B002170B505468CB00C46002A52D05D
:103110002E4890F89431C11891F88C21002A4FD094
:1031200003EB430290F88AC101334FF0000E0244D2
:1031300092F89861E670B3FBFCF60CFB163380F84E
:10314000943192F89931237192F89A31637181F830
:103150008CE190F8B83143B36379EC4603F03F0358
:1031600043F0400363718DF81D30002328680693F7
:103170008DF81C306968AA68CDE90433E3788DF8CE
:103180001F3023798DF81E30EB68ACE80F006846DD
:103190001AF018FE9DF82F109DF82E209DF82D3066
:1031A00021706270A3700CB070BD094900F5D87031
:1031B00003F0CAFAD0E703216018FDF73BFFCBE725
:1031C0004FF480712820FDF7C1FC00BF540A002194
:1031D0004D300001044B5A78824203D9184490F8CC
:1031E0004A01704700207047540A0021044B5A7866
:1031F000824203D9184490F842017047002070477A
:10320000540A0021064B00224FF461711A8083F8A2
:10321000B92183F8BA21A3F8BC1183F8B82170470B
:10322000540A0021014B83F8BA017047540A002167
:10323000014B93F8BA017047540A0021D34B2DE992
:10324000F0431C78002C00F0368191F800C091F812
:10325000018093F8545193F8536188EA050593F877
:1032600055918CEA060691F804E0354493F85261D2
:10327000464035448E7886EA090909EB0507CD7882
:1032800093F8569185EA0909B9444F7993F8571193
:103290008EEA0101894493F85811794011EB090134
:1032A00000F00D81012C00F0068193F85B1193F87A
:1032B0005A9188EA01018CEA0909494493F8599125
:1032C00080EA0909494493F85C9186EA090989442E
:1032D00093F85D116940894493F85E118EEA01010B
:1032E000494493F85F9187EA090919EB010F00F04F
:1032F000E580022C00F0DF8093F8611193F8629171
:103300008CEA010188EA0909494493F8609180EA4E
:103310000909494493F8639186EA0909894493F8B5
:1033200064116940894493F865118EEA01014944AA
:1033300093F8669187EA090919EB010F00F0038100
:10334000032C00F0B88093F8681193F869918CEA27
:10335000010188EA0909494493F8679180EA09095B
:10336000494493F86A9186EA0909894493F86B11F4
:103370006940894493F86C118EEA0101494493F83D
:103380006D9187EA090919EB010F00F0DE80042C2A
:1033900000F0918093F86F1193F870918CEA01011D
:1033A00088EA0909494493F86E9180EA0909494479
:1033B00093F8719186EA0909894493F8721169407A
:1033C000894493F873118EEA0101494493F874918A
:1033D00087EA090919EB010F00F0BC80052C6AD0BF
:1033E00093F8761193F877918CEA010188EA09093C
:1033F000494493F8759180EA0909494493F8789112
:1034000086EA0909894493F879116940894493F857
:103410007A118EEA0101494493F87B9187EA090900
:1034200019EB010F00F09B80062C44D093F87D111E
:1034300093F87E918CEA010188EA0909494493F8DE
:103440007C9180EA0909494493F87F9186EA090949
:10345000894493F880116940894493F881118EEA78
:103460000101494493F8829187EA090919EB010F98
:103470007AD0072C1FD093F884118CEA010C93F8B2
:10348000851188EA010893F88311C444484093F8F1
:10349000861160444E4093F8871130444D4093F8B4
:1034A000881128448EEA010E93F8891186444F4012
:1034B00017EB0E0F45D00120BDE8F08301215878AD
:1034C0000028F8D093F802418C4240D00128F2D075
:1034D00093F803418C423FD00228ECD093F804418A
:1034E0008C423ED00328E6D093F805418C423DD073
:1034F0000428E0D093F806418C423AD00528DAD06F
:1035000093F807418C4237D00628D4D093F808416D
:103510008C4234D00728CED093F809418C4231D068
:103520000828C8D90821084602B110700B4493F846
:103530003A2193F84A01012A08BF40F00100BDE892
:10354000F0830721BBE70221B9E70321B7E7002198
:103550000846E9E70421B2E701210846E4E705212E
:10356000ADE702210846DFE70621A8E70321084668
:10357000DAE704210846D7E705210846D4E7062103
:103580000846D1E707210846CEE700BF540A0021CC
:103590002DE9F84FCA4C174698462578002D00F0C3
:1035A0004A810E7894F853A194F852C186EA0A0A27
:1035B00091F801E080EA0C0C91F80290CA78E2449C
:1035C00094F854C10B798EEA0C0C94F858B1E2448B
:1035D00094F855C189EA0C0CD44494F856A182EAB7
:1035E0000A0AD44494F857A183EA0A0AE24491F8FB
:1035F00005C08CEA0B0B1BEB0A0A00F02581012D9C
:1036000000F0608194F85BA18EEA0A0B94F85AA14D
:1036100086EA0A0ADA4494F859B180EA0B0BDA44D4
:1036200094F85CB189EA0B0BDA4494F85DB182EA54
:103630000B0BDA4494F85EB183EA0B0BDA4494F88E
:103640005FB18CEA0B0B1BEB0A0F00F0A981022D76
:1036500000F0388194F862A18EEA0A0B94F861A117
:1036600086EA0A0ADA4494F860B180EA0B0BDA447D
:1036700094F863B189EA0B0BDA4494F864B182EAF6
:103680000B0BDA4494F865B183EA0B0BDA4494F837
:1036900066B18CEA0B0B1BEB0A0F00F08381032D44
:1036A00000F0108194F868A186EA0A0B94F869A1E9
:1036B0008EEA0A0ADA4494F867B180EA0B0BDA441E
:1036C00094F86AB189EA0B0BDA4494F86BB182EA98
:1036D0000B0BDA4494F86CB183EA0B0BDA4494F8E0
:1036E0006DB18CEA0B0B1BEB0A0F00F05D81042D12
:1036F00000F0E88094F86FA186EA0A0B94F870A1B4
:103700008EEA0A0ADA4494F86EB180EA0B0BDA44C6
:1037100094F871B189EA0B0BDA4494F872B182EA39
:103720000B0BDA4494F873B183EA0B0BDA4494F888
:1037300074B18CEA0B0B1BEB0A0F00F03781052DDF
:1037400000F0C08094F876A186EA0A0B94F877A17D
:103750008EEA0A0ADA4494F875B180EA0B0BDA446F
:1037600094F878B189EA0B0BDA4494F879B182EADB
:103770000B0BDA4494F87AB183EA0B0BDA4494F831
:103780007BB18CEA0B0B1BEB0A0F00F01181062DAD
:1037900000F0988094F87DA186EA0A0B94F87EA147
:1037A0008EEA0A0ADA4494F87CB180EA0B0BDA4418
:1037B00094F87FB189EA0B0BDA4494F880B182EA7D
:1037C0000B0BDA4494F881B183EA0B0BDA4494F8DA
:1037D00082B18CEA0B0B1BEB0A0F00F0EB80072D7C
:1037E00000F0EA8094F884114E4094F885118EEA36
:1037F000010E94F883117644484094F886110644EB
:1038000089EA01010E4494F887114A4094F888111E
:1038100032444B40134494F889218CEA020C1CEB8F
:10382000030F00F0D0806378072B40F2CE8007258D
:103830002846BDE8F88F6378072BF8D801232A467D
:10384000237040F2531349E055466378002B4FD064
:1038500094F80221AA4200F09F80012B48D094F8EE
:103860000321AA4200F09880022B41D094F8042151
:10387000AA4200F09180032B3AD094F80521AA4285
:1038800000F08A80042B33D094F80621AA4200F07D
:103890008380052B2CD094F80721AA427CD0062BDC
:1038A00026D094F80821AA4276D0072B20D094F88D
:1038B0000931AB420CBF122507252846BDE8F88F19
:1038C000540A00216378072BB1D86B1C072D237095
:1038D0007DD8C5EBC503EA0003F253130E68521BF3
:1038E000E6502344898822449980637882F8520103
:1038F0001E015A1C394604EB0309B01C62701022E9
:10390000204401F03BF906F1820010224146204498
:1039100001F034F91021404601F0C4F803461021AB
:10392000384689F8423101F0BDF86678002389F8FD
:103930004A01701E89F8025189F83A31C0B206B3C3
:1039400000F5A17224491E46224412F8013983F081
:1039500001038A423344DEB2F7D100F5A5701F4B54
:103960000022204410F8011981F0010198420A4414
:10397000D2B2F7D1012E04D8002A0CBF3346731CF3
:10398000DEB2002084F88A61054684F89401FFF7CE
:103990005DFB2846BDE8F88F12252846BDE8F88F64
:1039A000012552E7022550E703254EE704254CE7A1
:1039B00005254AE7062548E76378072B3FF638AF29
:1039C0000823237085E707253FE701352570692126
:1039D0002820FDF7BBF800BF950B00219D0B0021AF
:1039E000C94B1A78002A00F038812DE9F04191F88E
:1039F00000C04F7893F8544193F853517C4093F8AA
:103A000055818CEA050591F804E02C4493F8525155
:103A100045402C448D7885EA080808EB0406CC78EC
:103A200093F8568184EA0808B0444E7993F8571108
:103A30008EEA0101884493F85811714011EB080196
:103A400000F00D81012A00F0058193F85A1193F8D6
:103A50005B818CEA010187EA0808414493F85981A7
:103A600080EA0808414493F85C8185EA08088844A4
:103A700093F85D116140884493F85E118EEA01016C
:103A8000414493F85F8186EA080818EB010F00F0C3
:103A90002081022A00F0DE8093F8611193F86281A0
:103AA0008CEA010187EA0808414493F8608180EAC2
:103AB0000808414493F8638185EA0808884493F82C
:103AC00064116140884493F865118EEA0101414414
:103AD00093F8668186EA080818EB010F00F0FB8076
:103AE000032A00F0B78093F8681193F869818CEA93
:103AF000010187EA0808414493F8678180EA0808D1
:103B0000414493F86A8185EA0808884493F86B1168
:103B10006140884493F86C118EEA0101414493F8A6
:103B20006D8186EA080818EB010F00F0D680042AA0
:103B300000F0908093F86F1193F870818CEA010186
:103B400087EA0808414493F86E8180EA08084144F6
:103B500093F8718185EA0808884493F872116140EE
:103B6000884493F873118EEA0101414493F87481FB
:103B700086EA080818EB010F00F0B380052A69D027
:103B800093F8761193F877818CEA010187EA0808A7
:103B9000414493F8758180EA0808414493F878819C
:103BA00085EA0808884493F879116140884493F8BD
:103BB0007A118EEA0101414493F87B8186EA080874
:103BC00018EB010F00F09180062A43D093F87D1185
:103BD00093F87E818CEA010187EA0808414493F852
:103BE0007C8180EA0808414493F87F8185EA0808CF
:103BF000884493F880116140884493F881118EEADB
:103C00000101414493F8828186EA080818EB010F0C
:103C10006FD0072A1ED093F884218CEA020C93F807
:103C20008521574093F88321BC44504093F8862166
:103C30006044554093F887212844544093F88821E4
:103C400020448EEA020E93F889218644564016EBF2
:103C50000E0F3CD00020BDE8F081104670470A46A8
:103C600058780028F7D093F80211914237D00128F4
:103C7000F0D093F80311914235D00228EAD093F89E
:103C80000411914233D00328E4D093F805119142F6
:103C900031D00428DED093F8061191422DD00528AA
:103CA000D8D093F80711914229D00628D2D093F8A2
:103CB0000811914225D00728CCD093F809319342BE
:103CC000C8D10720FFF7E2F80120BDE8F081072204
:103CD000C6E70122C4E70222C2E70322C0E70020B0
:103CE000F0E70422BCE70120ECE70522B8E7022058
:103CF000E8E70622B4E70320E4E70420E2E7052032
:103D0000E0E70620DEE700BF540A0021084B5878A0
:103D1000013840B2002809DB10B5C4B22046FFF7D5
:103D2000B5F8601E40B2431CF7D110BD704700BF0C
:103D3000540A0021014B83F8B9017047540A00214D
:103D4000014B93F8B9017047540A0021421E4AF210
:103D5000B711034692B28A4204D8034A0120A2F85E
:103D6000BC31704700207047540A0021014BB3F862
:103D7000BC017047540A0021C74B2DE9F0431F785E
:103D8000002F00F0338191F800C04E7893F8542151
:103D900093F8534172408D788CEA040493F855915E
:103DA00093F85681224493F8524185EA090991F823
:103DB00004E044402244CC7849794A4484EA080823
:103DC00008EB020993F857818EEA080202EB090812
:103DD00093F858214A4012EB080200F00A81012FA3
:103DE00000F0048193F85B2193F85A8172408CEAC9
:103DF0000808424493F8598180EA0808424493F83D
:103E00005C8185EA0808904493F85D216240904403
:103E100093F85E218EEA0202424493F85F8181EAC0
:103E2000080818EB020F00F01C81022F00F0DE8062
:103E300093F8612193F862818CEA020286EA08080D
:103E4000424493F8608180EA0808424493F8638111
:103E500085EA0808904493F864216240904493F8FE
:103E600065218EEA0202424493F8668181EA0808DD
:103E700018EB020F00F0F780032F00F0B78093F8E3
:103E8000682193F869818CEA020286EA08084244B4
:103E900093F8678180EA0808424493F86A8185EACA
:103EA0000808904493F86B216240904493F86C2189
:103EB0008EEA0202424493F86D8181EA080818EB09
:103EC000020F00F0D480042F00F0908093F86F214F
:103ED00093F870818CEA020286EA0808424493F85B
:103EE0006E8180EA0808424493F8718185EA0808E7
:103EF000904493F872216240904493F873218EEAC3
:103F00000202424493F8748181EA080818EB020F18
:103F100000F0B180052F69D093F8762193F877816E
:103F20008CEA020286EA0808424493F8758180EA26
:103F30000808424493F8788185EA0808904493F889
:103F400079216240904493F87A218EEA0202424439
:103F500093F87B8181EA080818EB020F00F08F804C
:103F6000062F43D093F87D2193F87E818CEA0202DC
:103F700086EA0808424493F87C8180EA08084244B3
:103F800093F87F8185EA0808904493F88021624085
:103F9000904493F881218EEA0202424493F8828190
:103FA00081EA080818EB020F6DD0072F1ED093F896
:103FB00084218CEA020C93F88521564093F88321E2
:103FC000B444504093F886216044554093F88721CB
:103FD0002844544093F8882120448EEA020E93F836
:103FE00089218644514011EB0E0F38D00820BDE8DE
:103FF000F08310465A78002AF8D093F802118142D3
:1040000033D0012AF2D093F80311814231D0022A31
:10401000ECD093F8041181422FD0032AE6D093F814
:10402000051181422DD0042AE0D093F80611814277
:104030002BD0052ADAD093F80711814227D0062A1F
:10404000D4D093F80811814223D0072ACED093F818
:104050000931834214BF08200720BDE8F083072000
:10406000C8E70120C6E70220C4E70020BFE703201D
:10407000C0E70120BBE70420BCE70220B7E705202A
:10408000B8E70320B3E70620B4E70420AFE7052034
:10409000ADE70620ABE700BF540A002110B40D4C79
:1040A0006378834202D8002010BC7047204490F807
:1040B0000231C3EBC303E01803F2531390F852012B
:1040C0000870E118E358012010BC13608B889380BE
:1040D000704700BF540A002170B506460D4615F022
:1040E000C7FD14F0EDFA0A4B93F8B94114B15978B1
:1040F00011B90C46204670BD981C82333246002D03
:1041000008BF184614F0A8FA14F000FB204670BD52
:10411000540A002108B514F00FFB08B9082008BDA7
:10412000BDE8084014F03EBB14F006BB8C460246C6
:10413000012108B5054B03EB0C1303F1820014F0C9
:104140008BFABDE8084014F0E1BA00BF540A002120
:10415000074B10B593F8B94114B1597811B90C4611
:10416000204610BD0246981C14F076FA204610BD79
:10417000540A00212DE9F0474C4D1F466B788342CD
:104180003ED92B188846064693F842A18AF00101D1
:10419000B8F1000F32D093F84A317BBB41F00209ED
:1041A000002F57D001F1010A95F89431002A65D00B
:1041B000EA181C4692F88C217AB3013395F88A41AB
:1041C000BAF1010FB3FBF4F204FB1234E4B205D0F0
:1041D0002B194FF0010A93F88C31F3B119F0010F4C
:1041E00009F002043DD16CB105EB06103A46414698
:1041F0000230FEF787FF4846BDE8F0872FB969BB5C
:104200004FF000094846BDE8F08795F89431002941
:10421000F6D04FF00109CA46C8E702F0DFFD04F10D
:10422000010C04EB44032A19010A95F88A412B4436
:1042300083F89801000C83F8991183F89A01BCFB6C
:10424000F4F304FB13C401239A45E4B282F88C31E1
:10425000BED1C3E70029C7D0022402E03C464FF09C
:10426000010906EB46013A4605EB061005EB410154
:10427000823001F58571FEF745FFB4E7EA1892F840
:104280008C1195F88A2161B10133BAF1010FB3FBAA
:10429000F2F102FB1133A1D02B4493F88C31002BA7
:1042A0009CD149F004094846BDE8F087540A002132
:1042B000F8B506462D4D08BB687848B10024234662
:1042C000EA1892F842212AB10134E3B28342F7D3CB
:1042D0000120F8BD03EB4301013405EB0313324623
:1042E00005EB410103F1820001F58571FEF70AFF3C
:1042F0006878E3B28342E3D30120EAE76878421E9C
:10430000D2B238B302F5A17205F241114FF0000CA0
:104310002A4412F8013983F00103914263445FFAA1
:1043200083FCF6D195F88A717A1ED2B2D7B1DFF844
:1043300040E0002172441378964502F1FF3283F089
:1043400001031944C9B2F6D1791AC9B28C45B4D95E
:104350000020F8BD95F88A717A1ED2B2002FB7D02E
:104360008446E4E7BCF1000FA8D0F1E7540A00212D
:10437000E00B00211F4B30B55A788DB0824203D933
:104380001A1892F842411CB1002420460DB030BDED
:1043900000010D46EC46069482308DF81C4003EB7C
:1043A000000E1858CB78DEF80820DEF804108DF8DF
:1043B0001F30DEF80C30CDE90444ACE80F002A7958
:1043C00068466B798DF81E208DF81D3019F0FAFCC7
:1043D0002A789DF82F309A42D7D16A789DF82E30EE
:1043E0009A42D2D1AC789DF82D30E41AB4FA84F414
:1043F0006409CAE7540A0021084B5A7882420AD954
:104400001A1892F8422132B900EB400003EB400049
:1044100000F5857070470020704700BF540A0021E6
:10442000064B5A78824206D9184490F83A01B0FAFD
:1044300080F0400970470020704700BF540A0021F7
:104440002DE9F0470C46054606211746204600F0A8
:1044500029FB064650B1DA48427822B1394600F5C8
:104460009D7019F041FF3046BDE8F087D44B93F8BA
:104470000080B8F1000FF6D0207894F801E093F8AE
:10448000542193F853118EEA020294F802C041407D
:1044900093F855A193F856910A4493F852118CEA77
:1044A0000A0A69400A44E178524481EA090909EBA1
:1044B000020A227993F85791647982EA0909D14472
:1044C00093F858A184EA0A0A1AEB090F00F05B81FD
:1044D000B8F1010FC7D093F85A9193F85BA180EA25
:1044E00009098EEA0A0AD14493F859A185EA0A0A11
:1044F000D14493F85CA18CEA0A0ACA4493F85D910E
:1045000081EA0909CA4493F85E9182EA0909D14413
:1045100093F85FA184EA0A0A1AEB090F00F03581CB
:10452000B8F1020F9FD093F8619193F862A180EAED
:1045300009098EEA0A0AD14493F860A185EA0A0AB9
:10454000D14493F863A18CEA0A0ACA4493F86491AF
:1045500081EA0909CA4493F8659182EA0909D144BC
:1045600093F866A184EA0A0A1AEB090F00F00F819A
:10457000B8F1030F3FF477AF93F8689193F869A10E
:1045800080EA09098EEA0A0AD14493F867A185EA0C
:104590000A0AD14493F86AA18CEA0A0ACA4493F839
:1045A0006B9181EA0909CA4493F86C9182EA09097E
:1045B000D14493F86DA184EA0A0A1AEB090F00F0BE
:1045C000EA80B8F1040F3FF44EAF93F86F9193F87F
:1045D00070A180EA09098EEA0A0AD14493F86EA113
:1045E00085EA0A0AD14493F871A18CEA0A0ACA44FE
:1045F00093F8729181EA0909CA4493F8739182EAA7
:104600000909D14493F874A184EA0A0A1AEB090F44
:1046100000F0C580B8F1050F3FF425AF93F876910F
:1046200093F877A180EA09098EEA0A0AD14493F83F
:1046300075A185EA0A0AD14493F878A18CEA0A0A9E
:10464000CA4493F8799181EA0909CA4493F87A91A6
:1046500082EA0909D14493F87BA184EA0A0A1AEB99
:10466000090F00F0A080B8F1060F3FF4FCAE93F8FC
:104670007D9193F87EA180EA09098EEA0A0AD14465
:1046800093F87CA185EA0A0AD14493F87FA18CEAC9
:104690000A0ACA4493F8809181EA0909CA4493F846
:1046A000819182EA0909D14493F882A184EA0A0A35
:1046B0001AEB090F7BD0B8F1070F3FF4D4AE93F893
:1046C000848180EA080093F885818EEA080E7044A0
:1046D00093F883E185EA0E05054493F886018CEA98
:1046E000000C93F887016544414093F88801294400
:1046F00042400A4493F889114C40D4427FF4B3AE4F
:1047000007215A78002A3FF4AEAE93F8020188429E
:104710003FD0012A3FF4A7AE93F8030188423CD072
:10472000022A3FF4A0AE93F80401884239D0032A4C
:104730003FF499AE93F80501884236D0042A3FF43D
:1047400092AE93F80601884233D0052A3FF48BAE2F
:1047500093F8070188422ED0062A3FF484AE93F8DE
:104760000801884229D0072A3FF47DAE93F8092139
:104770008A427FF478AE07221344012683F83A7107
:104780003046BDE8F0873146BBE70121B9E7022199
:10479000B7E70022F0E70321B3E70122ECE70421A9
:1047A000AFE70222E8E70521ABE70322E4E70621B1
:1047B000A7E70422E0E70522DEE70622DCE700BFE8
:1047C000540A0021002342F2107CA0F84C204364DC
:1047D0004B1E0CFB0232B2FBF1F18164704700BF4B
:1047E00070B50D4600210646FDF77CF8686018B1EB
:1047F000002318462B7070BD044601213046FDF79A
:1048000071F8686018B1012320462B7070BD02203A
:1048100070BD00BF38B504460D46B9B3012902D0BA
:1048200002295DD038BDC36900254549B0F8FE00B6
:10483000D4F8EC20194403FB00F003FB02F2A4F8C7
:10484000F65284F8EB52A4F8FA50B1FBF3F1B0FB46
:10485000F3F0B2FBF3F2C4F8F01040F6B831A4F86C
:10486000FE0042F21070C4F8EC20A4F8F410591EB7
:10487000E28C00FB0211334AB2FBF3F2B1FBF3F31B
:104880000132A4F8FC30A4F8022138BD4FF47A724A
:1048900019F02AFD49230122042184F81B316FF00D
:1048A0003B0384F8CD20072284F81D31FE232B2002
:1048B00084F81C1184F81E217F21234A84F8563184
:1048C000202384F81F5184F8205184F8215184F862
:1048D0001A0184F8C110C4F8B02084F86C3338BDD4
:1048E0000023D0F8BC23C16942F21075B0F8C203AE
:1048F000A4F8FA30B4F8FE3001FB03F3B3FBF2F393
:10490000A4F8FE30531E05FB0030B0FBF2F0A4F813
:10491000FC00D4F8EC0000FB01F1B1FBF2F1C4F8AB
:10492000EC100849B1FBF2F10131A4F80211B4F81E
:10493000F41005FB0133B3FBF2F3C4F8F03038BDDB
:104940007FC3C901005A620200E0FCFF38B504468B
:104950000D4689B3012902D0022957D038BDC36959
:10496000D4F8EC10414A03FB01F1B0F8FE001A4400
:1049700003FB00F0B2FBF3F2B1FBF3F1B0FBF3F099
:10498000C4E93B1240F6B831E28CA4F8FE0042F2D2
:104990001070A4F8F4100021A4F8FA10591E00FBBE
:1049A0000211334AB2FBF3F2B1FBF3F30132A4F884
:1049B000FC30A4F8022138BD4FF45A7219F094FC6F
:1049C00049230122042184F81B316FF03B0384F852
:1049D000CD20072284F81D31FE232B2084F81C11E2
:1049E00084F81E217F21234A84F85631202384F83D
:1049F0001F5184F8205184F8215184F81A0184F859
:104A0000C110C4F8B02084F8013338BD0023D0F8B9
:104A10002823C16942F21075B0F82E03A4F8FA30C9
:104A2000B4F8FE3001FB03F3B3FBF2F3A4F8FE305D
:104A3000531E05FB0030B0FBF2F0A4F8FC00D4F8E4
:104A4000EC0000FB01F1B1FBF2F1C4F8EC100849F5
:104A5000B1FBF2F10131A4F80211B4F8F41005FB36
:104A60000133B3FBF2F3C4F8F03038BD7FC3C901A2
:104A7000005A620200E0FCFF70B5047934F01F04B4
:104A80000ED1451E061D15F8010F02F0FDF9044474
:104A9000B542E4B2F7D1012C94BF0020012070BDD3
:104AA000002070BD002964D04B1E062B00B562D9D2
:104AB0008B0800F1040E02464FF0000C013BDBB204
:104AC0000EEB830E52F8043B724543EA0C0CF9D10D
:104AD000CCF30723CCF307424CEA0303134301F062
:104AE000FC0243EA1C6331F0FC0CDBB23CD010F852
:104AF00002C043EA0C0302F1010C5FFA8CFC614531
:104B000032D910F80CC043EA0C0302F1020C5FFA30
:104B10008CFCDBB2614527D910F80CC043EA0C03CA
:104B200002F1030C5FFA8CFC61451DD910F80CC032
:104B300043EA0C0302F1040C5FFA8CFC614513D9C3
:104B400010F80CC043EA0C0302F1050C5FFA8CFC70
:104B5000614509D9063210F80CC0D2B243EA0C0301
:104B6000914201D9825C1343B3FA83F040095DF8A6
:104B700004FB0120704700221346B8E762B102F13E
:104B8000FF3C0A44431E5FFA8CF1084412F8011DF1
:104B900003F8011F9842F9D1704700BF0D2900F2B8
:104BA0008380DFE801F00D11171D232939454B5192
:104BB000585E67072A3A042A8CBF002001207047FC
:104BC000B2FA82F040097047073A012A8CBF0020F0
:104BD000012070470B3A022A8CBF00200120704749
:104BE0000E3A012A8CBF002001207047113A0C2A8E
:104BF0008CBF002001207047002B41D1A2F113038C
:104C0000012B49D990F86230002B47D0143A082A7A
:104C10008CBF002001207047A2F11103032B3BD968
:104C200090F862001D2A8CBF002000F00100704740
:104C3000A2F10400B0FA80F040097047A2F101002F
:104C4000B0FA80F04009704703BBA2F10500B0FA4A
:104C500080F0400970471E3A022A8CBF00200120D4
:104C60007047A2F121002F2A18BF062894BF012007
:104C700000207047A2F12900B0FA80F04009704787
:104C8000123A0B2A8CBF002001207047A2F11000BD
:104C9000B0FA80F04009704701207047183A042AA2
:104CA0008CBF00200120704700207047F8B50446F3
:104CB0000D46D0E9046717F01FFE08B3DDB1236984
:104CC00062699B1B62EB0702012B72F1000114DB8E
:104CD0006FF001000021984271EB020215DB6A1EA1
:104CE0001344B3FBF5F303FB05F5AE191D4647F17D
:104CF0000007C4E904672846F8BD00252846F8BD2A
:104D00004FF4E2712920FBF721FF4FF4E7712920CE
:104D1000FBF71CFF11F00C030CD04B0712D44FF41F
:104D2000747340229842194612D9401A90FBF2F04F
:104D300080B2704702290DD0702809D97038C0F3AD
:104D4000CF00704740F20E23102298421946ECD84B
:104D5000002070473C28FBD93C38C0F38F007047D7
:104D600003460868D8667047013908B5072914D882
:104D7000DFE801F0071013041313130440F6A660D4
:104D800008BD034640F2E24240F6C410002B08BFC3
:104D9000104608BD40F6C41008BD40F23F2129204E
:104DA000FBF7D4FE80F8741011F0A6BD41F27073C9
:104DB000A0F57A729A4205D9064BA3FB0030C0F3E6
:104DC0008F207047044BA3FB0030800900F5506032
:104DD00080B270475917B7D1D34D62106FF450634A
:104DE000C318062B04D940F2E24303FB00F07047DE
:104DF0004FF47A73A0F5506003FB00F0704700BFDA
:104E000041F64B53994208D9C0EB401300EB8300A5
:104E100000EB8000400080B2704700EB800000EBA8
:104E200080008000704700BF41F64B53994205D97E
:104E3000054BA3FB0030C0F387207047034BA3FB57
:104E40000030C0F3471070475917B7D11F85EB5199
:104E500041F64B53994294BF642340F2E24303FB73
:104E600000F0704741F64B53994205D9054BA3FB1F
:104E70000030C0F38F207047034BA3FB0030C0F31A
:104E80004F1070475917B7D11F85EB5141F64B535F
:104E9000994209D9094B40F2E242A3FB00139B0A55
:104EA00002FB1303C01A7047054B6422A3FB0013D7
:104EB0005B0902FB1303C01A704700BF5917B7D133
:104EC0001F85EB51A0F5C470884294BF091A491A96
:104ED0001868012910B400EB510494BF0020012090
:104EE0001C60136810BCA3EB51011160704700BF38
:104EF000074B93F900301844142804DC10F17F0F9D
:104F000003DB40B27047142070476FF07E0070479B
:104F1000120C002108B514F0DBF8084B93F90030AF
:104F20001844142804DC10F17F0F03DB40B208BDE5
:104F3000142008BD6FF07E0008BD00BF120C0021D8
:104F400000B583B07F230DF107008DF8073014F012
:104F50009DFE20B99DF9070003B05DF804FB0A4AE5
:104F60009DF907305078404240B21844142806DCBE
:104F700010F17F0F05DB40B203B05DF804FB142095
:104F8000EAE76FF07E00E7E7120C0021014B187092
:104F900059707047120C0021024B00221A705A708F
:104FA000704700BF120C0021014B93F900007047BD
:104FB000120C0021014B93F901007047120C0021E3
:104FC0000346074A12783AB9064901220868097966
:104FD000186010461971704700221046704700BFD4
:104FE000140C002110000021034606494FF0FF0C6D
:104FF000054A00681B7982F800C008600B71002325
:105000001370704710000021140C00210A4B82B06D
:1050100093E8030000908DF8041002AB074A4FF0AC
:10502000FF0C13E90300064B1060117183F800C0F8
:1050300000221A7002B07047E8B902011000002186
:10504000140C00210B68002270B5C0F80130054631
:105050000B79441C861DC27203F01F03437114F8C0
:10506000010B01F011FF2071B442EB7A1844E87291
:10507000F5D170BD81EA1141844689B24A4008B534
:10508000D3B293FAA3F3120A92FAA2F2120E1B0EF3
:1050900043EA022303EB03130B449AB2DBB293FA05
:1050A000A3F3120A92FAA2F2120E1B0E43EA022393
:1050B00003EB03130B449AB2DBB293FAA3F3120A85
:1050C00092FAA2F2120EA0481B0E43EA022303EB4F
:1050D00003130B444B409BB2A0FB03201A1A00EBB6
:1050E0005200400900EBC00200EB82000122181AB6
:1050F000C0F3C40100F0070E614402FA0EF24978D1
:10510000114201D0C0B208BD9CF80B1001FB03F3A3
:105110009CF806104FEA134E1B140EF10100C2B2A8
:105120008A425BD9501AC2B29CF80730934280F091
:105130009A80D01AC2B29CF808309A4240F2D980C4
:10514000D01AC2B29CF809309A420AD9D01AC2B217
:105150009CF80A30934280F0138199214620FBF796
:10516000F5FC9CF80430D90705D5501E10F0FF025D
:1051700001D1032281E0980705D5501E10F0FF02EF
:1051800001D1032238E0590705D5501E10F0FF0267
:1051900001D103223BE0180705D5501E10F0FF0295
:1051A00001D103223BE0D90605D5501E10F0FF02C5
:1051B00001D103223BE0980605D5501E10F0FF02F6
:1051C00001D103223BE0590600F118811806BFD532
:1051D000501E10F0FF02BBD1032242E09CF80110E8
:1051E000C80703D5002B00F0108172468B0708D545
:1051F000501E10F0FF0204D1012000EBC200C0B22B
:1052000008BD480705D5501E10F0FF0201D102204D
:10521000F3E70B0705D5501E10F0FF0201D1032064
:10522000EBE7C80605D5501E10F0FF0201D104209F
:10523000E3E78B0605D5501E10F0FF0201D10520D3
:10524000DBE7480605D5501E10F0FF0201D106200D
:10525000D3E70B067FF568AF501E10F0FF027FF416
:1052600063AF0720C9E79CF8023013F0010106D0B4
:10527000501E10F0FF0202D10A460020BDE7980739
:1052800005D5501E10F0FF0201D10122B4E75907E5
:1052900005D5501E10F0FF0201D10122B7E7180713
:1052A00005D5501E10F0FF0201D10122B7E7D90643
:1052B00005D5501E10F0FF0201D10122B7E7980674
:1052C00005D5501E10F0FF0201D10122B7E75906A3
:1052D00005D5501E10F0FF0201D10122B7E71806D4
:1052E0007FF529AF501E10F0FF027FF424AF01229A
:1052F000B7E79CF80330D90705D5501E10F0FF0220
:1053000001D10222B9E7980705D5501E10F0FF021F
:1053100001D1022270E7590705D5501E10F0FF0297
:1053200001D1022273E7180705D5501E10F0FF02C5
:1053300001D1022273E7D90608D5501E10F0FF02F2
:1053400004D1022273E700BF4D91CFBA980605D56C
:10535000501E10F0FF0201D1022270E7590605D558
:10536000501E10F0FF0201D1022270E718067FF5EF
:10537000E9AE501E10F0FF027FF4E4AE022270E7A7
:105380009CF80530D90705D5501E10F0FF0201D159
:10539000042272E7980705D5501E10F0FF0201D1D4
:1053A000042229E7590705D5501E10F0FF0201D14C
:1053B00004222CE7180705D5501E10F0FF0201D17A
:1053C00004222CE7D90613D4980603D5501E10F0FA
:1053D000FF021CD0590603D5501E10F0FF0218D052
:1053E0001B067FF5BAAE012A7FF4B7AE042238E778
:1053F000501E10F0FF02E7D1042218E7501E10F0F3
:10540000FF027FF4E3AE032221E71A4635E70422C8
:1054100015E704221BE700BF90F830C00CF1FF3302
:10542000242B14D88AB110B5044690F8250080B119
:10543000012853D1A28A04F12500096AFFF71AFE58
:105440000346002084F8333010BD10467047122008
:10545000704794F8311094F8323002FB0132994BC6
:1054600083FB0213012113445B1103EBC30E03EB17
:105470008E03D21AD2B204EBD20384F8322093F80E
:1054800026E002F0070301FA03F31EEA030F65D1D9
:1054900094F82B10B2FBFCF30CFB1322D2B2531C7A
:1054A000DBB28B425DD95B1ADBB294F82C209A42B6
:1054B00080F093809B1ADBB294F82D20934240F247
:1054C000CA809B1ADBB294F82E20934240F2FC80F3
:1054D0009B1ADBB294F82F209A4201D21F2010BDF4
:1054E00094F82A20D10704D5013B13F0FF0300F004
:1054F0004C81910704D5013B13F0FF0300F0478175
:10550000510704D5013B13F0FF0300F0428111075E
:1055100004D5013B13F0FF0300F04581D10604D50B
:10552000013B13F0FF0300F04081910604D5013BDD
:1055300013F0FF0300F03B81510604D5013B13F04B
:10554000FF0300F036811206C8D5012BC6D1042313
:10555000072202EBC30384F8333010BD84F83320F4
:1055600010BD94F8261011F0010F03D0002A00F0AE
:10557000F38013468A0704D5013B13F0FF0300F0C4
:10558000DA804A0704D5013B13F0FF0300F0D68010
:105590000A0704D5013B13F0FF0300F0D280CA06CE
:1055A00004D5013B13F0FF0300F0CE808A0604D53A
:1055B000013B13F0FF0300F0CA804A0604D5013B0B
:1055C00013F0FF0300F0C6800A067FF56EAF013BC3
:1055D00013F0FF037FF469AFBAE794F8272012F0C5
:1055E000010104D0013B13F0FF0300F0B8809107E4
:1055F00004D5013B13F0FF0300F09C80510704D554
:10560000013B13F0FF0300F09880110704D5013B24
:1056100013F0FF0300F09480D10604D5013B13F092
:10562000FF0300F09080910604D5013B13F0FF03C7
:1056300000F08C80510604D5013B13F0FF0300F00D
:10564000888012067FF538AF013B13F0FF037FF42B
:1056500033AF01237CE794F82820D10703D5013B21
:1056600013F0FF037DD0910703D5013B13F0FF0337
:1056700079D0510703D5013B13F0FF0375D0110713
:1056800003D5013B13F0FF0371D0D10603D5013BD5
:1056900013F0FF0371D0910603D5013B13F0FF0314
:1056A0006DD0510603D5013B13F0FF0379D01206EC
:1056B0007FF509AF013B13F0FF037FF404AF022332
:1056C00046E700BFA7C867DD94F82920D10703D5B6
:1056D000013B13F0FF034CD0910703D5013B13F0BE
:1056E000FF0348D0510703D5013B13F0FF0348D017
:1056F000110703D5013B13F0FF0344D0D10603D5B6
:10570000013B13F0FF0346D0910603D5013B13F094
:10571000FF0342D0510603D5013B13F0FF033ED0F7
:1057200012067FF5D7AE013B13F0FF037FF4D2AE34
:1057300003230DE7012301220BE70123022208E7DF
:105740000123032205E70123042202E701230522A6
:10575000FFE601230622FCE603460022F9E60B469B
:10576000FBE70223F9E70223E5E70223E6E702234A
:10577000E7E70323F1E70323DDE70223E4E702235E
:10578000E5E70323DAE70323DBE70423E5E7042364
:10579000D1E70423D2E70323D6E70323D7E7032384
:1057A000D8E70223D6E70423CBE70423CCE704237E
:1057B000CDE70423CEE700BF4078704708B50378F3
:1057C00001F00F0223F00F0313430370082917D8C9
:1057D000DFE801F0080508050813080B10000C238A
:1057E000437008BD0623437008BD00220123C27028
:1057F000437008BD0E23437008BD2223437008BDCB
:10580000A8212A20FBF7A2F90B68C0F803308B8887
:10581000A0F80730704700BFD0F803300B60B0F835
:1058200007308B80704700BF0B68C0F809308B8849
:10583000A0F80D30704700BF8B01017803F04003E2
:1058400021F0400119430170704700BF0078C0F398
:1058500080107047037803F07F0343EAC11303709D
:10586000704700BF0078C009704700BF1F2A38B5D5
:1058700007D8144605460930063418F0BFFC6C7092
:1058800038BDEE212A20FBF761F900BF1F2A38B589
:1058900007D8144605460930063418F0AFFC6C7082
:1058A00038BD4FF488712A20FBF750F9027803467F
:1058B00002F00F02032A18D0052A14D190F820C054
:1058C000C27F90F8210042EA0C0293F822C0024302
:1058D00093F8230042EA0C0220F01F00024302D09A
:1058E0005A78222A08D0002070474078A0F10C0096
:1058F000B0FA80F04009704710B56FF45060B3F80B
:105900001920B3F8174002EB000C93F816E0BCF135
:10591000060F8CBF002001F0010088B9911F40F6EE
:105920007A4C89B261450AD80EF1FF31072906D8B1
:10593000944298BF964534BF0120002000D310BD8B
:10594000B3F81B20B2F5FA7F0AD2B3F81D0040F677
:1059500076430A3880B298428CBF0020012010BDE7
:10596000002010BD38B5002900F08A8094461A4600
:10597000C37813F03F0479D0BCF1070F76D8DFE885
:105980000CF00C132136282F043D90F804E01EF093
:10599000400F6BD0172305253AE00379DD0765D565
:1059A0004FF0010E052355E003799C075ED503F007
:1059B0000103002B15BF4FF0070E4FF0010E0B2314
:1059C000052347E090F804E01EF0040F4ED00523B5
:1059D00031E090F804E01EF0100F47D0052320E0DE
:1059E00090F804E01EF0200F40D0634614E090F8D9
:1059F00004E01EF0080F39D0052317E090F804E00A
:105A00000EF04003002B15BF18231723062505258C
:105A10001EF0200F08BF2B461EF0100F01D00333DD
:105A2000DBB21EF0080F01D00233DBB21EF0040F10
:105A300001D00133DBB21EF0020F01D00633DBB21E
:105A40001EF0010F1CBF0633DBB2BCF1070FA3F140
:105A5000040E09D002EB0E0CBCF13F0F0BDC184416
:105A6000BDE8384018F0CABB7445F3DA40F219318A
:105A70002A20FBF76BF840F21A312A20FBF766F870
:105A80004FF446712A20FBF761F800BFC3788446C3
:105A900013F03F0008D000B5072909D8DFE801F06E
:105AA000131A23382A310B3F70471A1F90425FDACE
:105AB00000205DF804FB9CF804E01EF04003F7D0E2
:105AC0001723052235E09CF8042012F00102EFD0E4
:105AD00005234DE09CF8043013F00202E8D0DB0708
:105AE000F6D50B2344E09CF804E01EF00403DFD05D
:105AF000052331E09CF804E01EF01003D8D0052304
:105B000020E09CF804E01EF02003D1D00B4614E006
:105B10009CF804E01EF00803CAD0052317E09CF8A7
:105B200004E00EF04003002B15BF182317230622B4
:105B300005221EF0200F08BF13461EF0100F01D0E3
:105B4000DA1CD3B21EF0080F01D09A1CD3B21EF09B
:105B5000040F01D05A1CD3B21EF0020F01D09A1DBF
:105B6000D3B21EF0010F01D00633DBB207299CD05F
:105B70000CEB03005DF804FBC07800F03F007047B9
:105B8000C37803F03F0343EA8113C370704700BF3B
:105B9000C1F3801CC1F380036344C1F3001C0CEB10
:105BA0004C0C6344C1F3401C0CEBCC0C00B503EB74
:105BB0004C03C1F3400EC1F3000C1344F444C1F391
:105BC000C00E0CEB4C0CF44403EB4C0313F0FF033E
:105BD00019D003F1010E023301715FFA83FC0EF05C
:105BE0003F015FFA8EF380F801C090F803C02CF0FB
:105BF0003F0C41EA0C01C1701AB10433511E9B1ACB
:105C0000C1545DF804FB19464FF0010CEBE700BFEF
:105C100070B5C47804F03F041319FE2B09DC154657
:105C20000646201D013530442C4418F0E7FA747004
:105C300070BD40F276312A20FAF788FF034640789B
:105C4000DB78013803F03F03C01AC0B2704700BFD1
:105C500010B5864690F803C0D8439EF801400CF07A
:105C60003F0C0444A4EB0C04E4B2944228BF144655
:105C700041B10CF1040C084622469C440EEB0C0189
:105C800018F0BCFA204610BD00B5C378017913F0B6
:105C90003F0318BF012303EA511201EA030E03EA8E
:105CA000510C03EAD10002EBC202F44410440CEBA5
:105CB0004C0C00EB0C0203EA910003EA911C03EA8E
:105CC0001113604403EB4303034403EB420010F061
:105CD000FF0001D00130C0B25DF804FB70B505785B
:105CE0000446407805F00F05072D11D8DFE805F0D0
:105CF000041204101010040A06381F288CBF00205C
:105D0000012070BD0028FCD0E3789A09032A07D14E
:105D1000002070BDA0F10C00B0FA80F0400970BD09
:105D200003F03F06B042F3D92046FFF7ADFF8642AD
:105D3000EED30EB32379D8061ED503F00802002A4D
:105D40000ABF06220822052513F0040F08BF2A46C1
:105D5000990701D50632D2B2DB0701D50632D2B29D
:105D6000A35C144403F03F03242BD1D8A0785F2810
:105D70008CBF0020012070BD012070BD70B504787B
:105D8000054604F00F04072C05D0082C3BD0042C4A
:105D900032D0002070BDC3789A09032AF9D003F0ED
:105DA0003F064378B342F4D9FFF76EFF8642F0D343
:105DB000002E2FD02B79D8062CD503F00802002A0C
:105DC0000ABF06220822052413F0040F08BF22464A
:105DD000990701D50632D2B2DB0701D50632D2B21D
:105DE000AB5C154403F03F03242BD2D8A8785F287E
:105DF0008CBF0020012070BD407806381F288CBF62
:105E00000020012070BD4078A0F10E00B0FA80F0B3
:105E1000400970BD012070BD4078704701F0030358
:105E2000017821F00301194301707047007800F0F8
:105E3000030070474B01017803F0200321F020019B
:105E400019430170704700BF0B788370704700BF23
:105E500043785BB1C2782A2A06D80549885CC01A03
:105E6000B0FA80F04009704701207047184670472B
:105E700024B002012A2908B5C17003D8064B5B5C27
:105E8000437008BDFF2902D10123437008BD4FF4C0
:105E90008D612A20FAF75AFE24B002011B2A08B5A8
:105EA00007D8844603308CF80120BDE8084018F07C
:105EB000A5B940F272412A20FAF748FEB0F807006F
:105EC000704700BFB0F80900704700BF0B0AC172ED
:105ED00003737047B0F80B00704700BF30B5B0F8DF
:105EE0000730B0F80940B0F8055090F804E0B0F879
:105EF0000B206FF4506003EB000CBCF1060F8CBF5D
:105F0000002001F0010088B9991F40F67A4C89B24F
:105F100061450AD80EF1FF31072906D8AB4228BFE8
:105F200073458CBF0120002000D830BDB4F5FA7F46
:105F300008D20A3A40F6764091B281428CBF0020E6
:105F4000012030BD002030BD0B6843600B79037227
:105F5000704700BF43680B60037A0B71704700BF46
:105F6000B0F80900704700BF007970470A684B68B5
:105F700042608360704700BF426883680A604B607C
:105F8000704700BF0B888381704700BF83890B80F7
:105F9000704700BF0A684B68C0F80E20C0F8123086
:105FA000704700BFD0F80E20D0F812300A604B6066
:105FB000704700BF0B68C0F816307047D0F8163035
:105FC0000B6070470A684B6842608360704700BF8F
:105FD000426883680A604B60704700BF0B68C3600B
:105FE000704700BFC3680B60704700BF00797047FF
:105FF0000B0A0171437170470B0A8171C3717047BD
:106000000B0A0172437270470B0A8172C3727047A8
:1060100080887047C0887047008970474089704702
:1060200003891A2B0DD94389B3F5A47F09D383883B
:106030001A2B06D9C088B0F5A47F34BF00200120F8
:1060400070470020704700BF043001F1200310B5F5
:106050000C68103151F80CEC103051F808CC51F8A4
:10606000042C994240F8104C40F80CEC40F808CC55
:1060700040F8042CECD10B88038010BD031D01F106
:10608000200C70B50E68103151F80C5C103351F8CB
:10609000084C51F804EC614543F8106C43F80C5C73
:1060A00043F8084C43F804ECECD1098819801168D6
:1060B0005368C0F82610C0F82A3070BD0379024634
:1060C00013F0070004D0507910F0070018BF01202A
:1060D000704700BF0379024613F0070004D05079DF
:1060E00010F0070018BF0120704700BF0171704712
:1060F0000079704741717047407970470B0A817190
:10610000C3717047C08870470279437902F0070273
:1061100003F00703501E591E02400B4013430CBFEF
:1061200001200020704700BF01717047007970475F
:106130004171704740797047FB2901D84170704721
:1061400040F295612A2008B5FAF700FD03781BB1EB
:10615000406890F8EA3203B97047002380F8EA32C9
:1061600006F098BB024B987FC04300F001007047D7
:10617000180C0021034B987F80F00200C0F3400010
:10618000704700BF180C00212DE9F043047A87B056
:106190000346DCB1012C14D104A98088DD881F6876
:1061A000FEF71EFB48B9059B03F1A806D3F814803F
:1061B00055BB01231C4686F82430204607B0BDE8B5
:1061C000F0830024204607B0BDE8F08302A9808850
:1061D000DC881D68FEF704FB002848D1039B03F10F
:1061E000A8065F69002CE4D02146384618F088FEE6
:1061F00018B1404B5B88A3423ED2012400F03CF929
:10620000204607B0BDE8F0832946404618F078FEE6
:106210000028F2D0374B5B88AB42EED3014601AA8F
:1062200040464FF0000918F0D6FF019BA3F80090FC
:1062300083F8029096F8243001984B450CBF214614
:106240000221FFF7EBFD019839462A46033017F08B
:10625000D5FF2946404618F087FE0446002844D062
:106260009DF8103083BB002386F82430A5E7012475
:10627000204607B0BDE8F08301466A4638464FF035
:10628000000818F0A8FF009B0221A3F8008083F803
:1062900002800098FFF7C2FD00982246294603308D
:1062A00017F0ACFF2146384618F05EFE0446E0B118
:1062B0009DF80830002BD6D0039890F8EA3273B9D5
:1062C0000023A0F8E232CEE7059890F8EA32002BDE
:1062D000F6D080F8EA9206F0DDFA0598F0E780F84B
:1062E000EA8206F0D7FA0398EAE77C212B20FAF736
:1062F0002DFC00BF180C0021022201230A708B70B4
:10630000704700BF70B584B0002965D000220388B3
:1063100005460C464A7286698B80304618F04DFF60
:106320000146002853D001AA304618F054FFE080FF
:10633000002847D0FB2840D80198FFF777FD0128B7
:1063400001D0022825D12072206838B30199E28853
:10635000033117F053FF304618F045FF40B30021DA
:10636000304618F064FEF0B1204BDA7F0AB904B071
:1063700070BD1A8C02A92888013A1A84FEF730FAF7
:1063800078BB039BB3F8DC20A83301329A8604B0B3
:1063900070BD40F22B111020FAF7D8FB4FF4997121
:1063A0001020FAF7D3FB4FF49E711020FAF7CEFBC2
:1063B00040F237111020FAF7C9FB40F21B111020F0
:1063C000FAF7C4FB40F219111020FAF7BFFB4FF4A3
:1063D0008A711020FAF7BAFB40F20B111020FAF77D
:1063E000B5FB40F245111020FAF7B0FB180C002164
:1063F00040F2BE21102008B5FAF7A8FB0A49002296
:106400000B464A608A6103F8040BCA610A85C3E936
:106410000122C3E90322C1E90822012204330A74DC
:10642000C1E90133704700BF3C0C0021094900233A
:106430000A1D4B600B85C2E90133C2E90333C1E990
:106440000633C1E90833012304320B74C1E9012288
:10645000704700BF3C0C0021014B024A1A60704794
:106460006400002105630001014B024A1A60704775
:10647000640000210563000108B5124B93F8202049
:1064800002B108BD93F82020D2B90F4ADA61022286
:1064900083F82020EFF3108072B603F108029968A8
:1064A0009A6111B1097A012900D05A68074911602F
:1064B000596000B962B61878BDE8084017F054BDBD
:1064C000FFF796FF3C0C0021F9620001540C0021FB
:1064D0002DE9F047874C82B0874E8146DFF81C8259
:1064E000874FA3681B7A102B32D063690BB11B7ADC
:1064F0001BBBA5682B7A012B22D0EFF3108372B659
:10650000A2681268A260FBB962B62B7A002BECD0AD
:1065100065612A7A5FFA82FA0521AAF102032972DB
:106520000E2B00F2C080DFE803F098857EBE541A7F
:10653000641A36361A1A1AACA0006569002DE8D123
:10654000002002B0BDE8F0872B7A002BCDD0DFE72A
:10655000F37F002BC9D0338C002BC6D1F0E7D8F8DD
:106560000030002B43D05246494668689847BAF13C
:106570000D0F00F09D800420EFF3108272B62B7A8D
:10658000052BD9B200F08580002900F08280002A16
:10659000A7D162B6A5E73B684BB35246D5F804A035
:1065A00049465046984799F800301D2B05D01A2BC4
:1065B000E1D199F80230002BDDD00421BAF80800AF
:1065C000FBF7A6F9002873D04FF4F5711020FAF705
:1065D000BDFA6B68002B6FD04946284698470DF0EE
:1065E00061FC002864D10AF083FE002860D10020FD
:1065F000C2E76B68002B69D00D22002589F80020C6
:1066000029461A885869012389F80650A9F80320F9
:1066100089F8053089F8023018F009FD0420656119
:1066200002B0BDE8F0876B68002B53D0284698472E
:106630000020A1E76B68002B51D0494628469847B7
:10664000C0F30723ADF80400C0B2012B94D103239B
:106650002B7200283FF445AF73E76B68002B43D0E3
:10666000284649469847042086E7686848B3254B82
:1066700049461B68984700230220636102B0BDE8C9
:10668000F0871E2389F80030D5F80930C9F80330A7
:1066900071E700232B726361002ADAD162B6002809
:1066A0003FF41FAF4DE740F246211020FAF74EFAB3
:1066B00000230420636144E74FF404711020FAF7CB
:1066C00045FA40F23D211020FAF740FAE02110206F
:1066D000FAF73CFA40F2D5111020FAF737FA40F2F7
:1066E000CB111020FAF732FA4FF4E1711020FAF7CB
:1066F0002DFA00BF3C0C0021180C0021680000217D
:106700006C0000216400002110B5037AC3B9416018
:1067100003230372EFF3108472B60A4B03F10802ED
:106720000260996811B1097A012900D05A68106095
:10673000586004B962B61878BDE8104017F014BC70
:10674000FFF756FE3C0C002110B5037AC3B9416037
:1067500004230372EFF3108472B60A4B03F10802AC
:106760000260996811B1097A012900D05A68106055
:10677000586004B962B61878BDE8104017F0F4BB51
:10678000FFF736FE3C0C0021037A13B10423037299
:10679000704710B4416004230372EFF3108472B6A3
:1067A000084B03F108020260996811B1097A0129C6
:1067B00000D05A681060586004B962B6187810BCEE
:1067C00017F0D2BB3C0C002110B5037ABBB9416075
:1067D0000272EFF3108472B60A4B03F108020260F2
:1067E000996811B1097A012900D05A68106058607F
:1067F00004B962B61878BDE8104017F0B5BBFFF7D2
:10680000F7FD00BF3C0C0021037A0BB10272704708
:1068100010B441600272EFF3108472B6084B03F1BA
:1068200008020260996811B1097A012900D05A68FA
:106830001060586004B962B6187810BC17F094BBA9
:106840003C0C00210B461422D0F80DC000B5D0F846
:1068500009E003F8032BB0F81120C1F803E0C3F8F6
:1068600004C01A815DF804FB30B587B004460D46BC
:10687000FFF780FCD8B9D4F809202B463521D4F88D
:106880000D0003F8031BB4F81110C5F8032004220F
:1068900058601981ADF80C209DF80C2000209DF85F
:1068A0000D3062F3070063F30F2007B030BD6FF4C3
:1068B000F07300226946E31822721C88204619F002
:1068C000B0FCC0B9BDF80600BDF80810BDF8022044
:1068D000BDF80430ADF80E0003A8ADF80C40ADF8DB
:1068E0001010ADF81220ADF8143019F078FC30B962
:1068F000ADF80C00D0E7D8212C20FAF727F9E121D8
:106900002C20FAF723F900BF4068704711F00C0FF4
:106910000CBFC08A4FF42960704700BF10B590F8D3
:106920007040B1F804E014F00C0FB1F808C022D1A7
:1069300093B3137813F00C0F04D0BEF5296F38BF52
:106940004FF4296E90F8713013F00C0F03D1537887
:1069500013F00C0F04D0BCF5296F38BF4FF4296C2D
:10696000CB884A88A0F85AE0A0F85820A0F85C30FC
:10697000A0F85EC010BDBEF5296F90F8714038BF19
:106980004FF4296E14F00C0FE5D1002BE8D05378AA
:1069900013F00C0FE4D0DEE790F8713013F00C0F19
:1069A000D9D1DDE7BDF800C0018342838383A0F81D
:1069B0001EC070471B234FF01B1283840384826127
:1069C0008382C260038541B94FF4A473084AC3842B
:1069D0004384C261C382026170474FF42962054B50
:1069E0004FF4A471C2844284C361C18203617047C1
:1069F00048014801900A900A2DE9F041B0F85C3056
:106A00008E46B0F8504090F87110A342B0F846207E
:106A1000B0F84A6028BF234611F00C0FB0F85E4072
:106A2000B0F8541040D1A142B0F84C50B0F84EC06C
:106A300028BF21460C466145B0F84870A0F84A408E
:106A400038BF61469D42B0F852C038BF1D46D21AC9
:106A5000A0F84E1018BF0122B0F85810361BA0F84D
:106A60004C50A0F8463018BF01268C45B0F8445071
:106A700028BF8C4690F8701011F00C0F1DD1B0F8A3
:106A80005610B0F85A80414528BF4146654518BFA9
:106A900042F00102A0F844C0A0F8481032430FD1E0
:106AA0008F420DD1BDE8F081A142B0F84C5028BF13
:106AB00021464FF42964A446BDE74FF42961E5E778
:106AC00002887046AEF80D10AEF809200222AEF82A
:106AD0000BC0AEF80F30AEF811400249BDE8F041EE
:106AE000FFF792BE456800010B460A49B3F818C08B
:106AF000A2F80900588BA2F80BC0B3F81CC0DB8BBE
:106B0000A2F80D001046A2F80FC0A2F81130FFF74E
:106B1000FBBD00BF6968000111F00C0F08B50DD175
:106B2000C28BB0F822C0037A624528BF62460129B1
:106B300012D0022913D10F339B0005E0037A4FF4E2
:106B400029629B0103F574734089904228BF104667
:106B5000984238BF184608BD0E33DB00F4E74FF407
:106B6000EB710620F9F7F2FF70B5C36941F64B5E91
:106B700090F8705073458CBF4FF0960E4FF04D0E4D
:106B800090F8714015F00C0FB0F8443034D09B01F0
:106B90004FF4296603F574731FFA83FC90F84030B4
:106BA0009B0103F57475B0F84230B34228BF3346F9
:106BB000AB4238BF2B46634528BF634614F00C0F29
:106BC000B0F84CC02CD1012C43D0022C48D10CF190
:106BD0000F0C4FEA8C0C1FFA8CFCB0F84E000632FA
:106BE000604594BF1B18634402EB4E0213448B4272
:106BF00094BFC81A002070BD012D1AD0022D2FD1CC
:106C00000F33B0F856609B001FFA83FC90F84030B9
:106C10000F339D00B0F85A309E4228BF1E46C2E78F
:106C20004FEA8C1C4FF429600CF5747C1FFA8CFC25
:106C3000D5E70E33B0F85660DB001FFA83FC90F8FE
:106C400040300E33DD00B0F85A309E4228BF1E4659
:106C5000A9E70CF10E0C4FEACC0C1FFA8CFCBCE738
:106C60004FF4EB710620F9F771FF00BF38B541F61C
:106C70004B5CC36990F87020634594BF4FF04D0C96
:106C80004FF0960C90F871E012F00C0FB0F8443011
:106C90002ED09B014FF4296503F574739AB290F8D6
:106CA00040309B0103F57474B0F84230AB4228BF0A
:106CB0002B46A34238BF2346934228BF13461EF0FB
:106CC0000C0FB0F84C2026D1BEF1010F39D0BEF127
:106CD000020F3AD10F32920092B2B0F84E40063114
:106CE000944294BF1B199B188C446344C36338BD02
:106CF000012A17D0022A28D10F33B0F856509B0032
:106D00009AB290F840300F339C00B0F85A309D4250
:106D100028BF1D46C8E792014FF4296402F574723A
:106D200092B2DCE70E33B0F85A50DB009AB290F81A
:106D300040300E33DC00B0F856309D4228BF1D466F
:106D4000B2E70E32D20092B2C7E74FF4EB710620E1
:106D5000F9F7FCFE006801F19C03984203D9401A40
:106D60009C38400870470020704700BF014B1878DE
:106D7000704700BF660C002138B5164C082120462C
:106D8000FAF758F9D4E9003253EA0201F6D0124D6D
:106D90005A4005FB03F182EAB3134FEAF16183EA3B
:106DA000422301EB810005FB03F183EAF24C4FEA39
:106DB000F1618CEAB31301EB81014FEAFC4283EAF3
:106DC0004C2351EA000CE3D0C4E90032C4E90201CB
:106DD00038BD00BF680C0021BB79379E09490A48BD
:106DE000D1E90223534002FB00F083EAB2124FEADA
:106DF000F06082EA43224FEAF34300EB8000C1E9EE
:106E000002237047680C0021BB79379E09490A4864
:106E1000D1E90023534002FB00F083EAB2124FEAAB
:106E2000F06082EA43224FEAF34300EB8000C1E9BD
:106E300000237047680C0021BB79379E002802DBD5
:106E4000884203DA704749428842FBDA08B2704749
:106E5000430800F0553003F055331844830800F020
:106E6000333003F033331844030900F00F3003F0DC
:106E70000F331844030A00F0FF1003F0FF13184407
:106E800000EB1040C0B27047430800F0550003F01B
:106E900055031844830800F0330003F03303034420
:106EA00003F00F0000EB1310704700BF80EA60038F
:106EB000580803F0553300F055301844830800F0AB
:106EC000333003F033331844030900F00F3003F07C
:106ED0000F331844030A00F0FF1003F0FF131844A7
:106EE00000EB1040C0B2704740F34E0345F2555CD2
:106EF00043F233319BB2584040F60F730CEA500214
:106F000000EA0C00104400EA010201EA90010A4480
:106F100002EA030003EA1213184400EB1020C0B287
:106F2000704700BF43680022A8335A7783F85C207B
:106F3000A3F85820704700BF4368002193F8082148
:106F4000A833A3F85E10013283F86020704700BFB9
:106F50004268A83208B592F86030013B5BB2002B62
:106F600082F8603000DB08BD35214A20F9F7EEFDDC
:106F70004368A83383F8AB1083F8AA20704700BF9A
:106F8000A0F10B03042B08D9A0F121032F2818BF6F
:106F9000062B94BF0120002070470120704700BFDE
:106FA000162A01D000207047A0F10C02032A0CD948
:106FB000212806D00029F5D00A78012A05D9162AF9
:106FC000F0D1232201201A7070472A2201201A7062
:106FD000704700BF4268D2F8B43000B513F0080E15
:106FE00010D143F008037046C2F8B430CB78A2F851
:106FF00006E182F8503192F80831013382F8083105
:107000005DF804FB01205DF804FB00BF38B544685F
:1070100000230D46A8341946A27F2046FDF7BEFD89
:1070200058B1E97800200322012384F8A810A4F8BD
:107030005E00A27784F8603038BD012038BD00BF03
:1070400030F8023CF0B583B0002B38D1204B044619
:107050000D4630F8DE6C1B680BB1363898471D4B77
:107060001B680BB1304698470A230027A5F8036038
:107070002B70AF70637A54F8C60C6B7117F0F3FF86
:1070800008B33046FBF71AFE39463046FAF740FCA3
:1070900001213046FAF73CFC18B90F4B1B6803B1CD
:1070A00098470423ADF804309DF8042000209DF893
:1070B000053062F3070063F30F2003B0F0BD002337
:1070C000ADF80430F0E77C216320F9F73FFD00BF05
:1070D00070000021780000217400002138B5446858
:1070E0000D4603780121A834E27F2046FDF756FDC6
:1070F00030B92846FEF738FF072384F82000E377ED
:10710000002038BD10B5446801210378A834E27F1F
:107110002046FDF743FD08B90823E37710BD00BF03
:1071200070B5044640680D46012390F8C620002142
:10713000A830FDF733FD08B9012070BD2846666808
:10714000FEF70EFF6268A6F8B403B2F8B433B2F8E3
:10715000BC10013B5B1A47F6FD719BB28B4209D90B
:10716000282302F1DE00094982F8E730FFF7CCFA64
:10717000002070BD02F2B6312846FEF7EBFE6368D0
:107180000B22002083F8C62070BD00BF41700001B3
:107190008C4608230A46A0F2232100B50CF8033BD5
:1071A0004FF0000E00F10903A1F832E003CB1B7889
:1071B000C2F80300CCF804108CF8083082F803E021
:1071C0005DF804FBF8B5044640680D46012390F8CD
:1071D000C6200021A830FDF7E1FC08B90120F8BD68
:1071E0006368284693F87510FEF778FE002842D0B1
:1071F0006668B5F80D30B6F8BC20A6F8B433D243B3
:10720000134447F6FD729BB2934209D9282306F135
:10721000DE001C4986F8E730FFF776FA0020F8BD5B
:107220002846FEF74BFEFDF7D9FD67680646014686
:10723000C7F8BC032879FDF7E3FD3146A7F8B6038C
:10724000B5F805006768FDF703FE03466668284643
:10725000C7F8B833FEF736FEA6F8C00328466568BF
:10726000FEF738FE636801460E220020A5F8C2131F
:1072700083F8C620F8BD29462046BDE8F840FFF750
:10728000A9BE00BF4170000110B544680021037819
:10729000A834627F2046FDF781FC10B11E2363777E
:1072A00010BD24214520F9F751FC00BF2DE9F0471E
:1072B000456882B090F80080044605F1A8060F46A4
:1072C00043460A213046727FFDF768FC18B9012059
:1072D00002B0BDE8F0873846FEF7A2FE38B90023B9
:1072E000184686F85C30737702B0BDE8F087384600
:1072F000FEF792FE81463846FEF78AFE8246384601
:10730000FEF78CFE034638461F46FEF783FE4946CD
:1073100000903B4605F138005246FFF743FB616899
:10732000284601F5DC711631FFF766FBB8F1000F56
:1073300004D00521606805F025FBD0E704216068D2
:107340000DF0ECF8CBE700BF2DE9F0410023044637
:10735000406882B00D46194690F8C620A830FDF767
:107360001DFC18B9012002B0BDE8F0812846FEF7E7
:1073700057FE00283ED028466668FEF74DFE0746B9
:1073800028463836FEF744FE80462846FEF746FE7D
:10739000034628461D46FEF73DFE424600902B461A
:1073A00039463046FFF7FEFA636893F8C5201E2A77
:1073B00013D093F863317BB9636893F862315BB99A
:1073C00061681F2301F2E11281F8C63031F8380BF1
:1073D000FFF78AFB636803E06368202283F8C62016
:1073E000002201211046A3F8062183F8081102B0FB
:1073F000BDE8F0812946204602B0BDE8F041FFF724
:1074000005BE00BF0B22A0F52E730A7090F809C0CC
:10741000027B1B8881F802C04A71A1F803307047D3
:107420000C22A0F52E730A70427A1B888A70A1F88C
:10743000033070470922A0F571730A701B88A1F808
:107440000330D0F80F30D0F80B20C1F80930C1F864
:107450000520B0F81330A1F80D30704738B5044658
:10746000406890F8C530182B01D0022038BD00F5D7
:107470009C7300F24F31002200F23B3000F0D6FD49
:1074800000256368012100241A22002083F8CA1015
:1074900083F8C520C3E94A4538BD00BF38B50D465D
:1074A000416891F8C530152B01D0022038BD044643
:1074B00001F257312846FEF78BFD6168284601F539
:1074C000A671FEF78FFD63681822002083F8C5209F
:1074D00038BD00BF436893F8C520112A07D10022A8
:1074E0001421104683F8CA2083F8C5107047022083
:1074F000704700BF436893F8C5201C2A32D1002191
:1075000093F80A2110B5044683F8091183F8041191
:1075100083F830139AB91988012083F8C122022216
:10752000A3F8C21283F8C40203F52E700E49FFF7C8
:107530004BF900236268184682F8C53010BD1888E0
:10754000022283F80A1183F8C112A3F8C20203F5DC
:107550002E700649FFF738F900236268184682F852
:10756000C53010BD02207047057400012174000170
:1075700038B5044640680123002190F8C620A830A1
:10758000FDF70CFB78B1636893F8CB0050B1D3F8EA
:107590005C51ADB92046FFF7CFFC63681222284644
:1075A00083F8C62038BD60680123052190F8C62005
:1075B000A830FDF7F3FA002814BF0820012038BDD9
:1075C0000A2120460C22FFF7D3FC636830222046B4
:1075D00083F8C620FFF7B0FC002038BD38B504465C
:1075E00040680D46012390F8C6200021A830FDF721
:1075F000D5FA58BB606890F8C620142A39D1D0F863
:107600005C3143BB90F80A31002B3CD000F53E7151
:107610002846FEF7C7FC6168284601F5A471FEF70D
:10762000CDFC616828460B8801F2CF3121F8023C7D
:10763000FEF7A2FC6168284601F2D731FEF7A6FCEE
:1076400063681622002083F8C62038BD6068D0F831
:107650005C31002BD6D0032120460C22FFF788FC9A
:1076600063683022204683F8C620FFF765FC0020BF
:1076700038BD01230521A830FDF790FA002814BF7A
:107680000820012038BD2046FFF756FC6068BDE7A2
:10769000406808B590F8C630162B0ED117234FF06E
:1076A000010C0222074980F8C63080F809C100F5B4
:1076B0007170BDE80840FFF787B84FF493711F2041
:1076C000F9F744FA35740001436893F8C620132A89
:1076D00004D11422002083F8C6207047022070478E
:1076E000436893F8C630192B01D00220704710B5BB
:1076F0000446FFF72DFC1D220020636883F8C62096
:1077000010BD00BF00B50A464FF0070E00F1090397
:107710008C4602F803EB03CBCCF8030018889B7867
:107720005160108193725DF804FB00BF70B504785E
:107730000D462CBB46682346214696F8C62006F126
:10774000A800FDF72BFA00283FD069682046204AA0
:10775000AB680A400121A6F80641C6F81A2196F83E
:107760001D2186F80811042142F0080286F8C6108F
:1077700086F81D2141F607021340C6F81E3170BD80
:107780004368D3F8B42012F001001ED142F0010288
:107790004E6889680446C3F8B42093F80821A3F81A
:1077A00006012046013283F80821094A3240C3F815
:1077B0001A2193F81D2142F0080283F81D2141F699
:1077C00007020A40C3F81E2170BD0124204670BD87
:1077D0002F4904F72DE9F8434668054690F80080E4
:1077E0000F4606F1A80407214346627F204606F5AE
:1077F000DC79FDF7D3F9B8B37B681D4A1A40BB6842
:10780000C4F8722041F607021340C4F8763094F8A9
:10781000753043F0080384F87530002384F85C3039
:107820006377B8F1000F02D16B6883F8738199F820
:107830005F3003F0FF041BB100242046BDE8F8834D
:10784000338809F1570089F86040A9F861307A68F7
:10785000BB680849C9F863200222C9F86730FEF7FF
:10786000B3FF2046BDE8F88301242046BDE8F88335
:107870002F4904F705770001436803F5DC7090F8A1
:107880005F2002B17047B3F800C01A2302220349F7
:10789000A0F861C057304372FEF796BF057700012C
:1078A00010B5044610F01EFD41F60702024B1140D0
:1078B0000340A160636010BD2F4904F730B54568EF
:1078C00083B00C4610F00EFD094A41F6070395F807
:1078D0001AC1A835024019406B460CEA020C00920E
:1078E00001918DF800C003CB6060A16003B030BD92
:1078F0002F4904F710B5446800210378A834627F4B
:107900002046FDF74BF910B10423637710BDAA217F
:107910001C20F9F71BF900BF38B5057804468DB176
:107920004268D2F8B410CB071DD592F80831013B5C
:107930005BB2002B82F8083111DB21F00101C2F8A3
:10794000B41038BD40682B46294690F8C620A830B0
:10795000FDF724F958B1636883F8085138BDB9219F
:107960001C20F9F7F3F8B7211C20F9F7EFF8B22142
:107970001C20F9F7EBF800BF6FF4E2720E231044FD
:107980000B7003884B80704710B544680921037859
:10799000A834627F2046FDF701F928B1002384F85E
:1079A000503084F85C306377002010BD38B504781F
:1079B000456894B92346214695F8C62005F1A800EC
:1079C000FDF7ECF8C0B1012202232046A5F80641DC
:1079D00085F8082185F8C63038BDD5F8B44014F0D4
:1079E000040409D1FFF7A8FAD5F8B430204643F0D3
:1079F0000403C5F8B43038BD0124204638BD00BFAB
:107A0000027842B14268D2F8B43023F00403C2F8DD
:107A1000B430FFF79DBA436883F80821704700BF70
:107A200038B54468054603780021A834627F2046B3
:107A3000FDF7B4F830B12B78002B0CBF05231023D1
:107A4000637738BD71214B20F9F780F84FF0010CB6
:107A5000A0F58673002281F800C01B888A70A1F807
:107A60000330437A4B71D0F80A30C1F806307047C2
:107A7000F8B547680E460578082107F1A80497F87D
:107A8000C5202B462046F5B9FDF788F8002843D0DD
:107A900094F86330990722D5DB070FD4002D4FD01F
:107AA000E36813F002015DD194F8602043F0020313
:107AB000A4F85E100132E36084F86020637F012B3C
:107AC00024D00020F8BDFDF769F80028E0D1D7F8F0
:107AD000B430980729D494F863309907DCD4304641
:107AE000FEF784FA84F86D00B6F8052094F8633048
:107AF000A4F86E20B6F8072043F00201A4F8702025
:107B0000DA0784F8631012D4CBB2C5E70023184615
:107B1000637784F85C30F8BD2B4697F8C620294679
:107B20002046FDF73BF80028B2D10120F8BD022223
:107B30000E4904F16400FEF767FE94F86330ABE78A
:107B40002B46A27F29462046FDF728F830B10123B5
:107B5000A4F85E50A37784F86030AFE74921402055
:107B6000F8F7F4FF50214020F8F7F0FF4D7A0001BC
:107B7000F8B50578BDB9466896F80B3106F1A8044A
:107B800006F5B077980728D42B46627F002120465F
:107B9000FDF704F8A8B301230022637784F85C3072
:107BA000A4F85820F8BD446894F80B3104F5B07778
:107BB000990720D5D4F8B4309A070BD594F808214A
:107BC000013A52B2002A84F8082116DB23F002039E
:107BD000C4F8B4300023BB74F8BD2B46204696F899
:107BE000C6202946FCF7DAFF0028F3D0002386F8E8
:107BF0000851BB74F0E7A834C6E781214020F8F7AC
:107C0000A5FF6F214020F8F7A1FF00BF34230B70C0
:107C1000D0F80930C1F80330704700BF6FF4D77354
:107C20002DE9F041A0F25725C41882B02F4F95F8E6
:107C300071000EF0D5FEA36897F90010064603F513
:107C400000631A1343F30733994222DD524297F936
:107C5000013052B21A447F2A26DC12F1800F3EDB3B
:107C60004FFA82F8B8F1000F10D06FF00043D4E95A
:107C700000129A4208BFB1F1FF3F07D012F090FD09
:107C8000D4E90023904271EB030310D202B0BDE8A7
:107C9000F08197F902109942F8DA524297F903807D
:107CA00052B242447F2AD8DD4FF07F08DDE72888B2
:107CB0006946FCF795FDA8B9711C42466846022347
:107CC000C9B20EF0A5FE0028E0D1BD8812F068FD13
:107CD0004FF47A73E3FB0501C4E90001D6E76FF0C6
:107CE0007F08C2E784217A20F8F730FF780C002162
:107CF0002DE9F84F0446D0F80490FDF721F9054628
:107D0000237809F1A807666886F8C10043BB7F287D
:107D100024D0B0464B49A8368A68D8F8B03002FB68
:107D200003F3C2F5805200FB02F202EB233398F812
:107D3000DB20C8F8B03088F8C2200A7B002A45D181
:107D400096F91B1098F835206B1A1BB2002BB8BFA0
:107D50005B429BB2934201D3FF2A12D1BDE8F88F58
:107D60007F28FBD0B0463749A8368B68D8F8B020BA
:107D700002FB03F0C3F5805305FB03F303EB203351
:107D8000D5E7337F0133DBB2337798F836209A4258
:107D900001D37F29E2D10023F576337799F8343087
:107DA000012BDBD1606800F5DC70037A002BD5D1A4
:107DB000B9F8003002222449A0F809307B7EC37252
:107DC000BB7E0373BDE8F84FFEF7FEBC03F500630E
:107DD00091F9000043F307321B1390422ADD5B4206
:107DE00091F901205BB2134403F18002FF2A02D80B
:107DF0005BB2002BA4D06FF00041D6E900238B4288
:107E000008BFB2F1FF3F9BD012F0CAFCD6E90023B5
:107E1000904271EB030393D3636803F5DC7B9A46CE
:107E200010F08AFF09498AF871000BF19F00FEF7F4
:107E3000ABFC85E791F90200904281DA5B4291F94F
:107E40000320CFE7780C00210D7C00011D7C000190
:107E5000264BF0B54FF0000E1D7882F800E0BDB360
:107E6000013D5E68EDB208E056F83470DCF804407D
:107E700087428C412CBF1D469E460EEB0503A5EBA9
:107E80000E0C5C10BCF1010FC3F3470306EBC40CEE
:107E9000EADC06EBCE0356F83E405B688B4208BF37
:107EA00084421BD0A04271EB030313D306EBC5033E
:107EB00056F835405B688B4208BF844212D0A0421E
:107EC0004FF0000071EB030328BF01351570F0BDC2
:107ED0002846F0BD002082F800E0F0BD012082F8C5
:107EE00000E0F0BD01201570F0BD00BF880C00213E
:107EF00010F0070208B506D118B1054B1972586089
:107F00001A70C80008BD63214820F8F71FFE00BFA3
:107F1000880C0021014B00221A707047880C002148
:107F2000014B187A704700BF880C00212DE9F043FF
:107F30000E7901284B7983B00D6846EA03210DF1D3
:107F40000702284608BF41F48031FFF781FF28BBB4
:107F5000144F97F800C03B7A63451FD09DF8072067
:107F60007C68944510D963466FF0604E03EB0E02B7
:107F7000013B04EBC202DBB2D2E90089C2E902890B
:107F80009DF807209A42F1D344F832500CF1010CCD
:107F900004EBC202012087F800C0516003B0BDE8C5
:107FA000F08300BF880C002110B502464C790B7994
:107FB00082B0012A086843EA04210DF1070208BFD4
:107FC00041F48031FFF744FF0446A8B10C499DF805
:107FD00007000B785A1ED2B282420A700CD9023BBB
:107FE0004A68411C1B1A02EBC00002EBC101DBB264
:107FF0005A1CD20016F0BCF8204602B010BD00BFDB
:10800000880C002100B502460B7991F805C083B0B9
:10801000012A086843EA0C210DF1070208BF41F468
:108020008031FFF715FF03B05DF804FB70B58CB02D
:108030000E4615460146102268461C46FCF79EFD7A
:10804000102231460DEB0200FCF798FD684615F052
:10805000B9FE35B1102208A92046FCF78FFD0CB0FF
:1080600070BD08AD0FCD20606160A260E3600CB010
:1080700070BD00BF06220B4603F8032BB0F809C001
:10808000C27AA1F803C09A70704700BF06230B7034
:10809000D0F80F301A88A1F80320002293F8CD30D1
:1080A0004B71024B5B689A67704700BF5412002106
:1080B00017220B4603F8032BD0F809C0D0F80D2087
:1080C000C1F803C05A607047392200F10903293012
:1080D00001F8032B10B51C68103353F80CEC103169
:1080E00053F808CC53F8042C834241F8104C41F863
:1080F0000CEC41F808CC41F8042CECD11B880B8027
:1081000010BD00BF144B421E082933F811304FEA4E
:10811000C21203F2E73310B4104CA4FB03434FEA3E
:10812000931311D0042908D00229134410BC14BFA2
:10813000F021602101FB0030704740F2BE21134462
:1081400010BC01FB003070474FF4D261134410BCE7
:1081500001FB0030704700BF50B00201D34D6210E8
:10816000D928844628BF4FF0D90C0CF1300C1FFAE7
:108170008CFC30B5BCF1FF0FBDF80C40864628BF23
:108180004FF0FF0CA00737D0A00701F5A57124D54B
:10819000082A00F0BB80042A00F05081022A14BF94
:1081A0004FF414754FF4967512F00C0F294400F03B
:1081B0008C8001F61445E00705F1980C40F196809B
:1081C000082A00F0E480042A00F03581022A0CBF5E
:1081D0006421C0210CEB010030BD002B5FD0082AC8
:1081E00000F0E381042A00F0FE81022A40F64805EF
:1081F00008BF4FF48565D7E701F5A570DBB1082A04
:1082000000F01F81042A00F0FE80022A00F0E581C0
:10821000BEF1D90F01F69210DED9AEF1D902C54BED
:1082200092B2F63283FB02131344DB1140F6921232
:1082300002FB030030BD082A00F01581042A00F07B
:10824000AC80022A00F0C2810CF1050CBEF1D90FFE
:108250001FFA8CFC00EBCC0C0CF12800BCD9AEF161
:10826000D903B5491FFA83FEA1FB0E31AEEB010322
:1082700001EB5301C1F3C711C1EB411340F6921258
:10828000C1EBC30302FB0100AEEB03039BB2002B67
:10829000A2D00833282208249BB2053310E1082A13
:1082A00000F0DE81042A00F08381022A00F076814A
:1082B0000CF1050C282508201FFA8CFC0CFB005C37
:1082C00012F00C0F61447FF474AF082A62D0042AC4
:1082D00000F09680022A14BF4FF4B075B4259C318B
:1082E000E0070D4405F1980C3FF56AAF8BB1082A01
:1082F00000F0A981042A00F07381022A00F0E780CF
:10830000BEF1D90F05F50E6087D830BD41F2D025FA
:108310004AE77346F12B28BFF123082A00F0668153
:10832000042A00F04D81022A00F008811333BEF1C7
:10833000D90F98B20CEBC00C0CF128007FF64CAFB3
:10834000AEF1D90E7C4B1FFA8EFEA3FB0E23AEEBD3
:10835000030203EB5203C3F3C713C3EB431240F60C
:108360009211C3EBC20201FB0300AEEB02039BB20E
:10837000002B3FF431AF0833282208219BB205338C
:1083800000F5A57C03FB012303EB0C0030BD4FF48B
:10839000CA611FE74FF43565A1E70CF1050C4FF4F6
:1083A000BF7110231FFA8CFC0CFB031CBEF1D90F0C
:1083B00060447FF611AFAEF1D9035F49042A1FFA7A
:1083C00083FEA1FB0E31AEEB010301EB5301C1F3C0
:1083D000C71140F09780C1EB411341F20832C1EB65
:1083E000C30302FB0100AEEB03039BB2002B3FF47F
:1083F000F3AE08334FF4BF7210249BB205335FE035
:1084000040F2EE356BE741F2BE1CBEF1D90F60447D
:108410007FF6E2AEAEF1D90E464B042A1FFA8EFE6D
:108420000EF1F60E83FB0E1373444FEAE31363D190
:1084300041F20832FCE640F2AE21CBE640F2CE55E6
:10844000B2E644F2DA32BEF1D90F01EB02007FF658
:10845000C3AEAEF1D901374B89B2F63183FB01438C
:108460000B44DB11E4E60CF10503BEF1D90F9BB21E
:1084700000EB831C0CF5C8707FF6AEAEAEF1D90EE2
:108480002D4B44F2DA311FFA8EFEA3FB0E23AEEB26
:10849000030203EB5203C3F3C713C3EB431201FB05
:1084A0000300C3EBC203AEEB030E1FFA8EF3002BE7
:1084B0003FF492AE08334FF4C87240249BB20533A8
:1084C00000F5A57C03FB042303EB0C0030BD4FF447
:1084D0008561BEF1D90F0CEB01007FF67DAEAEF1E8
:1084E000D901144B042A89B201F1F60183FB01433F
:1084F0000B444FEAE3139BD0022A7FF497AE40F27D
:10850000725295E6022A7FF4B7AEC1EB411340F2F6
:108510007252C1EBC30302FB0100AEEB03039BB23B
:10852000002B3FF459AE0833182204249BB20533C4
:10853000C6E700BFC9F9A98491F353091333182082
:1085400004219BB203FB0103BEF1D90F03EB0C0026
:108550007FF642AEAEF1D90E514B042A1FFA8EFEC1
:10856000A3FB0E13AEEB030103EB5103C3F3C713DD
:108570007ED1C3EB431241F20831C3EBC20201FBCF
:108580000300AEEB02039BB2002B3FF425AE083391
:108590004FF4BF7210219BB20533F1E60CF1050CCC
:1085A000182504201FFA8CFC88E644F29025FBE590
:1085B0000CF1050C4FF4BF7510201FFA8CFC7DE602
:1085C00013334FF4BF7010219BB2BBE70CF10503CE
:1085D00018211FFA83FC0423E6E64FF4856C14E7A8
:1085E00041F2BE1175E741F2BE15DDE51333BEF170
:1085F000D90F98B20CEB801C0CF5C8707FF6ECAD6F
:10860000AEF1D90E264B44F2DA311FFA8EFEA3FBEF
:108610000E23AEEB030203EB5203C3F3C713C3EB0A
:10862000431201FB0300C3EBC203AEEB030E1FFAC0
:108630008EF3002B3FF4D0AD08334FF4C8724021C5
:108640009BB205339CE644F22830BEF1D90F284492
:108650007FF6C2ADAEF1D901124B44F2DA32FBE63D
:108660000CF1050C4FF4C87540201FFA8CFC25E670
:10867000022A7FF472AEC3EB431240F27251C3EB95
:10868000C20201FB0300AEEB02039BB2002B3FF4DE
:10869000A3AD0833182204219BB2053370E600BF56
:1086A00091F35309C9F9A984082910B582B041D0C2
:1086B000042934D0022942D005334FF0280E082176
:1086C00090F805C003FB01EE90F844100CF1FF3068
:1086D000072839D8DFE800F0282B38043838380468
:1086E0004FF0020CD301CA330EFB02321B4B9A42ED
:1086F0002FD81B4C01F03F010020A4FB023241F0B7
:108700004001C2F3073361F30700C2F3071243EAE3
:108710004C1362F30F2063F3174002B010BD053312
:108720004FF4BF7E1021CBE74FF0000CDAE74FF09B
:10873000010CD7E705334FF4C87E4021C0E705336D
:108740004FF0180E0421BBE740F2EF210620F8F7A6
:10875000FDF940F28C712D20F8F7F8F9C3BF030042
:10876000898888882DE9F043314E4FF0000815467E
:1087700083B0D6F800C062F3070807460C46DCF861
:108780000F3062F30F280B629CF815309CF8142010
:108790001B0443EA02239CF8132013438B62BCF8AA
:1087A0001900FCF71BFB33688146E061987D494660
:1087B000FCF726FB336849462086B3F81700FCF720
:1087C00047FB3368E0626946B3F81B20A284B3F824
:1087D0001D20E28493F8242002F01F0284F8D9209F
:1087E000D3F81F0093F82330009004F1CD008DF8EA
:1087F0000430FCF727FC336893F82430A4F8708029
:108800005B0984F8D832FF2315F00C0F04F138000F
:1088100014BF0121002184F87230FEF7CBF897F9DC
:1088200014102046FCF7BEFA03B0BDE8F08300BF89
:10883000940C0021F8B544888C460546134614F084
:1088400004016246C07F18BF05F17701FBF792FC77
:10885000C207044606D4A30712D484F00400C0F370
:108860008000F8BD0123E87F85F86830FBF7C4FD80
:108870000368C5F869308388A5F86D30A307ECD587
:108880000127084E05F17701306885F87670FCF70E
:10889000CBFF30683946FCF7DDFF84F00400C0F3FD
:1088A0008000F8BD940C002170B500F10902132579
:1088B0000B460C46293003F8035BD2F800C0103297
:1088C00052F80C6C103352F8085C52F8041C8242C7
:1088D00043F810CC43F80C6C43F8085C43F8041CD4
:1088E000EBD1127801251A702946A688A571304669
:1088F000F8F7F8FF48B1E27842B10088FAF7DEF9FC
:1089000029463046F9F704F820B970BDBDE870403B
:1089100006F01EB940F242212D20F8F717F900BFEA
:108920001323F7B50B70002305460C46CB70836903
:108930001A88D8698A8001228A71FCF737FAAB69F4
:10894000608304F10E019A8CA283DA8CE28393F89F
:10895000D82284F82020FF2284F821206A69128915
:1089600062845A7A012A2DD1DA7B02F0C002402AB1
:1089700028D1D3F80A20C4F80E20DB898B80062288
:10898000134B69465868436D543063618388238371
:108990000023AF690093BE78ADF80430E67115F09E
:1089A000C7FB10B146F00206E671D7F80330A360AA
:1089B000B7F80730A381A86940B103B0BDE8F04023
:1089C00006F0C6B80023C4F80E30D7E703B0F0BDF8
:1089D0005412002170B50D460446C8691646FCF7CE
:1089E000E5F9AB8CEA8CA4F8A630A4F8A400A4F8AE
:1089F000A820A37F95F8D82284F8AA201BB194F868
:108A00006830012B24D00022C4F89820A4F89C20C0
:108A1000204B082E1B681A78C2F3801284F891202C
:108A200025D0D3F8031004F192023046C4F89E100A
:108A300004F19101B3F80730A4F8A230FBF72EFB44
:108A400018B394F8913043F0020384F8913070BD6C
:108A500094F86E3003F0C003402BD4D1D4F86920D1
:108A6000B4F86D30C4F89820A4F89C30D0E7D3F85F
:108A700003000022C4F89200B3F80730C4F89E2027
:108A8000A4F89630A4F8A22070BD40F64A412D20EB
:108A9000F8F75CF8940C00210B46162203F8032B20
:108AA000D0F809C0427BC1F803C01A71CB781BB162
:108AB00030F8AC3C1B0700D5704710B5B1F8054045
:108AC00001212046F8F70EFF38B10088FAF7F6F8D2
:108AD00001212046F8F71CFF00B910BD40F28621A5
:108AE0002D20F8F733F800BF2DE9F043874D87B00C
:108AF000874B0026AA6A0446864902A8526804F1F8
:108B000030070293844B6E7184F881600592049360
:108B100003912E82AE60AE7110F0ECFF10F0A6F95A
:108B200011F0A6F80FF0CCFD7C4810F0C1FA7C489B
:108B300010F0DAFF304615F0B7FC384602F080FC42
:108B4000384602F083FC10F0BDFA2179252010F0A0
:108B500023F994F9140010F0A5FA2179304610F0A9
:108B6000CDFCE86028B901232B71002007B0BDE8D7
:108B7000F08304F15001E06C16F0ABFC074604F101
:108B80005801E06C16F0CCFC06463FB194F8248006
:108B9000B8F1000F02D04FF0010903E0002E5CD1C4
:108BA000B046B146A37F13B9638859071BD56FF050
:108BB0000041D4E918238B4208BFB2F1FF3F54D0E3
:108BC00011F0EEFDD4E91823904271EB03034CD36E
:108BD000414601222046FFF72DFE00284FD1B9F172
:108BE000000F40F08E803E4394F88330F6B2DBB243
:108BF000002E6BD1002B69D128680330FBF7A8FA4F
:108C00006388A874DB07B0D5266A00230122FF2100
:108C100006F10A0785F82010CDE900338DF806200B
:108C20006846F8F797FE00289FD1009CA642F7D02F
:108C30003B46727A04F10A01607AFAF7EFF80028ED
:108C4000EED0A278374B85F82020D4F80320C5F861
:108C50002120B4F807209A8087E794F82580B8F19E
:108C6000000918BF4FF001099CE7B9F1000FBAD015
:108C7000012220461146FFF7DDFD002841D0FBF719
:108C800075F8804611F08CFD4FEA48134FEAD86220
:108C9000B3EB080362F10002520242EAD3525B02D4
:108CA00013EB080342F1000C9A014FEA8C1ED21A12
:108CB0004EEA936E6EEB0C0C12EB08034CF10002C3
:108CC000181842EB0101C4E918018CE76388DA0641
:108CD00092D4666CC6F30B26FEF780F8C0F30B0344
:108CE0009E42F9D094F84630C0F30321002284F864
:108CF000450023F00F030B4384F8463084F88320AB
:108D00007AE740F614212D20F7F720FF940C00217C
:108D1000E5A10001D19D0001859A0001D6BE898E92
:108D200055555500B50C002103292DE9F0430446A3
:108D300085B0164644D090F8803023B100252846EF
:108D400005B0BDE8F08305295BD03D4D4FF001082B
:108D5000AF7C002F3DD13378082B61D0296804F116
:108D6000700394F86F2011F8030BC0F38010FAF72A
:108D700055F82968054611F8030BC0F38010FAF77F
:108D8000FBFF8146FBF74CFBB9F1080F0CBF00203D
:108D900000F0010000283BD101223378082B34D0A9
:108DA0004DB363885907CAD40028C7D1002F40D1DA
:108DB000657D002D18BF45450CBF01250025BEE788
:108DC00043889A07BAD51E4D4FF00208AF7C002F9A
:108DD000C1D0FBF79FF90828307021D00DF10701B1
:108DE00002AAFBF75BF930B302A99DF80700FFF771
:108DF00009F90746AFE7E57FED1AB5FA85F56D0984
:108E0000CFE74388DB07A0D498E71540EDB2C8E769
:108E10004846FAF7DFF980F001030246D8B2BCE712
:108E2000296811F8030BC0F38010FFF7EBF8074631
:108E300094E73D4683E740F63D712D20F7F786FE27
:108E4000940C002170B50446022219498430FDF7C4
:108E5000BBFC0222174904F1BC00FDF7B5FCB4F8D5
:108E60008E6094F88D500FF01BFA80B92278637CE5
:108E7000A4F8B96084F8B75084F8B8209BB90222EE
:108E80000D4904F1AE0084F8BB30FDF79DFC0B4B9F
:108E900000210B4A1B68117143B12146206A02224E
:108EA000BDE87040184794F84830E8E770BD00BF4F
:108EB000A988000175800001998A000184000021C1
:108EC000940C00212DE9F04FB0F802A08DB00746B8
:108ED0001AF003030491019204D0012B02D0022B5B
:108EE00040F082830AF007024FF00005052A00F0E7
:108EF000BA80022A1BD0002A40F03A82019A002A46
:108F000040F0AA820AF02302B7F85410A54E0A4393
:108F100000F06F831AF020040ED13A794FF0010966
:108F200012F00C0F0CBFCB464FF0000B08E0019A7B
:108F3000002A40F074829B4E00244FF00109A346A2
:108F40001AF0400840F0E9814A46CDF808906BF3EA
:108F5000000530684FF0000A64F34105A0F800A056
:108F600069F3C30562F30415019A68F34515002AF5
:108F700040F0B981924607210593FCF71FFC0023BE
:108F8000640003934FEA4818059B4BEA0404194612
:108F9000306825F07B05FCF7F3FD029B44EAC90924
:108FA000039A306849EA031949EA080848EA8A1A24
:108FB0000AF07B0A4AEA050A51465546FCF7E8FDE5
:108FC0001AF0010F5FFA8AF440F0BB80A1070ED5BA
:108FD000049B002B00F0BF8107F177013068062366
:108FE0000122FCF7BFFC01213068FCF733FC14F0D0
:108FF000040340F05183220700F15781A30600F1DA
:10900000AD80019B012B41D0029B63F30415A9069F
:10901000ECB200F16181620613D5019B002B00F0D8
:10902000B1827D7997F8441097F914202846FBF710
:1090300071FF01238DF81800062206A93068FCF79D
:1090400091FCF06948B1403018F0A7F928B1F369F4
:1090500093F8BD30002B40F06082230600F121839D
:109060000DB0BDE8F08F019A002A3FF464AF0124EF
:109070004FF000084B4EA3461AF0400A40F0D98149
:109080004FF001095246CDF808A060E7B7F8543018
:10909000002BB9D07B889C07B6D43068FCF76CFDF8
:1090A000431CB7F854208146DBB2348AC3F1FF0178
:1090B000141B8C42A8BFDC43E4B2A2421FFA84F81E
:1090C00040F221827B88D80700F11D824AF010050A
:1090D000033C039A30682946FCF75AFD09F1040362
:1090E000E4B2B7F8482007F1690107F136002344DC
:1090F0005FFA83F8F3681344B7F840211A4492B238
:10910000FBF7B8FF7A7987F84400082A00F0B582A7
:10911000042A00F0AA82022A00F0B7824FEAC803AC
:10912000013A00F03F005033072A00F25882DFE88E
:1091300012F0CE0156025602BD02560256025602E7
:10914000BD0207F16901306806230022FCF70AFC22
:1091500097F868103068FCF76FFB37E7F469D7E9D8
:1091600050890CB304F1400B226E636E5846059291
:10917000049318F012F9DDE90432C0B1F16991F8F5
:10918000BD10A1B15846CDE9042318F058F9D4F820
:1091900070B0DDE9042360B91BEB020243F1000368
:1091A00007E000BF940C0021B469D4E91823D4F877
:1091B00070B0207C4FF0000EBA499DF81DC031F808
:1091C000100071696EF3861C00F2E73011EB08089D
:1091D0008DF81DC0D7F834C149F10009B2EB080879
:1091E000B14A63EB0903A2FB0002920912EB0802E9
:1091F00043F10003B2F5161F73F1000080F2E68020
:10920000ACEB0101DFF8A4E24FEAE1797145884651
:1092100079F10000CC4602DAF0464FF0000C9045A0
:109220007CEB030080F249829DF81D3043F020035F
:109230008DF81D304FF49673B2FBF3F2BDF81C307D
:1092400062F30C03ADF81C30994BA3FB0B3B9DF86C
:1092500024304FEA9B2BADF81EB0E27E62F304038C
:10926000D4F817208DF8243008920FF067F89DF895
:10927000243060F347138DF824309DF81D306FF3D0
:10928000C7138DF81D302268B4F85230CDF8252070
:10929000227901338DF8292062798DF82A20A2796C
:1092A000ADF82C308DF82B20ABE67A6C07A930682E
:1092B000C2F30B2262F30B0397F84620ADF81C3083
:1092C0001209C3F3072362F3071303228DF81D303D
:1092D0000223FCF747FB91E61223052207A9306819
:1092E000FCF740FB97E664004FEA48180721039318
:1092F000FCF764FAF069039B68B1403018F04DF850
:10930000039B40B1F26992F8BD20002A0CBF0022F5
:109310000A22039239E6039037E6B7F85420002A70
:1093200061D03A7912F00C0F0CBF4FF0010A4FF0E8
:10933000000A6BF300054FF00008306864F3410544
:10934000CDF80890A0F8008069F3C30569F304150F
:109350006AF386150FE607F17001306806230122D3
:10936000FCF700FB97F86F103068FCF773FA3EE6E5
:10937000012A00F08880062A3FF475AE042A40F0E6
:109380009781019A002A00F007814A4EB06930B1F6
:109390004030029318F001F8029B804648B9F0690A
:1093A000002800F040814030029317F0F6FF029B46
:1093B00080463A7912F00C0F0CBF002401241AF0F9
:1093C000200F0CBFA3464FF0000B55E69DF81D3053
:1093D0006EF345138DF81D30BDF81C306FF30C0390
:1093E000ADF81C3030E77A8802F02302002A98D1C9
:1093F000B06930B14030029317F0CFFF029B0028D4
:109400008FD1F06930B14030029317F0C6FF029B54
:10941000002886D1002B84D14FF0010A89E74FF054
:1094200000081AF0400A4FF0010B224E44463FF468
:1094300027AE4BF04805002230684FF0010A45EA9C
:10944000440502926400D14645EA481502804FEA7D
:10945000481805F06B0549E7164EB06960B3403017
:10946000029317F09AFF029B804628B31AF020045B
:1094700040F08F803A7912F00C0F14BF4FF0010BBF
:109480004FF0000BF8E5019C002C40F09C8097F811
:1094900004B09146074EABF1020BBBFA8BFB4FEACF
:1094A0005B1B4DE550B00201D34D6210FFBF0300BE
:1094B0005917B7D1940C0021F069002800F0818081
:1094C0004030029317F069FF029B8046CEE70021EF
:1094D00003F5A5737F4A40F040001FFA84F8A2FB11
:1094E000033201238DF81800100B02931209032395
:1094F00040EA411130688DF8192004228DF81A10C5
:1095000006A9FCF72FFA2246396D3068FCF780FB7C
:10951000338A9844A6F8108076E507213068FCF776
:10952000B5FA092232236C4902704370F369D3F80B
:1095300090308370F369D3F890301B0AC370F369DD
:10954000B3F892300371F36993F893304371F36980
:1095500093F8A1308371F369D3F89430A1FB03230E
:109560009B0AC371F369D3F89820A1FB02325B49CF
:10957000920A0272F369D3F89C30A1FB0323DB0843
:1095800043726AE507F130003D7902F009F80146BF
:109590004AE50024A3466FE50AF02302B7F8541009
:1095A0004F4E0A434AD01AF0200F3A793DD012F0BC
:1095B0000C0F4FF0000B0CBF01245C464FF001096B
:1095C000BEE4804652E797F804B04FF00008444EDE
:1095D000BBF1020B444618BF4FF0010B4CE540F2C3
:1095E000EF210620F7F7B2FA40F276612D20F7F767
:1095F000ADFAB06938B14030029317F0CEFE029B4D
:1096000000287FF487ACF06938B14030029317F03E
:10961000C4FE029B00287FF47DAC4FF000094FF0A0
:10962000010B4C468CE48046C3E612F00C0F0CBFD5
:109630004FF0010B4FF0000B5C46BFE7B06930B153
:109640004030029317F0A9FE029B0028ABD1F069CD
:1096500030B14030029317F0A0FE029B0028A2D147
:1096600001244FF00009A3466AE44FEA081300F012
:109670003F00022103F5E7732AE74FEA881300F061
:109680003F00022103F5347322E74FEA880300F01C
:109690003F0001212C331BE740F65E012D20F7F738
:1096A00055FA40F6C3012D20F7F750FA02210FE7D3
:1096B00040F219712D20F7F749FA9DF81D009142EB
:1096C0006FF3451079EB03038DF81D00BFF684AEF0
:1096D0001E23B1E5898888885917B7D1D34D621008
:1096E000940C00212DE9F04704460D4684B090F813
:1096F00044000FF0E7FC6179FF200FF04DFBA5B9A6
:109700008C4D2868FCF758F82779064604F130009C
:1097100001F034FF082F5DD0042F00F08480022F69
:109720007DD005362821082358E0002062794FF4C7
:10973000A57110F0A1F96388980743D5C3F380168B
:10974000D4F85890B4F85C8000277A4D4FF0000AA6
:1097500007212868A0F800A0FCF730F851462868D7
:10976000FCF70EFA5246FB00286843EA8617394692
:10977000FCF70EFA390700F1B9802868FCF784FA83
:109780002B8AC0F1FE00A8EB03068642B4BFF6B2F6
:10979000C6B2334498455BDC63885A0648D4298AAC
:1097A000324628684944FCF733FA288A06442E8258
:1097B000286810F0B5F9072201232A716B7104B0F3
:1097C000BDE8F087C3F38016D4F85090B4F8548005
:1097D0000127BAE705364FF4C871402306FB03168C
:1097E000EB68628803EBC011CA3100FB0611160753
:1097F000696102D5AB6819446961627900200FF094
:10980000DFFF002800F0908063889B0740F087808E
:1098100094F8761001222046FFF754FBC8E705367E
:1098200018210423DAE705364FF4BF711023D5E77A
:1098300094F9142094F844106079FBF76BFB012332
:109840008DF80800062202A92868FCF78BF8A6E725
:1098500047F0100100222868FCF79AF92868FCF705
:1098600013FA2E8AC0F1FE00A8EB06088045A8BFB7
:10987000C6B22868B8BF5FFA88F6FCF77DF9B4F87D
:109880004830EA68074604F1690104F136001A44D9
:10989000B4F840311A4492B2FBF7ECFBBB19617982
:1098A0000122013384F844002046DBB2FEF7FCFEBF
:1098B000C0F307238DF80C00C0F307408DF80D307E
:1098C00004228DF80E00039B0DEB02012868ADF811
:1098D00008301B0C8DF80A30029BADF804301B0CCD
:1098E0008DF806300323FCF73DF855E7636C03A9B8
:1098F0002868C3F30B22BDF80C3062F30B0394F815
:109900004620ADF80C301209C3F3072362F30713A6
:1099100003228DF80D300223FCF724F82DE761793E
:10992000012010F0BFF973E740F6B2512D20F7F790
:109930000DF900BF940C0021F0B500231E4D044624
:1099400083B030302B826B7101F018FE6688F1060F
:109950002DD4B20721794CBFB4F85C70B4F85470C0
:10996000FEF7D0FB00960146012338466279FEF7E8
:10997000F7FBB4F84820AB6801320344A4F8482050
:10998000AB60FDF72BFA0D4BAA68A3FB001394F80C
:1099900076105B0AC3EB0323A0EB8300831800223D
:1099A0002046AB6003B0BDE8F040FFF78BBA282239
:1099B000314601F051FEDCE7940C0021818080806B
:1099C00038B5B0F8483004462C4D0133AA7CA0F8D5
:1099D0004830B2B900232B7194F881305BB9637CB5
:1099E0001BB1B4F848209A4212D220460021BDE8AB
:1099F000384003F0F1B820460121BDE8384003F0BB
:109A0000EBB810F035F90EF05BFE0023AB74E1E724
:109A10000121204603F0E0F86388DB070FD5236AB5
:109A20001D880EF03DFC68B921784322637CA4F8C0
:109A3000B95084F8B81084F8B720A3B111E00EF043
:109A40002FFC00B138BD4FF0FF3220784321637CFA
:109A500084F8B80084F8B92084F8BA2084F8B710E4
:109A60000BB194F8483004F1AE0084F8BB30022208
:109A70000349BDE83840FCF7A7BE00BF940C0021A5
:109A8000998A000160B951B1074A084B92F804C0A5
:109A9000D2E90A1063440A6952F823301847704724
:109AA000014BD86AFFF78CBF940C0021FCFFFF3FED
:109AB00003292DE9F04784B013D005290BD17E4B43
:109AC0001B68002B62D0984780F00100C0B204B040
:109AD000BDE8F0872046FFF773FF002004B0BDE823
:109AE000F08708230DF1030204468DF80330FFF7D9
:109AF0001BF90028EED0237C002B40F095806F4DA1
:109B00006788002628684FF00108BB0907210680F6
:109B100004F1690963F38618FBF750FE31462868A3
:109B2000FCF72EF8324641462868FCF731F83246F9
:109B3000062349462868C7F38017FBF713FF94F8FC
:109B400068102868FBF778FE2868FCF79DF8B4F8E1
:109B50005C30C0F1FE008342B4BFDEB2C6B2B34295
:109B60001FFA86FA14D8002F7FD13246A16D2868DB
:109B7000FCF74EF8A5F810A0FF2061790FF00CF962
:109B8000082328682B710FF0CBFFA6E718469EE745
:109B900048F0100A00222868A6F103085146023E48
:109BA000FBF7F6FF2868FBF7E7FFB4F84830EA68F0
:109BB0000644494604F136001A44B4F84031F6B27E
:109BC0001A445FFA88F892B2FBF754FA6179334687
:109BD00084F8440001222046FEF766FD8DF80C0053
:109BE000C0F30723C0F3074046468DF80D3003232A
:109BF0008DF80E00039A2868ADF80820120C8DF835
:109C00000A2004220299ADF80410090C8DF8061000
:109C10000DEB0201FBF7A6FE5146002228681FFA51
:109C200088FAFBF7B5FF9EE79DF8030094F8D03063
:109C3000002B7FF464AF2378082884F8D13024D037
:109C400004F1D30204F1D201FAF728FA70B394F8C0
:109C5000D2301A4D43F0020384F8D2300222184960
:109C600004F1C800FCF7B0FD4AE794F9142094F819
:109C700044106079FBF74EF901238DF808000622A5
:109C800002A92868FBF76EFE6FE70C4D29680B46AA
:109C900013F8032BC2F3801284F8D220D1F80320EA
:109CA000C4F8D3209B88A4F8D730D7E740F6BA7120
:109CB0002D20F6F74BFF00BF7C000021940C002103
:109CC000B18000012DE9F04182B00823052104464E
:109CD0000DF107028DF80730FFF726F800286BD04A
:109CE00062792046216AFEF73DFD216A00204FF689
:109CF000FF73FF2284F88D00088884F8AB20A4F855
:109D00008E0020469DF80720A4F8AC30FEF762FED6
:109D1000236A2D491A880D68A4F8C52093F8CD2030
:109D200084F8C72025B1184601222146A847236A96
:109D3000264D002708212868D0F80320C3F8032007
:109D4000B0F80720A3F807200678D4F82080C6F3DF
:109D5000801688F802600780FBF730FD39462868D6
:109D6000FBF70EFF3A4628684FF00301FBF710FFA0
:109D70003A46062304F169012868FBF7F3FD94F8DD
:109D800068102868FBF758FD31462868FBF762FD2C
:109D90000623012208F103012868FBF7E3FD61793E
:109DA000FF200EF0F9FF28680FF0BAFE092301200A
:109DB0002B7102B0BDE8F0812046FFF701FE0120C3
:109DC00002B0BDE8F08100BF84000021940C0021A6
:109DD000F0B5504C85B02379022B03D02379032BA7
:109DE00040F08B80E26A156A0DB195F8755088B91C
:109DF000A37C1BB10FF03CFF0EF062FCE06A02F0A6
:109E00000FFD48B30FF064FAA36A9B6805B0BDE884
:109E1000F0401847216802F1690392F8682011F8B0
:109E2000096BF009F8F7FAFF0028E1D006F00F06F9
:109E30002068052E26D02946FBF738FD0028D7D00C
:109E40002379E06A022B0DD02379032B0AD040F648
:109E5000C5412D20F6F77AFEE06A05B0BDE8F04076
:109E6000FFF7AEBDA36A314625795A692A4B2B44C8
:109E700052F823309847A37C002B43D10028BDD152
:109E800005B0F0BD90F8243003F01F03102BD2D999
:109E9000E76AFB7C002BCED008230DF10F02314680
:109EA00038468DF80F30FEF73FFF0028A0D097F816
:109EB000E130002B9CD1226807F1E201D31C233250
:109EC000D3F800C0103353F80C6C103153F8085C11
:109ED00053F8040C934241F810CC41F80C6C41F853
:109EE000085C41F8040CEBD11B88022207F1D90071
:109EF0000B800A49FCF768FC7AE740F6EC412D201C
:109F0000F6F724FE01900FF0B3FE0EF0D9FB019896
:109F1000B4E700BF940C0021FEFFFF3FC9800001A1
:109F20002DE9F04104460E46002940F08980714D2C
:109F30000023286894F8767003806388103B0D2B0B
:109F400000F2C980DFE803F077C7721EC707C7C7F2
:109F5000C7C7C7C7C7070121FBF730FC28680378CC
:109F600023F0200343F020030370002F00F09680BD
:109F700004F17701FBF758FC28680121FBF76AFC24
:109F8000286809E00021FBF719FC2868037823F012
:109F9000200343F02003037004F16901FBF734FC54
:109FA00094F868102868FBF747FC638823F00803DF
:109FB0009BB2152B60D128680FF0B2FD04232B71E2
:109FC000FEB16388102B74D004F13007D5F80C80F3
:109FD000384601F0D3FA06463846013E01F0A6FAAB
:109FE00028226188301AC0B201F060FB6388804487
:109FF0001B0763D42279414600200FF0E1FB0028C3
:10A0000073D06388103B0D2B6AD8DFE803F00D692D
:10A010000707690769696969696969072179012021
:10A02000BDE8F0410FF03EBEBDE8F0810621FBF730
:10A03000C5FB2868B0E70221FBF7C0FB2868ABE747
:10A0400000F13007384601F071FAE0B963881A0769
:10A050003CD5384601F092FA0546384601F066FADA
:10A06000281A244DC0B201F01BFBAB6803443846EC
:10A07000AB6001F0E5F907E094F85420216D286801
:10A08000FBF7F4FB97E71B4D384601F0DFF90FF0C3
:10A0900019F8217925200EF07FFE49E704F17001BF
:10A0A000FBF7C2FB286894F86F10FBF7D3FB286816
:10A0B00072E7217900200FF013F8A2E7AB6898440B
:10A0C00001F0C6FA4044C4F8180193E72046BDE801
:10A0D000F041FFF775BC40F249612D20F6F736FDDF
:10A0E00040F675512D20F6F731FD40F661512D20D7
:10A0F000F6F72CFD940C002138B54388102B1FD0A7
:10A10000124D0446AB7C63B928680FF009FD6088E6
:10A1100010F004000BD000200FF060FD02232B7123
:10A1200038BD0EF0B1FA40200FF096FDECE7217932
:10A130000FF0B8FD00200FF051FD02232B7138BD48
:10A140000121BDE83840FFF7EBBE00BF940C0021B1
:10A150000121FFF7E5BE00BF0121FFF7E1BE00BF0F
:10A1600038B5438804469A070CD4DB070AD41C4A46
:10A17000B0F85430128A9A422DD00121BDE83840FF
:10A18000FFF7B0BA002061790FF08CFD6388144DA1
:10A1900013F0020F617914BF0C2022200EF0FCFD99
:10A1A0000322AB7C2A715BB9607910F00C0018BFF8
:10A1B00028200FF013FD2868BDE838400FF0B0BC30
:10A1C0000EF062FA637913F00C0F14BF45204020A3
:10A1D0000FF042FDE8E7BDE83840FFF7F1BB00BFF4
:10A1E000940C002110B5154CA37CEBB9E06A02F089
:10A1F00017FBA0B1E06A438803F0180383B1237909
:10A20000022B02D02379032B13D12179A26A0C4BA4
:10A21000D2680B44BDE8104052F823301847E06A7A
:10A22000BDE81040FFF7CCBB0FF022FD0EF048FA5E
:10A23000DCE740F6F4312D20F6F788FC940C002181
:10A24000FEFFFF3F30B50546086883B0002855D0B3
:10A250000C4601F093F994F810E0627CBEF1040F13
:10A260003BD0294B042A294933F81E3003F2E73347
:10A2700023D0A1FB0313BEF1080F4FEA931C00F19A
:10A28000FF334FEAC31325D0BEF1020F14BFF021F4
:10A290006021634401FB0031A3882846009300231A
:10A2A000FDF75EFFE830D4E90223824273F1000338
:10A2B0002CBF0120002003B030BDA1FB0323BEF161
:10A2C000080F4FF008024FEA931C00F1FF334FEAEA
:10A2D000C313D9D14FF4D261DBE7042A00F1FF3375
:10A2E00005D0DB014FF02C0C4FF4D261D1E74FF0D9
:10A2F0002C0CDB0108224FF4D261CAE740F2FD3199
:10A300002D20F6F723FC00BF50B00201D34D6210A0
:10A310002DE9F043044685B00D4600295CD10A467C
:10A3200090F87610FEF7CEFD504E3068C37899064F
:10A3300002D00379DA062BD41DB304F13007D6F826
:10A340000C90FBF739FA8046384601F017F90546BC
:10A350003846013D01F0EAF81FFA88F2291A2079FF
:10A36000C9B201F049F9638809EB00051B0749D41C
:10A3700027793A46294600200FF022FA00286FD0AC
:10A3800030680FF0CDFB0623337105B0BDE8F083D4
:10A39000FBF712FA074604F1300094F8048001F04C
:10A3A000C5F8421C3B464146D2B22046FEF77CF936
:10A3B000C0F307238DF80C00C0F307408DF80D3073
:10A3C00004228DF80E000323306803A9FBF7CAFAB4
:10A3D0003068002DD5D0B0E700F13006304601F0EE
:10A3E000A5F828B9638818072ED5304601F028F85B
:10A3F000304601F02BF80EF065FE217925200EF095
:10A40000CBFC91E7B36838461D4401F0B7F8B4F8C7
:10A41000028018F0100F1DD118F0020F277918BF15
:10A42000B4F85C90394608BFB4F85490FDF76AFE62
:10A43000CDF800800146012348466279FDF790FE81
:10A440002844C4F8180194E7204605B0BDE8F0435D
:10A45000FFF7B6BA4146282201F0FEF82779EFE768
:10A4600040F691512D20F6F771FB00BF940C0021AE
:10A470004388092B00D0704710B50446FFF75CFAFB
:10A4800001212046BDE81040FFF742BF10B5094C3E
:10A49000E06A4388092B04D00121BDE81040FFF792
:10A4A0003FBDFFF749FAE06A0121BDE81040FFF720
:10A4B0002FBF00BF940C002138B5354C23797BB3F6
:10A4C0002379E56A022B1DD02379032B1AD014F0CF
:10A4D0002DF894F8303083B1284602F0A1F960B12C
:10A4E000E56A6B8818071CD4627932B9D90605F180
:10A4F000300021D501F01AF860B92846BDE838408F
:10A50000FFF75EBAA37C002BE1D00FF0B1FB0EF099
:10A51000D7F8DCE728460121BDE83840FFF700BD49
:10A5200038BD092BF6D12846FFF706FAE06A01216B
:10A53000BDE83840FFF7ECBE00F0F8FF88B96B8843
:10A54000DA06DAD4A279002AD7D003F02303B5F8CB
:10A55000542013430BD028460021BDE83840FFF7B4
:10A56000C1B828460121BDE83840FFF7D1BEA06937
:10A5700020B1403016F011FF0028ECD1E06900282E
:10A58000BBD0403016F009FF0028E4D1B5E700BF8A
:10A59000940C002170B52D4E84B03379002B37D147
:10A5A00003780446FF2B33D0FEF79EFA054610B120
:10A5B000284604B070BD03212078F7F793F90521F0
:10A5C000B0612078F7F78EF9B369F0610BB100281C
:10A5D00036D13379012BEBD094F8823003BB04F1F0
:10A5E0003600B4F8483004F16901F2681A44B4F84E
:10A5F00040311A4492B2FAF73DFD618884F8440074
:10A6000011F0100108D000212046FFF789FCCFE7A8
:10A610000C25284604B070BD2046FFF779FEC7E739
:10A6200002A8FAF7CDFC0028D9D004F1360002A91F
:10A630000190FAF707FD0023019884F88230D0E7F3
:10A6400040F658212D20F6F781FA00BF940C002126
:10A6500070B5194E012504463030B57100F066FF23
:10A6600080B96388DA0621D4B279FAB103F0230302
:10A67000B4F8542013430BD020460021BDE87040AD
:10A68000FFF730B829462046BDE87040FFF740BECE
:10A69000B06920B1403016F080FE0028ECD1F0699E
:10A6A00020B1403016F079FE0028E5D12046BDE803
:10A6B0007040FFF785B900BF940C002190F88030FE
:10A6C0002DE9F04784B0002B42D14588044615F0AF
:10A6D00001053DD0734EB37C002B40F0C180316842
:10A6E0004FF0080811F8030BC0F38010FDF78AFC47
:10A6F0008146316804F1700394F86F2011F8030B60
:10A70000C0F38010F8F78AFB3168074611F8030B95
:10A71000C0F38010F9F730FB8246F9F781FEBAF1F9
:10A72000080F0CBF002300F00103002B40F0AB80AA
:10A730002846B8F1080F00F0908077B9E07FA0EBD1
:10A740000800B0FA80F04009628852077BD538B91A
:10A750000025284604B0BDE8F0876288510772D50D
:10A760003168514B11F8030B96F82020C0F380108C
:10A77000F8F754FB07460028EAD1216A20463368DF
:10A780001A7891F8CD3003EA5213012203F0010345
:10A7900081F8CD30FDF7E6FF216A84F88D704FF621
:10A7A000FF700B88FF274246A4F8AC00A4F88E3057
:10A7B000204684F8AB70FEF70DF902223B4904F104
:10A7C0008400FCF701F8236A394904F1BC001A88B7
:10A7D000A4F8C520022293F8CD3084F8C730FBF7E7
:10A7E000F3FF236A1F880DF05BFD88B92278637C34
:10A7F000A4F8B97084F8B70084F8B820002B49D1C8
:10A8000002222C4904F1AE0084F8BB30FBF7DCFFD8
:10A81000294B00221B68327113B12146206A9847E8
:10A8200033682846226AD3F80310C2F80310B3F83D
:10A830000710A2F807101B78226AC3F380139370E5
:10A8400004B0BDE8F087002B82D1B9F1000F87D1A9
:10A85000637D012B3FF67CAF82E73840C0B273E7DF
:10A86000F9F758FC082880463FF439AF0DF107018D
:10A8700002AAF9F713FC80B102A99DF80700FDF7C1
:10A88000C1FB814635E75046F8F7A4FC80F0010390
:10A89000DBB24EE794F84830B2E740F63D712D2028
:10A8A000F6F754F9940C0021B50C0021A988000199
:10A8B00075800001998A00018400002138B5344D6B
:10A8C000B0F85C302A8A9A4205D00121FEF70AFFCF
:10A8D00008232B7138BDB0F848300446AA7C0133F8
:10A8E000A0F84830B2B900232B7194F881305BB9DD
:10A8F000637C1BB1B4F848209A4212D22046002152
:10A90000BDE8384002F068B920460121BDE8384072
:10A9100002F062B90FF0ACF90DF0D2FE0023AB7477
:10A92000E1E70121204602F057F96388DB071DD4D7
:10A930000DF0B6FC0028CDD14FF0FF322078432136
:10A94000637C84F8B80084F8B92084F8BA2084F8CD
:10A95000B7100BB194F8483004F1AE0084F8BB3066
:10A9600002220C49BDE83840FBF72EBF236A1D8840
:10A970000DF096FC0028ADD121784322637CA4F829
:10A98000B95084F8B81084F8B720002BE4D0E1E780
:10A99000940C0021998A000103292DE9F04385B028
:10A9A00017D0052911D16A4B1B68002B6AD0984734
:10A9B00080F00100C0B205B0BDE8F0831540EDB2F3
:10A9C00063885B0773D5002D3AD1012005B0BDE83F
:10A9D000F083438804469907F7D55E4EB37C002B7D
:10A9E00052D13168082711F8030BC0F38010FDF72E
:10A9F00009FB8046316804F1700394F86F2011F868
:10AA0000030BC0F38010F8F709FA3168054611F816
:10AA1000030BC0F38010F9F7AFF98146F9F700FD99
:10AA2000B9F1080F0CBF002000F0010000286CD124
:10AA30000122082FC2D0002D43D063885A0736D593
:10AA4000237C002B43D13068002504210580FAF7D0
:10AA5000B5FE04F169013068FAF7D6FE94F8681083
:10AA60003068FAF7E9FE94F85C20A16D3068FAF7D7
:10AA70000DFF0523306833710FF052F8284605B0FA
:10AA8000BDE8F0831846A1E7F9F744FB082807461C
:10AA9000A7D00DF1070102AAF9F700FB002851D059
:10AAA00002A99DF80700FDF7ADFA8046A2E700284D
:10AAB0008BD1B8F1000FC3D1637D13F0FD0F84D1AA
:10AAC000BEE7E57FED1BB5FA85F56D0978E794F8EB
:10AAD000D030002BB7D12378082F84F8D1301CD088
:10AAE00004F1D30204F1D2013846F9F7D7FA20B3C2
:10AAF00094F8D23043F0020384F8D230022216498F
:10AB000004F1C800FBF760FE9DE74846F8F762FBDA
:10AB100080F001030246D8B28BE731680B4613F888
:10AB2000032BC2F3801284F8D220D1F80320C4F89A
:10AB3000D3209B88A4F8D730E0E740F6BA712D20E7
:10AB4000F6F704F840F63D712D20F5F7FFFF00BF42
:10AB500080000021940C0021B180000108B590F81C
:10AB60008C3043B990F8C4302BB990F8B63003F06C
:10AB7000FF0013B908BD012008BD0DF091FB80F066
:10AB80000100C0B208BD00BF094810B5037913B178
:10AB90000C24204610BD03F0FF042422043021467B
:10ABA00013F0A2FB0FF064F80DF08AFD204610BDF3
:10ABB000940C0021002310B50D4C237123792060E3
:10ABC00023B140F21E312D20F5F7C0FF03F0FF0145
:10ABD0002422201D13F088FB0FF04AF80DF070FDC1
:10ABE000A36A03B110BD40F221312D20F5F7AEFF6D
:10ABF000940C002130B54FF4AC7285B00D460021A5
:10AC0000044613F071FB42F21073FF211322E38418
:10AC100021706280F6F770FF00220146E06468460A
:10AC2000F6F7AEFF00220121E06C14F035FC04229F
:10AC3000E16C6846F6F7A4FF0022E06C114614F0C0
:10AC40002BFC04F13000257500F0D8FB02A8FAF7C0
:10AC5000B7F930B102A904F13600FAF7F3F905B0FB
:10AC600030BD40F23A312D20F5F770FFFF23C86C5C
:10AC70000B7014F0DEBB00BF014B024A9A627047B2
:10AC8000940C0021E4B30001054A06490648074B2D
:10AC900010B4074C1160074A04601A6010BC70477A
:10ACA0008400002161CB0001800000217C00002194
:10ACB000BDA60001C59C00010078FF3818BF012027
:10ACC000704700BFF0B5044683B030300E4600F048
:10ACD00055FC6588E90611D4AA0721794CBFB4F860
:10ACE0005C70B4F85470FDF70DFA62790146334692
:10ACF00038460095FDF734FA03B0F0BD2822294606
:10AD000003B0BDE8F04000F0A7BC00BF428812F0DD
:10AD1000180F01D00120704710B50B4686B0B0F86F
:10AD200004C000F13004ADF80420ADF810C0009468
:10AD3000D0E90201CDE9020169461846FFF782FA1F
:10AD400006B010BDD0E90201704700BF407D003859
:10AD500018BF0120704700BF2DE9F0410446807DF7
:10AD6000831EDBB2012B8CBF4FF000084FF00108AF
:10AD700010F0FD0514BF01270027012B41D963887E
:10AD80009A0608D40826002D4DD0637F002B52D19F
:10AD90000020BDE8F0810826E67784F81E8084F85C
:10ADA0006870F8F7E3FF05460FF0FAFC00226B012C
:10ADB0004FEAD56C84F876205B1B6CF1000C4FEAEF
:10ADC0004C2C4CEAD35C5B025B194CF1000E4FEA51
:10ADD000831C4FEA8E16BCEB030C46EA936666EBC7
:10ADE0000E061CEB050346F100061B18204646EB39
:10ADF00001061146C4E91836FDF71CFD20B3BDE875
:10AE0000F08104F1700194F86F00F8F7B5FF6388E2
:10AE100006469B06C0D40828B4D0F8F7E7F9002806
:10AE2000BAD0002DB1D1284604F16901F7F7DAFF55
:10AE30000028B1D1ACE7D4F81730C4F86930B4F8C1
:10AE40001B30A4F86D30A7E740F2B6412D20F5F78E
:10AE50007DFE00BF0B680122C0F817308B88427757
:10AE6000A0F81B30704700BF2DE9F04F84469DB01D
:10AE70000C4690F8058090F812A0054610AF08AE79
:10AE8000BCE80F000FC7BCE80F000FC79CE80F001D
:10AE900087E80F00304600F0B1FA237DA27A013B2B
:10AEA00061780592DBB22278022B069200F2E080F4
:10AEB000724A01F07F07C906134493F8149008D42E
:10AEC000A37D013BDBB2022B00F2D280134493F846
:10AED0001480BAF1010F09D1B9F1080F08BF4FF082
:10AEE0000409B8F1080F08BF4FF00408617A304632
:10AEF00000F08CFA237D022B78D00121A27E30460F
:10AF00000132D2B200F084FA3A0773D500231A4610
:10AF1000E86C94F818A0CDE90332A37CAAF1010AE9
:10AF2000079314F047FB8346E86C14F053FBBAFA1E
:10AF30008AFA58454FEA5A1A38BF584680B2DDE9B6
:10AF4000033200283CD10799AC46ADF8427010AFEF
:10AF50008DF855104FF0000E05998DF850A08DF822
:10AF6000561006998DF844908DF840108DF8458064
:10AF7000129313920FCFACE80F000FCFACE80F0085
:10AF800097E80F008CE80F0096E8030095F846302C
:10AF90002863A986E27A12F0FD0F14BF01227246DF
:10AFA00085F86F20E2682A67228AA5F87420E27D7E
:10AFB00062F3071385F8463070461DB0BDE8F08F88
:10AFC00017F0180F0A96ADF82C708DF838908DF8A0
:10AFD0003980CDE90C32B6D10AA9FFF733F9DDE9A2
:10AFE00003320028AFD14FF0450EE5E7617D013116
:10AFF000C9B283E7304600F0C1FA63788246DB06C7
:10B0000026D52822394600F027FB1D4B00F2E62208
:10B010002179A3FB0232E37843EA01236179520AE2
:10B0200043EA014340F2712101FB02F201FB03F309
:10B030009A420BD9E079A37943EA0023207A43EAC4
:10B04000004301FB03F39A4298BF134600225FE7D7
:10B05000F6F77EFD0346504649469A46FDF752F8FC
:10B0600001230146424650460097FDF779F8CCE7A8
:10B0700040F29A210620F5F769FD00BF50B00201A9
:10B080005917B7D1438813F0100005D013F0040FFF
:10B0900014BF00201F2070479A0702D4DB0701D598
:10B0A000EE207047F6F754BD08B5438813F0100042
:10B0B00004D083F00403C3F3800008BD9A07FCD4D6
:10B0C00013F00100F9D1F6F743FD003818BF012055
:10B0D00008BD00BF438800221D2BA0F8482008BFF0
:10B0E00011464174704700BF90F91400704700BFCB
:10B0F000408800F0010070474088C0F3400070476E
:10B100004088C0F3C00070474388DA0610B509D400
:10B1100083F00203C3F34004C06C14F042FA2043EE
:10B12000C0B210BD0124F7E74088C0F3001070479B
:10B130004088A0F10900B0FA80F04009704700BFD4
:10B1400040797047024B9A6AD8621368184700BF6B
:10B15000940C002190F8683001624B72D0F869308D
:10B16000C1F80A30B0F86D30CB81704738B5304C3B
:10B170002379012B01D0002038BDB0F848300546B6
:10B18000A27C0133A0F84830002A36D10023237175
:10B1900095F8813063BB6B7C1BB1B5F848209A42AF
:10B1A00004D20021284601F017FDE4E701212846DA
:10B1B00001F012FD6B88DB0726D52B6A1C880DF089
:10B1C0006FF80028D7D1297843226B7CA5F8B940C5
:10B1D00085F8B81085F8B7200BB195F848300222F1
:10B1E000144905F1AE0085F8BB30FBF7EDFAC2E774
:10B1F0000121284601F0F0FCBDE70EF039FD0DF00D
:10B200005FFA0023A374C1E70DF04AF80028B2D119
:10B210004FF0FF32287843216B7C85F8B80085F821
:10B22000B92085F8BA2085F8B710002BD7D0D4E71D
:10B23000940C0021998A000138B5B0F848300446D2
:10B240002C4D0133AA7CA0F84830B2B900232B71F1
:10B2500094F881305BB9637C1BB1B4F848209A4202
:10B2600012D220460021BDE8384001F0B5BC20468E
:10B270000121BDE8384001F0AFBC0EF0F9FC0DF043
:10B280001FFA0023AB74E1E70121204601F0A4FC82
:10B290006388DB070FD5236A1D880DF001F868B9B4
:10B2A00021784322637CA4F8B95084F8B81084F85C
:10B2B000B720A3B111E00CF0F3FF00B138BD4FF09F
:10B2C000FF3220784321637C84F8B80084F8B920E9
:10B2D00084F8BA2084F8B7100BB194F8483004F120
:10B2E000AE0084F8BB3002220349BDE83840FBF7CA
:10B2F0006BBA00BF940C0021998A000138B54388CD
:10B3000004461A0732D4DB071AD5236A1D880CF0CD
:10B31000C7FF88B921783C22637CA4F8B95084F82F
:10B32000B81084F8B720F3B902221B4904F1AE002B
:10B3300084F8BB30FBF748FA012384F8813038BD2C
:10B340000CF0AEFF0028F7D14FF0FF3220783C21FF
:10B35000637C84F8B80084F8B92084F8BA2084F8B3
:10B36000B710002BE0D094F84830DDE7016A3C20AC
:10B370004FF6FF73FF2284F88D00088884F8AB2015
:10B380000222A4F88E0004F18400A4F8AC30034932
:10B39000FBF71AFA6388B6E7998A0001A9880001C9
:10B3A00080F88010704700BFFF2380F8833070471B
:10B3B00080F8241080F82520704700BF99A900016B
:10B3C000B19A0001F9A0000159A1000151A60001A4
:10B3D00061A10001BDA80001458E000151A100013D
:10B3E00071A4000195A50001B9A400018DA400017C
:10B3F000DCB30001C4B30001BCB30001002240F281
:10B400000113C0F802200380704700BF81707047AD
:10B4100008B590F802C00170CCF380034270CCF301
:10B4200040000CF0010C0344634403FB01F101FBF9
:10B4300002F2FE2A00DC08BD5C212E20F5F786FB17
:10B4400000234371A0F80330704700BF08B582782D
:10B450000346D1070DD5C07810F0010C09D15979F8
:10B4600093F801E00131C9B28E45597142D02520CF
:10B4700008BD900703D5D97811F0020C23D05107ED
:10B4800013D4597958780131C9B28842597108D119
:10B49000D87800219042597103D11A79D9700132BC
:10B4A0001A7139212E20F5F751FBD97811F0040CCF
:10B4B000E7D1587993F801E00130C0B28645587160
:10B4C00026D0272008BD587993F801E00130C0B29A
:10B4D0008645587101D0262008BD41F0020183F84D
:10B4E00005C08A42D970F6D11A7983F803C00132B7
:10B4F0001A71F0E740F0010083F805C08242D8706D
:10B50000B5D11A79252083F803C001321A7108BD1C
:10B5100041F0040183F805C08A42D970D1D11A796B
:10B5200083F803C001321A71CBE700BF00B58378FE
:10B5300090F801C0C3F3400EC3F3800103F0010390
:10B54000C278714490F804E019440378A3EB0E0329
:10B5500090F805E003FB0CF0C2F3800301FB00F060
:10B56000C2F3400102F001020B44A0EB0E001344B1
:10B5700003FB1C00C0B25DF804FB00BF827890F8AA
:10B5800001C0C2F34001C2F38003007802F001025F
:10B590000B440CFB00F0134403FB00F0C0B27047F7
:10B5A00008B543793BB18378D90709D5C278D2076A
:10B5B00006D4252008BDC3789A070FD5262008BDDC
:10B5C000990702D5C2789207F8D55B0702D5C378F0
:10B5D00059070ED539212E20F5F7B8FAD907E8D446
:10B5E00083785A0705D413F0020F0CBF25202620BC
:10B5F00008BD272008BD00BF082816D004280AD09F
:10B6000002281CD005320823282002FB03008030CA
:10B6100001FB00F07047053210234FF4BF7002FBAE
:10B620000300803001FB00F07047053240234FF4E7
:10B63000C87002FB0300803001FB00F07047053248
:10B640000423182002FB0300803001FB00F0704748
:10B6500040F2EF20704700BF0138022808B519D822
:10B66000132907D811290CD810290FD10B4B33F807
:10B67000100008BD152909D1084B03EB40000089D3
:10B6800008BD064B03EB4000008A08BDD8212F20DF
:10B69000F5F75CFACA212F20F5F758FA68B00201D5
:10B6A00040F25A3303FB00F0704700BF08B5431E59
:10B6B000DBB2012B01D91D2924D110390D291CD849
:10B6C000DFE801F00C1B07071B161B1B1B1B1B1BBA
:10B6D0001B110E4A02EB4303188C08BD0B4A02EB08
:10B6E0004303188B08BD40F25A3303FB00F008BD3A
:10B6F000064A02EB4303988B08BD4FF481712F205B
:10B70000F5F724FAEE212F20F5F720FA68B00201B0
:10B7100040F24F31062008B5F5F718FA70B582B03F
:10B720000446FFF701FD18B98B24204602B070BD16
:10B730002046FFF7DDFCD0B189267F240DF10600FD
:10B740000EF0C8FE0DF107009DF906500EF0C8FE80
:10B750009DF807301D436DB2002D18BF344612F01E
:10B7600015FF60B11834A4B2204602B070BD204667
:10B77000FFF7C2FC0028DFD17F267524DEE712F038
:10B7800061FE0028D1D00F34A4B2CEE72DE9F041FC
:10B7900082B0002800F03F810446082900F226818B
:10B7A000DFE811F0DB00E90009000900D600240100
:10B7B000D00002012001FFF7B7FC002800F0FE8056
:10B7C0002046FFF795FC002800F01C8189277F2583
:10B7D0000DF106000EF07EFE0DF107009DF90660EA
:10B7E0000EF07EFE9DF807301E4376B2002E18BF85
:10B7F0003D4612F0CBFE002800F0FC801835ADB2BB
:10B80000B4F82A3100210122A4F83851082B84F819
:10B81000301184F83B2100F2DE801344D4F80C216F
:10B820009BB2A4F82A3112B1092B00F0D98002236F
:10B8300084F83A310EF0B4FFD4F84021D4F8443102
:10B840000546171A0E4663EB01080FF033F8B4F8FB
:10B850003831E33303449BB29F4278F1000204DAAB
:10B860005B1946F10006C4E9503604F598750021CD
:10B870002846F9F71BFA94F8503103F0FF01002B2A
:10B8800040F0A1806FF00043D4E952029A4208BF11
:10B89000B0F1FF3F13D02046D4E95067FFF712FA0A
:10B8A000D4F8483100F58470D4F84C219B1B62EB2E
:10B8B00007021B1A62F10002002AC0F281802946A9
:10B8C00094F8080111F04EF9002800F0B280D4F885
:10B8D0004011D4F82001D4F84431D4F8242188420E
:10B8E00072EB030344D22046FFF72CFA50EA01031F
:10B8F000074688463CD0D4F820313A46D4E9500176
:10B90000C01AD4F8243161EB0301434612F0B8FBAE
:10B91000064607FB01F5A7FB062600FB0851D4E904
:10B92000483031449A1841EB0001C4E948211FE036
:10B93000E81A03217D2838BF7D2011F095FEC4F858
:10B94000345138B3204602B0BDE8F041FFF774BC73
:10B9500002B0BDE8F0410EF023BAFFF7F3FB002878
:10B960005DD1D4F83401F83811F0D6FD00285BD051
:10B9700002B0BDE8F081FFF7C3FB014650B9204695
:10B98000FFF7A0F9D4F8343100F584759D42CFD883
:10B99000C4F834512046FFF7E9FB0028E8D040F214
:10B9A000A2213020F5F7D2F890F8080110F072FFCC
:10B9B000002384F8283102B0BDE8F0818B251FE711
:10B9C0002046FFF79BFC94F8080110F063FF00236A
:10B9D00084F828317BE7D4F80C31002B3FF427AFF3
:10B9E000012325E7EA213020F5F7B0F8EE213020D9
:10B9F000F5F7ACF812F026FD00283FF401AF0F3543
:10BA0000ADB2FDE62046FFF777FB00287FF4DEAEFF
:10BA10007F277525DCE6CA213020F5F797F840F23C
:10BA200077213020F5F792F84FF41F713020F5F7A9
:10BA30008DF840F2AC613020F5F788F82DE9F04F31
:10BA400004468BB00020174602930E4694F87130DE
:10BA50000690059315F02DFA94F8D8220B2A00F2DF
:10BA60007983AE4B94F8C61033F8125087F0010278
:10BA700003912844049285B22FB3B4F868A304F567
:10BA80005078B4F8BC90A6EB0A0AA6EB09090FFAA5
:10BA90008AFA0FFA89F9BAF1000FC0F2CC81A04AF4
:10BAA000DDF808B0127802F0FF07002A40F0D481D8
:10BAB00094F82433032B00F25483DFE813F03501AC
:10BAC000FA0097002F0094F82423032AD5D10E29D9
:10BAD000D3D1B4F8B423B242CFD1B4F86A2320460C
:10BAE000B4F8F6120A44C4F82023D4F82C23C4F87E
:10BAF0001823E269C4F81C2303F060F8D4F8B823D3
:10BB0000E262B4F8B6232286D4F8BC23E261D4F80A
:10BB1000C0236262022284F82423AEE7E569029B17
:10BB200005FB0AF2002B40F0098294F83B33002B0E
:10BB300000F0B2827A4B5868D4F82C33D71BEB1A3A
:10BB40000697A3F5C475D4F86033854228BF05462F
:10BB5000DF19D4F8643304F13800C4F8F05243F12B
:10BB60000003C4F85073C4F85433002384F84033FE
:10BB70009223A4F84833FAF7C7FE0544A4F8686393
:10BB8000C4F84453D4E9D423C4E9D82302F0CAFF4B
:10BB900020B1D4F844331E33C4F84433B4F8E0126F
:10BBA00000238E1B84F84A3336B29E4202DD022304
:10BBB00084F84A33039A0E2A029A00F03282002A4D
:10BBC00040F0328294F82433002B40F053824146F7
:10BBD00094F86C0310F0C6FF002800F0B682049BB6
:10BBE000002084F838330BB0BDE8F08FE36A2946B3
:10BBF000D4F81C0318440EF02DFE2946C4F828037F
:10BC0000E0690EF027FE41F64B53E26994F871901B
:10BC10009A42444D98BF0230C4F82C0348460EF0B7
:10BC2000D7FA4DF6417119F00C0F01442046A5FBDF
:10BC3000013114BF2823002303EB91118031FBF75E
:10BC400015F8B4F8F6321BB9029B002B40F029829C
:10BC5000D4F81C33E26AD4F8285313445B1B0693D0
:10BC6000D4F81833D4F8202394F871A002FB0355BC
:10BC7000238E1AF00C0F05F1300503EB450540F05B
:10BC800057814AF2A13950460EF0A2FA254B814461
:10BC9000A3FB09394FEA99194D4450460EF090FA2A
:10BCA0001F4B2844069AE5695860012384F8243321
:10BCB00042E7D4F82C23E369D4F820139B1AB4F894
:10BCC000F6520AFB03F3A944D4F828530693CB4356
:10BCD000303594F871A09944D4F818331AF00C0F49
:10BCE00003FB015502FB0959258E05EB490540F080
:10BCF0001C814AF2A13950460EF06AFA094B814480
:10BD0000A3FB09394FEA99194D4450460EF058FAF1
:10BD1000034B2844069A5860E5690DE78CB0020190
:10BD2000C80C0021D34D621094F871104AF2A13B67
:10BD300094F8EE02F9F718F88146E06A2946DFF830
:10BD400028A348440EF086FD2946C4F82803E0697C
:10BD50000EF080FDE26941F64B5307A99A4298BF65
:10BD60000230C4F82C0308A80EF00EF8079B0093CD
:10BD7000DDE90823D4E9D80111F0E8FE94F8713028
:10BD80000546184605930EF023FA059B4DF64171C2
:10BD900013F00C0F01442046AAFB013114BF2823E5
:10BDA000002303EB91118031FAF760FFD4F8703370
:10BDB000E26A94F87100069305920EF009FA00EB1E
:10BDC0000B03059AD4F82803AAFB0331069B203BFA
:10BDD00013441B1A4B44B4F830905B1B00F1300540
:10BDE00009F12209A3EB91136D00069394F87130C9
:10BDF00013F00C0F40F09F80184605930EF0E8F901
:10BE00008344AAFB0B3A059B4FEA9A1A4D44184605
:10BE10000EF0D6F9954B5544069A28445860D4F84C
:10BE20007033D31AB3F5F87FBFF476AF40F2ED412B
:10BE30003020F4F78BFE0022CA464FF0010B84F845
:10BE40003B238A4AD4E9D6011278C4E9D80102F02A
:10BE5000FF07002A3FF42CAE0EF0A6FD074600288F
:10BE60003FF426AEB4F80C23012A40F2CB8094F8BC
:10BE70002423022A00F0C68094F83A23002A40F0D6
:10BE8000C180E06941F64B57B84240F23D8194F8D9
:10BE9000D8220B2A00F25E81754B33F8125094F8C9
:10BEA000243305F5C865012BADB240F02F8194F81D
:10BEB000C930032B40F03E81D4F81C03E76A0744E5
:10BEC00029460EF0C7FCD4F8183302463846D4F899
:10BED00020732946D31AC4F8182303FB07F70EF082
:10BEE000B9FCD4F828332946C4F82803C31AE069FA
:10BEF0001F440EF0AFFCE36941F64B529342B4F895
:10BF0000F632D4F820234B4498BF0230D243A3EB3F
:10BF10000A031344D4F82C23C4F82C03801A00FB22
:10BF20000377012384F83A33C2E54FF06509EBE665
:10BF30004FF06509B0E64FF0650A67E7B4F8F632EE
:10BF4000002B7FF4F2AD84F83B33D4F82C1301FBC3
:10BF50001A2A94F8C520262ACDF818A054D094F8AF
:10BF6000C620262A50D0BBF1000F27D033BBD4F80F
:10BF700074B3BBF1000F00F0EF8094F8710010F083
:10BF80000C0F40F0BF800EF023F94AF2A133364D7A
:10BF90000344D4F874B394F87100A5FB0335AD09DC
:10BFA0001035AAF1100A0EF00BF9B4F8F6320AEBCC
:10BFB0000B02D4F82C13551B2D1A069503EB090B15
:10BFC000059801FB0BFB10F00C0F0BF1300B4FEA47
:10BFD0004B0B64D14AF2A1350EF0FAF8224B05441E
:10BFE000A3FB0535AD0905980EF0EAF805441F4B93
:10BFF00005EB0B00E569586041F64B539D4274D93F
:10C00000069A99E5002753E5B4F8B423B21A12044E
:10C01000A9D4059894F8B723002A18BF10460590B4
:10C02000A1E7002A3FF4D3ADB4F80C23CAB1B4F8A9
:10C030000E0394F8101300FB011101308A427FF7C0
:10C04000C6AD002B3FF4C3AD0023A4F80E0384F863
:10C050004A33FAF7C3FE00F00700013084F81003FA
:10C06000B5E5A4F80E23B2E5D34D6210C80C00214B
:10C070008CB00201D4F82C334046E169C91AF8F7B4
:10C0800015FE83B2002B3FF4A2AD149A0120002AC2
:10C090003FF4A9AD1380A6E5B4F8F63255E765255F
:10C0A000A1E7D4F81C33E26A94F871B003EB020AFA
:10C0B00058460EF08DF8AAF12003D4F87423814677
:10C0C0005846D4F828B303EB020A0EF079F84AF286
:10C0D000A132AAEB0B034A441B1AA5FB0225A3EBD2
:10C0E0009513D4F828530693BAE5284606AB1F4AA1
:10C0F0005946F8F7E7FE1E4B84F83B03069A58684A
:10C10000E56919E575254CE71746D1E429460EF097
:10C11000A1FBE369BB42B4F8F672D4F82C3398BFA4
:10C1200002304F44C4F82C03A7EB0A07C01A00FBE7
:10C1300007F7F6E6E76A94F8711094F8EE02F8F75C
:10C1400013FE0744D4F81C03BAE640F29D51302098
:10C15000F4F7FCFCFFF7DCFA40F23F513020F4F733
:10C16000F5FC40F254513020F4F7F0FCCC0C0021E7
:10C17000C80C00212DE9F04385B0002800F0718142
:10C180000446082900F25481DFE811F0880000011C
:10C19000090009007000520175007D004E010EF08B
:10C1A000FFFAD4E9D623801A61EB0301012871F16B
:10C1B0000003C0F264816FF00102002382428B41D0
:10C1C000C0F25881E3690BB1B0FBF3F394F8C620D9
:10C1D0000E2A00F02281B4F8BC10B4F836230B44C8
:10C1E0009BB2D11A090454BF531C01339BB2A4F86B
:10C1F000363394F83933B4F8361323B9B4F8E4324B
:10C200008B4200F02181B4F8BC30B4F8FC50B4F893
:10C21000FA002B44B4F86A23013B01321B1AA4F83C
:10C220006A239EB2731A1A0400F1CB800DF10E0539
:10C230000023204600951A46FFF700FC002840F036
:10C24000AA80A36F3BB3B4F8F620B4F836339B1A38
:10C250001BB2002B1FDDB4F87C100B44013BB3FB79
:10C26000F1F303FB0123A4F8F63014E005B0BDE8B8
:10C27000F0430DF095BD01200EF0B8FA05B0BDE811
:10C28000F043F6F7C7BA90F82433042B40F0FC8053
:10C29000002380F8243305B0BDE8F083002290F835
:10C2A0003833C0F87423002B00F0A680B0F8363382
:10C2B000B0F8BC20934200F0CC809A1AA0F8BC30B1
:10C2C000A0F8E6222046D4E9D423C4E9D62302F01C
:10C2D0000BFB94F8EB32002BDDD094F8712040F288
:10C2E0000E29E769D4F82C3312F00C0FDFF8A08187
:10C2F00008BF4FF4F3799F4288BFFF1A98F80830BF
:10C3000098BF0027002B00F0978004F13800FAF75F
:10C31000FBFA94F87160054630460DF059FFD4F8E9
:10C32000F0324DF6417216F00C0F03F18003024417
:10C330004FF002002B44574DA5FB022503EB95134C
:10C3400014BF282500251D4411F040F902217F1B50
:10C3500027EAE776864228BF0646304611F084F980
:10C3600000B935444A4629462046FAF7FDFBE26902
:10C37000D4F8F032C8F80C00D01811F0CDF800282D
:10C3800089D140F2A3313020F4F7E0FB05B0BDE8DD
:10C39000F04302F0C5BB012867D1B4F83613B4F8F6
:10C3A000E0228B1A13F4004FBDF80E30194489B205
:10C3B000A6EB01032CD11BB2A4F83613002BBFF659
:10C3C00037AF94F8C93004F1DE003349002B0CBFBD
:10C3D0003E23082384F8E730FAF796F9204602F066
:10C3E000A9FB002394F86C0384F8243310F052FA6C
:10C3F000202384F86C334EE7B0F83433B0F8BC1027
:10C40000B0F834235B1AA0F8BC20A0F8E63259E754
:10C410001B0416D4A4F836130AE7B4F83613013116
:10C4200089B2A4F83613EEE6BE213020F4F78EFB75
:10C43000C2213020F4F78AFBA36B9F4228BF1F461E
:10C4400063E7B31A1146B6E7013189B2A4F836138F
:10C45000D9E6B0F8E422D31AA0F8BC20A0F8E6325E
:10C4600030E794213020F4F771FB40F25A6130201C
:10C47000F4F76CFB40F21B613020F4F767FB40F2ED
:10C480001A613020F4F762FBB8213020F4F75EFB2C
:10C49000C80C0021D34D6210417000012DE9F04716
:10C4A00000260546012782B080F810618A46D0F840
:10C4B0000C013946D5E9508980F8EE2285F82861CB
:10C4C00085F82971F8F7A6F9D5F80C4132463146BE
:10C4D0002046C4E9D68995F80831C4F870A384F8D9
:10C4E0006C33334684F82463A4F86863C4E9D889BC
:10C4F0000096FFF7A3FAC8B984F82473C4F82003A0
:10C50000C4F81803A4F83603A4F83403B4F8BC3014
:10C5100084F83903013BA4F86A03A4F8BC300CF09A
:10C5200071FF02B0BDE8F0470FF0EEBF40F21B21F3
:10C530003020F4F70BFB00BFD0F80C01704700BFB0
:10C540002DE9F043002385B002220126CDE9003316
:10C550008DF806206846F5F7FDF9044620BB009DDE
:10C5600095F82831002BF5D00121284685F8506137
:10C57000FEF716FF95F82831002BEBD095F808014F
:10C5800010F05CFD95F8080111F0A0F995F808018C
:10C5900010F080F900283BD085F828416846F5F76F
:10C5A000D9F904460028DAD0DFF878800126002582
:10C5B0004FF6FF7788F810601AE0029BE3B193F81A
:10C5C0006C23202A18D01888B8421BD00121F5F717
:10C5D00089F9814608B390F86C0311F077F999F85E
:10C5E0006C0389F8244310F055F9202389F86C3343
:10C5F000CDE902558DF80E6002A8F5F7ABF90446B7
:10C600000028DAD0002088F8100005B0BDE8F083DB
:10C6100040F207213020F4F799FA40F21F11302040
:10C62000F4F794FAC80C0021054B0022012142F2D4
:10C6300010701A72588219701A74FFF781BF00BF08
:10C64000C80C002190F82831002B40F0A7802DE97C
:10C65000F04104460F4601465848154603F0FF08CE
:10C6600010F0EEF8202806466FD04146502204F51F
:10C67000847011F039FE012384F80861C4F80C714C
:10C6800084F8283137B1FAF7C1FB00F00700013018
:10C6900087F8100320460027FFF740F84FF4817316
:10C6A00084F83071A4F83801A4F83A310EF002F998
:10C6B000B4F83861E33606442046B6B2FEF720FDF2
:10C6C000002845D014F0F5FB00F5CD6128464FF069
:10C6D000010889B20EF0BEF82844C4F834010EF007
:10C6E0005FF83018E78441F10001C4F8400184F894
:10C6F00010812046C4F84411FEF71AFD002844D0EA
:10C70000A5F2045541462046FEF7DCFA2D1AC4F87E
:10C7100014514FF0FF326FF00043C4E9522304F587
:10C72000987194F8080110F01DFA002840D00025F7
:10C730002046D4E950232946A4F82A51C4E94823C5
:10C74000FEF72EFE2846BDE8F0810C20BDE8F08102
:10C7500001462046FEF7B6FA194F00F58470C4F87A
:10C760003401788A08B1E08CD0B906440EF018F88C
:10C77000361841F10001C4E95061002DC9D0AE194D
:10C7800041F10001C4E95261C9E7A5F5847540464D
:10C79000FEF786FF2D1AC4F81451BAE70C20704733
:10C7A000FAF734FB7B8AB0FBF3F202FB1300DCE701
:10C7B00040F2E9113020F4F7C9F900BF8DB700014C
:10C7C000C80C002190F828310BB9002070470121D6
:10C7D00010B5044680F85011FEF7E2FD94F82831B8
:10C7E0000BB9002010BD94F8080110F027FC94F854
:10C7F000080111F06BF894F8080110F04BF820B123
:10C800000023002084F8283110BD40F20721302099
:10C81000F4F79CF9014B1872704700BFC80C002157
:10C8200090F8502182B910B502F0FF0490F8102161
:10C8300012B90122104610BDD0E945319942F9D90B
:10C84000FEF75CFD2246F5E700221046704700BF68
:10C8500010B504460CF09AFA074BDA68824208D306
:10C86000E16941F64B52914203D9187C80F00100F6
:10C8700010BD002010BD00BFC80C00214FF40B718B
:10C8800008B5FAF767FAB0F5296F28BF4FF42960A9
:10C8900080B208BD90F8EB32002B65D170B503F083
:10C8A000FF0590F8243384B00446032B01D004B074
:10C8B00070BD0DF075FFD4E9D623801A61EB03013A
:10C8C000012871F10003F2DB6FF00103834275EB85
:10C8D00001034CDBE369B4F8BC20002B45D0B0FB6E
:10C8E000F3F080B20132B4F8E432104480B2A4F81C
:10C8F0003403B4F834239B1A1BB2002BD7DD94F811
:10C900006C0310F09BFB0028D1D0B4F8BC50FF237F
:10C91000B4F8FC10B4F8FA200D4484F83933B4F8B4
:10C920003433013DAD1AADB2EB1A1A04BFD40DF188
:10C930000E06B4F8341300230122204689B2009673
:10C94000FFF77CF80028B2D0012815D1B4F83433B1
:10C95000BDF80E2013449BB2A4F83433B4F834333A
:10C96000EB1A1B04E5D5A2E770471846BAE740F278
:10C97000D1513020F4F7EAF840F20A613020F4F7A0
:10C98000E5F800BF2DE9F047044682B0052900F222
:10C99000DB80DFE801F0501603131C36042384F813
:10C9A00024330CF02FFD0FF0AFFD0023B4F8BC20B2
:10C9B000A4F86A33A4F8362384F8393302B0BDE80A
:10C9C000F087032380F8243302B0BDE8F0870CF031
:10C9D000D7F9054694F87100C4F874530DF0F0FBD4
:10C9E0008542C0F0AA8094F87100D4F874430DF029
:10C9F000E7FB584BDA681444241ADC6002B0BDE847
:10CA0000F08790F8715028460DF0E2FB4DF6417129
:10CA1000034615F00C0F504A2046194414BF282332
:10CA20000023A2FB012103EB9111803102B0BDE88C
:10CA3000F047FAF71BB9D0F874339BB9454B1B7C10
:10CA400003F0FF02002BA9D1B4F8E4120123204621
:10CA50000092FEF7F3FF0028A3D040F2E4613020FB
:10CA6000F4F774F890F83A33002BE7D090F82433B9
:10CA7000032BE3D190F8719014F01BFA94F8D8329C
:10CA80000B2B5FD8354AD4F8745332F81330C618DC
:10CA900003F5C86348469FB20DF092FB19F00C0FE6
:10CAA000A5EB0008B6B248463BD10DF091FBDFF88C
:10CAB000A8A000F2E733D4F8F0524846AAFB0323BB
:10CAC000A8EB93180DF07CFB2D1A48460DF080FB67
:10CAD0004AF2A1330344AAFB03239B09EB1AA3F1F7
:10CAE00060025B0806FB02F22933B2FBF7F2603208
:10CAF000A3EB5201520841451CD81344434519D3B6
:10CB00003146E0690DF0A6FE41F64B53E2699A42C8
:10CB10004FF0000398BF023084F83A33C4F82C0376
:10CB20008CE7D4F8F052A8F13C080DF049FB6523DE
:10CB30002D1AD3E714F08CFDE2E74FF46A71302030
:10CB4000F4F704F8FEF7E4FD4FF4EE613020F3F75C
:10CB5000FDFF00BFC80C0021D34D62108CB0020154
:10CB6000012A70B5064609D0022A14460D461ED089
:10CB70004AB140F29A713020F3F7E8FF0CF006F961
:10CB8000C6F8700370BD0CF001F922460146284634
:10CB9000FFF784FC32460F4995F808010DF0F0FDCF
:10CBA0000028EFD140F283713020F3F7CFFFD0F8A7
:10CBB000701301222846FFF771FC3246054995F8AB
:10CBC00008010DF0DDFD0028DCD140F29471302029
:10CBD000F3F7BCFF75C10001F8B5044651B1012956
:10CBE00066D1002380F810310CF00CFCBDE8F84051
:10CBF0000FF08ABCC58C002D52D12046D4E948766E
:10CC0000FEF7A0F840194FF481734FF0000241F194
:10CC10000001C019A4F83A3146EB0106C4F84001FE
:10CC200084F830212046C4F84461FEF777FD94F87B
:10CC30005031A4F8380103F0FF01D4E95056C4E99B
:10CC400048567BB96FF00043D4E952029A4208BFBC
:10CC5000B0F1FF3F0FD104F5987194F808010FF07F
:10CC600081FF50B30023A4F82A310CF0CBFBBDE8C0
:10CC7000F8400FF049BC2046FEF724F8D4F84831BC
:10CC800000F58470D4F84C215B1B62EB06021B1A82
:10CC900062F10002002ADEDA2046FEF72FFBE1E710
:10CCA000FAF79CF8E58CB0FBF5F303FB1505A4E758
:10CCB00040F2AA713020F3F749FF40F204713020AE
:10CCC000F3F744FF90F82801704700BF014B5882EA
:10CCD000704700BFC80C0021FAF70CBEFAF748BF36
:10CCE000FAF7D6BCFAF718BE30B5A0F10E03144619
:10CCF000526883B092F8C500092B3FD8DFE803F0F3
:10CD0000263E3E3E1D3E0C3E3E0592F8C630242B8C
:10CD100025D0002003B030BD1E28FAD12046019155
:10CD2000FAF700F901990029F3D0626892F81A31F4
:10CD300023F0200382F81A31EBE71028E9D1002113
:10CD4000204603B0BDE83040FAF71EBE0428E0D10B
:10CD50002046FAF7E7F82046FAF78EFDD9E70025D6
:10CD6000204682F8C650FAF7F3F8636893F86C210E
:10CD7000012A08D0002283F86C21CAE740F245213D
:10CD80003120F3F7E3FE294620460BF0DFFA636813
:10CD9000F0E700BF0B794268232B92F8C5C01ED87C
:10CDA0000D2B24D9A3F10E0200B583B0152A12D899
:10CDB000DFE802F01F1111111F111F110B1F1111BC
:10CDC00011111130111111111127BCF1220F29D0AD
:10CDD000BCF12F0F26D0002003B05DF804FBFF2B21
:10CDE00005D11D4B1B6813B1012382F8AE3300201F
:10CDF000704702460121184603B05DF804EBFFF7C7
:10CE000073BFBCF1290FE6D1144B1B68002BE2D095
:10CE10009847E0E7BCF1310FDDD1114B1B68002BC7
:10CE2000F6D1D8E70190FAF77DF80198436893F8B6
:10CE3000C620232ACFD093F81B211A2122F0010209
:10CE400083F81B21426892F81B3123F0080382F813
:10CE50001B310BF07BFABEE7DC0C0021080200213D
:10CE60001002002170B5224D0979AC6894F8C530E4
:10CE7000222B38D02F2B15D0292B25D0042B09D0CD
:10CE8000102B29D01E2B29D094F8C630242B27D064
:10CE9000002070BD0E23024600211846BDE87040F8
:10CEA000FFF722BF222B1ED0012394F8C6200B21AE
:10CEB00004F1A800F7F772FEA0B1AB68002283F876
:10CEC000C52083F80421E3E70A4B1B68002BDFD061
:10CED0002320BDE8704018471223DCE71423DAE76B
:10CEE0001723D8E72A2104480BF030FAE5E700BF02
:10CEF000DC0C002100020021E00C0021344A402813
:10CF000038B5938943EA0003938155D000F00303B9
:10CF1000032B57D010F0020311D0C407116110D4B5
:10CF2000CB78052B22D00B2B04D1936893F8C61035
:10CF3000122928D0850601D50823137638BDC407E9
:10CF4000F8D591F803C05161BCF1060F26D0BCF1B1
:10CF50000B0F05D1916891F8C6C0BCF1130F16D024
:10CF6000002BE7D01169CB78052BDCD1936893F8BF
:10CF7000C6101729DED1002400250121C3E94C4544
:10CF800083F8CB10D6E7002183F8CB10D2E700243A
:10CF900081F8CA40012481F80A41E1E7916891F8DB
:10CFA000C6C0BCF1190FDBD100240025C1E94A45F8
:10CFB000012481F8CA40D3E704219068BDE83840D5
:10CFC000FFF7E0BC40F6F6213120F3F7BFFD00BFCC
:10CFD000DC0C002130B583B0044601A8F5F782FED1
:10CFE000002800F0148132220021019811F07CF910
:10CFF000019D03212846F8F711FF01982146037887
:10D0000023F010030370F8F735FF2A2C3CD8012CCD
:10D0100046D9A31E282B43D8DFE813F0290042008D
:10D02000B1002F002F0029004200AC0042002F0069
:10D030006C009200D70042004200C9002F002F0070
:10D040004E004E0072007900420042004200DB00B8
:10D05000990068008E00420086004200A10047004F
:10D06000470047004200420042004200BF006D4AB4
:10D07000019B926892F858211A71F5F74BFE00282F
:10D0800000F0CA8003B030BDFF2C09D1654B019878
:10D090009B6893F8AF23D3F8B013F8F7FFFEECE7E3
:10D0A00040F69C013120F3F751FD5F4B20465F4A6B
:10D0B00001991B689847E0E75A4C0198A368B3F8B8
:10D0C0005C10F8F795FFA3680198B3F85A11F8F7C8
:10D0D00093FFA3680198B3F85810F8F791FFA3687D
:10D0E0000198B3F85811F8F78FFFC6E7019814F0CC
:10D0F000BEF9C2E7019B21224D491A725960BCE773
:10D10000484A019B9268B2F86E219A80B5E7454B78
:10D110009B6893F86C21012A14BFB3F86C20B3F814
:10D120006E21019B9A80A8E7424B1B68002BA4D07C
:10D130003E4901989847A0E7019814F0A0F99CE7B0
:10D14000384A019B926892F852211A7195E7354B43
:10D150000198996801F27911F8F776FF8DE7364B5F
:10D160001B68002B89D02F4A0198916801F5B07196
:10D17000984782E701992D48FAF7A0FB7DE7294CF3
:10D180000198A16801F54071F8F71CFFA1680198AA
:10D1900001F54271F8F722FF6FE7224B0198996879
:10D1A00001F29B1201F27911F8F768FF65E71D4C57
:10D1B0000198A36893F85311F8F7B6FFA368019894
:10D1C00093F85211F8F7B4FF57E70198FAF768FBA4
:10D1D00053E70023284601218DF80030F8F72AFE96
:10D1E000104A28469DF800306946956803F02004EF
:10D1F0002A7C6B7C032A03F01F0308BF002243EA4A
:10D20000821323438DF80030F8F71EFE35E740F215
:10D21000EA713120F3F79AFC4FF40A613120F3F7F9
:10D2200095FC00BFDC0C0021FC010021E00C00217A
:10D230000D59008FE4010021F401002170B5274C45
:10D24000A36893F8B66393F8B753002E36D193F8DA
:10D2500070108DBB93F8712083F8712083F87010E3
:10D260001F4AFF20126883F872000AB1A068904735
:10D27000A06890F86C31012B18D056EA050315D13F
:10D280003830F9F741FB0546A06800F5E771F9F77A
:10D29000B3FBA0680521FFF775FBA0683830F9F7EC
:10D2A00033FB854204460BD3012070BD0D4800219D
:10D2B0000BF04CF8A068E3E72A46CDE73146C8E713
:10D2C0000DF0A4FA0146601B7D2838BF7D2010F0C8
:10D2D000CBF9B0FA80F0400970BD00BFDC0C002132
:10D2E00004020021E00C002108B5436893F8C62031
:10D2F000172A03D11B2283F8C62008BD40F2AA4199
:10D300003120F3F723FC00BF08B5436893F8C6202B
:10D31000172A03D1192283F8C62008BD40F2A44180
:10D320003120F3F713FC00BF08B5436893F8C6201B
:10D33000122A06D10121132283F8091183F8C6208D
:10D3400008BD40F297413120F3F700FC40F6A501FB
:10D35000312008B5F3F7FAFB08B5436893F8C62007
:10D36000232A00D01AB9242283F8C62008BD40F22F
:10D3700001513120F3F7EAFB436810B593F8C6205A
:10D380001D2A2BD1002193F80A21044683F80911A4
:10D3900092B91988012083F8C1220222A3F8C2128F
:10D3A00083F8C40203F52E700F49F9F70DFA63688C
:10D3B000002283F8C62010BD1888022283F80A11C3
:10D3C00083F8C112A3F8C20203F52E700749F9F7DA
:10D3D000FBF96368002283F8C62010BD4FF49A6100
:10D3E0003120F3F7B3FB00BF057400012174000185
:10D3F00008B5436893F8C620302A05D0172A0AD109
:10D400001B2283F8C62008BD002283F8C620BDE891
:10D410000840F9F79DBD40F2BF413120F3F796FB7C
:10D4200008B5164B1A694368117993F8C5200A2A82
:10D430000CD0D3F8B42012F0080C11D1FF2917D169
:10D44000322283F8ACC383F8C52008BD93F851217C
:10D450008A42EED1002283F8C52083F8042108BD5A
:10D4600022F00802C3F8B420BDE80840F9F770BD07
:10D4700040F272413120F3F769FB00BFDC0C002160
:10D48000104B1A7EBAB960B99B6841F64B52D96904
:10D49000914205D9B3F86010B3F8442091420ED9F7
:10D4A00070479A89120708D59B6893F8C700083817
:10D4B00018BF0120704700207047012070471846B0
:10D4C000FFF7C6B9DC0C00214268D2F8B43010B5C1
:10D4D000DC060ED5990611D423F010030446C2F8D9
:10D4E000B430F9F735FD60680521BDE81040FFF75D
:10D4F00049BA40F2F5413120F3F728FB40F2F641FA
:10D500003120F3F723FB00BF4368D3F8B43013F0A6
:10D51000300F01D0012070472DE9F041044682B060
:10D5200008460D46F8F77CFD00283AD02846666884
:10D53000F8F772FD074628463836F8F769FD804649
:10D540002846F8F76BFD034628461D46F8F762FDAE
:10D55000424600902B4639463046F9F723FA1C4ADA
:10D5600093899B0703D51369DB78142B0BD0636871
:10D5700093F8C5101E2907D093F863311BB963686F
:10D5800093F86231A3B16368D3F8B42042F010027B
:10D59000C3F8B4202046F9F7CFFC002002B0BDE864
:10D5A000F0812946204602B0BDE8F041F9F712BDEE
:10D5B00060689168D0F8B43001F2E11243F02003C2
:10D5C000C0F8B43031F8380BF9F78EFAE2E700BF53
:10D5D000DC0C00212DE9F043AE4D87B007460E4626
:10D5E000AB89AC68DA0540F15F810022A4F8FA202B
:10D5F00084F8F42294F8CB20002A00F05F811A0509
:10D6000000F17181D4F8EC20D4F8F01001328A4294
:10D61000C4F8EC2040F21B82012084F8F8008A4212
:10D620000AD3002304F2C51002229B49C4F8EC304F
:10D63000F9F7EAF8AB89AC6813F4407F94F8C92095
:10D640000FD0002A00F06582032A0AD10223204667
:10D65000012184F8C930FFF795F9AC68AB8994F8DB
:10D66000C920012A00F04381002F40F0AA8059060A
:10D6700000F1C581B4F80C23013292B2A4F80C2356
:10D68000002E00F0C281B0462B7E1B0700F14F82B6
:10D6900046EA08062B68F6B2002B58D00023CDE9E5
:10D6A0000133CDE90333059394F871000CF090FD3C
:10D6B000AB68044693F871000CF082FD04F5FA742F
:10D6C000764BA3FB0434AB681A8800EB9414D8693A
:10D6D000ADF80420B3F8BC20ADF80A40ADF808203E
:10D6E000F7F764FBAB68ADF8060093F8AE23002AA9
:10D6F00040F0D98193F8AD2301A89DF80C3062F376
:10D7000000038DF80C302B6898470023AC68A4F810
:10D71000AD33049BDBB194F8AC23C2B994F8C520B7
:10D72000322A14D09DF814208AB11978FF2900F00C
:10D73000C68307290BD1022A09D15978FF2906D1BE
:10D74000C4F8B033012384F8AF2384F8AC3394F8E1
:10D750005631FE2B02D1002E00F01E82B4F8E832C2
:10D7600094F8EC820133A4F8E832B8F1000F00F02D
:10D770002D81F5F75DF8002840F07181A86801233C
:10D78000002190F8C620A830F7F708FAAC68002806
:10D7900040F0038194F8C6300C2B00F0FE8094F822
:10D7A000C920002384F8EA320123B4F8BC10012A0E
:10D7B0000B449BB2A4F8E43200F2B980A4F8E03242
:10D7C000AB89590640F19A800023A4F8F63294F808
:10D7D0006031002B00F09E80A868B0F8FE30B0F8F1
:10D7E000E6221344A0F8FE3090F8042132B1B0F8DC
:10D7F0000031B0F8E6120B44A0F8003190F908119E
:10D80000002906DDB0F80631B0F8E6422344A0F85E
:10D81000063190F8E730CBB9002F40F0D5802B7F50
:10D82000022B00F04981012B00F06A81002E00F0EC
:10D830004182F20600F19582330700F1C580B706F8
:10D8400000F14183B40700F024872A2390F8E620F2
:10D85000002A00F0B080A868002390F8EB22A0F81E
:10D86000C53080F8C930002A00F093800221FFF70C
:10D8700089F80B4B1B681BB10A4AA86811689847C6
:10D88000AB68002283F8EB2207B0BDE8F043F5F760
:10D8900069BA00BFDC0C002179790001D34D621018
:10D8A000E001002118000021B4F8FA200132A4F8A8
:10D8B000FA2094F8CB20002A7FF4A1AE012394F83B
:10D8C000C62004F1A8000621F7F768F9AB89002803
:10D8D0003FF4B1AE1905AC687FF594AE94F8CB2057
:10D8E000002A3FF48FAE0022C4F8EC20A4E65805CD
:10D8F0007FF5BAAE022284F8C920B5E6B4F8F63254
:10D90000B4F8E6221344A4F8F63294F86031002B00
:10D910007FF462AFA868012390F8C7201946A830A9
:10D92000F7F73CF900287FF457AFA8685CE7023AA4
:10D93000012A00F2628494F8C720082A00F0C2800D
:10D94000B4F8FA80B4F8FC3008F101029A4205DA22
:10D95000A3EB08039BB2022B40F0CF814FF00008ED
:10D9600094F8F830002B00F0BA8094F8C52004F148
:10D97000A80001230921F7F711F9AC68002840F04D
:10D98000AE808046B4F8E4329844AB89A4F8E082D3
:10D9900017E70321FEF7F6FF6BE7012394F8C52094
:10D9A00004F1A8000021F7F7F9F800285BD1AC6872
:10D9B00094F8C920F5E6AA68BB4902F1DE0082F8B6
:10D9C000E730F8F7A1FE46E73D233FE7F4F72AFFEB
:10D9D00008B1A4F8E882F4F733FF00283FF4CEAE94
:10D9E00094F8F4320133DBB2022B84F8F4327FF680
:10D9F000C5AE0023A4F8E83284F8F432BEE63A4615
:10DA0000A4F80C23002E7FF43EAE1A0700F1298102
:10DA1000D80700F1E780590706D5AA6892F8C72011
:10DA2000072A01D101222A779A0740F18E802A69BC
:10DA3000D2782A2A00F296809C4B53F82230002B91
:10DA400000F09A819A489847AB89AC687EE0688B71
:10DA5000A1EB020C053084453FF6E1ADDCE5002387
:10DA6000A4F8E8328AE6A8680123002190F8C720CC
:10DA7000A830F7F793F8AC6894F8C92000283FF471
:10DA800090AE022A7FF48DAE94F8F432002B00F0B1
:10DA900021820023B4F8BC1084F8EA324B1C9BB2FC
:10DAA000A4F8E43247E76869C31C0493F8F7B4F9B3
:10DAB000AB688DF814001DE690F85831062B18BF9E
:10DAC0001623C3E6B4F8FA20022A7FF677AEB4F83C
:10DAD000FC301944AB890131A4F8E01271E694F8E6
:10DAE000CB30002B00F08D81D4E93B23911C8B427D
:10DAF000C0F007819B1A022B00F00381033B01E178
:10DB000090F8C830002B7FF4A1AE0021FEF73AFF59
:10DB1000AFE60121204684F8C910FEF733FFAC6858
:10DB2000AB8994F8C920012A7FF49EADDFE694F812
:10DB3000C62004F1A80001230521F7F72FF80446B9
:10DB4000D8B1AC684FF00808A2E5AC6813F0100833
:10DB50003FF49AAD94F8C6300B2B00F04C814FF097
:10DB6000000891E5FF2A40F00781AC68322284F872
:10DB7000C520002284F8AC23E8E7019001A9032026
:10DB8000F4F764FE019B2BB11C721022A968019866
:10DB9000F8F71AFEAC687BE5012394F8C72004F17E
:10DBA000A8001946F6F7FAFF002840F0D080AB68CD
:10DBB00093F86031002B00F06281AC6894F8613119
:10DBC000A4F8FE0084F8583194F85631FE2B40F04A
:10DBD00036850123A4F8000184F80431022384F877
:10DBE0005631BBE5D5F8148004F1A80094F8C6209E
:10DBF0000123052198F80340F6F7D0FF60B1023CFD
:10DC0000E4B2092C00F26181012303FA04F440F22A
:10DC100033331C4200F059814046F8F719F90028C7
:10DC200000F00E8198F80390B9F1010F00F2F68030
:10DC3000AB6893F8C500F9F7A3F9002800F0158147
:10DC4000AC6894F8C530212B00F00F81222B00F036
:10DC50000981B9F1160F0CBF4FF020084FF00208F0
:10DC600012E594F85631222B00F090802A2B00F018
:10DC7000AC801C2B00F0A980FE2B00F0058594F8E9
:10DC8000C620FE231B2A84F8563100F0A88094F8A1
:10DC9000C530212B00F08C80322B64D094F8C73033
:10DCA000082B6ED0AB89B3E641700001340100212E
:10DCB000E00C0021002A4CD1002905DDB0F8062136
:10DCC000B0F802319A424AD2B0F8FE20B0F8FC30E7
:10DCD0009A4204D390F86031A868002B3FD190F8A5
:10DCE000C930002B00F0B780B0F8FA20B0F8FC3053
:10DCF0009A42FFF40AAF0823A8E5033B1FFA83F812
:10DD00002EE60023984588BF1FFA83F8B8F1000F6C
:10DD10003FF438AE08F1FF381FFA88F832E6AB68F6
:10DD200093F8A63103F0FF01002B00F07683AB6877
:10DD300093F85611FE2940F082842521A3F8002192
:10DD400083F85611012183F8041183F8A621AC68E9
:10DD500004E5B0F80021B0F802319A42ACD3222396
:10DD600074E51E2372E5012384F8AD33002384F8A3
:10DD7000C53084F8043191E740F265513120F2F763
:10DD8000E5FE02232B7784F856318BE7BC4B84F8F1
:10DD9000AA611B682BB1A86800F5D57100F5AE70BB
:10DDA0009847B848F9F7BEF8AC6894F8563163E77D
:10DDB00004F1A80001230B21F6F7F0FEAC6800285F
:10DDC00079D02F2384F8C53068E70023AD4884F864
:10DDD0007431F9F7A7F8AC6894F856314CE74FF076
:10DDE0000008A84884F80981F9F7B2F8AC684246FF
:10DDF00084F8C6804BE70C234FF0000884F8C63047
:10DE000042E494F8C62004F1A80001230621F6F7A5
:10DE1000C5FEAC6800287FF467AE77E7B9F1160F4E
:10DE20003FF406AFB9F12A0F1FD9B9F1FF0F07D19F
:10DE30002B682BB1AB68012283F8AE23AB89EAE5EE
:10DE400041469048F9F7C6F88046B8F1000F40F017
:10DE5000F383AB89DFE5B0F8FA30052B7FF655AEDA
:10DE60003E23F3E42F2384F8C530874B53F8293041
:10DE7000002BE5D06969834898478046E5E7A868A4
:10DE80000123042190F8C620A830F6F787FEAC687D
:10DE90008046002876D1D4F8B43013F001025BD06C
:10DEA00094F85631FE2B40F0CA830923A4F80601EA
:10DEB00084F8563152E4222384F8C530EEE61B2A5A
:10DEC0007FF63EAC43E42323C0E4AC684FF008087F
:10DED000FFF7DABB606911F0C6F8AC6800283FF4C0
:10DEE0005EAC94F85631FE2B7FF459ACB4F8E232B4
:10DEF000012B7FF654ACB4F8FC200123B4F8FA10DF
:10DF0000901E84F8EA32814280F22C81013AB4F802
:10DF1000E802521A698B884292B202D24B1C1B1A39
:10DF20009BB2934228BF1346012B00F06B8194F8FB
:10DF30007F20AC686AB9A26F5AB1B4F8BC10B4F8CB
:10DF4000F620521A11B292B2002902DD8B42A8BF0C
:10DF5000134694F8C92028E413F0020100F0BE80B3
:10DF600094F85631FE2B40F06A8394F80B31A4F8F4
:10DF7000062143F0010384F80B310C2384F8563159
:10DF8000FFF7ECBB94F8C630123B0B2B07D8DFE849
:10DF900003F0480606063B5506060606062EA86848
:10DFA0000123002190F8C520A830F6F7F7FD0028DE
:10DFB0006CD0A8680123042190F8C620A830F6F799
:10DFC000EDFD002862D1AC6894F8F820002A5DD0FD
:10DFD00094F85621FE2A40F032830123A4F8000170
:10DFE00084F80431122384F85631FFF7B7BB94F854
:10DFF0005631FE2B40F02383062384F8563100234C
:10E00000A4F80631FFF7AABB94F85631FE2B40F076
:10E010001683042384F856310023A4F80631FFF751
:10E020009DBB94F85631FE2B40F009830B2384F8F6
:10E0300056310023A4F80631FFF790BB94F8A833BB
:10E04000012B00F0CB80022B7FF488AB94F80A817F
:10E050000622B8F1000F00F0F48284F8582194F8F9
:10E060005621FE2A40F0EB8284F856310023A4F8B2
:10E070000631AC68002384F8A833FFF76FBB00BFFC
:10E08000EC010021E00C002188000021AC6894F82C
:10E09000C5200A2A43D0B8F1000F7FF45FAB04F12A
:10E0A000A80001234146F6F779FD00287ED0AC6830
:10E0B00094F87331002B00F02A8194F85631FE2B2E
:10E0C00040F0BD820E23A4F8008184F8738184F8A7
:10E0D0005631012384F80431FFF740BB58070BD5B4
:10E0E00094F85631FE2B40F0AA821323A4F80611AF
:10E0F00084F85631FFF732BB190724D594F8503114
:10E1000084F8583194F85631FE2B40F0988207235A
:10E1100084F856310023A4F80631FFF71FBB94F8AA
:10E12000513184F8583194F85631FE2B40F08782F3
:10E13000072384F856310023A4F80031012384F822
:10E140000431FFF70BBB1A0661D594F85631FE2B4C
:10E1500040F075821B2384F856310023A4F8063161
:10E16000FFF7FCBAB4F8E802698B88424AD21A4633
:10E17000D4E6AB6893F8780100F082FDA968002826
:10E1800000F0F481B54B01F2791111F8012C1B68F4
:10E19000B34898478046B8F1000F00F0F381B8F11A
:10E1A000020F03D1AB68002283F87421A868012311
:10E1B000002190F8C520A830F6F7F0FCAC680028E4
:10E1C0003FF4CCAA94F8AC33002B3FF4C7AA94F8E0
:10E1D0005631FE2B40F03382FF23AAE794F85631E4
:10E1E000FE2B40F02C82052384F856310023A4F83E
:10E1F000063184F8A833FFF7B1BA40F60A1131208E
:10E20000F2F7A4FC002384F8EA3201238FE613F02E
:10E2100030016CD094F863314BBBAB6893F862313A
:10E22000FBB1A86890F8C63000F5B17100F2B632C3
:10E23000262B00F0338290F8C530A3F1260CDCF1D8
:10E24000000343EB0C03F8F769FBAA68D2F8B4307B
:10E2500023F0200343F01003C2F8B430002382F807
:10E260006231A868D0F8B430DC0600F1A281AC6855
:10E2700094F8C6302B2B2DD0302B1ED0232B7FF4BF
:10E280008EAE94F86C31022B09D094F86C31012BCE
:10E290007FF485AE94F86D31002B7FF480AEAC68CE
:10E2A00094F85631FE2B40F0CA81172384F856317A
:10E2B0000023A4F80631FFF751BA94F85631FE2B2B
:10E2C00040F0BD81112384F856310023A4F80631B3
:10E2D000FFF744BA94F85631FE2B40F0B08120236A
:10E2E00084F856310023A4F80631FFF737BA13F04B
:10E2F000400200F0BB8194F85631FE2B40F09F8124
:10E300002423A4F8061184F85631FFF727BA94F8AD
:10E310007231C3B194F80B319A0714D194F8562195
:10E32000FE2A40F08C8143F00103A4F8008184F8B8
:10E33000728184F80B310C2384F85631012384F860
:10E340000431FFF70BBA94F8623183B3AB6893F8EA
:10E35000633163BBA86890F8C63000F5B17100F274
:10E36000B632262B39D090F8C530A3F1260463428B
:10E370006341F8F7D3FAAA680023AC6882F86231E7
:10E3800094F85621FE2A40F05A81A4F80031012366
:10E3900084F80431B4F85A30A4F85831B4F85E3037
:10E3A000A4F85A31142384F85631FFF7D7B9AA6874
:10E3B00092F86C110129CBB211D0AB6893F8A93156
:10E3C00003F0FF02002B3FF4AAACAC6894F856317E
:10E3D000FE2B40F034812323ABE60123C9E792F8FA
:10E3E0006D21002AE9D1A8680B2190F8C620A83039
:10E3F000F6F7D4FB0028E0D1A86890F870104B1E07
:10E40000072B00F2EF80DFE813F02D003900ED005C
:10E410001D00ED00ED00ED001D00AB6893F8AA3182
:10E42000002B37D0AC6894F85631FE2B40F00781B2
:10E430000123A4F8001184F80431222384F8563112
:10E44000FFF78CB990F87130013B072B00F2CA80BE
:10E45000DFE803F0D87FC8CDC8C8C8CD14020021BA
:10E46000E00C002190F87130013B072B00F2BA80DC
:10E47000DFE803F0572EB8CDB8B8B8CD90F87130BA
:10E48000013B072B00F2AE80DFE803F0D0CBACC637
:10E49000ACACACC6AB6893F8743103F0FF02002B50
:10E4A0007FF467AEAB6893F8B231002B3FF47EAED9
:10E4B000AC6894F85631FE2B40F0C1800123A4F8DB
:10E4C000002184F804311D2384F85631FFF746B942
:10E4D00090F86E31012B40D090F8C6200123A8306F
:10E4E0000321F6F75BFB00287FF460AEA8680123E8
:10E4F000022190F8C620A830F6F750FB00287FF4E0
:10E5000055AEAC6894F85621FE2A40F0988001235D
:10E51000A4F8000184F80431162384F85631FFF77B
:10E520001DB990F86E31012BD6D190F86F31012BC7
:10E53000D2D1B0F8BC3000F56D72B0F8700112F0B5
:10E54000DCFD014670B1AC68282384F8C530FFF7C4
:10E5500005B990F86E31042BBED190F86F31022BC3
:10E56000BAD1E6E7544809F0F1FE1FE6534B01F239
:10E570009B12514801F279111C6811F8013CA04727
:10E58000804608E6AB6893F8780100F079FBAC6848
:10E5900094F85631002800F08380FE2B4FD10123E0
:10E5A000A4F8008184F804311C2384F85631FFF765
:10E5B000D5B800F5E771F8F71FFAAC68B4F85A302F
:10E5C000A4F85831B4F85E30A4F85A3194F85631B2
:10E5D000FE2B34D1152384F856310023A4F80631DC
:10E5E000FFF7BCB84FF422710620F2F7AFFA90F8AB
:10E5F0006E31042B7FF470AF90F86F31042B7FF4F1
:10E600006BAF96E790F86E31042B8ED064E790F8EC
:10E610006E31012BF0D05FE790F86E31022BEBD01A
:10E620005AE790F86E31022B97D055E790F86E318B
:10E63000022B3FF47AAF4FE7AC68FFF725B8FEF73F
:10E6400085FE03211C48F8F793FCAB6893F81A2168
:10E6500093F8561112F0040F14BF11220D22FE2957
:10E66000EDD183F85621A3F8068102E5D9057FF59F
:10E67000FEAD94F85631FE2BE1D11E23A4F80621FD
:10E6800084F85631FFF76AB840F271513120F2F741
:10E690005DFA40F673213120F2F758FA0123D2E5F2
:10E6A000FE2BCCD10123A4F8008184F804312A2365
:10E6B00084F85631FFF752B8E00C00211C0200210B
:10E6C000426870B592F81A31054608460C4643F088
:10E6D000040382F81A31F7F729FD034620461C4649
:10E6E000F7F728FDA4F10E03172B15D8DFE803F088
:10E6F00016141414161416140C16141414141426C8
:10E7000014142F14141D1D1D234CA56895F8C53035
:10E71000222B37D02F2B25D0002070BD2A46204633
:10E720000021BDE87040FEF7DFBA1C4B1B68002BD0
:10E73000F2D001462046BDE870401847184B1B68D0
:10E74000002BE9D001461D20BDE870401847154B4D
:10E750001B68002BE0D0104C02462021A068BDE8C9
:10E7600070401847012395F8C6200B2105F1A80039
:10E77000F6F714FA58B1A368002283F8C52083F88D
:10E780000421C9E70146201D09F0E0FDF3E72A2135
:10E79000201D09F0DBFDEEE7DC0C0021000200216A
:10E7A0000C020021E801002110B50C46896960695E
:10E7B000F3F74AF994F86C03202800D110BD0FF04C
:10E7C00085F894F86C030EF065F80028F6D140F651
:10E7D0001C113120F2F7BAF90020024B18601862C0
:10E7E000704700BFDC0C002120490020204B214A4B
:10E7F00010B4214C0860086220492148C3E9011483
:10E8000020491860996220492048D9602049214C4C
:10E81000196321499861D96420482149DC62214C5F
:10E82000C3E91110204921481C62D961204C2149BB
:10E830005C635862204C2148214B91602149D4618E
:10E840005062214C2148D16213612149214B54610E
:10E850005064214C2148516393612149214B146339
:10E86000936310BCC2E91201704700BFDC0C0021A9
:10E870008800002134010021DD70000121710001B8
:10E88000C571000171750001DD750001E1760001BF
:10E89000717A0001C976000189790001AD79000122
:10E8A000C1E600012D77000195CD0001D57700016B
:10E8B00065CE00010571000121D40001E5CC000105
:10E8C000E1CC000129D3000109D30001F1D30001FB
:10E8D000E9D2000179D30001DDCC0001217A0001E9
:10E8E000017A0001D9CC000170B50246874D01269E
:10E8F000002482B02E71008882F8EB62AC81AA609D
:10E900002C762C77F4F7E8F9AB681888F4F712FA4C
:10E91000AC68B4F8E232002B66D094F85601FE28B9
:10E920005DD0FEF757FBAC6894F8ED32002B63D056
:10E9300000236B83B4F8E662B4F8FA30013EB4F811
:10E94000E822B6B233443244A4F8FA3094F8CB301B
:10E95000A4F8E822002B75D0D4F8EC303344C4F886
:10E96000EC30B4F8E232012B50D916B1002384F810
:10E97000F43294F8C6300026A3F10B0284F8EA6260
:10E98000012A4AD9262B6ED1B4F8B423B4F8BC308E
:10E990009B1A1A047DD5B4F8E622214604F1A8009A
:10E9A000F6F73AFD002840F0A980594859490090EF
:10E9B000594B5A4A03C9F3F7FDFC296A19B195F876
:10E9C00024000BF02FF9A8680123052190F8C62038
:10E9D000A830F6F7E3F8002840D102B070BD94F8F3
:10E9E0006031002B5FD1AC6894F85601FE2898D1B5
:10E9F00094F8ED32002B9BD194F82B32AC684BB9D4
:10EA0000628EA38C9A4206D96A8393E70133A4F8F5
:10EA1000E232AAE7A38C6B838CE7B4F8BC30B4F87D
:10EA2000B4239B1A1904B6D404F2B63104F1CD0014
:10EA3000F6F708FBAB6883F8C660FF22AC6883F882
:10EA40002221A8E794F8C62004F1A800012306219A
:10EA5000F6F7A4F8AC68002883D07DE702B0BDE8E3
:10EA60007040F3F79FBC94F8C530262B01D0282BBB
:10EA700091D1B4F8BC30B4F8B4239B1A1B048AD4E7
:10EA8000002384F8C530FEF7D9FB014688B3AC6893
:10EA900081E784F8C660FEF7D1FB014630B3AC686D
:10EAA00084F86C6177E7A8683346314690F8C72050
:10EAB000A830F6F773F80346002894D1AA6892F8B4
:10EAC0006111A2F8FE0082F8581192F85611FE2941
:10EAD00019D10220A2F8003182F8046182F8EA32EA
:10EAE00082F85601FEF776FAAC681DE7AB6883F84A
:10EAF0006C0102B0BDE87040FEF76CBD40F6FB1142
:10EB00003120F2F723F8FEF721FC00BFDC0C0021D6
:10EB1000D5D50001E00C002181D40001FDCE00011B
:10EB2000F3F744BE024B1868003818BF0120704745
:10EB3000DC0C0021002290F8EB12A0F8C52080F830
:10EB4000C92011B10221FDF71DBF0321FDF71ABF36
:10EB50000C2100F54070F2F76DBA00BF38B590F89F
:10EB6000A83313BB90F8C6300446172B1DD190F87C
:10EB7000CC3303F0FF05C3B9D1B10F4B08462A4689
:10EB80009968D1F80833C4F84C3101F59C7301F54C
:10EB90003E71F9F74BFA012384F8A83304F540706D
:10EBA0000C21F2F747FA284638BD0C25284638BD17
:10EBB000022380F8A833F1E7DC0C002110B50446ED
:10EBC000D0F8BC03E369984204D1D4F8C023636A47
:10EBD0009A4214D02388A4F82D32F6F7E7F8B4F857
:10EBE000C013B4F8C2330222A4F82F0204F2232087
:10EBF000A4F83112A4F833320649F7F705FE0221D2
:10EC00002046F5F707FE0022032384F8C62084F887
:10EC1000C93010BD9171000110B4064A064C074876
:10EC2000074B0849C2E91440074A10BCC3E9141253
:10EC3000704700BF8800002109D50001AD720001B6
:10EC40003401002189720001C9D4000110B4064AC0
:10EC5000064C07489465074B07491066074A10BCE5
:10EC6000C3E91612704700BF880000213F1202015D
:10EC7000B183010134010021710F020159D3000158
:10EC800008B5032807D8DFE800F0040204020020DA
:10EC900008BD012008BD40F225217720F1F756FF7D
:10ECA000064A06200B4603F8030BB2F8330092F82D
:10ECB0003520A1F803009A70704700BF080D0021AD
:10ECC00040F2B631322008B5F1F740FF044A002384
:10ECD000A2F8BA3082F8703082F8BC30704700BFBA
:10ECE000080D002108B5F6F72BF9034B18700AF050
:10ECF000EFFA052008BD00BF1C00002108B5F6F79B
:10ED00001FF9024B024601201A7008BD1C000021A9
:10ED1000F8B50546524C0023D4F8C000032D0380FB
:10ED200036D0052D41D04F49F6F77EFD94F890106E
:10ED3000D4F8C000F6F78EFD94F87D3094F8457055
:10ED40005BB194F85430032B28D094F87800F5F791
:10ED500053FB064608B1012700E0434E3146D4F884
:10ED6000C000F6F751FD3946D4F8C000F6F764FD4F
:10ED7000D4F8C0000AF0D4FE052D00D0F8BD236DF4
:10ED80003268C3F80A20B288DA81236D5F72F8BD59
:10ED90002946F6F713FDD4F8C000C4E794F84D30C7
:10EDA000002BD2D094F87B00D1E70E462946F6F727
:10EDB00005FDD4F8C070397821F0200141EA4611F0
:10EDC0003970236D1B6AC7F80F30226D936AFB748C
:10EDD000190A1B0C39757B75D169108EF6F724F86A
:10EDE000B875236DD4F8C060D969D86AF6F73AF8D7
:10EDF000F075030A3376236DD4F8C060D869F5F74F
:10EE0000D5FF7076030AB376236DD4F8C0609A8C70
:10EE1000F276120A3277DA8C7277120AB277D3F866
:10EE2000CE20C6F81F2093F8D22096F8243086F81A
:10EE30002320216D23F01F0291F8D93003F01F0326
:10EE4000134386F8243009F079FA96F8243003F059
:10EE50001F0343EA4013D4F8C00086F8243062E769
:10EE6000080D0021910D00214E0D0021F8B51D4C1B
:10EE700005461D4A0E4694F87A30D75C38460AF0AB
:10EE800021F994F8983084F88F701C4494F8BD40B0
:10EE9000631E072B20D8DFE803F0041D1F041F1F8B
:10EEA0001F04F2F709FF402828BF4020C0B22146C6
:10EEB00009F072FF30460AF033FE214601202DB1E1
:10EEC0000AF01CFB003818BF0120F8BD0AF008F951
:10EED0000120F8BD0D20EAE740F619113220F1F7C4
:10EEE00035FE00BF080D0021E0B0020110B5F2F7B9
:10EEF000DDFE0446F2F7E0FE0146204689B210F03E
:10EF0000F1F848B10AF00CFE00200AF067FE054B4C
:10EF1000062283F8702010BD4FF4C3613220F1F750
:10EF200015FE00BF080D002138B5124DFF2095F8E1
:10EF3000B91009F031FFF2F7B9FE0446F2F7BCFE52
:10EF40000146204689B210F0CDF868B10AF0E8FD1C
:10EF500095F8B90010F00C0018BF28200AF03EFE0A
:10EF6000092385F8703038BD40F243613220F1F753
:10EF7000EDFD00BF080D002170B50646F2F796FEC4
:10EF80000446F2F799FE0146204689B210F0AAF82D
:10EF900000283FD0314C94F85430013B022B43D829
:10EFA000DEB994F87030042B48D994F870300A2BED
:10EFB0003FD894F87010D4F8C420294B92690B44C0
:10EFC00052F8233098470E2829D8D4F8C4301B694A
:10EFD000BDE8704053F8203018470546F6F77EFE2E
:10EFE00020B92846F6F7CAFE0028DAD094F8703027
:10EFF000042B28D994F870300A2B29D894F8701073
:10F000002846D4F8C420164B52690B4452F82330DA
:10F010009847D8E741F2DB413220F1F797FD41F202
:10F02000F6413220F1F792FD41F2E1413220F1F751
:10F030008DFD41F2D2413220F1F788FD41F2D141FC
:10F040003220F1F783FD41F271413220F1F77EFD6C
:10F0500041F272413220F1F779FD00BF080D002125
:10F06000FBFFFF3F38B5214C002294F87D3084F837
:10F07000A82083B16FF00043D4E928129A4208BF58
:10F08000B1F1FF3F07D00BF08BFBD4E9282390426E
:10F0900071EB030303D2022384F8703038BD0120E2
:10F0A000F5F706F90028F6D0F4F760FE05460BF0F8
:10F0B00077FB6B01EA0E5B1B62F10002520242EA2F
:10F0C000D3525B025B1942F1000C9A014FEA8C1E8D
:10F0D000D21A4EEA936E6EEB0C0C53194CF10002EF
:10F0E0001B1842EB0101C4E92831D4E7080D0021C7
:10F0F00070B5474C002282B00546236D0E46627201
:10F100001A88D8696281F5F751FE236D2084998CA5
:10F11000DA8C4FF47F436184E3844FF6FF73A2845B
:10F120002385002D62D001213046F6F7AFFC3278FE
:10F130000346D20994F87D1009B1002A33D194F81E
:10F1400079000023334A08286361938039D0324A1A
:10F15000511EF4F7A3FF002854D0637B43F0020351
:10F160006373002D3DD12D4802682D4BC4F81A2041
:10F1700082889A8094F95810206DF5F713FE0222C8
:10F1800028492348F7F720FB236D022226491888D7
:10F1900093F8CD30A4F83300244884F83530F7F7DD
:10F1A00033FB02B070BD5A7902F0C002402AC6D1CA
:10F1B0001868184A606194F879009B880828938041
:10F1C000C5D1154B002294F89000C4F81A20D4F849
:10F1D00089101A82B3F87F206073C4F80E109A80E9
:10F1E000C8E700213046F6F751FCBDE76946D4F880
:10F1F000C000F6F711FBD4F8C0206B461278C2F3BA
:10F20000801297E741F22C513220F1F79FFC00BFAA
:10F21000080D00211C0D0021160D0021910D00216B
:10F22000220D002101F80001A1EC0001320D0021A6
:10F2300008B5F5F785FE034B187002F0A5FD012017
:10F2400008BD00BF1C000021024B032283F8702080
:10F2500004F098BB080D002140F24141322008B56E
:10F26000F1F774FC10B504788CB004F00F0402A917
:10F27000224603F0B7F90AF02BF8F5F761FE234AAE
:10F28000042C107002D005200CB010BD034620499C
:10F29000039891F8894090F800C0A445F3D190F804
:10F2A00001C091F88A40A445EDD190F802C091F8D0
:10F2B0008B40A445E7D190F803C091F88C40A44559
:10F2C000E1D190F804C091F88D40A445DBD1447998
:10F2D00091F88E008442D6D19DF8194091F89000A3
:10F2E0008442D0D17F2B0ED07F24009302A891F8C6
:10F2F0008F30147091F8A82091F8791002F03CFE3C
:10F3000005200CB010BDFFF7A7FF00BF1C000021B7
:10F31000080D00212DE9F047054684B006290BD8D9
:10F32000DFE801F06820100A0A0A0400B64C94F8DD
:10F330008230002B40F0838009F0CAFF052004B022
:10F34000BDE8F08709F0C4FFAF4A92F882302BB1D4
:10F3500092F85430013B012B40F2DD80052004B0CF
:10F36000BDE8F087A84C837C94F87D60012B94F86D
:10F37000828086F0010600F081804FF00009CA46C5
:10F3800094F85430032B00F0BC8094F87870082F68
:10F3900040F0A78094F845704FF0000A3A46032BDE
:10F3A00076D16B6894F85B101878884200F0518130
:10F3B000002794F87830082B04D094F87B109942F9
:10F3C00008BF0127BAF1000F40F0A380002E40F0E3
:10F3D000DE80B8F1000FAFD094F85630012B03D087
:10F3E000002BA9D1002FA7D0002EA5D00C2004B04F
:10F3F000BDE8F087844C94F88230002B9CD094F8C0
:10F400005430022B00F0CB80012B00F05481032BF1
:10F4100040F06D81436894F85B201978914200F0C8
:10F42000918094F85630012BE0D094F87B30082B73
:10F4300082D094F878209A427FF47EAFD6E794F891
:10F440005430022B00F0C580012B7FF475AF6F4B59
:10F4500093F900207F2A00F048817F21029294F8DE
:10F460008F5004F146021970FF2394F87910CDE90A
:10F470000015062102F0C2FC052060E7826852797F
:10F4800002F0C002402A7FF478AF99469A4677E7A7
:10F4900009F01EFFB8F1000F3FF460AFAB68AA7C23
:10F4A0005B4994F84500F3F7B9FC18B9BAF1000FBD
:10F4B00000F0B080554991F900307F2B00F01581A4
:10F4C0000293284694F88F203B4694F879400192A5
:10F4D00000947F244E4A0C70012102F08FFC05201D
:10F4E0002DE73846F3F782FE002818BF0646BAF12A
:10F4F000000F40F0D38094F8457094F854303A46A9
:10F500004DE794F84D20002A3FF43FAF94F87B700C
:10F510003DE701265DE73D4B93F900107F2900F0A0
:10F52000E48002917F2692F87910284692F88F4065
:10F5300046321E70FF23CDE90014022102F05EFC6A
:10F540000520FCE6597894F85C2091427FF469AF7D
:10F55000997894F85D2091427FF463AFD97894F85C
:10F560005E2091427FF45DAF197994F85F2091425B
:10F570007FF457AF5A7994F860309A427FF451AFD4
:10F58000427C94F85A309A427FF44BAF2EE71046F3
:10F59000AB68AA7C1E49F3F741FC064619E71B4BF2
:10F5A00093F900207F2A00F0A08002927F2694F831
:10F5B0008F1094F879201E70FF23CDE9002104F10B
:10F5C0004602002102F01AFC01230B2084F8A83027
:10F5D000B5E60E4B93F900207F2A00F08680029258
:10F5E0007F2694F88F1094F879201E70FF23CDE9C0
:10F5F000002104F14602062102F000FC00230B204A
:10F6000084F8A8309BE600BF080D00211C000021F3
:10F610004E0D002194F85530023B012B3FF69EAE73
:10F62000B9F1000F3FF49AAE334B93F900207F2AD3
:10F630005BD002927F2694F87910284694F88F5078
:10F640001E70FE232D4ACDE90015012102F0D6FBE4
:10F6500084E6587894F85C1088427FF4A9AE9878D4
:10F6600094F85D1088427FF4A3AED87894F85E10C9
:10F6700088427FF49DAE187994F85F1088427FF439
:10F6800097AE597994F8603099427FF491AE6F7CCF
:10F6900094F85A30FB1A5F425F418AE63846A968FF
:10F6A000F4F768FE94F845208246D0B142F0020794
:10F6B00094F8543073E6104B93F900207F2A14D04D
:10F6C0007F21029294F88F5004F146021970FF23B3
:10F6D00094F87910CDE90015002102F08FFB052088
:10F6E0002DE694F85430174659E6FFF7B5FD4FF470
:10F6F0006A613220F1F72AFA1C0000214E0D002128
:10F70000164B10B593F9002084B07F2A23D07F24B4
:10F710001C70134B93F87040052C15D093F8704073
:10F72000082C0CBF03240124039493F87940CDE9FD
:10F73000014293F88F400B4A93F8B930009402F0DD
:10F7400005FD18B904B010BD0024EDE704B0BDE814
:10F75000104002F0D9BAFFF77FFD00BF1C00002166
:10F76000080D00214E0D00210F4B10B593F87020AD
:10F77000042A0FD993F870200A2A10D893F8701031
:10F78000D3F8C420094BD2680B44BDE8104052F8AE
:10F790002330184741F2D8513220F1F7D7F941F21E
:10F7A000D9513220F1F7D2F9080D0021FBFFFF3FBC
:10F7B000124A18200B4603F8030BB2F83FC092F828
:10F7C0004100A1F803C0CA789870012A00D07047A0
:10F7D00010B58C8800212046F2F784F838B1204615
:10F7E000F3F76CFA00212046F2F792F800B910BD49
:10F7F00040F219413220F1F7A9F900BF080D0021AC
:10F8000038B5264B0C465A7A7ABB1A6DD3F80E10CF
:10F81000C2F80310598AA2F807105A7B1B6D12F028
:10F82000FD0F14BF012200229A701D4B13212246A6
:10F8300003F1200E02F8031BD3F800C0103353F875
:10F840000C5C103253F8080C53F8041C734542F852
:10F8500010CC42F80C5C42F8080C42F8041CEBD1C6
:10F86000197800231170A37138BD00215889F2F76F
:10F8700039F8054668B10088F3F720FA0021288896
:10F88000F2F746F80028D0D040F2FD313220F1F7EF
:10F890005DF940F2F9313220F1F758F9080D0021F5
:10F8A000110D00212DE9F041264C06460D4694F835
:10F8B000BC305F2B31D85A09234B13441F7994F87D
:10F8C000BA00C0F3050800F03F0009F0FBFB84F824
:10F8D0008F80B6B13946012009F010FE78B194F856
:10F8E00088303946022B0CBF4020FF2009F054FA23
:10F8F00094F8A8309BB128460AF012F90120BDE81F
:10F90000F0813A46616F012009F05AFF0028E6D1E4
:10F9100040F648113220F1F719F90027CFE7681DAA
:10F92000F4F716FC84F87C000028E4D017F00C0FE4
:10F9300014BF5524502408F0A7FE20460AF08CF985
:10F94000D9E700BF080D0021E0B00201F8B53E4C38
:10F95000054694F8BC305F2B2AD85A093B4B134418
:10F960001E79636F7BB1F2F7A1F90746F2F7A4F9AC
:10F970000146384689B20FF0B5FB014600285DD03C
:10F980000020FFF78FFFD4F894000AF0FDF894F8F8
:10F990005430022B31D0032B0CD0EDB140F20113C7
:10F9A000A4F8A930002384F8B96084F88030F8BD49
:10F9B0000026D6E794F88830012BEED116F00C0F14
:10F9C0002AD094F85930012B14BF3146042100206D
:10F9D0000AF068F9002DE1D194F88830022B13D099
:10F9E000012B1BD0002BDDD102F046FB84F8A900CF
:10F9F00002F00AF984F8AA00D4E794F88830022BC0
:10FA0000DCD0002DCAD1EBE70023A4F8A95084F87C
:10FA1000B96084F88030F8BD3146D8E794F8B93041
:10FA20004FF00002A3F10203B3FA83F35B0963F31F
:10FA3000070263F30F22A4F8A920B3E74FF4BB61D8
:10FA40003220F1F783F800BF080D0021E0B0020179
:10FA500038B505460C4608F04BFC420704D4A378A1
:10FA600003F0E003402B0DD008F042FC830704D4E0
:10FA7000A37803F0E003202B04D0237803F03F03A6
:10FA8000242B01D9002038BD09F05CF994F900302D
:10FA9000A178002B627801F01F03ACBF4FF01E0C61
:10FAA0004FF4967C42EA03230CFB03F31A1AB2F5D7
:10FAB000877FE7D39842E5D8054B2846228883F80C
:10FAC000BC10A3F8BA20BDE8384003F0F3BE00BF75
:10FAD000080D002170B52A4C84B094F882305BB3D5
:10FAE00094F8A830054633B90378002B0CBF0123E6
:10FAF000022384F8A83094F87030082BDAB22FD0A3
:10FB0000092A14BF012602261E4B93F900207F2AE2
:10FB100034D02846CDE9022694F87920019294F851
:10FB20008F2000927F221A7094F8B930164A02F0A2
:10FB30000DFB28B9022E15D10025284604B070BD52
:10FB4000687810F0100013D0A9690220FFF780FF39
:10FB5000054638B1002384F8883009F0B9FBECE79A
:10FB60000326D1E7002502F00FF9284604B070BD46
:10FB7000054602F0C9F8284604B070BDFFF76CFBDB
:10FB8000080D00211C0000214E0D002110B5044677
:10FB90008AB0F5F7D5F9184A2378107003F00F03EF
:10FBA000072B02D001200AB010BD2046694602F0A2
:10FBB000B7FD00229DF800300292002BF2D19DF893
:10FBC0000130DB07EED50D4C01999DF8110004F1D1
:10FBD000890394F89020F3F721F90028E2D001215D
:10FBE00004F1840011F034F9FF216846FFF772FF39
:10FBF0000028D7D00320D6E71C000021080D0021E3
:10FC000070B5574C05460E4694F87030012B03D959
:10FC1000DAB2032A40F08D802B7B84F8983023449D
:10FC2000AA6893F8BD30626784F8B9302B68C4F8CD
:10FC300094302B79022B52D16B7B2BB194F8693025
:10FC400013B9616E00297AD12B79012B2AD03BD8C8
:10FC500094F87A30434A013394F84C10A2FB030520
:10FC600005F4FF7000EB55001B1A41FA03F5D8B2FA
:10FC7000ED0715D40133A2FB030525F0010000EBCD
:10FC800055001B1A41FA03F5D8B2E90708D401332D
:10FC9000A2FB030222F0010000EB52029B1AD8B231
:10FCA00084F87A0094F9580009F0FCF931460120F3
:10FCB000FFF7DCF830B1FFF7D5F92B4BD3F850350F
:10FCC000032B42D0002070BD023B012BF5D894F9E4
:10FCD000580009F0E7F9042384F87030EDE709F0E3
:10FCE000C5F809F0C5FF08F0EBFC204809F002FF59
:10FCF0001F4809F0F9FE1F4809F0DAF994F86C3052
:10FD0000CBB102200EF0D0FB2B79032B05D030466F
:10FD100009F006FF2B79032B8ED1636FD3B93146DF
:10FD20000120FFF7BFFD0028CCD06B7B002B85D1D5
:10FD30008AE70C2070BD01200EF0B6FBE4E701223B
:10FD400094F868000AF02EFD7EE740F68C21322000
:10FD5000F0F7FCFE40F666213220F0F7F7FE00BF18
:10FD6000080D0021ABAAAAAA00800041DC020021F4
:10FD700055555500D6BE898E2DE9F04104468AB00E
:10FD8000F5F7DEF83E4A2378107003F00F03082BD6
:10FD900004D0012528460AB0BDE8F0816946204616
:10FDA00002F054FC9DF80050002DF2D19DF8013076
:10FDB00003F00303032BECD1324E96F84D3083B39E
:10FDC00096F87B8096F87C3073BB00272E4B96F814
:10FDD000902001999DF81100F3F720F808B9002F41
:10FDE000D7D096F87D3096F84570002B37D1274B49
:10FDF0009DF812000299012822D03A46F3F70EF836
:10FE00000028C6D00121224811F022F896F87C3053
:10FE10006BBB21460120FFF76BF9032003F042FF83
:10FE2000B8E796F87880CDE7F4F774F90828CCD0D5
:10FE3000A0EB080786F87900B7FA87F77F09C5E7CE
:10FE40004A7902F0C002402AD7D13A46F2F7E6FFDB
:10FE50000028D7D102994046F4F78CFAD0E7404603
:10FE6000F4F7CAFA03460028C1D00127C0E709F019
:10FE7000FFFE08F025FC002386F87C30C9E700BFB0
:10FE80001C000021080D0021910D00214E0D0021C4
:10FE90008C0D002107292DE9F0410E4686B004465D
:10FEA000174651D14068002808BF002A0CBF012521
:10FEB000002500F08980002800F0B680637C012BCB
:10FEC00000F09480DFF8A88198F8780008285CD0CA
:10FED0000DF10F0104AAF4F7E1F8002800F0C38047
:10FEE00004A99DF80F00F8F78DF80546062E98F83E
:10FEF0004D3065D8002B61D15E4B88F882501B686D
:10FF000023B139462046984788F88300636843B197
:10FF1000627C88F890201968574AC8F889109B8835
:10FF20009380A068B8F8823058B1072E09D198F8AC
:10FF30007810082905D023B1F4F7F8F8012388F8E0
:10FF4000813006B0BDE8F0814568002D69D0437C62
:10FF5000012BB7D16B7903F0C003402BB2D1DFF88E
:10FF6000108198F87C30002BAED0F4F7D3F84FF026
:10FF70000003082860F3070360F30F23A8F8783024
:10FF80004FF0010388F88030A2D16168607CF8F7F7
:10FF900039F83A4A05466168607CF3F74FF9002862
:10FFA000A4D1A8F8820006B0BDE8F081002F41D1AD
:10FFB0006268002A9ED16278D20643D501259BE76C
:10FFC000082EF3D9002597E7294C012584F88250A3
:10FFD00094F8AB30002BB4D0D4F8AC00503011F012
:10FFE000DCF90028ADD184F88350AAE7437903F007
:10FFF000C003402B7FF466AFDFF8748098F87C3044
:020000040101F8
:10000000002B3FF461AF002FAFD198F8B910012950
:10001000ABD1F4F761F888F87C0000283FF454AFC6
:10002000A3E7DFF84C8061E7DFF8448098F84D30B3
:10003000002FC0D098F88220002AC3D06268002A1E
:100040007FF458AF019302F017F8019B20B198F8A4
:100050008250002D7FF450AF0BB11D464CE7F3F7F3
:10006000E7F8054648E740F6FC413220F0F76EFD20
:10007000080D002124020021910D0021800D002196
:100080002DE9F04F354F83B0847C064697F87D808C
:100090008A46012C9346994688F0010833D0002403
:1000A00097F87C502346E5B197F85420032A31D0C5
:1000B0007268FAB197F87850082D21D0284601933C
:1000C000F3F794F8019B002818BF8046CBB197F84E
:1000D0008130002B3AD0F4F727F80023054687F843
:1000E00081308BF800508AF8004089F8008003B016
:1000F000BDE8F08F019301F0BFFF019B0028D9D12B
:100100007BB90025EDE783685B7903F0C003402BE2
:10011000C5D1C5E797F84D20002AC9D097F87B5084
:10012000CAE797F880100029EBD1B0680191F3F786
:10013000D3FF054687F87C000028D2D0F3F7EAFF0A
:100140000828019908D087F87800CAE72846B168DE
:10015000F4F710F90546C4E70D46C2E7080D002183
:1001600008B5F4F7EDFE024B024601201A7008BDF7
:100170001C00002138B51B4C0E2094F8B91008F073
:100180000BFEF1F793FD0546F1F796FD0146284673
:1001900089B20EF0A7FF00B3054609F0C1FC94F840
:1001A000B90010F00C0018BF282009F017FD681DD9
:1001B00094F8B950F3F7CCFF84F87C0048B115F0FF
:1001C0000C0F14BF5525502508F05EFA284609F09B
:1001D00043FD0A2384F8703038BD40F22C61322090
:1001E000F0F7B4FC080D002110B50B4CF4F7A8FE95
:1001F0000A4A94F87C3010701BB909F069F80520A0
:1002000010BD09F035FD08F05BFA002384F87C305E
:1002100009F05EF8052010BD080D00211C0000212A
:1002200010B50C4C94F87C305BB9002301210A4ACC
:10023000A4F8BA3084F870109370BDE8104003F051
:1002400005BD09F015FD08F03BFA002384F87C3069
:10025000EBE700BF080D0021C20D002110B50E4CC8
:1002600094F87C307BB900200C4BD4F8C010A4F873
:10027000BA00987084F87000FEF73AFF0220BDE8DB
:10028000104003F00FBD09F0F3FC08F019FA002349
:1002900084F87C30E7E700BF080D0021C20D002183
:1002A00010B50C4C94F87C305BB9002301210A4A4C
:1002B000A4F8BA3084F870109370BDE8104003F0D1
:1002C000C5BC09F0D5FC08F0FBF9002384F87C30AC
:1002D000EBE700BF080D0021C20D002110B50E4C48
:1002E000F4F72EFE0D4A94F87C3010705BB90023B1
:1002F00001210B4AA4F8BA3084F870109370BDE85D
:10030000104003F0A3BC09F0B3FC08F0D9F90023B6
:1003100084F87C30EBE700BF080D00211C000021B1
:10032000C20D002110B50F4C01F02EFDF4F708FEB0
:100330000D4A94F87C3010705BB9002301210B4A00
:10034000A4F8BA3084F870109370BDE8104003F040
:100350007DBC09F08DFC08F0B3F9002384F87C30F3
:10036000EBE700BF080D00211C000021C20D002199
:1003700010B5114CF4F7E4FD104B0246002104F1D6
:1003800084001A7010F064FD94F87C305BB900238F
:1003900001210B4AA4F8BA3084F870109370BDE8BC
:1003A000104003F053BC09F063FC08F089F9002306
:1003B00084F87C30EBE700BF080D00211C00002111
:1003C000C20D002110B5114CF4F7BAFD104B0246D6
:1003D000002104F184001A7010F03AFD94F87C308A
:1003E0005BB9002301210B4AA4F8BA3084F87010DD
:1003F0009370BDE8104003F029BC09F039FC08F007
:100400005FF9002384F87C30EBE700BF080D002182
:100410001C000021C20D002138B5052003F04AFA66
:1004200048B1114C012094F8B91009F03BFC0D23A0
:1004300084F8703038BD0C4D95F87C305BB90023E2
:1004400001210A4AA5F8BA3085F870109370BDE80A
:10045000384003F0FBBB044609F00AFC08F030F911
:1004600085F87C40EBE700BF080D0021C20D00219C
:100470000320002138B5FEF74BFC032003F01AFAE5
:1004800040B10121084609F00DFC0E4B0B2283F808
:10049000702038BD0B4D95F87C305BB900230121ED
:1004A000094AA5F8BA3085F870109370BDE8384055
:1004B00003F0CCBB044609F0DBFB08F001F985F83A
:1004C0007C40EBE7080D0021C20D002170B5F1F76B
:1004D000EDFB0446F1F7F0FB0146204689B20EF031
:1004E00001FEA8B30E231D4C0546012084F8703090
:1004F00003F0D8FB00210520FEF70AFC062003F0DC
:10050000D9F9064670B194F8B910012009F0CAFB78
:100510002B78226D0121C3F3401382F8CD1084F8AB
:10052000913070BD94F87C305BB9002301210C4AF6
:10053000A4F8BA3084F870109370BDE8704003F0EE
:1005400085BB09F095FB08F0BBF884F87C60ECE70C
:1005500040F2AF613220F0F7F9FA00BF080D002138
:10056000C20D002170B5284C94F8BC305F2B2BD8FD
:100570005A09264B13441D79636F73B1F1F796FB4B
:100580000646F1F799FB0146304689B20EF0AAFD06
:10059000014698B30020FFF785F9D4F8940009F0DC
:1005A000F3FA94F85430022B1CD0032B0ED040F2F7
:1005B00001110022082384F8B950A4F8A91084F886
:1005C000802084F8703070BD0025D5E794F888301D
:1005D000012BECD115F00C0F09D12946002009F0B0
:1005E00061FBE4E794F88830022BE0D1F2E794F85D
:1005F0005930012B14BF29460421EFE74FF4BB61AA
:100600003220F0F7A3FA00BF080D0021E0B002018C
:1006100010B5B0B9A1B11C4B93F870200A2A28D9A3
:1006200093F870200E2A29D893F87010D3F8C420BC
:10063000164B92680B44BDE8104052F8233018471F
:1006400010BD114C94F87C305BB900230121104A95
:10065000A4F8BA3084F870109370BDE8104003F02D
:10066000F5BA09F005FB08F02BF8002384F87C307C
:10067000EBE741F2A8513220F0F768FA41F2A951B4
:100680003220F0F763FA00BF080D0021F5FFFF3FAD
:10069000C20D002170B582B0F1F708FB0446F1F7F6
:1006A0000BFB0146204689B20EF01CFD00283AD013
:1006B0000C231F4E0546002086F8703003F0F2FA36
:1006C000336D0520297893F8CD4004EA511404F0E5
:1006D00001042146FEF71CFB042003F0EBF848B1AF
:1006E0002B78326DC3F3401382F8CD4086F89130F9
:1006F00002B070BD96F87C3063B9002301210D4A29
:10070000A6F8BA3086F87010937002B0BDE8704059
:1007100003F09CBA019009F0ABFA07F0D1FF019801
:1007200086F87C00E9E740F287613220F0F70EFAA4
:10073000080D0021C20D002170B53B4C94F8BC306F
:100740005F2B2FD85A09394B13441D79636F7BB146
:10075000F1F7ACFA0646F1F7AFFA0146304689B236
:100760000EF0C0FC0146002858D00020FFF79AF890
:10077000D4F8940009F008FA94F85430022B2DD0E4
:10078000032B11D094F88830022B13D0012B15D0F5
:10079000DBB30022072384F8B95084F8802084F862
:1007A000703070BD0025D1E794F88830012B19D046
:1007B000022BEDD10023A4F8A930EAE794F8B93070
:1007C0004FF00002A3F10203B3FA83F35B0963F372
:1007D000070263F30F22A4F8A920DAE794F888301F
:1007E000022BD3D115F00C0F08D12946002009F0B7
:1007F00059FA94F88830022BC8D1DBE794F85930C5
:10080000012B14BF29460421F0E701F035FC84F8E0
:10081000A90001F0F9F984F8AA00BAE74FF4BB6126
:100820003220F0F793F900BF080D0021E0B002017B
:10083000B0B582B0F1F73AFA0446F1F73DFA014655
:10084000204689B20EF04EFC00286ED0394C054689
:1008500001F026FA002094F89830234493F8BD70F4
:1008600084F8B97003F026F800283AD094F8703074
:10087000022B2FD1012F20D1E81CF3F769FC84F85B
:100880007C0000283DD194F85430023B012B06D85F
:1008900094F89830234493F8BD10012941D00023E7
:1008A00040F608010522A4F87810C4F8803084F8D6
:1008B000A83084F8702002B0B0BD681DF3F748FC82
:1008C00084F87C000028DED017F00C0F14BF5525EB
:1008D000502517E029460020FEF7C8FA012FCBD09B
:1008E000EBE794F87C309BB900230121124AA4F86D
:1008F000BA3084F87010937002B0BDE8B04003F0D5
:10090000A5B9402507F0C0FE284609F0A5F9BAE7C9
:10091000019009F0ADF907F0D3FE019884F87C004E
:10092000E2E7002009F0BEF9B9E74FF4A1613220F7
:10093000F0F70CF9080D0021C20D002108B5F4F7FD
:10094000FFFA044B187008F0C3FCBDE80840FFF73D
:100950006FBF00BF1C00002110B50D4CF4F7F0FA7A
:100960000C4A94F87C3010702BB908F0B1FCBDE84B
:100970001040FFF75DBF09F07BF907F0A1FE0023EF
:1009800084F87C3008F0A4FCBDE81040FFF750BFAD
:10099000080D00211C00002138B5244C94F8693062
:1009A0000BB9616E39BB94F87030042B3BD8DFE88B
:1009B00003F003031D03120094F87C305BBB002599
:1009C0001B4B0122A4F8BA509D7084F8702003F0EC
:1009D0003DF9284638BD94F8A8509DB92846FEF741
:1009E000B5FF0723284684F8703038BD0025FFF78F
:1009F0001FFF284638BD03F0FF0294F8680009F095
:100A0000D1FED0E701200025FEF7A0FF08232846ED
:100A100084F8703038BD09F02BF907F051FE00233F
:100A200084F87C30CBE70C25E3E700BF080D0021FC
:100A3000C20D00212DE9F041AB4C86B094F857303F
:100A40005BB194F8823005466BB12E78012E11D03F
:100A5000022E00F0AF80002E42D008F039FC0520B5
:100A600006B0BDE8F08194F88330002BF5D02E78E5
:100A7000012EEDD108F02CFC94F8B930022B6B78E4
:100A800000F0C18003F01803182BE8D194F854301B
:100A9000032B00F0BE80954B93F900207F2A00F0D5
:100AA00020817F21029294F8792028461970002134
:100AB000019294F88F200391FF21009294F8B930AD
:100AC0008B4A01F043FB0028C9D0A9690120FEF739
:100AD000BFFF0028C3D00123032084F88830BFE77C
:100AE00008F0F6FB94F85430032BB8D06B7813F071
:100AF000100FC3F3001714BF0822012232EA0303C8
:100B0000ADD1AB688DF815608DF816608DF8176063
:100B1000002B00F090800DF117030DF115020DF17F
:100B200016012846FFF7ACFA9DF8153094F8458079
:100B3000002B40F0A780AB684046AA7C6C49F2F7D6
:100B40006DF978B994F85530023B012B87D89DF8A0
:100B50001630002B83D09DF81530002B7FF47FAF2B
:100B60004FF0FE08614A92F90030002F66D07F2BCB
:100B700000F0B78002937F2094F879300026414638
:100B8000019394F88F30039600931070284694F8E0
:100B9000B930574A01F0DAFA00283FF460AFA9698A
:100BA0000120FEF755FF00283FF459AF032084F8D9
:100BB000886055E708F08CFB94F85430032B3FF421
:100BC0004EAF6B7803F01803182B7FF448AF474AF9
:100BD00092F900307F2B00F084800021029394F87A
:100BE0007930284603917F21019394F88F30009348
:100BF0001170FF2194F8B9303D4A01F0A7FA00289E
:100C00003FF42DAFCBE703F01903192B3FF43EAFB0
:100C100025E76B68002B41D1AB68002B7FF41FAF39
:100C2000AB699B7813F0E0032FD194F87E30002B52
:100C30007FF431AF13E74FF0FF0893E77F2B50D0DD
:100C40007F21117094F87020052A05D094F8702047
:100C5000082A0CBF0326012694F87920284694F828
:100C60008F50414603960095CDE9012394F8B930A1
:100C70001F4A01F06BFA00283FF4F1AE01F044F88E
:100C80000520EDE648F002086CE7402B7FF403AF47
:100C900094F87F30002B7FF4FEAEE0E6154B94F81D
:100CA0005A2003F12E0194F89000F2F7B7F894F867
:100CB0007830082B03D094F87B209A420AD094F81D
:100CC0005630012BA8D0002B7FF4C9AE00283FF48A
:100CD000C6AEA1E794F85630012B9DD0002B9BD0D7
:100CE000BDE6FEF7B9FA00BF080D00211C00002187
:100CF0004E0D0021630D002130B505468BB0F4F791
:100D00001FF94F4B2C7802466946284604F00F0421
:100D10001A7001F005FD072C3CD04A4D00222146F7
:100D20006846FFF7B7F895F8B930013B072B71D843
:100D3000DFE803F00F06700470707004072C24D0F5
:100D4000052408F0C5FA95F87C3083B920460BB02D
:100D500030BD062C02D0F3D8022CF1D821466846CB
:100D6000FEF7D8FA95F87C300446002BEED008F058
:100D70007FFF07F0A5FC0023204685F87C300BB0F0
:100D800030BD9DF80030012BDAD16846FFF752FEE6
:100D90000446D8E79DF80030022B13D0294D012BD3
:100DA00095F8B9203BD0BBB912F00C0F14D09DF8C8
:100DB0000120D10610D522F00302CDE901338DF8D0
:100DC000012009E09DF8013000221E4D23F00303AD
:100DD000CDE901228DF80130002207216846FFF796
:100DE00059F895F8B930013B072B13D801A252F8F6
:100DF00023F000BF8B0D0101830D0101150E0101D0
:100E00008B0D0101150E0101150E0101150E0101D9
:100E10008B0D010141F267313220EFF797FE9DF80B
:100E200001100023022A6FF3410102938DF8011093
:100E3000D2D0CAB2019363F300028DF80120CBE750
:100E40001C000021080D00212DE9F04391B0B64CA3
:100E50000D4606A901F064FC94F8A9303BB19DF859
:100E6000193000226FF3000307928DF8193094F8BF
:100E7000AA303BB19DF8193000226FF3410308926C
:100E80008DF819309DF8180094F8883098420AD0EF
:100E9000012500F079FF94F87C30002B64D12846BE
:100EA00011B0BDE8F083294606A801F05BFB78B9D4
:100EB0009DF819301907EBD50B9B58781A7800F07C
:100EC0000F01000942EA012101F06EFB0028DFD08A
:100ED0002A46072106A8FEF7DDFFB4F88230002B72
:100EE000D6D00023089E8DF815308DF816308DF879
:100EF0001730002E43D00DF117030DF115020DF13F
:100F0000160106A8FFF7BCF89DF8158094F8457007
:100F1000B8F1000F01D047F002079DF816909DF838
:100F200017609DF81850012D39D0022D2BD0002DBF
:100F3000AED194F85430032B2FD09DF819309B0775
:100F400000F19C80FF2794F8833033B1774B1B6806
:100F50001BB10D9808B10F999847394606A8FEF7BE
:100F6000B9FDD0B1032596E708F082FE07F0A8FB93
:100F70000023284684F87C3011B0BDE8F083B146E8
:100F8000B046FF27CDE794F85430032B05D09DF8E9
:100F9000192002F00901092934D001257BE79DF8C9
:100FA000193094F8A91003F00902092A00F0818091
:100FB0000029F2D01A07F0D594F85420032A00F043
:100FC000998013F0020300F0D080B8F1000F40F0D8
:100FD000B780089B9DF82A20554994F84500F1F701
:100FE0001DFF002840F0AC8094F85530023B012BE7
:100FF000D3D8B9F1000FD0D0FE2106A80125FEF705
:101000007FFB48E7022B00F0D58012F0020200F0CF
:101010000D81B8F1000F09D1089B9DF82A204449A1
:1010200094F84500F1F7FAFE0028DDD0414A92F924
:1010300000307F2B00F024817F21117094F8702004
:10104000052A00F0128194F87020082A0CBF0322B0
:101050000122394606A8039294F87920CDE90123AC
:1010600094F88F2094F8B9300092314A01F06EF86C
:10107000002892D0012500F047FE0CE7B8F1000FE0
:101080007FF461AF089B9DF82A20294994F8450018
:10109000F1F7C4FE00287FF456AF94F85530023BB8
:1010A000012B3FF67AAFB9F1000F3FF476AFFE2780
:1010B00049E794F85420032A83D1D9B91E4B94F8F8
:1010C0005A2003F12E0194F89000F1F7A7FE94F84E
:1010D0007830082B04D094F87B209A4200F0C78027
:1010E00094F85630012B05D0002B7FF456AF002822
:1010F0003FF453AF089B7BB1B8F1000F0CD1002E29
:101100003FF44BAF9DF82A20094994F84500F1F7C8
:1011100085FE00283FF441AF08480FF0BBFE0028D1
:101120003FF43BAF0E25B6E6080D0021BC020021BE
:101130004E0D00211C000021630D00218C0D0021AB
:10114000504A92F900307F2B00F09A807F21117075
:1011500094F87020052A67D094F87020082A08BFF8
:101160000325394606A8039576E7464991F90020FC
:101170007F2A00F085807F20087094F87010052980
:1011800005D094F87030082B0CBF0323012394F88A
:10119000791006A8CDE9022394F88F2094F8B9308D
:1011A000CDE90021384AFF2100F0D0FF00283FF4AC
:1011B000F4AE5FE712F002014FD0B8F1000F0DD18D
:1011C000002E3FF411AF089B9DF82A202E4994F879
:1011D0004500F1F723FE00283FF406AF294B93F9B1
:1011E00000507F2D4CD07F2200211A700320FDF784
:1011F0008FFD012394F88F203946039306A894F8B5
:1012000079300092204ACDE9013594F8B93000F0E8
:101210009DFF00283FF4C1AE1C480FF03BFE0028A4
:101220003FF4BBAE0D2536E600259AE7154991F946
:1012300000307F2B24D07F20087094F8701005298F
:1012400005D094F87020082A0CBF0322012294F8DC
:10125000791006A8CDE902329EE70A4B93F90050B7
:101260007F2D0DD07F221A70C0E70022F1E694F89E
:101270005630012B3FF43EAF002B3FF43BAF8CE6E2
:10128000FDF7EAFF1C0000214E0D00218C0D00210E
:1012900010B50446F3F754FE084A2378107003F0A3
:1012A0000F03072B05D120460321BDE81040FFF7AF
:1012B000CBBD00F069FD012010BD00BF1C00002166
:1012C00010B50446F3F73CFE084A2378107003F08B
:1012D0000F03072B05D120460121BDE81040FFF781
:1012E000B3BD00F051FD012010BD00BF1C00002166
:1012F000034B93F83E00003818BF0120704700BF31
:10130000080D0021024B187A003818BF01207047E1
:10131000080D002110B5094C236D53B10222084974
:10132000204662721B886381F5F74EFA002323651D
:1013300010BD40F22B413220EFF708FC080D0021D0
:1013400001F8000138B5234C054694F87030012BA4
:1013500002D094F87030DBBBF0F7A0FC00F068FC22
:1013600094F87C3063BB422200211A480CF0BCFF89
:10137000002340F2071284F8585084F8543084F85F
:101380007A3084F8A830A4F84C20FF2184F8683023
:10139000636684F8691084F86930012040F2012105
:1013A00084F8AB3084F8BD001846C4F8AC3084F83B
:1013B0004430A4F85410A4F84C2084F8573038BDB9
:1013C00008F056FC07F07CF9002384F87C30CAE76B
:1013D0000C2038BD080D00210F4BD3F8C42010B5E8
:1013E000C3F8C00072B100220C46A3F8BA2083F8FB
:1013F000BC2083F8702000F01BFC2046FFF7A2FF02
:1014000028B910BD40F6B3113220EFF79FFB40F62C
:10141000B9113220EFF79AFB080D0021024B034A65
:10142000C3F8C420704700BF080D0021C00200218E
:1014300070B50546F0F73AFC0446F0F73DFC01466E
:10144000204689B20DF04EFE40B1074B01462846BA
:10145000D3F8C430BDE870401B68184740F69621A9
:101460003220EFF773FB00BF080D0021024BD3F8C9
:10147000C4305B68184700BF080D002110B50D4C43
:1014800000F082FC94F87C305BB9002301210A4A09
:10149000A4F8BA3084F870109370BDE8104002F0E0
:1014A000D5BB08F0E5FB07F00BF9002384F87C308E
:1014B000EBE700BF080D0021C20D0021014B83F8AE
:1014C0004C007047080D002110F0010319D00122D3
:1014D000022110B4154C134684F8BD20840706D5AC
:1014E000124A4FF0020C1A440B4682F8BDC00107A5
:1014F00004D50E4A0821134483F8BD10002010BC07
:10150000704782074FF0010106D5084A4FF0020CE0
:101510001A440B4682F8BDC0020704D5034A0821CD
:10152000134483F8BD100020704700BF080D002150
:10153000014B83F857007047080D002138B5124D54
:1015400095F844C0ACF10203012B98BF00280CBFF2
:101550000124002408D01CF0FD0FBDE8384014BF62
:1015600001200020F1F784BC11F0FD0F114614BFDB
:1015700001200020F2F700FC082801D0204638BDE9
:1015800095F844C0E7E700BF080D0021044B93F82D
:10159000443013F0FD0F14BF01200020F1F768BCA8
:1015A000080D0021014B83F844007047080D00210D
:1015B00038B5234C94F8443004F1460113F0FD0F84
:1015C00014BF0120002084F84500F1F70BFC94F8CB
:1015D0004430023BDBB2012B94BF0123002384F88B
:1015E0007D3000D938BDF2F7C1FB054609F0D8F8C7
:1015F0006B01EA0E5B1B62F10002520242EAD35217
:101600005B025B1942F1000C9A014FEA8C1ED21A60
:101610004EEA936E6EEB0C0C53194CF100021B1842
:101620004FF0000042EB0101C4E92831F2F740FE1F
:101630000028D7D140F654313220EFF787FA00BFA7
:10164000080D002100284FF008030CBF4FF0010CDB
:101650004FF0000C10B50A4C84F8560084F84DC0C9
:1016600084F87B3009D111F0FD0F114614BF012021
:101670000020F2F781FB84F87B00002010BD00BF42
:10168000080D002108B5A9B10D4B83F85A00D1F817
:1016900000C01A6DC3F85BC093F845008988A3F8B1
:1016A0005F105072D3F84610C2F80A10B3F84A30EF
:1016B000D38108BD40F673313220EFF747FA00BFFF
:1016C000080D0021044B032883F854004FF000005C
:1016D00008BF1965704700BF080D00210246024B84
:1016E000002083F87E207047080D00210246024B3F
:1016F000002083F87F207047080D00210D4A92F8E2
:101700005430032B0ED0013B012B01D90020704730
:1017100092F8550000F0FD00A0F10100B0FA80F051
:101720004009704792F85600A0F10100B0FA80F02D
:1017300040097047080D0021014B93F85400704791
:10174000080D002110B5104C94F869300BB9616E8A
:1017500091B994F87C303BB900200C4BA4F8BA0046
:1017600084F87000987010BD08F082FA06F0A8FFA7
:10177000002384F87C30EFE703F0FF0294F8680060
:1017800009F010F8E5E700BF080D0021C20D0021A7
:10179000024808B50FF087FB002008BD8C0D002122
:1017A0000A4B93F85420032A0AD000208446A3F859
:1017B000400002220649074883F83FC0F5F704B805
:1017C0001A6D4FF0010C1088F1E700BF080D0021E1
:1017D000B1F700013E0D002110B50178024611F06D
:1017E000010C3DD040784FF0020E234B032883F8C4
:1017F00054004FF0010008BF002483F8BD0008BF6B
:101800001C658C070CD592F802C0BCF1030F2FD0D9
:10181000184483F854C0F4464FF0020E80F8BDE03F
:10182000490708D5D17803291FD09C44082083F8A4
:1018300054108CF8BD001179002083F844105179C0
:1018400011F0FD0F83F855100CBF0121014683F8FC
:101850004D10917983F84C10D27983F8572010BD40
:101860004FF0010E6046044BCBE700201865DCE723
:1018700000241C65CCE700BF080D0021004870471C
:10188000C00D002110B50F4C94F87030032B13D10C
:10189000023801280BD839B900230B4AA4F8BA3012
:1018A00084F87030937010BD00F06EFAF4E740F6E3
:1018B0002F413220EFF74AF940F621413220EFF76D
:1018C00045F900BF080D0021C20D00210A4B5A6ED8
:1018D0007AB1FF22002083F869205866012293F82C
:1018E00068C0064902FA0CF283F86900C1F80825BD
:1018F00070470C20704700BF080D002100F0004128
:10190000034B93F8AB00003818BF0120704700BFAD
:10191000080D0021012A2DE9F04F8DB005460C4637
:1019200008BFA0F10905F0F7C1F907460DF045FC25
:101930000646002800F04081014601AA38460DF015
:101940004AFC8046F0F7B8F980B2404540F02F815C
:1019500002A9019800F0E4FE30460DF042FC8542F9
:1019600040F02081D5F81A3004F10308D5F81210A0
:10197000D5F81620D5F81E00C4F80B30D5F82A305B
:10198000C4F80310C4F80720D5F82210D5F8262093
:10199000C4F81B302B7FC4F81310D906C4F80F000D
:1019A000C4F817201AD55A0740F1E0800023E372EB
:1019B0000423237006F074FC814680BB38460DF08A
:1019C00012FC002800F00981002138460DF02FFBA1
:1019D000864B00225A700DB0BDE8F08F834E3378ED
:1019E000002B40F08F8095F82D30242B40F288801A
:1019F00000234FF00109E372637B03F06002202AA9
:101A000000F0A980002333700423237006F048FC03
:101A100028B9B9F1000FD1D10DB0BDE8F08F23780E
:101A2000042B40F0CE8094F80DA01AF0100F00F0B7
:101A3000D0806E4ED4F80300D8F80410351DD8F8C5
:101A40000820D8F80C3094F80BB00FC5D8F8100067
:101A5000D8F81410D8F8182007C55A4604F11F0109
:101A600006F120000CF0CAFB1AF004001DD0F37D33
:101A7000FE2B1AD12373B38BB069A4F81130737B9A
:101A8000D6F80620E3741123C4F80D0023703379CF
:101A9000C4F80620E370012323717379637173899D
:101AA0006381B9F1000FB7D088E733790BF10A02EF
:101AB000717BE37002FB03F3032284F80CB0023362
:101AC000227063704A4B9B88638173796371D6F887
:101AD0000630C4F8063004EB0B0359731AF0080102
:101AE0002ED004232371BBF11F0F6ED85A464149F3
:101AF00004F10D000CF082FBB9F1000F8CD05DE712
:101B0000012333709DF80830022B3FF471AF7378D6
:101B1000E52204F11F010198F4F79AF87378E07256
:101B2000184470700198F4F789F87378834234D0C0
:101B3000637B01224FF0000962F3461363735BE796
:101B40000AF00303032B21D0E8B9022B28D0002B85
:101B500048D12271C7E73278012A19D0022A0FD062
:101B6000002A7FF451AF012333704DE79DF81850E0
:101B700004F11F0005992A460CF040FBE57217E7B7
:101B80000323337040E701232371ACE72171AAE7F7
:101B90009B07F5D50223337036E74FF001092BE799
:101BA0002371A0E740F2DF113320EEF7CFFF4FF4AF
:101BB000EA713320EEF7CAFF4FF4E5713320EEF7F8
:101BC000C5FF50213320EEF7C1FFA1213320EEF7EE
:101BD000BDFF51213320EEF7B9FF40F21D21332024
:101BE000EEF7B4FF9E213320EEF7B0FFD00D0021B9
:101BF000D60D0021F00D00210122FFF78BBE00BFA2
:101C00000022FFF787BE00BF00B583B0F0F74EF8A3
:101C10000DF1020201A90DF0FAFA01980DF0E1FAB6
:101C200090F82500FF3818BF012003B05DF804FBD1
:101C300000B583B0F0F73AF80DF1020201A90DF0FA
:101C4000E6FA01980DF0CDFA0023FF214FF0010CC8
:101C5000C0F81A304FF07F0EC0F81230C0F81E30B6
:101C6000C0F8223080F82010C17480F82510017F60
:101C70000A4A6CF34611C0F82A30C0F8163080F8D2
:101C80002CE0C0F826301364A2F84430137082F8B8
:101C90004630017703B05DF804FB00BFD00D002192
:101CA00000B583B0F0F702F80DF1020201A90DF0C2
:101CB000AEFA01980DF095FA00237F21FF22C0F8BB
:101CC0001A304FF0010CC0F82A3080F82C10017F38
:101CD000C0F812306CF34611C0F81E30C0F8223044
:101CE00080F82020C27480F82520064AC0F81630FB
:101CF000C0F8263001771364A2F8443003B05DF8D1
:101D000004FB00BFD00D002170B582B0EFF7CEFF0D
:101D100004460DF1020201A90DF079FA01980DF0C7
:101D200060FAC67FEEB9054620460DF0A3F90128FA
:101D300015D0EFF7C1FF012281B220460DF0FDF969
:101D4000C8B120460DF096F980B106220C4928460C
:101D50002E72F4F739FD0B4B0022A3F8442002B099
:101D600070BD20460DF086F90028F4D140F2E22142
:101D70003320EEF7EBFE40F2DE213320EEF7E6FEF5
:101D8000011C0101D00D0021F0B583B0EFF78EFFEB
:101D90000DF1020201A90DF03AFA01980DF021FAB5
:101DA000C37FD3B1124D2C6C94B1237F022295F8DE
:101DB000467062F346132377002606220D4920461B
:101DC0002672F4F701FD57B900232B6485F84630DD
:101DD00003B0BDE8F040FFF797BF03B0F0BD0622A7
:101DE000054904F109006674F4F7EEFCECE700BF66
:101DF000D00D0021011C0101F91B01012DE9F04F5B
:101E000083B00D4690461F4606469DF830909DF8DB
:101E100034A09DF938B0EFF749FF04460DF02AF9D8
:101E2000012822D020460DF1020201A90DF0EFF9A0
:101E300001980DF0D6F900230446C0F81230C0F81E
:101E40001630C0F81A30C0F81E30C0F82230C0F882
:101E50002630C0F82A3001238374062D7CD8DFE8B1
:101E600005F00746597B7B7B5E0003B0BDE8F08F31
:101E7000037F23F0130343F013030377B9F1080F33
:101E800004F114023ED0484604F11301F2F706F9BA
:101E900000286BD0E37C43F00203E3740123227F2C
:101EA00084F81BB0E38352074FF0FF0384F820301F
:101EB0003CD484F825307F2384F82DA084F82C307E
:101EC000EFF7F4FE0546EFF7F7FE0146012228463C
:101ED00089B20DF032F9002843D0002306222549AB
:101EE0002046237203B0BDE8F04FF4F76DBC037FCA
:101EF000B9F1080F04F1140223F0150343F01503A0
:101F00000377C0D1737CE3747368196861619B883F
:101F10009380C3E7037F43F010030377AEE7037FAB
:101F200023F0120343F012030377A7E7BB1E04F16B
:101F30002602012B08D9B3681968C4F826109B88BB
:101F4000938084F82570B6E7D8F80030C4F82630BE
:101F5000B8F804309380F4E74FF44E713320EEF775
:101F6000F5FD4FF456713320EEF7F0FDEE213320EE
:101F7000EEF7ECFD011C01012DE9F04383B00E46A4
:101F800015461F4681469DF92880EFF78FFE0446CF
:101F90000DF070F8012860D00DF10202204601A971
:101FA0000DF035F901980DF01CF900220123082EDF
:101FB000C0F812200446C0F81620C0F81A20C0F855
:101FC0001E20C0F82220C0F82620C0F82A2000F1E8
:101FD0001402837437D0304604F11301F2F75EF82F
:101FE000002842D0E37C43F00203E374227F45F0F3
:101FF0001A05012684F82D7022F01B0305F01B053D
:10200000FF2284F81B801D437F2384F8202084F85E
:102010002520257784F82C30E683EFF747FE054628
:10202000EFF74AFE01463246284689B20DF085F8A0
:10203000B0B1002306220F492046237203B0BDE849
:10204000F043F4F7C1BB99F81130C374D9F80430E8
:10205000196841619B889380C8E703B0BDE8F083AD
:1020600040F285313320EEF771FDEE213320EEF79B
:102070006DFD00BF011C010100B583B0EFF716FE36
:102080000DF1020201A90DF0C2F801980DF0A9F8B6
:10209000C07CFF3818BF012003B05DF804FB00BF0F
:1020A00010B582B09DF814409DF810C074B9022A92
:1020B00009D0012A25D032B91CF00C0004D0487890
:1020C000C0F3001000E0012002B010BD012C06D0CA
:1020D000022C0CBF184643F0010002B010BDB2B98B
:1020E000EBB1EFF7E3FD0DF1020201A90DF08FF85E
:1020F00001980DF076F890F82500FF3818BF012000
:10210000E2E753B9BCF1020018BF0120DCE7012A65
:1021100014D0901E18BF0120D6E71846D4E7EFF779
:10212000C5FD0DF1020201A90DF071F801980DF045
:1021300058F8C07CFF3818BF0120C5E7007BA0F12C
:102140000200B0FA80F04009BEE700BF2DE9F04F71
:102150008BB01F46054690F800B09DF850309DF8B2
:102160005C6003939DF854309DF958A00591079247
:102170000693EFF79BFD002E40F03E810DF1220803
:102180000DF12409424649460DF041F809980DF039
:1021900028F80123044680F81BA083747B1E072BBC
:1021A00000F2CC81DFE813F008000800CA016901E1
:1021B000CA01CA01CA0169013B46A377039B84F89F
:1021C0002D306B6953B3EFF771FD424649460DF070
:1021D0001EF809980DF005F841F2FF032A88134014
:1021E0001CD0002304936B695A78C2F3031284F85D
:1021F00020205A781B7802F00F0243EA0223A4F849
:102200002130012E95F800A00BD1BAF1000F08D1B2
:10221000EB6933B15B88A4F8233002E0049395F8AE
:1022200000A0AAF10102237FB2FA82F2520962F3FE
:102230000003BAFA8AF2C3F340015209BAF1020F5D
:1022400008BF41F0010161F3410302EA530262F366
:10225000C3032377AB68ABB1022E13D0EFF726FD93
:10226000424649460CF0D3FF09980CF0BAFF52469B
:1022700012300123294601960097FFF711FF00282D
:1022800000F0F680A6F10102BBF1000FAB69B2FAD3
:1022900082F24FEA521208BF0022002A4FD1002BCF
:1022A0004DD09A78597802F01F0351EA0323237F17
:1022B0000CBF0222012262F3461323772EB917F0D6
:1022C0000C0F02D06B78DB0605D42B6A1BB193F997
:1022D000003084F82C306B689BB1EFF7E7FC424686
:1022E00049460CF094FF09980CF07BFF0023123054
:1022F0005A462946CDE90076FFF7D2FE002800F0C5
:10230000FF80AB68ABB1022E1ED0EFF7CFFC424688
:1023100049460CF07CFF09980CF063FF5A461230D6
:102320000123294600970196FFF7BAFE002800F026
:10233000C2804EB9012528460BB0BDE8F08F237F3F
:102340006FF346132377B9E7834D2E6C76B195F87A
:1023500046A000270622814930463772F4F734FA46
:10236000BAF1000F40F0BC8000232B64EFF79EFC15
:10237000237F064603F06003202B70D00025062241
:10238000764920462572F4F71FFA049BE52B00F2EC
:10239000AF80EFF791FC012281B230460CF0CDFE08
:1023A0000546002800F0CF804246494630460CF0F2
:1023B0002EFF09980CF015FFD4F81210D4F816204F
:1023C000D4F81A30D4F81E60C0F81210C0F81620E5
:1023D000C0F81A30C0F81E60D4F82210D4F82620B5
:1023E000D4F82A30C0F82210C0F82620C0F82A30CD
:1023F00028460BB0BDE8F08F04460CF03BFE0128E8
:1024000069D02B78022B1CD1002304930DF12208F4
:102410000DF124092046424649460CF0F8FE099881
:102420000CF0DFFE0123044680F81BA083747B1EA2
:10243000072B00F28380DFE803F02222813C8181B8
:10244000813C2B7C40F27261434A18460493B2F8F7
:10245000443003448B423EDCA2F84430D6E7049B70
:102460002C64E52B94BF0023012385F8463090E7C8
:10247000237F43F00403237704E703239DE63B46D1
:10248000E377039B84F82D306B69002B3FF4B9AEE2
:10249000EFF70CFC424649460CF0B9FE09980CF0E7
:1024A000A0FE032E7FF49FAE037F19077FF59BAE3E
:1024B000B5E60323E4E7059B04F12602023B012B6A
:1024C0002DD9AB681968C4F826109B889380059BAA
:1024D00084F825302DE7002528460BB0BDE8F08FA5
:1024E000062206F109001E497774F4F76DF93BE7FF
:1024F00006221B4904F109006574F4F765F948E701
:10250000069804F11402082810D004F11301F1F721
:10251000C5FDE8B1E37C43F00203E374F1E60799FB
:102520000B68C4F826308B889380D0E76B7CE3740B
:102530006B68196861619B889380E2E64FF42271B1
:102540000620EEF703FB40F236213320EEF7FEFAC9
:10255000EE213320EEF7FAFAD00D0021011C010123
:10256000F91B010130B583B00C460546EFF79EFB21
:102570000DF1020201A90CF04AFE01980CF031FEA7
:1025800044B941F2FF022B881A420CBF01200020FF
:1025900003B030BD032C04D1007FC0F3C00003B0F2
:1025A00030BD002003B030BD30B583B00D460446C9
:1025B000EFF77CFB0DF1020201A90CF028FE019857
:1025C0000CF00FFE90F82030A34202D0002003B0A0
:1025D00030BDB0F82100401BB0FA80F0400903B0D4
:1025E00030BD00BF70B50C4616460546F3F72EF910
:1025F000034628466374F3F735F9A074062E13D802
:10260000DFE806F00419041204120400002301217B
:10261000EA1C6170C4E901236B78063BDBB22374CA
:102620003BB10935E56070BD002363702374C4E9D4
:102630000133E36070BD032100236A18093561701E
:102640002374E360C4E9012570BD00BF70B50C467A
:10265000C17811F03F015CD00546F3F7F7F8034667
:1026600028466374F3F7FEF8A0742B796370E8785A
:10267000830923702B7913F0010641D14FF0050C2B
:102680004FF00B0E624613F00201666002D005EBBC
:102690000C017246A160590701D50132D2B213F084
:1026A000080102D0961CA918F2B2616113F0100162
:1026B00002D0D61CA918F2B2A16113F0200103D0F8
:1026C00002F11206A918F2B213F04003E16102D040
:1026D000AB180132D2B200F03F002362011D891A0B
:1026E00011F0FF0114BFAB180B4663626B78013B1E
:1026F0001B1ADBB2237453B10A441544E56070BD64
:102700004FF00B0C6E1D4FF0110E6246BBE7E360FD
:1027100070BD20462822BDE870400BF0E5BD00BF2B
:1027200070B5067806F00F06072E26D00C46054633
:10273000F3F78CF8034628466374F3F793F8A07414
:10274000062E13D8DFE806F0041D0412041204005C
:1027500000230121EA1C6170C4E901236B78063B68
:10276000DBB223743BB10935E56070BD00236370B3
:102770002374C4E90133E36070BDBDE87040FFF726
:1027800065BF032100236A18093561702374E36073
:10279000C4E9012570BD00BF70B582B00BF0F6FE34
:1027A000A8B1CE25C4260DF1060007F093FE0DF169
:1027B00007009DF9064007F093FE9DF807002043AF
:1027C00040B200280CBF3046284602B070BD0BF066
:1027D00039FE00280BBFB625C525AC26BB26E2E78F
:1027E00070B582B00BF0D2FEB8B14FF4A3754FF4C0
:1027F0009E760DF1060007F06DFE0DF107009DF9C4
:10280000064007F06DFE9DF80700204340B2002807
:102810000CBF3046284602B070BD0BF013FE0028F6
:1028200040F23D1540F2331604BF4FF497754FF454
:102830009276DEE710B50446FEF77EFF012822D02F
:10284000082C15D0042C2CD0022C40F2DC430ABFFB
:10285000182028204FF4437314F00C0F31D1022CB0
:102860000CBF4FF482624FF402621044184410BD52
:1028700041F64C73082C4FF4C87003F1500318D183
:102880004FF48242F1E7082C18D0042C06D0022C19
:1028900040F6480008BF4FF4856010BD41F2BE10FD
:1028A00010BD40F6E823082C4FF4BF7003F150032D
:1028B000E6D0042CD3D14FF48252D6E744F29020D4
:1028C00010BD5033F5E700BFF8B5444C07F068FF82
:1028D00005460E462378042B08D16368A269216D52
:1028E00003EB8303521AB2EB430F4ED3FFF778FF8B
:1028F0004FF0000C94F82FE06146634602330CF170
:10290000010C54F823205FFA8CF302449E451144D5
:10291000F4D263688B422DD0012738460AF056FE68
:102920007C2825D9431C27D0D4E90E3219188A42B5
:1029300098BFD01A236B626B5B1B62EB0606012B00
:1029400076F1000236DB00229842B24134DA41F2DD
:102950008836864228BF0646C5F1CD0507F020FF20
:102960000544B54204D8394630460AF07DFE50B3DE
:102970000020F8BD0227D0E7D4E90E30C61A41F294
:1029800088339E4228BF1E46E6E7FFF729FF002254
:1029900094F82F70114613460233013254F8233055
:1029A00003441944D3B29F42F6D263688B42E1D10B
:1029B0000327B2E70026CFE741F28830834228BFE1
:1029C00003461E46C8E7206CA36B304433442064A2
:1029D000A363BDE8F8400AF09FBD00BF180E0021B8
:1029E00010B5284C2378002B3DD094F82C3003BB35
:1029F0002378052B2BD0244801F040FEA37813B197
:102A000094F82C3063B3FEF761FF002384F82C3078
:102A10002278A370042AA36216D000232370FEF745
:102A20002DFF0446007809F035FF08B320232370FA
:102A300010BD2378052B20D1236F002BDBD004F1B0
:102A4000500001F0C5FED9E7FFF79EF9E5E7236FD7
:102A5000002BD0D1A06A00F5367001F00FFECAE756
:102A6000FEF79EFECFE74FF4B8712120EEF76EF827
:102A700040F286312120EEF769F840F24D21212005
:102A8000EEF764F8180E0021680E002110B51C4CFA
:102A90002378042B07D16368226D03EB8303801A2C
:102AA000B0EB430F16D3FFF79BFE002194F82FE005
:102AB0008C460B460233013154F82320CBB202443A
:102AC00073459444F6D96368634501D0012010BD75
:102AD000022010BDFFF784FE002194F82FE08C4601
:102AE0000B460233013154F82320CBB202449E45F9
:102AF0009444F6D263686345EAD1032010BD00BF59
:102B0000180E00212DE9F04FB34C93B09046994632
:102B100002910646FEF7B2FE059007F041FEA76857
:102B200006910390FFF75CFE002294F82F101546E3
:102B300013460233013254F8233003441D44D3B208
:102B40009942F6D2D4F804B0AB4526D1B8F1000FC3
:102B500023D02378002B40F09280029B002B40F082
:102B6000638394F82E30059A13445879082800F0AE
:102B7000A781042800F03A83022800F03F83431E17
:102B8000072B00F2FF82DFE813F02A03FD02FD02AB
:102B90000B03FD02FD02FD020B03029B002B76D10D
:102BA000B8F1000F40F0D380DDF80CA0D4E9142375
:102BB000AAEB0208B8FBFBF80BFB08F818EB0208BD
:102BC00043F10003CDF81C80AAEB08080893FEF738
:102BD00055FE8146FFF7E0FD0746FFF701FE94F83A
:102BE0002F20014607F59377BFB2B8446768B84510
:102BF0002CBFA8EB07074746002A00F0EB82A3682A
:102C00000344BB4200F21782FF1A4FF0010A012A67
:102C100013D0E3680B449F4204D30AF1010AFF1A60
:102C20005FFA8AFA022A08D023690B449F4204D330
:102C30000AF1010AFF1A5FFA8AFA5346D1449A1C34
:102C400099F8050054F822C00828CDF810C000F00B
:102C5000FF81042800F09182022800F0CA8200F16E
:102C6000FF3CBCF1070F00F28D82DFE81CF0B502DB
:102C70008B028B0290028B028B028B029002B4F9C2
:102C80007430002B3FF469AF029B002B5FD0089398
:102C900000230493039B13F5FA68069B43F1000A93
:102CA00001F0BCFD01F038FD22780346052A00F052
:102CB000218219464948079301F0FEFC079BBBB1EE
:102CC0001A68986859688018B3F92430626841F12D
:102CD0000001A4F874300792CDE9008A01F050FD9C
:102CE000079A904200F2AA8210EB08084AF1000A03
:102CF00001F09AFD6368B8EB030323656AF10003F2
:102D00006365B9F1000F5ED042F21073414652463E
:102D1000E9FB03120023C4E90C12012205981844B0
:102D2000407908284CD0042800F05381022800F094
:102D30007D81411E072900F22582DFE811F0410163
:102D40002302230251002302230223025100D4E96B
:102D5000143203994FF00009A1EB03081BEB0303A6
:102D6000B8FBFBF80BFB08F842F1000A18EB03086C
:102D70004AF1000AFFF710FD039900F59373A8EBE1
:102D800001029BB29A4280F0F080206D4B46226A8D
:102D90006168121ACDF81090B2FBF1F201FB020249
:102DA00005981844A8EB020211EB080840794AF193
:102DB000000A0828B2FBF1F24FF001010891B2D1EC
:102DC0004FF4D26913E04FF0FF306FF000414B46F3
:102DD0000122C4E90C01A1E7180E0021680E0021B0
:102DE0004FF0A009022800F0238109F12809079378
:102DF00009F1D009059207F0EBF94AF2A131059AE1
:102E00000144BA48A0FB013109EB9119216BB1EBE8
:102E10000800616B61EB0A01012871F10003079B57
:102E2000C0F2D5804FF0000C87427CEB010100DB43
:102E30000746023354F823309F4228BF1F46E763FA
:102E40001AB1089B002B40F0C980029B0BB1C4E96A
:102E5000068AAB454FF0010514BFE36B4B46C4E94E
:102E6000088AA363F572FFF797FC5146308140460C
:102E7000FFF70CFEB072A36B7360049B002B00F095
:102E8000A280039A3570236B616B9B1A069A61EBE3
:102E90000201AB4271F10002C0F29E80944A002010
:102EA0009A4270EB010100DA1346A3EB0903336188
:102EB000E06B484534BF0020012013B0BDE8F08F1F
:102EC0004FF4D26807F084F96FF00043D4E90C1294
:102ED0009A4208BFB1F1FF3F00F0B0804AF2A1333F
:102EE000824A08F1D0084FF0000A03444FF001096C
:102EF0008DF830A0A2FB032308EB9318CDF83480A3
:102F0000FFF74AFC8DF83B90ADF83800FFF744FC22
:102F100000F59373039A0CA89BB29B181093069B21
:102F200043F10003119302238DF83A3009F0E4FCD9
:102F3000002800F09281226B109B1199D31A626BCA
:102F400062EB0101B3EB080361F10003002B80F297
:102F500060815746CDF820A0DDF80C80DDF818A080
:102F60003B463A46CDF81090D8E6E26B4FF0010AA6
:102F70008DF830900D92CDF81090FFF70DFC226A7D
:102F8000ADF83800206D6168121A8DF83BA0B2FBD5
:102F9000F1F201FB02F2616D101841F10001109095
:102FA0001191FFF773FD61688DF83A000CA8CDF818
:102FB00020A0F1F77BFE049B0246DDE9108AADE616
:102FC0004FF4A8790EE73370C6E9048A70E700274A
:102FD0002FE740F2BE290AE7002366E75200B4F962
:102FE000740091B2F3F72AFFB4F87430A26A1B1A86
:102FF0001BB2A4F8743062B1A2F8FC32D2F8D83215
:103000001B18C2F8D832D2F8DC3243EBE073C2F8B6
:10301000DC32C217236D18EB000842EB0A0A1818BD
:10302000636D206542EB030262650EE74FF04809CD
:1030300009F11809DBE64FF0000AE8E50023012258
:10304000DDF80C8004921A46DDF818A0089365E6B6
:103050004FF4D2690991CDE90A3207F0B9F84AF282
:10306000A13C0B9A84442148A0FB0C3C07F1D00002
:10307000049B814409EB9C194B45DDE9091322D3DC
:1030800054F82220D71B002FC0F2D380079A206D5E
:1030900018EB0208089A42F1000AA269111A626844
:1030A000B1FBF2F102FB01F109182165A8EB010166
:1030B000B1FBF2F2616D41F10001616501210891FE
:1030C000002104912AE694F82F00504549D96268FE
:1030D0000AF1010390455FFA83F980F0B4804B4612
:1030E0009A1C54F8227001EB0708CCE7D34D62100C
:1030F0000040420FA26A00210790D2F8E00201F0DE
:1031000017FB079B0146834251D0A06A0A9300F542
:103110003670099101F0D0FA00222267A26ADDE937
:1031200009130792002A00F09380099100296AD0C0
:103130000A9301F07FFBDDE90913002800F092807B
:1031400088680A68DDF81CC012184868CCF8D822D4
:1031500040F10002CCF8DC22B1F92420ACF8FC22CA
:10316000A7E56168884531D3B8EB410F4FEA4100CC
:103170007DD254F82270804685E74FF4A07909F596
:10318000BF7967E740F211110520EDF7DFFC042855
:103190004FF0A009F3D002282DD009F1280959E7F2
:1031A00004284FF0A0081CD108F5BF788AE6D4F8AF
:1031B00028C0A26DDCF8E002CDF81CC0824238BF06
:1031C0000246A2650CF536722267AEE754F822700B
:1031D000884658E7924630E54FF4A879DBE74FF48C
:1031E000A87802280CD008F128086BE64FF4A078E4
:1031F000DAE74FF0480909F118092BE74FF04808C2
:1032000008F118085EE600200021079AC2E9B6011D
:103210004FE55246CDF820A0DDF80C80DDF818A06F
:103220001346CDF8109079E5002308930123049309
:1032300030E540F2DE412120EDF788FC40F2EA3132
:103240002120EDF783FC4FF497612120EDF77EFC00
:1032500040F28B712120EDF779FC4FF4A36121201E
:10326000EDF774FC40F291712120EDF76FFC40F214
:10327000D5412120EDF76AFC2DE9F04F8A4689B04F
:10328000FEF7FCFA0446BAF1080F00F2C480DFE84A
:103290000AF05590050523C22850BD000478FEF7BA
:1032A000EDFA0379C27803F01F0352EA032340F0DA
:1032B000A8800023012202A81946FFF723FC00285A
:1032C00000F0998002A9204609F04CFC002800F08B
:1032D000D88009B0BDE8F08F09B0BDE8F04F06F026
:1032E0005FBD0379C27803F01F0352EA03237CD049
:1032F000437813F00C0F17D0644C94F844309BB90A
:10330000012144F2365084F844100AF0ADF958B95E
:10331000206C44F23652A36B104413442064A36320
:103320000AF0FAF80028D4D109B0BDE8F04FFEF752
:10333000A5B809B0BDE8F04FFFF752BB534D0123CC
:103340006F782B75002FC4D1007809F0BFFA2B6D70
:1033500095F82F608046A0EB0309D5F804B0E96129
:103360000497A861002E5BD1DE46CA4685F82E6020
:103370008DF814602379E27803F01F0352EA0323E7
:1033800070D0AA6C032302928DF80C3002A88DF83D
:103390001570FEF74DF800286ED1A86BC038286470
:1033A0000AF0BAF8002894D140F2C7112120EDF7B5
:1033B000CDFB364C637863B1FEF7C4F9237D002B57
:1033C00087D006F01FF809F09FF800232375637576
:1033D0007FE701236375FEF749F800283FF479AFD2
:1033E0004FF4EB712120EDF7B1FBFFF76DFA0028E8
:1033F0007FF46FAF98E7254B01229A70FFF7F0FA40
:1034000067E701210320FEF73DFA52E740F205216C
:103410002120EDF79BFB40F209212120EDF796FBDF
:10342000FFF7DEF92B6DD5F804E05646A8EB030A4A
:1034300095F82FC03A460197BAFBFEF10EFB013119
:103440003B46A8EB0108023355F8233003444345BB
:1034500003D80136A8EB0308F6B20132D3B29C457B
:10346000F1D283E7D94538BF0123D6458DF80C301A
:103470008CBF0027012789E740F2C3112120EDF717
:1034800065FB40F2CF712120EDF760FB180E0021A3
:1034900070B5434CFEF7F2F905462378042B02D0B1
:1034A0002378052B45D10122237D627003F0FF06AE
:1034B000002B41D0EFF3108672B6237D13B1637DEC
:1034C000002B48D106B962B628780AF0FFF994F8C3
:1034D0002C3023BB2378052B4FD0324801F0CEF897
:1034E000002594F82C30AB4265700CBF2E460C269C
:1034F000FEF7ECF984F82C502378A570042BA56214
:1035000038D000232370FEF7B9F90446007809F09B
:10351000C1F900283AD020233046237070BD2378AB
:10352000052B38D1236F002BD7D01E4801F050F95E
:10353000D6E70C26304670BD287809F07FFD2B7940
:10354000EA7803F01F0352EA0323BDD0314603207B
:10355000FEF798F9B8E7FEF7F5F8237D002BB1D018
:1035600005F050FF08F0D0FF002323756375002E8F
:10357000AAD1A8E7FEF708FCC3E7236F002BACD164
:10358000A06A00F5367001F079F8A6E740F28631BE
:103590002120EDF7DBFA40F24D212120EDF7D6FA9C
:1035A000180E0021680E002170B5114C2378BBB9AC
:1035B00000222378A4F8742003F0FF069BB942F29E
:1035C000107540F2712384F82F6065602566A4F8B9
:1035D0006430FFF705F903463046ED1AA56070BD6B
:1035E000FFF756FFE4E74FF444712120EDF7AEFA00
:1035F000180E002110B50F4C7822002120460AF049
:1036000073FEFEF73BF9002241F669032021A26711
:10361000A26F01709A4203D8FFF7C6FF28B910BD08
:1036200040F6CD012120EDF791FA40F2272121202B
:10363000EDF78CFA180E00212DE9F0412E4F86B0DF
:103640003B78002B3FD104460D46FEF717F906469E
:1036500094F80033BC6203F0FF04002B47D105232C
:103660007C7087F82E403B70A7F8744087F82C4098
:10367000FFF7B6F897F82F80A64621462246023279
:103680000EF1010E57F822305FFA8EF200EB030CB8
:1036900090456144F3D2B9650021184809F0D0F88B
:1036A000202830701ED02B46002201216846FFF7EB
:1036B00029FA90B16946307809F054FA40B12046B1
:1036C00006B0BDE8F0810C24204606B0BDE8F081CC
:1036D00040F202312120EDF739FA40F20131212088
:1036E000EDF734FA40F2FE212120EDF72FFA4FF4E6
:1036F0003C712120EDF72AFA180E002179320101E0
:1037000030B5364D85B02A78002A62D102F0FF0329
:10371000027812F001040393CDE901333FD112F096
:10372000020F4FF001034FF0020EA446214642D093
:1037300004A95207744601EB8C0C01694CF80C1C6F
:10374000C1683BD4013BDBB240F2712285F82F30D7
:1037500069602966A5F86420FFF742F814F00103B8
:1037600002D0019A121AAA60A1070AD504AA991CCC
:1037700002EB8302013352F80C2CDBB2121A45F82B
:103780002120220708D504AA02EB8302023352F853
:103790000C2C101A45F82300002005B030BDD0E9EC
:1037A000011312F0020F4FF0030E01934FF0010CC2
:1037B0004FF00203BCD152072346C3D504AA44F0FC
:1037C0000804D0E9051002EB8302E4B242F80C0CC5
:1037D000BAE74FF444712120EDF7B8F9180E002133
:1037E0002DE9F04186B0002943D1DFF8B08098F888
:1037F000003003F0FF05BBBB0746FEF73FF804238C
:10380000064688F801502C4688F8003088F82E507B
:10381000A8F87450FEF7E4FF98F82F30AC462A461B
:1038200002320CF1010C58F822105FFA8CF20144BC
:1038300093420C44F4D200211948C8F8584008F0CB
:10384000FFFF2028307023D03B460022012168462C
:10385000FFF758F9B8B16946307809F083F968B1D3
:10386000284606B0BDE8F0810C25284606B0BDE824
:10387000F0811125284606B0BDE8F08140F25931AB
:103880002120EDF763F94FF456712120EDF75EF931
:1038900040F256312120EDF759F900BF180E0021F2
:1038A00079320101024B9B6A0360FFF7F1BD00BF53
:1038B000180E0021F8B5324E044606F071FF054699
:1038C000B769FDF7DBFF4378062C53D8DFE804F037
:1038D000230404073204040001252846F8BD13F030
:1038E0000C0F14BF4FF461704FF45770EC1BB36BA7
:1038F0000444D03BA3428CBF01250025EDD8FEF740
:10390000E3FF0028E9D0B56BD03DAC422CBF0025C9
:1039100001252846F8BD082B0FD0042B1ED0022B02
:1039200024D05A1E072A1CD8DFE802F0111B1B0AFC
:103930001B1B1B0A4FF4FC70D8E74FF4E560D5E77A
:10394000042B4FF0A00404D104F21620CEE74FF46C
:10395000A874022B0BD004F1C000C7E74FF4A07489
:10396000F2E740F211110520EDF7F0F8482404F1D8
:10397000B000BBE740F2C9312120EDF7E7F800BF06
:10398000180E00212DE9F04F87B0FDF777FF04797D
:1039900005465F2C50D86309A74AA84F12F803A028
:1039A000BAF1080F00F0048195F9023004F01F0805
:1039B000EC78002BAB7844EA0824DFF88482ACBFB3
:1039C0001E204FF49670DB0900FB04F414BF4FF483
:1039D00096761E2605F0B6F9241A05F0D7F9AB78CD
:1039E00004EB060B814613F0400F14BF32254FF451
:1039F000FA750DF05EFA2844924D0BFB0055924883
:103A0000A0FB053505F098F906F0E2FB00F2E7307F
:103A1000AD0CA8FB0030A4EB9014641BA4F159007A
:103A2000B0F5FA7F60D97C7854B13B7D002B40F033
:103A3000B58007B0BDE8F08F4FF0000A7F4FB3E7C5
:103A40008144504606F0BCFB7B4B03EB8A03D3F862
:103A500004B04AF2A1335B44A8FB032306EB9316A0
:103A6000603606EB45050544504606F0A9FB0646C0
:103A7000504606F0ADFB034650469A46FEF7DAFE86
:103A80008DF80040ABEB0A04A8FB0438012300F1D9
:103A9000D0048DF80B30FEF77FFEBB692C44ADF8E7
:103AA000080013EB0903A4EB06040493A4EB981499
:103AB000FB69019443F10003059306F0A7FEBC6384
:103AC000BD648DF80A00DDE90423C7E90823FDF78A
:103AD000D5FE6946007809F045F80028A5D140F2E6
:103AE0003A712120EDF732F85046A9F1100906F09D
:103AF00067FB514B4C44024603EB8A035046D3F814
:103B0000049009F2E733A8FB031306EB9316203663
:103B100006EB45052544154406F052FB0646504683
:103B200006F056FB034650469A46FEF783FEA9EB85
:103B30000A09A8FB093900F1D008A844A8EB060837
:103B4000BE6BA8EB9918464548D2A8EB060806F0CC
:103B50005DFE824609F03AFDB8F17D0F38BF4FF0A7
:103B60007D08804528BF80464644B6F1807F25D336
:103B700001210220FDF786FE3B7D002B3FF455AF6F
:103B80007B78002B7FF451AF1A4619466846FEF742
:103B9000B9FF00283CD10123BB7046E705F032FC99
:103BA00008F0B2FC00233B757B7507B0BDE8F08FD1
:103BB00000234FF0040A87F84430F5E651464046AA
:103BC00009F052FD0028D3D1BB6B4344A3F1C000E0
:103BD000BB63386409F0A0FC0028C9D097F82E1008
:103BE000022200236846029400958DF80C108DF88F
:103BF00004208DF80D30FDF71BFCB8B9FDF736FC3D
:103C000000283FF416AF40F27E712120ECF79EFFB2
:103C1000FDF734FE6946007808F0A4FF00287FF421
:103C200004AF40F2B4712120ECF790FF40F27D71B7
:103C30002120ECF78BFF00BFE8B00201180E002135
:103C4000D34D62103F420F0083DE1B4310B5144C6E
:103C500086B0237D0BB1637863B1237D0BB906B0C9
:103C600010BD05F0CFFB08F04FFC002323756375F2
:103C700006B010BD1A4619466846FEF743FF10B954
:103C80000123A370E9E7FDF7F9FD6946007808F024
:103C900069FF0028E1D140F2B4712120ECF756FF12
:103CA000180E002101282DE9F04F064683B038D8C0
:103CB000784D0027D5E9069A05F068F88346FDF7A8
:103CC000DDFD3B4690F80180AA6A68F3070368F3BC
:103CD0000F23A2F87030FF2318F00C0FA86A14BF4E
:103CE0000121394682F872303830F2F763FE4146DE
:103CF00006F00100F1F738F80446404606F068FA8D
:103D0000012E2ED1B8F1080F00F09780B8F1040F02
:103D100072D0B8F1020F14BF4FF4FC724FF4A672C8
:103D200021E0831E012B00F2A680A0F10303594C71
:103D300001220025B3FA83F3A06A84F82C205B09E2
:103D400080F8005384F82D302378052B40F08E80C6
:103D500000F018FB237DA562002B65D103B0BDE800
:103D6000F08F4FF4FC724C4B00F2E73014EB0B0475
:103D7000AE6A03EB480847F1000714EB0904B8F8F2
:103D800028304AEB0707D6F81C8003444348A0FBC1
:103D900003139B09E31A67F100079C1847F100071A
:103DA00000F0B4FC3E4B834229D04246D6E9B6012E
:103DB000CDE9004700F0E4FC8045064665D3AB6FD3
:103DC000D5F82880B34223D9D8F81C100E44C8F87F
:103DD0002C100520F1F714F8AB6AA8F83000DA6A65
:103DE000198EB21A8A424BD2341947F10007C3E93F
:103DF000B64703B0BDE8F08F40F28642B3E796F8CD
:103E00007500E8B90646AB6FD5F82880B342DBD819
:103E1000D8F81C103046F1F739F8C8F82C00D5F85E
:103E20002880D8F81C10D4E705F0ECFA08F06CFBF9
:103E30002575657503B0BDE8F08F40F6E83292E76E
:103E4000D5E9149A00F0F6FC38B9B6F9FC32A6F8B8
:103E5000FC0213EB09094AEBE37A42464846514615
:103E6000CDE9004700F08CFC0646A8E740F64F017C
:103E70002120ECF76BFE40F6AC012120ECF766FE4A
:103E800040F63D012120ECF761FE40F2FD3121209A
:103E9000ECF75CFE180E0021E8B00201D34D621071
:103EA000680E0021014B1878704700BF180E0021E2
:103EB0002DE9F0430123DFF8808083B000254FF621
:103EC000FF77202688F800301DE0009BEBB193F8C7
:103ED0000023D2B11888B8421DD02146EDF702FD6B
:103EE0008146F0B190F8010309F0F0FC99F8010364
:103EF00089F8004308F0CEFCC0B109F5367089F8A6
:103F0000016300F0BBFBCDE900556846EDF722FDEB
:103F100004460028D9D0002388F8003003B0BDE85B
:103F2000F08340F2C1113520ECF710FE4FF4D87148
:103F30003520ECF70BFE00BF940E00212DE9F04771
:103F40000C46064615469846FEF726FC94F8C570C2
:103F500081460E3FFFB2B8F1000F40F0008194F8A7
:103F60000033032B00F21A81DFE803F08502B90267
:103F7000D4F81CA0554600F05DFC002800F0A3809A
:103F800000200346D4F8D822AD18D4F8DC2242F140
:103F900000022D1843EB0203C4E9B653C6E90453EB
:103FA0000023A6F80890337094F8C53003F0FD02A2
:103FB0000C2A00F09B80262B00F09880204602F00F
:103FC00011FB002800F0D08094F8003304F1380091
:103FD000012B18BF0223B3720123F372F2F794FC92
:103FE000012F706045D9B8F1000F42D051463046DC
:103FF000F0F75CFE0546204602F0F4FA0746ADB243
:10400000BD4216D300230AFB07F2B372D4F8D832AC
:104010009B18D4F8DC2242F1000233617261BAF1DC
:10402000000F00F0B68051463046F0F73FFE3D18D5
:10403000ADB22946204602F0F5F900F0FBFB00285E
:1040400075D0D6E90430A26FC4E9B6308AB1B4F8AD
:10405000F620B4F8BC309B1A1BB2002B09DDB4F873
:104060007C100B44013BB3FBF1F303FB0123A4F8E9
:10407000F630BDE8F087002D00F0868094F87020BF
:10408000494B94F871A033F812500123504605F2C1
:104090009D7584F8003306F09BF81AF00C0F434925
:1040A00005442046A1FB053514BF2821002101EB62
:1040B000951100258231AA46F2F7D8FD00F0BAFB2F
:1040C00000287FF45DAF0221B4F9FC02F2F7B6FEDE
:1040D000B4F8FC321B1AA4F8FC32C31752E7D4F828
:1040E00008A30323554684F8003344E7204602F032
:1040F00079FA4FF4807304F138007381F2F704FC0D
:10410000012F7060B5D9B8F1000FB2D051463046DA
:10411000F0F7CCFD05462046ADB202F063FA20462A
:10412000294602F07FF900F085FB002889D16D0057
:10413000B4F9FC02B5F5803FB4BFA9B24FF6FF71E8
:10414000F2F77CFEB4F8FC223369121AC318A4F803
:10415000FC227269336142EBE070706173E7012108
:10416000204602F05FF9FAE64FF4807304F138005C
:104170007381F2F7C9FB012F70607FF67AAFB8F157
:10418000000F7FF433AF74E740F20A213520ECF7DB
:10419000DDFC4FF421713520ECF7D8FC40F24221D0
:1041A0003520ECF7D3FC00BF24B10201D34D6210DF
:1041B0002DE9F04186B0002800F0848004460829EB
:1041C00075D8DFE801F02B6A050515741A226F0017
:1041D0000146012368460022FFF7B0FE694694F8C5
:1041E000010308F0BFFC002870D006B0BDE8F081E4
:1041F00006B0BDE8F04105F0D3BD012006F0F6FAA7
:1042000006B0BDE8F041EEF705BB90F80033042B93
:10421000EBD040F223113520ECF798FC90F80033F6
:10422000002B58D001F0BEFD0028DED0FEF7D8FAF2
:104230002B4F94F8713000F1830613F00C0FB6B2D7
:104240007B7818BF2836BBB3E56904F13800F2F774
:104250005BFB8046FEF7C4FA8044022009F0B6F901
:104260000221A5EB080525EAE575854228BF05462C
:10427000284609F0F9F900B9A844324641462046DB
:10428000F2F772FC0346E0697B6009F045F900280B
:10429000ABD1EF213520ECF759FC06B0BDE8F04179
:1042A00001F0FABF4FF494713520ECF74FFC4FF456
:1042B00096713520ECF74AFCA56BE3699D4228BF57
:1042C0001D46C2E7F5213520ECF740FC40F2B22153
:1042D0003520ECF73BFCFD213520ECF737FC00BF27
:1042E000940E0021024B0022C3E90022FFF7E0BD3B
:1042F000940E002108B5FFF7DBFD002008BD00BFCC
:10430000014B5870704700BF940E0021C0F8E012B6
:10431000704700BF10B50446FEF762FA014620461A
:10432000CC31F2F717FDB0F5296F28BF4FF42960A3
:1043300080B210BD38B5A0B190F80033044603F048
:10434000FF05C3B990F80133202B0FD101460C486B
:1043500008F076FA202884F8010314BF28460D20BF
:1043600038BD40F293113520ECF7F0FB40F2951187
:104370003520ECF7EBFB4FF4CA713520ECF7E6FB88
:10438000B1410101F0B587B0002800F0998090F8A4
:1043900000330446002B40F0A28090F80133202B1C
:1043A00000F09880FEF7F8F994F800330646032BE6
:1043B00000F29A80DFE803F034026402E56900F05D
:1043C00039FA00284FD000221146D4F8D832D4F858
:1043D000DC02EB18ADF8086094F8C56040F100000D
:1043E0009B18C4F8D83241EB0000049306F0FD039B
:1043F0000021C4F8DC020C2B05908DF8001045D08C
:10440000262E43D0204602F0EDF8002841D094F843
:104410000033012BDAB250D002238DF80A303BE092
:1044200094F870100123334A94F8717032F81150E7
:1044300084F80033384605F29D7505F0C9FE17F083
:104440000C0F05442C4814BF28210021A0FB053582
:10445000204601EB951100258231F2F707FC00F0B0
:10446000E9F90028AFD10221B4F9FC02F2F7E6FC29
:10447000B4F8FC22C117121AA4F8FC220246A4E7E1
:104480000323D4F8085384F8003398E7204602F059
:10449000A9F800238DF80A30012304F138008DF8C3
:1044A0000B30F2F731FA0346694694F801030193A1
:1044B00008F058FB48B107B0F0BD8DF80A20EBE7D3
:1044C0004FF4D1713520ECF741FB4FF4D471352016
:1044D000ECF73CFB4FF4D2713520ECF737FB40F2A0
:1044E000A3113520ECF732FB40F242213520ECF7E6
:1044F0002DFB00BF24B10201D34D621008B504F0BA
:1045000045FC054B5A68824203D3187880F00100BD
:1045100008BD002008BD00BF940E002170B5044600
:1045200086B004297CD8DFE801F05F0D031240005B
:10453000042384F8003304F065FF06B0BDE8704042
:1045400007F0E2BF032380F8003306B070BDD4F853
:10455000243390F87000E269E362B4F82033334901
:1045600094F87160C4F80823238631F8105030465F
:10457000D4E9CA23E261636205F02AFE05F29D7167
:10458000034616F00C0F2A4A2046194414BF28236C
:104590000023A2FB012103EB91118231F2F766FBAC
:1045A000022384F8003306B070BD90F870201F4BD2
:1045B00090F8716033F81250304605F009FE05F2AC
:1045C0009D71034616F00C0F194A2046194414BF7A
:1045D00028230023A2FB012103EB9111823106B0B5
:1045E000BDE87040F2F742BB124B1A7802F0FF03AD
:1045F000002A9DD1014601226846FFF79FFC6946CB
:1046000094F8010308F0AEFA28B1B4F8BC300133D5
:10461000A4F8BC308FE740F2B2213520ECF796FACF
:1046200040F206313520ECF791FA00BF24B10201C7
:10463000D34D6210940E0021024B0022C3E90022E8
:10464000704700BF9C0E0021034A13680BB10C2079
:1046500070471846536070479C0E0021C3690BB128
:10466000012070478369002BFAD1034B1B68181A8D
:10467000B0FA80F0400970479C0E0021C36993B1E5
:104680008168D0F80CC0DA686144114482699A618B
:104690008269D9602AB1D36100220023C0E90623D0
:1046A0007047DA60F8E7826902490A60002AF2D1AD
:1046B000F2E700BF9C0E002108B5C161A1B18B6972
:1046C0008861836173B1D861C1690023C36041B15E
:1046D000CB6823B18268934211D39B1AC360002335
:1046E000CB6008BDC360F3E7074A136883611BB161
:1046F000D8611060C169E8E71060C36008BD2C2173
:104700003720ECF723FA00BF9C0E0021014B1868FC
:10471000704700BF9C0E0021044B1B6823B1184654
:104720009B69002BFBD17047184670479C0E0021F7
:10473000124B1B68CBB14FF0FF3C00B58646002002
:1047400000E01346DA68964503D8624501D2184660
:1047500094469A69002AF4D1B0FA80F2520911B94C
:10476000002A18BF18465DF804FB1846012219B943
:10477000002A18BF18467047704700BF9C0E0021E2
:1047800010B5DDE902344FF0000EC01A6FF000439F
:1047900061EB0401C3186FF0020441F1000C9C426C
:1047A0007EEB0C030FD3002904DBB0FBF2F302FB1A
:1047B000130010BD4042B0FBF2F302FB13000028CF
:1047C000F7D0101A10BDBD213720ECF7BFF900BF9C
:1047D000036A2DE93048DBB182689C68A24217D396
:1047E000D0E90615D0E906BCC3E906BC4DB1AB6102
:1047F000996951B1C068CB610244121BDA60BDE80F
:104800003088054D2B600029F4D1D960BDE830888F
:10481000CD213720ECF79AF99C0E0021014B0122A3
:104820001A7170479C0E0021014B00221A717047CB
:104830009C0E0021014B1879704700BF9C0E00218F
:1048400038B52B4B864608461B6863B34FF0000C07
:1048500064461D690CB1A54204D22C46002D42D0FD
:10486000B3F814C09B69002BF3D1E4B1A0421BD371
:104870000EF1FF3E0EEB0401B0FBF4FCB1FBF4F1D2
:104880008C4510D304FB0CF3B3FBF4F504FB153596
:1048900025B9B3FBF2F502FB153505B30CF1FF3C6E
:1048A0001B1B8C45F0D238BD431E2344B4FBFEFED7
:1048B000B3FBF0F37345F6D8B4FBF3F503FB1541F6
:1048C00049B9B5FBF2F102FB115121B9B5FBFCF17D
:1048D0000CFB115129B101337345EDD938BD184690
:1048E00038BD284638BD4FF496713720ECF72EF9C5
:1048F0009C0E0021436893F8C520032A4FF0000264
:1049000002D083F80821704783F8042183F8C5207A
:10491000704700BF436893F858212AB1002283F8FA
:10492000C52083F80421704783F8C62083F8082146
:10493000704700BF38B5204C636893F81A1309B963
:1049400093F8701093F81B230AB993F8712083F839
:10495000701083F87120194AFF20126883F87200E2
:104960000AB1606890470021134803F0EFFC6068CB
:104970003830F1F7C9FF0546606800F5E771F2F7D6
:104980003BF860680421FFF7C9FD60683830F1F733
:10499000BBFF8542044601D3012038BD05F036FF38
:1049A0000146601B7D2838BF7D2008F05DFEB0FA0F
:1049B00080F0400938BD00BFA40E0021680400212A
:1049C00038B51428536814460D4693F8C52008D00E
:1049D00016281FD012280ED04FF475713620ECF730
:1049E000B5F81F49002348680A21A830F0F7D6F827
:1049F00048BB002038BD1A48002309214068A83070
:104A0000F0F7CCF80028F4D020460021BDE838406B
:104A1000F2F7BABF212AECD12046F2F783FA6DB142
:104A2000626892F81B3123F0010382F81B3162683F
:104A300092F81B3123F0080382F81B311A2120461B
:104A400003F084FCD5E72046F2F76CFA002DD0D0B5
:104A5000626892F81A3123F0200382F81A31C8E70D
:104A6000A40E002170B5284C0979626892F8C5300F
:104A7000A3F1110CBCF10C0F0AD9292B32D01E2B3B
:104A800028D0052B37D0212B37D00225284670BDE2
:104A9000182B01D0152BF8D192F80A31002BF4D144
:104AA00082F8093182F8043192F8C03203F0FF0530
:104AB0002BBB60680222038800F52E70417243818F
:104AC000057380F878501149F1F77EFE636883F82A
:104AD000C550DBE71423024600211846BDE87040AC
:104AE000FFF76EBF0A4B1D68002DCFD02B46232049
:104AF000BDE8704018471223EDE71623EBE74FF4AB
:104B000054713620ECF722F8A40E00210574000140
:104B100064040021F2F700BFF3F72AB8F2F7EABE07
:104B200008B5436893F8C5201A2A03D11C2283F8DC
:104B3000C52008BD4FF49B613620ECF707F800BF95
:104B400008B5436893F8C520142A06D10121132221
:104B500083F80A1183F8C52008BD4FF49961362007
:104B6000EBF7F4FF002310B504464068194690F8AF
:104B7000C520A830F0F712F8636810B993F80A213D
:104B800032B10121152283F8091183F8C52010BD27
:104B900040F2CF413620EBF7D9FF00BF10B500231C
:104BA00004464068194690F8C520A830EFF7F6FF94
:104BB00038B163680121112283F8091183F8C520F7
:104BC00010BD4FF498613620EBF7C0FF10B50023FD
:104BD00004464068194690F8C520A830EFF7DEFF7C
:104BE00020B163680E2283F8C52010BD40F2BA419F
:104BF0003620EBF7ABFF00BF10B50023044640683A
:104C0000194690F8C520A830EFF7C8FF20B16368B7
:104C10000C2283F8C52010BD40F2B4413620EBF7DA
:104C200095FF00BF104A137ABBB9012809D05389F8
:104C30005B0714D5536893F8C730D81F18BF0120FD
:104C40007047526841F64B51D069884205D9B2F895
:104C50006010B2F84420914203D90020704701202F
:104C60007047FFF74BBC00BFA40E0021436810B58E
:104C700093F8C6200446B3F81A13232A11D093F8E8
:104C8000C520252A23D131B1262283F8C520002250
:104C900083F8042110BD83F8C51003F057FB636847
:104CA000F5E749B993F86C2183F8C610012A0AD0B8
:104CB000002283F86C2102E0262283F8C62000221D
:104CC00083F8082110BD03F041FB6368F0E740F270
:104CD00013513620EBF73AFF10B500230446406825
:104CE000194690F8C620A830EFF758FF40B1606829
:104CF0000023042180F80831BDE81040FFF70EBC06
:104D000040F2E4413620EBF721FF00BFF8B5404DFB
:104D100000F003026B89032A43EA00036B8172D01F
:104D200087070C4611D5C607E96000D52961E378ED
:104D3000062B3BD00B2B0BD16B6893F8C520142AA4
:104D400006D1002283F8CB2002E0C30700D52961F9
:104D5000810601D508232B72020600D4F8BD6A68CB
:104D600041F64B53E078D569B2F8BC109D42B2F8D9
:104D700024C00CD90623614401280B449BB20FD0F8
:104D800008BB190AA2F81E336373A173F8BD4AF673
:104D9000C87361440128B3FBF5F30B449BB2EFD118
:104DA000190AA2F816336372A172F8BD6B6893F802
:104DB000C5201A2ACCD1002600270122C3E94C675E
:104DC00083F8CB20C4E71828C8D1B2F81A1389B1E8
:104DD00092F81A1311F00C0F13D092F8700010F023
:104DE0000C0F0ED081420CD092F81B13002914BF77
:104DF000194600212046A2F81813BDE8F840F1F743
:104E00007DB91946F6E740F635213620EBF79EFED0
:104E1000A40E0021426870B592F81A310D4606467C
:104E2000084643F0040382F81A31F1F77FF904468B
:104E30002846F1F77FF9252C1BD8022C16D9E31E42
:104E4000222B13D8DFE803F02B12121212121212C7
:104E500012121212121212241224122412121212FC
:104E6000121254125E1212121B1B1B000024204649
:104E700070BDFE2C14BF00240224204670BD2C4BB4
:104E80001B68002B4CD001462046BDE870401847F7
:104E9000324620460021BDE87040FFF791BD254D08
:104EA0006B6893F8C520182A01D0152A36D193F8DB
:104EB0000A21002A32D183F8092183F8042193F8CA
:104EC000C03203F0FF046BBB6B680222198883F8C1
:104ED000C10203F52E70A3F8C21283F8C44283F80E
:104EE00030431549F1F770FC6B6883F8C540BEE7A5
:104EF000124B1C68002CBAD0014623461D20BDE889
:104F0000704018470E4B1C68002CB0D0094B02466D
:104F10001F2158682346BDE8704018470224A6E7C1
:104F20001C46A4E74FF454713620EBF70FFE00BF88
:104F300064040021A40E002105740001580400211E
:104F40005004002110B5097904464068A1F112030C
:104F500090F8C520112B0CD8DFE803F00D0B0D0BDA
:104F60000D0B0B0B0B0B0B210B090B0B0B182D2A2D
:104F700043D0002010BD142945D0162925D0122970
:104F800014D04FF475713620EBF7E0FD292AF0D1EB
:104F9000274B1B68002BECD020469847E9E7312AC5
:104FA000E7D1244B1B68002BF6D1E2E7224800230F
:104FB00009214068A830EFF7F1FD0028D9D020463C
:104FC0000021BDE81040F2F7DFBC212AD1D12046F4
:104FD000F1F7A8FF62681A21204692F81B3123F0EE
:104FE000010382F81B31626892F81B3123F0080339
:104FF00082F81B3103F0AAF9BBE7104B1B68002BAA
:10500000B7D09847B5E70C4800230A214068A8307C
:10501000EFF7C4FD0028ACD02046F1F783FF6268AB
:1050200092F81A3123F0200382F81A31A1E700BF69
:105030006C0400215C040021A40E00215404002112
:105040002DE9F041AB4D07460E4682B06A8969688A
:10505000D00540F1A4800023A1F8FA3091F8CB30BC
:10506000002B00F0A680130500F1B780D1F8EC30DA
:10507000D1F8F00001338342C1F8EC3040F2DC801B
:10508000012481F8F840834209D30023022201F26F
:10509000C510C1F8EC309849F1F7B6FB6A8912F4F3
:1050A000407F05D0686890F8C930002B00F07B8104
:1050B000012F00F0A180002E40F09E806E897307C2
:1050C0000ED56B6893F8C520032A00F0958393F8FA
:1050D000C720072A04D101222A75002283F8C7209D
:1050E000B40700F1B18030076C6800F1BF8016F0A2
:1050F000010694F8C52040F097812B7A1B0700F138
:10510000A9810E3A012A40F2FD8094F85631FE2B17
:1051100067D094F8602102F0FF03002A73D0B4F83E
:10512000FE300133A4F8FE3094F8043123B1B4F812
:1051300000210132A4F8002194F9082122B1B4F829
:1051400006110131A4F8061177B9297D022971D021
:10515000012900F02E81002E00F0BA80F20600F145
:105160009D81330740F1AD813D23644904F1DE00A8
:1051700084F8E730F1F7C8FA002302216868A4F840
:10518000C53084F8C930FFF7C9F96B6893F8562128
:10519000012A42D002B0BDE8F041EDF7E3BDB1F81D
:1051A000FA300133A1F8FA3091F8CB30002B7FF4BC
:1051B0005AAF91F8C52001F1A8000621EFF7EEFCE7
:1051C0006A8900283FF46BAF100569687FF54EAF20
:1051D00091F8CB30002B3FF449AF0023C1F8EC30FD
:1051E0005DE7002394F8C72004F1A8000121EFF740
:1051F000D5FC002800F06C816C6894F8602102F006
:10520000FF03002A8BD194F8C720012104F1A800E4
:10521000EFF7C4FC002882D186E7D3F81023137877
:10522000002B00F0F382013B137002B0BDE8F041A7
:10523000EDF798BD162398E78C8CA0EB030C053492
:10524000A4453FF620AF1BE7EB68DB782A2B00F282
:10525000D8822B4A52F82330002B00F0D282254806
:1052600098476E896C6830077FF541AF94F85631E6
:105270002A2B00F2BA80DFE813F07B016701B80047
:105280005901B800B800B800B800B800B800B800BC
:10529000B800B800B800B800B800B800B800B8004E
:1052A000B800B800B800B800B800B800B800B8003E
:1052B000B8004501B800B800B800B8004E01A6001B
:1052C000B800B800B800B800B800B800B800450190
:1052D0002BB1B4F80011B4F80231994207D8002A72
:1052E00042D0B4F80621B4F802319A423CD92223C4
:1052F0003BE700BFA40E0021797900014170000155
:1053000098030021B4F8BC30B4F81E2301339BB2DB
:105310009A427FF4FAAE23884FF00008D4F82803AD
:10532000A4F82D32EFF742FDB4F82C33A4F82F0285
:105330000222A4F8313204F22320B4F82E33A0491B
:10534000A4F8333284F82C82F1F75EFA0221204669
:1053500084F81C83EFF7FAFA20460321FFF7DEF802
:1053600084F8C5806C68D0E6B4F8FE30B4F8FC2050
:105370009A4206D86B6893F86031002BB7D1B4F825
:10538000FE30B4F802219A42B1D994F8C930002B0A
:1053900000F02182B4F8FA20B4F8FC309A42C0F050
:1053A00020820823E1E6012180F8C910FFF7B6F852
:1053B0007EE6686890F8C830002B7FF4D6AE0021F6
:1053C000FFF7ACF8E6E67F4B00221B6884F8AA21C1
:1053D0002BB1686800F5D57100F5AE7098477A4832
:1053E000F1F7A0FD6C6894F85631FE2B00F018829E
:1053F00094F8C520FE230E2A84F8563100F0CC80A4
:10540000262A00F0C4800C2A00F0CB8094F8C73024
:10541000082B04D102232B75002384F8C7306E8932
:1054200016F001063FF469AE2E6904F1A8000023CE
:105430000521F478EFF7B2FBC8B1023C0F2C53D82A
:10544000DFE804F015521515155252525215521537
:105450005252521504F1A80000230521EFF79EFBDC
:105460000446E8B16C68082694F8C52049E6304641
:10547000F0F7EEFC00283CD0F378314652482A2B56
:1054800000F29480514A52F82330002B00F08E80B5
:1054900098476C68064694F8C5202EE61E2364E6FD
:1054A000009069460320EDF7D1F9009B2BB11C72E7
:1054B000102269680098F1F787F96C6894F8C520A4
:1054C0001FE6B70779D1B60640F1A58123234CE644
:1054D0006B6893F8602102F0FF08002A7AD06C68AC
:1054E000022384F8563114E66C68082694F8C52027
:1054F00003E631463448F1F789FD6C68064694F8B6
:10550000C520FAE5002284F874216C6894F85631BD
:1055100084F8042169E72E4B1B68002B3FF468AF29
:10552000204698476C6894F856315EE794F8C53089
:1055300003F0FD02182A3FF45BAF152B3FF458AF80
:10554000002384F8303353E7B4F81623B4F8BC30A2
:105550009B1A1A043FF54CAFD4F810231378002B94
:1055600000F06381013B1370002384F8C5303FE7EE
:10557000B4F8BC30B4F81E239B1A19043FF538AFB9
:10558000002384F81C336C6894F856312DE72723E8
:105590001A4684F8C53039E70F231A4684F8C53017
:1055A00034E70D231A4684F8C5302FE7F1F72EFDB6
:1055B0006C68064694F8C5209FE52A23D5E500BF10
:1055C00091710001F0010021A40E0021EC020021E4
:1055D0004404002168684346414690F8C520A8303D
:1055E000EFF7DCFA6C6820B194F8F830002B40F04B
:1055F000FA8094F8C520D31E2D2B18D8DFE803F0CD
:1056000080171717171717171717171717171717C1
:105610007A781717171717761717171717171717F7
:1056200017176F171717171717171765175904F15B
:10563000A80000230421EFF7B1FA00287FF4DCADC5
:105640006B6893F8C620013A302A67D8DFE812F079
:10565000F2004B014001450266003E026600660012
:10566000660066006600660066006600660066000A
:1056700066006600660066006600660066006600FA
:1056800066006600660066006600660069016901E2
:1056900066006600540166006600660066006600EB
:1056A00039016600660066006600660066002E012D
:1056B0006000012384F85831112384F85631002307
:1056C000A4F8003184F8C53023E5212384F856314D
:1056D0000023A4F80031012384F8043119E51823CC
:1056E00084F856310023A4F8003112E50623EDE7D3
:1056F0000B23EBE7D4F84B33C4F848310323E5E739
:1057000094F8513184F85831072384F8563100E574
:105710001E2283F85621002283F8C6206C6894F874
:105720005631FE2B7FF4F5AC002394F8C52004F12C
:10573000A8001946EFF732FA002840F095806C680F
:1057400094F85631FE2B7FF4E4AC002394F8C52086
:1057500004F1A8001946EFF721FA00283FF44CADF8
:105760006B6893F81433002B3FF446AD6B6893F8E5
:10577000C600F1F705FC6C6800287FF4CAACB4F8E9
:10578000BC300A2B7FF6C5AC6846EFF719FC6C6895
:1057900000283FF4BEAC0522684604F1CE0108F0B3
:1057A000C7FC00285DD0D4F810130B78002B50D123
:1057B0000098C1F801009DF804304B716B6801201E
:1057C000D3F810130A7802440A7083F856010022B5
:1057D00083F8142310E5B4F8FA30052B01D93E23E1
:1057E000C3E46868EBE50123A4F8008184F8043180
:1057F000122384F856318CE440F275413620EBF7E1
:10580000A5F940F26B513620EBF7A0F940F6F921EB
:105810003620EBF79BF940F6C7213620EBF796F9D7
:1058200040F277513620EBF791F940F24B213620C8
:10583000EBF78CF90C2283F856210022A3F80621FD
:1058400083F8C62093F80B2142F0010283F80B2164
:1058500064E701316846052208F06AFC0028ADD0F3
:10586000CAE484F81403C7E46B6893F81C33002B74
:1058700040F0C1806B6893F8302302F0FF01002AEA
:1058800000F0A08093F8CA20002A00F08E8093F8E0
:10589000CB20002A00F084800A2283F856210022BF
:1058A000A3F80021012283F8042148E7002283F8AD
:1058B0005821A3F8062183F8C620112283F8562127
:1058C0002CE7242283F85621002283F8C62025E7FE
:1058D00093F8502183F85821072283F8562100229B
:1058E00083F8C6201AE7132283F856210022A3F872
:1058F000062183F8C62011E793F86C21012A00F0F5
:10590000F3806B6893F86C21022A7FF407AFD3E928
:105910001A21B3480BF00DFC6B68182283F856214E
:10592000FCE693F86331002B7FF4F8AE6B6893F8D4
:105930006231CBB1686890F8C63000F5B17100F201
:105940001A32262B00F0DA8090F8C530263B012B66
:105950008CBF00230123F0F7E1FF6B68202283F85E
:10596000C620002283F86221686890F8C630202B98
:105970007FF4D4AE00F5E771F1F73EF86B68B3F849
:105980005A20A3F85821B3F85E20A3F85A21152213
:1059900083F856210022A3F8062183F8C620BDE62D
:1059A0004FF4C9613620EBF7D1F8A3F800210122AA
:1059B00083F80421D3F84B23C3F84821032283F84A
:1059C0005621BCE693F87321002A45D1D3F8602311
:1059D0007AB312F8513C012B26D112F8282C02F090
:1059E000FF01E2B9686890F81D2194060FD47D4B41
:1059F0001B689847A3E66B6893F8C600F1F7C0FAF6
:105A000000287FF437AF6A6882F8560197E680F87D
:105A100004311F23A0F8001180F856318FE640F2C0
:105A200061613620EBF792F84FF4CC613620EBF74A
:105A30008DF893F87221C2B193F80B2112F0030193
:105A40007FF47DAE42F0010283F8721183F80B21DE
:105A50000C2283F8562172E60122A3F8001183F884
:105A60000421082283F8562169E693F86231002B5D
:105A700048D06B6893F86331002B43D1686890F885
:105A8000C63000F5B17100F21A32262B38D090F8EA
:105A9000C530263B012B8CBF00230123F0F73EFFCE
:105AA0006B68002283F862216B68A3F80021012251
:105AB00083F80421B3F85A20A3F85821B3F85E20E4
:105AC000A3F85A21142283F8562138E61B2283F8C2
:105AD0005621002283F8C62020E6092283F85621A9
:105AE000002283F8C62019E693F86D31002B7FF46D
:105AF00008AF6B689A6ED3F86E110AE701232AE7A4
:105B00000123CBE76B6893F86C21012A3CD06B68CA
:105B100093F8743103F0FF01002B40F0FF806B68B5
:105B200093F8A93103F0FF02002B40F0ED806B6881
:105B300093F8A63103F0FF01002B40F0D9806B6889
:105B400093F8B231002B40F0C9806B6893F8AA310A
:105B5000002B3FF4F4AD6B680821B3F8AC01EBF710
:105B6000C1FE002800F0B68090F8F82102F0FF0195
:105B7000002A00F0AB8090F8D021032A00F20781C0
:105B8000DFE802F01E1E19A193F86D31002BBED183
:105B90006B6893F8C600F1F7F3F90028B7D168688D
:105BA00090F870104B1E072B79D8DFE803F06D1DBD
:105BB000780E7878780E6A6892F8B02180F8F9212A
:105BC0006B68002283F8AA21B9E590F87130013B97
:105BD000072B64D8DFE803F0534E6313636363134A
:105BE000A40E00215404002190F87130013B072BD2
:105BF00055D8DFE803F0322954125454541290F867
:105C00006E31042B0DD0162380F856310023A0F8F6
:105C10000031012380F8043191E590F86E31022BB8
:105C2000F1D190F86F31042BEDD1B0F8BC3000F514
:105C30004672B0F870010BF060FA0146B0B16B68C3
:105C4000282283F8C5207AE590F86E31022BDAD14C
:105C500090F86F31022BD6D1E7E790F86E31022B26
:105C6000D1D190F86F31012BCDD1DEE74A4802F057
:105C70006DFB64E590F86E31042BE9D0C3E790F832
:105C80006E31042BEDD0BEE790F87130013B072B4D
:105C900005D8DFE803F0130E0409040404094FF4E7
:105CA00022710620EAF752FF90F86E31012BB8D02E
:105CB000A9E790F86E31012BCAD0A4E790F86E31B5
:105CC000012BA0D1CDE76B682222E6E56B6883F853
:105CD000AA1134E56A6882F8AA0130E56B680122EE
:105CE00083F804211D22A3F8001183F8562126E52C
:105CF0006B68252183F856110121A3F8002183F850
:105D0000041183F8A6211AE56B68012283F80421A7
:105D10002322A3F8001183F8562110E56B6893F84D
:105D20007801F8F7ADFF696888B11C4B01F2791171
:105D300011F8012C1B681848984704469CB1022CA6
:105D40007FF4FDAC6B68002283F87421F7E4144BF8
:105D500001F29B12104801F279111C6811F8013C04
:105D6000A0470446EAE76B6893F87801F8F788FFE4
:105D70006B680122A3F8004183F8042118B11C22AA
:105D800083F85621DBE42A2283F85621D7E440F237
:105D900035613620EAF7DAFEA40E00211802002150
:105DA00020020021002370B5AA4D044684B02B7058
:105DB00000886B812B722B756C60ECF78DFF6B6824
:105DC0001888ECF7B7FFB4F802236968013201F1D3
:105DD000A80092B2EFF720FB002840F03F8294F831
:105DE000C630A4F80203262B00F0D28094F8C53008
:105DF000A3F12602022A0FD8B4F81823B4F8BC3055
:105E00009B1A1A040CD484F8C500FEF793FD0028F1
:105E100000F0CD8094F8C5300C3B012B40F29B8004
:105E20006B6893F8042132B1B3F80011B3F8022182
:105E3000914280F08C8093F9082132B1B3F80611B9
:105E4000B3F80221914280F08280B3F8FC20B3F8CD
:105E5000FE1091427BD293F8C910002900F0AD806A
:105E6000B3F8FA10914272D293F85641FE2C5BD0EF
:105E700003A8ECF737FF002800F0F581322200215B
:105E8000039808F031FA039E03213046EFF7C6FF6E
:105E900003982146037823F010030370EFF7EAFF1D
:105EA0002A2C00F2B180DFE814F0080130012B0049
:105EB000DF00AF00AF003000F800FE007D013000D1
:105EC00030009F01AF00AF00AF00AF00A501300070
:105ED0003000BB00BB000201AF005701AF00AF00B4
:105EE00082017601C00138013C01AF004501B501D6
:105EF000B400B400B400AF00AF00AF00AF004E017B
:105F00006A68039B92F861211A71ECF703FF00287D
:105F100000F0AE810398C378012B59D16B68B3F8B8
:105F200016331A0A437282724B4A4C4B00924C4A07
:105F300095E80300ECF73EFA68680023052190F825
:105F4000C520A830EEF72AFE044600283BD10124E4
:105F5000204604B070BDB4F8BC30B4F816239B1AC8
:105F60001B043FF55DAFD4F8101304F1CD000131EF
:105F7000EFF768F894F8C5300D2B39D0FF2384F87B
:105F800022316B6893F80421002A3FF454AF4BE7A9
:105F9000B4F8BC30B4F818239B1A19043FF53AAF93
:105FA00084F8C600FEF7C6FC00287FF433AF00215A
:105FB00008460C46FFF744F8CAE7B3F8FA20052A6A
:105FC0007FF652AFC3E7ECF7EDF9204604B070BDA1
:105FD00033B96B68B3F81E331A0A43738273A3E7AD
:105FE000182BA1D16B68B3F81813F0F787F89BE76B
:105FF000D4F810231378002B00F03F81013B0021DF
:10600000137084F8C510B9E740F6C8013620EAF7E6
:106010009DFD144B20460F4A03991B68984774E76F
:106020006B680398B3F85810EFF7EAFF6B680398B2
:10603000B3F85811EFF7E8FF6B680398B3F85C10FA
:10604000EFF7D6FF6B680398B3F85A11EFF7D4FF58
:106050005BE700BFA40E002141500101254C010166
:106060000D4D0101600400216968039801F231318E
:10607000EFF77CFF6968039801F23931EFF782FF8F
:106080006968039801F24F31EFF784FF696803985C
:1060900001F5A471EFF78EFF37E76A68039B92F86A
:1060A00058211A7131E70398F1F7FAFB2DE76A6876
:1060B000039BB2F86E219A8027E76B68039CD3F8A4
:1060C0002813B3F82003EEF7AFFE20716B68039E30
:1060D000D3E9C901EEF7C6FE7071030A039CB371E0
:1060E0006B68D3F82803EEF761FE03460398E3716B
:1060F0001B0A6A682372B2F82C33190A4372817240
:10610000B2F82E13EFF7E2FEFFE66B680398D3F8C0
:1061100010130131EFF718FFF7E603980BF0AFF912
:10612000F3E6584B1B68002B3FF4EFAE696830462E
:106130009847EAE6544B1B68002B3FF4E6AE6968CB
:1061400003989847E1E66968039801F29B1201F20F
:106150007911EFF793FFD8E66B68039C93F81B0364
:106160000AF0DEFF01462046EFF7C4FF6B6893F8A4
:106170001A0310F00C0F06D093F8703013F00C0FC8
:1061800001D0984261D1039C0AF0CAFF0146204623
:10619000EFF7ACFFB9E66968039801F27911EFF700
:1061A00053FFB2E603993948F1F788FBADE60023C7
:1061B000304601218DF80830EFF73CFE6B68304621
:1061C00002A91A7C5B7C032A03F01F0308BF00228C
:1061D00043EA82139DF8082002F0200213438DF851
:1061E0000830EFF731FE90E6039B212228491A720E
:1061F00059608AE66B6893F85821D2B193F855112B
:106200000398EFF791FF6B68039893F85411EFF739
:106210008FFF7AE61F4B1B68002B3FF476AE696850
:10622000039801F5B07198476FE603980BF01FF9DA
:106230006BE693F853110398EFF776FF6B680398BA
:1062400093F85211EFF774FF5FE6039C00200AF009
:1062500067FF01462046EFF749FF56E640F28911F5
:106260003620EAF773FC40F2EC713620EAF76EFC58
:1062700040F6CE013620EAF769FC40F2B111362033
:10628000EAF764FC4C04002148040021A40E00211C
:106290000D59008FF8010021144B5B6893F804211D
:1062A0002AB1B3F80011B3F80221914219D293F93F
:1062B00008212AB1B3F80611B3F80221914210D295
:1062C000B3F8FC20B3F8FE1091420AD293F8C9103B
:1062D000B3F8FA3019B1934203D2ECF767BA052B41
:1062E000FBD900210846FEF7ABBE00BFA40E00217B
:1062F00010B50C4689696069EBF7A6FB94F80103B9
:10630000202806D007F0E2FA94F8010306F0C2FA5A
:1063100058B104F536742046FEF7A0F900B910BD57
:106320002046BDE81040FEF7A9B94FF415613620AC
:10633000EAF70CFC002070471D4A1E491E481F4BFF
:1063400010B4D1611E491F4C11611F499060516406
:106350001E481F49D46250611E4C1F4811631F49DB
:10636000946150621E4C1F48D1641F49946451636C
:106370001E4C1F4990631F4A1F4899601F49C3E97B
:1063800007421F4C1F4AC3E90010C3E90A421E48D6
:106390001E491F4A1F4CD86099611F481F499A64C3
:1063A0001F4A1C63D86410BC59645A62704700BF0E
:1063B000EC020021454F0101DD700001980300212E
:1063C0009D740001D5740001154E01015D7400013A
:1063D000717A0001F5740001D57700018979000117
:1063E000AD7900012D770001654A0101F5480101F1
:1063F000057100011D4B0101F94B0101CD4B01015C
:106400009D4B0101414B0101654B0101214B0101F4
:10641000217A0001194B0101017A0001154901019E
:10642000154B0101002900F0A4802DE9F0414D1E1B
:10643000044600264F4FADB2DFF83C8132E0A18C1C
:10644000D01A0531884242D9934245D294F804319A
:1064500023B1B4F800310133A4F8003194F90831C4
:1064600023B1B4F806310133A4F8063194F8602161
:1064700002F0FF03002A66D0B4F8FE300133A4F81E
:10648000FE3094F8C5300E3B012BB4F8BC302CD94B
:1064900001339BB2013D4FF6FF72A4F8BC30ADB2A0
:1064A000954264D0B4F80213B4F8FA20013194F89C
:1064B000CB300132A4F80213A4F8FA20002B4CD000
:1064C000D4E93B3201339342C4F8EC30B7D901210F
:1064D000934284F8F810B9D30222394604F2C51069
:1064E000C4F8EC60F0F790F9B0E70133B4F81E237C
:1064F0009BB29A42CED12388D4F82803A4F82D3237
:10650000EEF754FCB4F82C33A4F82F020222A4F8BE
:1065100031324146B4F82E3304F2232084F82C6241
:10652000A4F83332F0F770F90221204684F81C6396
:10653000EEF70CFA03212046FDF7F0FFB4F8BC306B
:1065400084F8C560A4E794F8C720012104F1A800ED
:10655000EEF724FB00288FD193E794F8C52006219D
:1065600004F1A800EEF71AFB0028A9D16EE7BDE8F8
:10657000F0817047797900019171000110B4064AE9
:10658000064C0748074B0849C2E91440074A10BCAB
:10659000C3E91412704700BFEC02002149730001E7
:1065A000AD7200019803002189720001D94C0101EC
:1065B00010B4064A064C0748074B0849C2E9164082
:1065C000074A10BC99651A66704700BFEC020021AB
:1065D00069110201E712020198030021710F020103
:1065E0006D4C010138B590F8C9300446B0F8FA0096
:1065F000DBB9C0F1020594F8F83043B1002394F8F8
:10660000C520092104F1A800EEF7C8FA90B194F86A
:10661000CB30ABB1D4E93B23043B9B1A9D42A8BFCE
:106620001D4625EAE57080B238BDB4F8FC502D1A3D
:10663000043DE0E705EAE57525EAE57080B238BD7E
:1066400094F8C520062104F1A800EEF7A7FA002867
:10665000E0D125EAE57080B238BD00BF23211A20C1
:1066600008B5EAF773FA00BF38B505460C4691F84D
:10667000033213B191F80D328BB9002D50D02B7825
:1066800073B194F8F8318BB304F1B0000AF063FFF2
:10669000002100220023C4F8B011C4E96A2338BDE8
:1066A00094F8FA316BB90121B4F8B401EBF71AF997
:1066B00038B104F21D2100F5AE7008F05AFE002832
:1066C0003ED00821B4F8B801EBF722F9002844D1F4
:1066D0006B6F002BE3D10721B4F8B601EBF718F983
:1066E0000028DCD060211A20EAF730FA94F8FA3159
:1066F00003F0FF017BB9B4F8B401EBF7F3F850B144
:1067000004F21D2100F5AE7008F033FE18B92B21FC
:106710001A20EAF71BFA4FF6FF73A4F8B431B3E777
:1067200094F8FA3173B90121B4F8B401EBF7DAF84F
:1067300040B104F21D2100F5AE7008F01AFE08B950
:10674000FFF78CFF0821B4F8B801EBF7E1F8002857
:10675000A5D04E211A20EAF7F9F953211A20EAF7B9
:10676000F5F900BF10B50C4601F1B0000AF00CFFBE
:106770002046BDE810400AF0AEBE00BF90F8FA31E6
:1067800023B90121B0F8B401EBF7ACB80020704791
:1067900038B528B390F8C63004462A2B1ED142B92A
:1067A0002B2380F8C63094F90831002B1CDB002025
:1067B00038BD1F230D4680F8522180F85331302315
:1067C00080F8C6300029EED00721B5F8B601EBF706
:1067D00089F868B12946FFF747FFE4E70C2038BD88
:1067E000B2211A20EAF7B2F9D9211A20EAF7AEF954
:1067F000D4211A20EAF7AAF910B501F120000C46BD
:106800000AF005FEB8B92378012B636F01D0B3B944
:1068100010BD002BFCD01A68082133F8610C6267A8
:10682000EBF776F818B9636F002BF4D110BD4B214C
:106830001120EAF78BF940211120EAF787F953215B
:106840001120EAF783F900BFFFF7A2BF38B591F82E
:1068500030300C46032B3AD004F1C0000AF0D7FDCB
:10686000002843D1D4F8905085B394F830202B6899
:10687000032AC4F890300BD0022A18D033B31A6818
:106880001D46C4F89020134694F83020032AF3D113
:10689000A5F5847528460AF077FE0A21B5F80201AD
:1068A000EBF736F870B1F4214920EAF74FF9A5F576
:1068B000847528460AF00FFE0B21B5F80201EBF7AC
:1068C00027F878B9D4F89030002BD8D138BD002102
:1068D00094F89E000AF04DFD0028BDD04FF6FF73DE
:1068E000C385B9E7F9214920EAF730F9E9214920C0
:1068F000EAF72CF9704700BFF0B583B00D460123CD
:1069000040F6881201A904467F2003F0EFFD012321
:10691000074601A940F688126FF07F0003F0E6FDFC
:106920002E1ABD42B6FA86F64FEA561608BF46F052
:10693000020601F0D7FCC705C0F3002303D5030509
:1069400020D50F2304E0C0F3C020034318D1012356
:10695000990784F8915084F8906003D584F8935097
:1069600084F892605A0703D584F8955084F89460AF
:10697000DB0803D084F8975084F8966003B0F0BD2C
:106980000D23E5E70323E3E710B5446800237F22E6
:1069900004F5B071C4F89830C4F89C302046C4F8AF
:1069A000A030C4F89030C4F89430C4F8A330A1F8F3
:1069B000443081F84630A1F8473081F8493084F8F6
:1069C000992094F9741084F89B2084F89D2084F811
:1069D0009F20FFF791FF4FF0FF33C4F8A03010BDA8
:1069E000013808B507280DD8DFE800F0060A0C08C2
:1069F0000C0C0C04022008BD002008BD032008BDBB
:106A0000012008BD4FF42A717820EAF79FF800BFF3
:106A1000F8B50C46054616461F4601F063FC611E9C
:106A2000C9B2032931D8C405C0F300232FD4C0F361
:106A3000C02003430CBF01220D22012303FA01F100
:106A40001142CCB221D06B6893F81E21C2F34000F2
:106A5000920729D5D3F81A21D505C2F300211DD4F8
:106A6000C2F3C0220A4318BF0D2004421CD003F514
:106A7000B07393F8492002F0FF00BAB983F8497067
:106A800083F8474083F84860F8BD1120F8BD03053E
:106A900008D5012404FA01F1CCB2D4E71205E6D4FA
:106AA0000320E2E70322C8E71A20F8BD3A20F8BD28
:106AB00010B5044608F0C6FD08B9002010BDE0433B
:106AC00008F0C0FD0028F8D0E31683EAA4635A1E3C
:106AD0001A42F2D0E3B25A1E13405A1E1342ECD0AF
:106AE000A0B2F0F701FA0B28E7D82046F0F7DEF95C
:106AF0001828E2D8A3B2B3EB144F04D184EA1423CC
:106B000013F0FF1FD9D0044B63405A1E1A4214BF22
:106B100001200020D2E700BFD6BE898EF0B5070C59
:106B2000164BA7F5AA4203EA9023543A012A20D92A
:106B300027F4004042F6AA22801A18BF0120002242
:106B400016211F24164687EA060562EA0505013567
:106B500011D0DD0301394FEA5303ADB245EA5606C1
:106B60004FEAC4354FEA5404ADB245EA5202EAD1C5
:106B7000F0BD0020E3E70020FAE700BFE0FF3F00A0
:106B8000304BF0B5B0F864700C4611461A88B0F876
:106B9000626085B097425D8828BF1746964228BF3D
:106BA00016461B2E2ED0B5F5A47F2DD040F64803F7
:106BB00001AA9D4228BF1D4608F04FFEBDF80A30CD
:106BC0009F4228BF1F46BDF80C30AB42E78028BF6C
:106BD0002B462381BDF806309E4228BF1E46BDF8D5
:106BE00008309D42668028BF1D46A580FF23237084
:106BF000E3881B3B9BB2E02B08D94FF4B5613920E9
:106C0000E9F7A4FF1B2FCED105B0F0BD63881B3B75
:106C10009BB2E02B02D940F2AA51F0E7238940F65B
:106C20004812A3F5A4739BB2934202D940F2AC512F
:106C3000E5E7A388A3F5A4739BB29342E4D940F29D
:106C4000AE51DCE7A00F0021F8B51D468B1F0746AB
:106C500010469BB240F67A42BDF8186093421BD8AA
:106C6000841FA4B294428CBF002401242346AFB9F0
:106C70001C4A12796AB15CB96FF450628B18062B0A
:106C800006D86FF45063C418062C8CBF002401246E
:106C9000234633B90020F8BD0024E7E797F87520B4
:106CA000E8E78142F6D8B5F5FA7FF3D2A6F10A03F8
:106CB00040F676429BB29342ECD80135EEF78EF85F
:106CC00042F21073ADB25E434543B6EB450FE1D9D6
:106CD000BDF81C00BDF8203098428CBF0020012078
:106CE000D9E700BFA00F0021012821D8022B0DD128
:106CF000A2F57A70104B98421CD8A1F57A70984290
:106D000018D88A428CBF1220002070470B4882425C
:106D100010D8012B07D140F252739A420AD9A1F63A
:106D2000C410074BEBE7042BF9D140F6C313F4E78B
:106D30001220704730207047A7F970028FFD700253
:106D4000CBF3700210B502210020EAF7CBFD044618
:106D500070B90221EAF786FD044620B940F21D31E0
:106D60003920E9F7F3FE034B93F91C10F3F742FFC8
:106D7000204610BDA00F0021114BF7B59C7E0646A2
:106D8000DD7E9F8B14B901F0B3FA0446A5B901F07A
:106D9000AFFA054614B9092003B0F0BD0028FAD0B7
:106DA000304601A98DF804408DF80550ADF8067005
:106DB000EDF7D6FF0020EFE7002CF1D1EBE700BFA5
:106DC000180C00212DE9F0419846634B044686B02B
:106DD00018680E461B7900210290204615468DF852
:106DE0000C30EDF7B3FD26805C4B20465C4EC4F8BA
:106DF0001033B36840F8383FFDF78CFA074601F0CE
:106E000071FA10F0200F337C0DBF1B22B2887188FD
:106E1000A4F8622018BFA4F8621084F84030A4F8E7
:106E20006420A4F8427001F05DFA8B0706D50023B8
:106E300004A805948DF81030FFF7A6FD494F04F122
:106E4000800C3B7907F10802003B18BF012384F84E
:106E500075300FCA8CE80F00737804F1180104F143
:106E60001400019333780093B3887288EAF7AAFD7F
:106E7000636923B941F203013920E9F767FEA36989
:106E800013B941F20401F7E708F0A2FC2062B8F15F
:106E9000000F04D0EFF7BAFF20F07F40A06295F812
:106EA0004D3005EB4303988CEDF798FF95F84D3086
:106EB000804605EB4303588DEDF790FF41F64B53A9
:106EC0000146984244D940F2E2424046FDF7B8FC00
:106ED00040F2E2430146E1612046C4F8E812A4F81A
:106EE000EC3295F84D20F16805EB42052B8EA3841A
:106EF000EB8EE384FDF70AFA02A904F1CD00EEF768
:106F0000A1F8FF2384F814337B6A23B1012204F52E
:106F1000B171204698472046FFF72EFF0546EFF750
:106F200075FF0C230121B0FBF3F202FB1303204693
:106F3000DBB25A1DD2B2082A96BF0D3384F8D9208D
:106F400084F8D930EDF702FD284606B0BDE8F0819F
:106F50004FF47A73BFE700BF94BC0201BD0F00215C
:106F6000180C0021A00F002108B5EBF721FFECF76A
:106F700049F901F0CBF9EFF759FAEEF70DF8F0F710
:106F8000C9FFEEF743F8012001F084F909490A4AE4
:106F9000F92000230A601B224B838A80074ACB8397
:106FA0001083074893761060938093750B840B765B
:106FB000537708BD180C002103021B00A00F00210D
:106FC0001B004801044B41F64C521B215A611974B5
:106FD000C3E90222FFF7C8BF180C00217FB5324D6C
:106FE0000446AB6840F8383FF5F748FC064601F028
:106FF00079F910F0200F2B7C0DBF1B22AA8869881D
:10700000A4F8622018BFA4F8621084F84030A4F8F5
:107010006420A4F8426001F065F98B0706D50123CE
:1070200002A803948DF80830FFF7AEFC1F4B04F163
:1070300080061A790833002A14BF0122002284F83E
:1070400075200FCB86E80F0041F64C5318BF4FF464
:107050007A732046E361FFF78FFE064648B10121AF
:107060002088EAF755FCD0B140F272513920E9F797
:107070006DFD6B7804F118016A8804F11400019326
:107080002B780093AB88EAF79DFC636913B940F253
:107090007F51EBE7A3691BB94FF4B061E6E709261E
:1070A000304604B070BD00BF180C0021A00F0021B5
:1070B0002DE9F34105460E46F3F7FEFD002800F0EA
:1070C000AE802846F4F71CF830B1B6F80130013B29
:1070D0007F2B01D9122404E02846F4F715F820B9D3
:1070E0000C24204602B0BDE8F0812846F5F7EAFD01
:1070F0000028F5D12846F3F731FD80460028EFD16E
:107100002846F3F729FE0028E4D042F21073B6F8BF
:107110000170F17828465F43F3F7DCFF03213078F4
:10712000EAF7E0FB044605213078EAF7DBFB002CA8
:1071300077D038B141F27A713920E9F707FD04467A
:1071400090F8BD80404E3368002B6CD04034204610
:107150000AF02FF9002866D020460AF01EF9002810
:1071600061D1B8F1000F08D0384B20461B68984712
:10717000002858D041F28E71DEE735494246336827
:1071800020464969984700284DD041F29371D3E7D2
:107190002846F3F7B5FF40B901210DF10600EAF7E3
:1071A00029FB064658B90D249BE72846F3F7BCFF98
:1071B0000028F1D1274B1B79002BEDD18AE7002164
:1071C000EDF728FBBDF80630284631463380F3F74B
:1071D000C1FF2846F3F7A8FFA0B92846F3F7B0FF90
:1071E00001463046FFF7FAFE044600287FF479AFE7
:1071F0003A4631462846F5F725FA044620B141F2D1
:10720000BF7199E70121ECE7124B5B6A002B3FF459
:1072100068AF024606F5B1713046984761E74224EF
:107220005FE700288BD12846F3F762FF014600286C
:10723000AED13A462846F5F705FA044600283FF451
:1072400050AF41F29C7177E778040021740400216B
:10725000180C0021A00F00210378032B9DBF03F021
:107260000103034A0020112098BFD377704700BF65
:10727000180C0021064B01889A88914206D3B0F879
:10728000032091B211B100201A8470471120704779
:10729000180C00212DE9F7431D4F0646FB7F93BBD9
:1072A0000C2003B0BDE8F08306EB85036946B3F814
:1072B0000390B3F801004C44A4B2EDF791FAF0B991
:1072C000684608F0ADFA838E4B451AD3A3EB090349
:1072D000838690F83E3043B990F83F302BB1838ECF
:1072E0001BB941463630EFF70FFA01353278ABB2B1
:1072F0009A42D9D83B8C00201C443C84D1E7022020
:10730000CFE71220CDE70025DFF808802C46EDE717
:10731000180C002141700001014B93F91C007047CB
:10732000A00F0021B0F90020F8B514B292B202F516
:10733000A0639BB2B3F5206F36D8B0F902301DB20E
:107340009BB203F5A06189B2B1F5206F2CD802F28F
:10735000F64140F2BE5089B2814227D803F2F6418D
:1073600089B2814222D8002C4FF00A00C4BF0932F2
:1073700014B2002DC8BF093394FBF0F4C8BF1DB28E
:10738000EDF712FE0A2167B2064695FBF1F1384689
:1073900049B2EDF7FBFD074B1B684BB1A01B40B298
:1073A00008B198470020F8BD3020FCE71120FAE72B
:1073B0001846F8E770040021034B5A8802801B78B6
:1073C00083700020704700BF180C00217FB58378C0
:1073D00006461A2B09D8042B05D9012202FA03F319
:1073E000314A134205D112251AE0292B01D03B2B3B
:1073F000F9D13088B0F5706FF5D26946EDF7F0F944
:1074000088B9019B93F8602102F0FF05C2B9B278F8
:1074100083F86121FF22684683F86021EEF796FE2B
:10742000284604B070BD08213088EAF75BFA0446AC
:10743000002837D002A9B0F8B401EDF7D1F908B1AE
:107440000C25EDE70721B4F8B601EAF74BFA20B9AD
:107450004FF40C613920E9F779FB03781BB994F8F4
:10746000D031032BECD1039B93F8AA21002AE7D15A
:1074700094F8F82102F0FF05002AE1D1B4F8B82110
:10748000A3F8AC2194F8BC2183F8AE21027D83F8E7
:10749000AF21B27883F8B02184F8F821FF2283F875
:1074A000AA21BDE70225BBE7200038040188A1F12D
:1074B0001B039BB2E02B0CD8428844F24810A2F583
:1074C000A4739BB2834204D8034B002019805A80D6
:1074D00070471220704700BFA00F0021034B1A888D
:1074E0005B88028043800020704700BFA00F00210E
:1074F00038B50478427804F00103857804F002047A
:1075000052EA030101D1112038BDBCB9002DFAD0D7
:10751000002B08BF144601E000242546204608F051
:10752000BDFA0028EFD0284608F0B8FA0028EAD0C3
:10753000054B00209C76DD769883E5E7002BEBD1A8
:1075400014461D46EAE700BF180C002113B5008859
:107550006946EDF745F918B10224204602B010BD86
:107560009DF8003001984BB908F069F90028F3D074
:10757000019B93F8722162B13A24EEE790F824332C
:10758000DBB290F8E620002AE6D113F0FB0FEFD132
:10759000E2E7684608F044F990F86C2002F0FF0436
:1075A000002AE9D190F86320920706D101226846AB
:1075B00083F87221EEF7CAFDCFE702220249643058
:1075C000EFF722F9C9E700BF4D7A000170B50378E3
:1075D0008AB00446032B03D9122528460AB070BD91
:1075E0004378032BF8D8437E85780BB9012DF3D16E
:1075F00015F0F80FF0D1A80740F19280022DEBD1E1
:107600005A4B5B79002BE7D000F072FE35EA00039D
:1076100040F0A780A67816F0010506D00123226964
:10762000A168E078FFF760FB0546B20707D50223A3
:107630002269A168E078FFF757FB2843C5B27307BA
:1076400007D504232269A168E078FFF74DFB2843A2
:10765000C5B2002DC1D1052E13D126790423E168CE
:1076600062693046FFF740FB05460028B5D1236923
:107670001344E278B242AFD1A2689142ACD18B42BE
:10768000AAD8237E013B062BA6D808F03AF9002899
:1076900069D16278364B21698DF8092022789942A8
:1076A00060698DF8082028BF1946227E9842216122
:1076B0008DF80A2028BF1846627EA378003A6061E0
:1076C0008DF80C3018BF0122DD078DF804308DF8DD
:1076D0000B2029D5E278012A16BFB2FA82F20222E3
:1076E00052098DF80520A268CDE904215A070BD56F
:1076F0002379012B16BFB3FA83F302235B098DF8BC
:107700000730E368CDE9083003A8FBF7F9FF054629
:1077100000287FF462AF01A8FAF75EF805465CE73F
:1077200069073FF459AF6FE7022B0BD1E278012ACA
:107730001CBFB2FA82F35B098DF80630A368CDE96D
:107740000631E1E75B07DFD5E378012B16BFB3FA1B
:1077500083F302235B098DF80730A368CDE9083174
:10776000D2E7112539E70C2537E700BFA00F00212C
:107770000024F4002DE9F041044688B0002000F018
:1077800089FD23788DF8043063788DF80530A3786F
:1077900003F001058DF806305B0748BF013500F0A6
:1077A000A7FD9DF80630834345D10DF1070003A9DD
:1077B00004F1030840F2712E0E468446DAB2954277
:1077C00014D840F20713A278ADF81C3032F005034C
:1077D00033D112F0050F30D0194CDAB2954217D8D8
:1077E00001A8FFF7F3FE08B0BDE8F08103EB8302C8
:1077F000013318F8027022440CF8017B9788D28874
:107800000EFB07F70EFB02F246F8047B7260D5E729
:1078100010F8012B012A10D88A680E46A2F6C4126D
:10782000A24206D8326804310133A2F6C412A24241
:10783000D3D93020D7E71120D5E71220D3E700BFF6
:10784000CBF3700200B589B0437940F271218DF815
:10785000043083798DF8053001238DF806300378E4
:107860008DF80730B0F801304B430393B0F8032094
:107870004A4307210592A2F6C412ADF81C1007492D
:107880008A4209D8A3F6C4138B4205D801A8FFF792
:107890009DFE09B05DF804FB3020FAE73C369C0001
:1078A0002DE9F04F437A8DB004469A0705D5A24AD8
:1078B000127912B943F001034372657A6B0704D160
:1078C000122528460DB0BDE8F08F15F0F80FF7D15E
:1078D00000F00EFD35EA000340F08D8194F8483049
:1078E00053B9012DECD1A369944AA3F25373934287
:1078F00040F220813025E4E715F00106F3D1AF070F
:1079000045BF731CB3464FF0FF0BDEB2680709D5C5
:10791000B31D8B4A54F82330A3F6C4139342E9D81D
:107920000136F6B24FF0000904F1220504F10C070C
:10793000C8465FFA89FA564500F20681E368984521
:10794000BED82378012BBBD813B9A378012BB7D8A5
:107950006378032BB4D894F84C30013B062BAFD896
:1079600007F0CFFF002840F03C81F9F7CBFC00285E
:1079700040F03D81F9F7BCFC002840F038816E4BA7
:107980009B7E53B9CDE9053305238DF81A3005A840
:10799000E9F7E0FF002800F01E816A4B0021A26990
:1079A0000DF112009A4294BFA261A361E2699A426A
:1079B00094BFE261E361226A9A4294BF2262236229
:1079C000E9F718FF0646002800F01381012322463C
:1079D000BDF81210FFF7F6F90546002840F09B802D
:1079E0003046FCF7A7FC0546002840F09480E71CD1
:1079F0006078F9F7D7FDA1783A462078F9F79EFD2F
:107A0000002800F0F080F9F7D3FD3A46A1782078FD
:107A1000F9F718FE054600287DD1657A022D07D0BA
:107A200000F066FC284000F0050007F0FCFE05466B
:107A30002846F9F749FD054600286CD13146032058
:107A4000F9F740FE0546A078394607F0E1FEF9F760
:107A500019FE002D5FD123783BB93A46A178304614
:107A600007F0D1FF002840F0C0800120F9F736FE72
:107A7000054600284FD10120F9F738FE05460028B9
:107A800049D1627A8DF8140012F0010306D0E16842
:107A90000691A169079101218DF8141091070FD566
:107AA000022A0BD104EB8301C86889690890099107
:107AB0009DF8141041F002018DF814100133DBB26F
:107AC00052070BD504EB8303DA689B690A920B9388
:107AD0009DF8143043F004038DF8143005A8FBF72B
:107AE0000FFE054694F84800003818BF0120F9F74A
:107AF0001FFD94F84C00F9F7E1FC65B9F9F748FE71
:107B0000054640B9B4F84A103046FBF795FD0546E6
:107B100000283FF4D6AE3088EBF7D0F8002130884B
:107B2000E9F7F6FE00283FF4CCAE41F27B21392084
:107B3000E9F70CF80126E2E6A00F00213CF67002FE
:107B4000CBF370020024F400D34530D0FB683A68D0
:107B500093423FF6B5AE288C98442A89EB89698810
:107B60000290688B0190A88A00900020FFF76CF8C3
:107B700000283FF4BFAEBAF1000F13D06A882B88FB
:107B80009A427FF49DAE2A89EB889A427FF498AEA0
:107B9000EA89AB899A427FF493AEAA8A6B8A9A42A9
:107BA0007FF48EAE09F1010902350437C1E6012EDA
:107BB000F8D1FB681148A3F57A7282423FF69AAE7B
:107BC0003A68A2F57A7181423FF694AE93423FF64D
:107BD00077AE9844E6E7059B93F8A530802B3FF4F9
:107BE000D6AE0C256DE6122595E70B2593E73A25D1
:107BF00067E60D2565E6112563E600BFA7F970026B
:107C000010B5437994B0032B55D823F002030279C1
:107C10008DF80230D0F806308DF80020CDF8033012
:107C20004389027BADF8073001238DF8012040F233
:107C300071228DF8093003885343039341884A43E6
:107C40000692A2F6C412847B417B41EA0421ADF87E
:107C50002410047CC17B41EA0421ADF82A10847C05
:107C6000417C41EA0421ADF83010047DC17C41EA39
:107C70000421ADF83610417D847D41EA0421ADF840
:107C80003C10C17D007E41EA0021ADF84210002188
:107C90008DF84810ADF84A100721ADF84C1008498E
:107CA0008A420AD8A3F6C4138B4206D86846FFF767
:107CB000F7FD14B010BD1220FBE73020F9E700BF3C
:107CC0003C369C0030B5044695B0002000F0E2FA46
:107CD0006946204607F04CFE054600F009FB9DF87A
:107CE000094034EA000302D0112015B030BD14F071
:107CF000050F1ED014F0F80F1BD100F0F9FA8443E1
:107D0000F2D103AB0C49E2B2954203D86846FFF7C3
:107D1000C7FDEAE7DA681846A2F6C4128A4206D816
:107D2000026804330134A2F6C4128A42EBD930202F
:107D3000DBE71220D9E700BFCBF370022DE9FF414A
:107D4000077804460D46EF2F01D912259CE0B0F8C4
:107D50000130ADF80C309DF80C30D8066CD4990683
:107D600003F0030265D5002AEFD11A0703D503F00B
:107D70006703012BE9D163781E0711D42179E278DA
:107D8000E07942EA0122617942EA0142A17941EABD
:107D90000021207A41EA00418A42D6D81F2AD4D94C
:107DA000627A013A062AD0D8A27A032ACDD813F0F3
:107DB000040102D1023A012A03D8E27A012AC4D886
:107DC00011B9A27C032AC0D813F01001227D43D040
:107DD000012ABAD1237E012BB7D800294CD0637871
:107DE000D80703D500F002FA00284CD06378227D32
:107DF00003F01801082959D1022A44D11B0709D4DC
:107E0000E279A37943EA0223227A43EA0243B3F5F3
:107E1000804F38D81FFA87F802214046E9F762FD03
:107E20000646002848D0F4F74DFF002850D00C2516
:107E30002AE0032A99D188E713F0600F85D103F077
:107E40000F0203F00703052B95D0931E012B92D947
:107E5000002A7FF47AAF8EE7022A04D103F06F0381
:107E6000092B7FF472AFA37D013B022B3FF66DAF70
:107E7000E37D0F2BAED968E700F03AFA81070AD408
:107E8000237D022B04D11125284604B0BDE8F081E2
:107E9000A37D022BF7D000F02BFA42079FD4237D5D
:107EA000032BF0D0A37D032B99D1ECE7022AA5D0B8
:107EB000A27E002AA2D0E6E702214046E9F7D2FCE2
:107EC0000646002840D0214B93F91C10F2F792FE91
:107ED0000021384609F04DFA18BB3046F3F704F993
:107EE00021462870E0743046F2F7BEFF637E0546F7
:107EF000002BC9D00028C7D10246F16C6846E9F7CB
:107F00003FFE2A46F06C012107F0C6FAF16C684684
:107F10000422E9F735FE2A462946F06C07F0BCFA40
:107F2000B2E7403009F045FA0028D6D0637813F064
:107F3000330F7FF40AAFA77D3046F3F701F907F05E
:107F40008BFD8742C9D072E707259DE7A00F00216E
:107F500030B502798BB00346042A58D84488B4F56A
:107F6000804F54D82B4800211044ADF804108DF8F0
:107F70000C10027AC57842F010028DF8211042EA06
:107F80004502457B807C42EA850242EAC00202F05B
:107F90001F028DF80420BDF80420ADF80D201A88CA
:107FA0008DF81240240A8DF80F20120A8DF8111056
:107FB0008DF814108DF810208DF813405A7BD3F8EB
:107FC00007008DF815205A79069003A88DF8162021
:107FD0009A798DF81720B3F80B209B7BADF81C2005
:107FE0008DF81E307F238DF81F3001238DF820304F
:107FF0008DF822308DF823108DF824108DF825107F
:108000008DF8261001A9FFF799FE0BB030BD1220A4
:10801000FBE700BF1AB2020137B5037805468BB102
:108020000DF1060002F056FA0DF107009DF9064029
:1080300002F056FA9DF807301C4364B214B10C20CC
:1080400003B030BD2A780020014B1A71F8E700BF59
:10805000A00F00210278034672B1427862B14288D3
:108060001A2A09D982881A2A06D90068034A106098
:1080700000209B889380704712207047180C0021C5
:1080800002680020014B9A60704700BF180C002165
:1080900002680020014BDA60704700BF180C002115
:1080A0000378A3F10A02112A9BBF024A0020122082
:1080B00013747047180C0021014B1876002070478C
:1080C000A00F0021014B587600207047A00F00211F
:1080D00008B5052000F0EAF8FEF750FA014B024A15
:1080E0005A6208BDA00F0021816B010108B505206F
:1080F00000F0DCF8F6F790FD014B024A5A6208BD29
:10810000A00F0021816B010108B5F2F7B5FDF4F76E
:108110008BFA0248BDE80840F2F74CBDC80F0021B9
:1081200008B5FCF789FAFBF765FAFCF7DBF8FFF70F
:10813000F3F801460248BDE80840F9F74DB900BF21
:10814000C80F002108B5EAF7A1FD064800F58471C3
:10815000EAF7FCF8012007F0E5F80020BDE8084048
:1081600007F0E0B8C80F002108B50122064B83F8DC
:108170000A22F2F789FDF6F737FBFFF7E3FFBDE8C8
:108180000840EEF771B900BFC80F002110B5064CCA
:10819000064904F5037008F0E6FD04F5047004498F
:1081A000BDE8104008F0DFBDC80F00217C040021AD
:1081B0008404002110B5094C094904F5037008F046
:1081C000D2FD04F50470074908F0CDFD04F50570F3
:1081D0000549BDE8104008F0C6BD00BFC80F00212A
:1081E000AC040021B4040021A4040021014B93F845
:1081F0000A027047C80F002110B5094C094904F55F
:10820000037008F0B0FD04F50470074908F0ABFDF9
:1082100004F505700549BDE8104008F0A4BD00BF95
:10822000C80F00218C0400219C040021940400212B
:1082300038B5094C0D46EEF7E1F8D4F80C02C4F855
:10824000045108F088FDFEF7BDFEEEF795FD012311
:1082500084F8183238BD00BFC80F0021014B93F8D5
:1082600018027047C80F002110B5094CD4F810024D
:1082700008F071FDD4F8140208F06DFDFEF774FEED
:10828000202000F021F8002384F8183210BD00BF30
:10829000C80F0021014B83F819027047C80F002155
:1082A000014B93F819027047C80F0021C208054915
:1082B000012300F0070003FA00F08B5C1843885498
:1082C000704700BF30000021C208054900F00700D8
:1082D00001238340885C20EA03008854704700BF74
:1082E00030000021014BD3E900017047300000212C
:1082F000054B1868C0F3C022C0F30020400040EADC
:10830000820040F0010070473000002108B502F003
:10831000CBFA0023074A32F82310814205D302EB3F
:1083200083039B78044A137008BD01330C2BF2D1F0
:108330000023F7E74AB20201E2110021024B18784C
:1083400000F00700704700BFE211002110B544683B
:10835000238884F80A12A4F80B3294F8700007F00E
:108360008CFB84F80D0294F8710007F086FB022262
:1083700084F80E0204F201200349EEF745FA0023C7
:1083800084F86C3110BD00BFB70E02014068074988
:108390000388A0F8FD3190F8683080F8FF3190F83C
:1083A000693000F5FA700373EEF7AEB9EF0E020113
:1083B0002DE9F743456804460F4695F8C63095F811
:1083C000C580242B2CD1C6353846EDF79DFE0028FC
:1083D0004DD03846EDF78CFE81463846EDF78CFEE1
:1083E000014608F0D8FD666848B396F870309842A8
:1083F00025D096F86C21012A0CBF96F86E2196F8CC
:108400006C20114233D0B8F1220F18D096F86920B1
:10841000114214D153B94FF4B6710620E8F796FB18
:10842000B8F1220F40F0C480C535CDE7042B01D050
:10843000042832D1984294BF00200120B8B94846A0
:1084400008F0A9FD00284BD096F87130834247D040
:1084500096F86C31012B0CBF96F86F3196F86D30A1
:1084600019EA030F14BF01230023002B38D16368DE
:1084700093F86C21012A19D11E212046FFF766FFCF
:10848000B8F1220F20D1FA786368182A83F85121B5
:1084900010D040F26D217E20C0E7082BCAD00828FA
:1084A000C8D098422CBF00200120C7E7002283F8E3
:1084B0006C21E5E70A2283F8C52093F80431002BEC
:1084C0003CD140F27521E6E7002320462B70EEF701
:1084D0003FFD3946204603B0BDE8F043EEF77ABDD4
:1084E000304601AA394608F0A1FD666880BB96F8BF
:1084F0006C31012B29D1B6F8BC3006F56D7296F8B7
:108500007010B6F8700108F0F8FD0646C0B90146D3
:108510002046FFF71BFF2E70636803F1C6029542E9
:1085200002D1002283F8C620636803F1C602954297
:108530004FF0000539D12046EEF70AFD002038E063
:108540006368282283F8C520E6E786F86C01E3E734
:108550003846EDF7D7FDA6F8B4036068B0F8B43339
:10856000B0F8BC20013B9B1A47F6FD729BB29342C8
:1085700007D9282380F8E730DE300F49EEF7C4F83A
:10858000D2E790F8C6300E2B02D00B3B012B01D85E
:108590002A23EFE79DF8043080F8B6339DF80530C4
:1085A00080F8B73326232B70BEE783F80451C5E764
:1085B000022003B0BDE8F08341700001044B1B7C36
:1085C000002B14BF4FF405704FF49C70704700BF30
:1085D00030120021014B1874704700BF3012002187
:1085E00070B5104D0C460621E9F792F92B68C3B11E
:1085F00094F83930ABB10C4B1B6823B940F24D21D4
:108600000D20E8F7A3FA9847092180B2E9F76AF943
:1086100010B94FF41471F3E72B683E21BDE87040A8
:10862000184770BDC0040021BC04002108B500F04B
:108630004FFB00F01BFA00F005F8BDE8084000F021
:10864000CBB800BF034B00214FF480521970A3F840
:10865000012070477012002170B5064602201446B2
:108660000D4600F01DFA064B0122033C1A70054B23
:10867000C3F81045C3F80865C3F8045570BD00BFC2
:108680007012002100E00041022008B500F008FA55
:10869000084B002208484FF0010C084980F800C040
:1086A000C3F80021C3F80421C3F80821C3F88010DF
:1086B00008BD00BF00E000417012002103000080EF
:1086C000104B1A785AB110490020C1F88000D1F837
:1086D00000213AB91021002099705A7018700020BA
:1086E00000F0DEB9D1F80421002AF3D0D1F8082136
:1086F00012B110210246EEE7D1F800140122C9B2EE
:10870000E9E700BF7012002100E00041022008B537
:1087100000F0C6F9064B0022012106480170C3F89B
:108720000021C3F80421C3F80821196008BD00BF67
:1087300000E0004170120021184A1378002B10B598
:10874000507818BF0220A0F10204B4FA84F464093E
:10875000BBB1C823124A013BD2F80011DBB241B1D0
:10876000D2F8040120B1D2F80801B0FA80F0400933
:1087700010BD0BB1002CEED140F205113B20E8F703
:10878000E5F9C82300E01CB1013B13F0FF03FAD167
:108790000228F1D0431E5842584110BD70120021EA
:1087A00000E000410A4B1A787AB10A4BD3F8002155
:1087B0004AB1D3F8042132B1D3F808211AB9D3F859
:1087C0000004C0B27047102070479878704700BF0F
:1087D0007012002100E00041024B00221A809A70C2
:1087E000704700BF741200212DE9F84304461E466D
:1087F0000120894604F0030590469DF8207000F0A2
:108800004FF945EA064524480023244A45F080757F
:1088100014F0FB0FC0F80455C0F80895D0F81815EF
:1088200021F0FF0141EA0801C0F818154FF400716A
:10883000C0F884301A4B1E71C2F8081504D1194AC9
:10884000C0F88021C0F88420022F20D81649012CBE
:10885000114AC95DC2F8201506D00122022CDC7035
:108860005A7009D9BDE8F8830E491048C0F8D011F4
:10887000C2F88C105C70DC70074A0121002019706E
:10888000C2F80001C2F800021160BDE8F88340F2AE
:10889000D1113C20E8F75AF900E0004100F0004116
:1088A000741200210900008064B3020100800041BD
:1088B000274B5A7810B5002A40D0264A0124C2F826
:1088C0000C15C2F81005D9789C7011B3042918D082
:1088D000197879B31B790021023BC2F80411012BEE
:1088E00005D81D480323C0F85011C2F81C3519499A
:1088F0004FF4007219481A4BC1F88400C3F80425DC
:1089000010BD00211C70C2F80411C2F800421460AE
:1089100010BD1B78BBB1124B4FF40070C2F80411AC
:10892000C3F80405D2F800110029E9D05460C3F857
:10893000080510BDFE213C20E8F708F940F20121AE
:108940003C20E8F703F9EB213C20E8F7FFF800BFF3
:108950007412002100E00041008000410500008009
:1089600000F00041104B1A78CAB100220F4910489C
:1089700010B44FF40074C1F88420C0F80845A0F585
:10898000E040C1F88021C1F88420C0F8D021C1F8AE
:108990008C201A70002210BCA3F80120704700221E
:1089A000A3F80120704700BF7412002100E00041CD
:1089B00000F0004108B50B4B1B784BB10A4BD3F8C4
:1089C000042152B1D3F80004003818BF012008BDBB
:1089D00040F267213C20E8F7B9F84FF41A713C20C7
:1089E000E8F7B4F87412002100E00041F8B5184B24
:1089F0001B783BB3174CD4F8043113BB164B02223F
:108A0000C4F804231F691A6907F0100742F0100226
:108A10001A61D4F8043153B9104E4FF48045C6F8AA
:108A2000805108F018FED4F80431002BF7D027B994
:108A3000094A136923F010031361064B0222C3F89D
:108A40000823F8BD40F273213C20E8F77FF800BF0F
:108A50007412002100E0004100ED00E000E100E0C0
:108A6000014B01229A60704700E0004138B54FF495
:108A70008042094BC3F88020BFF34F8FBFF36F8F45
:108A8000064C0025C4F80055C4F80055FFF76AFFEE
:108A9000C4F8805038BD00BF00E100E000E00041B4
:108AA00070B5124D00260446C5F80065C5F800658E
:108AB000FFF758FF012CC5F8806006D0022C0BD0C0
:108AC0004CB182213D20E8F741F80222084BC5F85D
:108AD0000025C5F8143570BD0321054A054BC5F8BE
:108AE0000015C5F81425C5F8803070BD00E00041C0
:108AF0007C12002103000080074B9B78012B08D0DB
:108B0000022B05D1830702D4044B01221A6170475E
:108B100070474207F8D57047881300210080004154
:108B200008B5144B93F84530D90715D59A0711D5D8
:108B3000114BD3F8002242F00102C3F80022D3F80F
:108B4000503503F0F603022B06D140F2CC513E2003
:108B5000E7F7FCFF5B0700D408BD074B074AC3F8E3
:108B6000882001F039FE0028F6D040F2D4513E2092
:108B7000E7F7ECFF88130021008000410800008027
:108B800008B5184A431E82F82400072B24D8DFE8D2
:108B900003F00E04231E23232319134B0421134A2D
:108BA000C3F81015D2F88420C3F8882508BD0E4BF1
:108BB0000322C3F810250D4A0B4BD2F88020C3F8CE
:108BC000882508BD084B0522C3F81025F3E7064B9E
:108BD0000622C3F81025EEE740F674513E20E7F771
:108BE000B5FF00BF88130021008000410000FF0195
:108BF00010B5431E314C82B084F82400072B57D89F
:108C0000DFE803F02C04563C565656372C4B042014
:108C10002C4AC3F81005D2F88420C3F888252A48C6
:108C200001F07F03264A405CC2F80805C2F85435BB
:108C30006378012B27D0254B0022C3F80025204B59
:108C4000D3F8002242F48872C3F80022D3F86825D2
:108C500042F4C022C3F8682502B010BD184B0322AD
:108C6000C3F81025174A164BD2F88020C3F8882580
:108C7000D5E7134B0522C3F81025F3E7104B062266
:108C8000C3F81025EEE701AB94F92520E07801F058
:108C90003DFB9DF9040001F0A3FA0DF1050001F080
:108CA00013FC0028CBD040F29D513E20E7F74EFF49
:108CB00040F674513E20E7F749FF00BF88130021BA
:108CC000008000410000FF0168B302010040004144
:108CD00058220021094810B505F006FB41F2111495
:108CE000074B00224FF08240AA21C0F8004EC3F883
:108CF000402EC3F8442EC3F8001E10BD8813002177
:108D000000700041962808B507D89528054B8CBF00
:108D10000022012218851A7008BD40F2F3113E208E
:108D2000E7F714FF88130021024B185C00F516606A
:108D3000704700BF68B30201014B93F838007047D9
:108D4000881300210B4B0C4A10B493F83810D3E968
:108D50000C3002EB8102C01AD36C116F03F2E733BF
:108D6000946A064A5B1A204410BCA2FB032300EB62
:108D7000931070478813002168B30201D34D62102D
:108D8000014B186B704700BF88130021014B586BD3
:108D9000704700BF8813002108B50139134B83F8D1
:108DA0004400072918D8DFE801F015131704171736
:108DB00017040F490F4A104B0243C3F81415C3F8A8
:108DC0001825D3F8503503F0F703032B09D008BD5D
:108DD0000A49EFE70A49EDE740F2F3213E20E7F7C1
:108DE000B5FE40F20B313E20E7F7B0FE88130021BC
:108DF0000801906300000302008000410801100197
:108E00000801100008B5154A154BC3F8AC210278CB
:108E1000032A1DD1D3F81425012990F801C022F4AA
:108E2000702210490CF03F0C0F4808BF42F400229A
:108E30004CEA0000C3F814250A6A42F00302C3F8A2
:108E40000029C3F8100901230A6281F8543008BDD3
:108E50004FF458713E20E7F779FE00BF060000800E
:108E6000008000418813002180320200384B4FF40B
:108E7000807270B5C3F88020BFF34F8FBFF36F8F40
:108E8000002234480121344D1346344CC0F8FC2FE5
:108E9000C0F8FC1F05EBC3010133D1F800232240C9
:108EA000824204D1D1F80023D1F804131160202BA1
:108EB000F0D1284C40F2031040F25B62284DC4F818
:108EC00034050123C4F838250321234AC4F830357A
:108ED000C4F8101585F82430D2F8803040F2012211
:108EE000C4F888354FF48013C4F85026C4F8003213
:108EF00005F066FA1B4B1C491C4AC3F8C011043923
:108F0000C4F8A8210232C3F8C81041F6F851C3F8DA
:108F1000C4200023164A2B876B63C2F804154FF454
:108F200080712B70D4F80009094A286296202885A0
:108F30001020C2F8801185F8453085F85430AB6DAB
:108F4000C4F80403116013B1BDE87040184770BD48
:108F500000E100E0008000410000FF0100F0FFFFA1
:108F60008813002100C000410A0000800300008037
:108F700000F0004138B50368434A190E434C1B0208
:108F8000C2F82415C2F81C354368C2F83C35037A90
:108F900084F82630437A817A5A1E84F84410072ACE
:108FA00067D8DFE802F0391C660466666604384D4F
:108FB000354A0D433749C2F81415C2F81855D2F88E
:108FC000502502F0F702032A4ED01A1F84F82430ED
:108FD000042A53D8DFE802F03552525243002A4B9C
:108FE0002D4AC3F814252A4A0A43C3F81825D3F892
:108FF000502502F0F702032A36D00425274A022121
:10900000C3F8105584F82410D2F88420C3F88825BA
:10901000C37A84F8253038BD1B4B214AC3F8142588
:109020001B4A0A43C3F81825D3F8502502F0F7026B
:10903000032A19D00121032284F82410C3F8102533
:1090400003E0114B0622C3F81025144A0E4BD2F848
:109050008020C3F88825C37A84F8253038BD0A4BB0
:109060000522C3F81025F0E740F20B313E20E7F768
:109070006DFD40F2F3213E20E7F768FD40F67451A4
:109080003E20E7F763FD00BF008000418813002108
:109090000000030208019063080110010000FF01B5
:1090A00008011000014B83F8250070478813002148
:1090B000034B020E0002C3F82425C3F81C057047B9
:1090C00000800041014B83F826007047881300217F
:1090D00000B583B001AB01F019F903B05DF804FBF2
:1090E0002DE9F047744D86B095F84530DA0740F128
:1090F000CF8000284FF0000204460F460CBF042327
:1091000002238DF806208DF8043001F07FFB012842
:109110004FF0FF3088BF00208DF8050001A805F052
:1091200079F9002840F0AF8095F845304FF00108FC
:10913000624E43F0020385F8558085F84530D6F835
:10914000003243EA0803C6F80032002C3FD0012C5D
:1091500079D02A8D5A4B952AC3F84C80D3F84C35D8
:1091600000F2A080B4FA84F4022301A864098DF807
:1091700004308DF8054005F0C3F90DF1030005F04A
:1091800055F9002840F08980AA789DF80330012A1B
:1091900018D0022A11D183F00203C3F3400385F8EB
:1091A00056303BB1454B00220121C3F88020C3F863
:1091B0008420196106B0BDE8F08785F8560006B036
:1091C000BDE8F08783F00403C3F38003E7E795F875
:1091D00026903846DFF8ECA0FFF7D2FC4946384627
:1091E0001AF80930C6F8083509F07F03C6F8543577
:1091F00001AB95F9252001F089F89DF9040000F0F4
:10920000EFFF0DF1050001F05FF900284FD12A8D25
:109210002B4B952A85F80280C6F80080C3F84C8055
:10922000D3F84C359ED928480AF19401836028333D
:10923000C36001F031F90130012893D940F20F7178
:109240003E20E7F783FC384695F82610FFF7D0FC60
:1092500002232A8DAB70952A194B7460DC64D3F815
:109260004C357FF67FAF1848184983602933C360B7
:1092700001F018F9013001287FF674AF40F21C713B
:109280003E20E7F763FC40F6B2213E20E7F75EFCA4
:1092900040F23C713E20E7F759FC40F6D4213E20D5
:1092A000E7F754FC4FF4E4613E20E7F74FFC40F24F
:1092B0009D513E20E7F74AFC8813002100800041C1
:1092C00000C0004168B3020138000021FCB3020174
:1092D00070B582B0102405F029F905F049F9464A25
:1092E00000234FF48011D2F804630546C2F8084306
:1092F000424C06F01006C2F80012C2F88030C2F8E4
:109300008430C2F88830C2F88030C2F8843084F8E3
:109310004530D2F85015C9B2002938D1238D952B8C
:1093200004D9A378012B5DD0022B51D00023324AFF
:1093300094F854102371C2F810312380A37091B1B6
:10934000C2F8AC3184F85430D2F8143523F47023C9
:10935000C2F81435236A23F00303C2F800392362EC
:10936000274BC2F810391EB1234B1022C3F8042337
:1093700015B1214B01221A6194F856302BB11E4AC7
:1093800001210023116184F8563002B070BDFF2125
:109390008DF80710C2F81031012313619DF80730D2
:1093A0004BB90CE09DF80730013BDBB28DF807307C
:1093B0009DF807301BB1D2F81031002BF2D09DF888
:1093C0000730002BAAD140F666013E20E7F7BEFB2E
:1093D00001F074F801300128A8D940F67D013E2043
:1093E000E7F7B4FB01F064F8013001289ED940F69C
:1093F00077013E20E7F7AAFB008000418813002197
:1094000080320200F8B50022374B384FC3F84825A8
:10941000C3F84425C3F84025C3F84C25FFF758FF8F
:109420003B8D952B4CD897F855302BB104F0F8FFB5
:10943000002854D187F85500002004F0FDFF0446B1
:10944000002847D1284D41F6F852294E294BC3F840
:109450000825C5F8C401C6F88000C6F88400C6F81F
:109460008800C6F88000C6F88400C5F8C800C5F8B2
:10947000C40004F0BDFF00220023C6F8A841C5F8CF
:10948000C0413C76C5F84845C7E90C231A4B4FF458
:109490008072C5F84445C5F84045C5F84C45C5F847
:1094A0004841C5F84441C5F84041C5F84C41C3F8AE
:1094B0008020BFF34F8FBFF36F8FC3F88021F8BDBB
:1094C00000F0E4FF01300128ADD940F211513E20F7
:1094D000E7F73CFB40F22A513E20E7F737FB40F22A
:1094E00027513E20E7F732FB00C0004188130021DE
:1094F0000080004100F0004100E100E02DE9F04F64
:10950000A74C87B006460F4694F8453043F0020357
:1095100084F84530002840F0A08004238DF8060030
:109520000DEB03098DF8043001F070F901284FF0BC
:10953000FF3088BF00208DF80500484604F06AFF20
:10954000002840F0F18094F826804FF0010B954DF3
:109550003846DFF854A284F855B0FFF711FB15F830
:10956000083041463846CAF8083508F07F03CAF883
:1095700054354B4694F9252000F0C8FE9DF90400AF
:1095800000F02EFE0DF1050000F09EFF002840F0D7
:109590000281237884F802B0012B05D1DAF8003279
:1095A00043F00803CAF8003205EB47057F48804ABC
:1095B000B5F8A85005F5FA75A0FB05357A4BC3F848
:1095C0008020AD092378002B67D194F8453043F013
:1095D000020384F84530FFF7A3FA01F0FDF8804656
:1095E000002869D102F052FF002E724B039008BF91
:1095F000012200F5A87018BF00228DF804800293A4
:109600008DF8052053F82030484604935BD1DFF8ED
:109610009481664A08EB4707B7F8A83003F516733C
:10962000A2FB03239B09059304F06AFF238D952B6E
:109630007FD80DF1030004F0F9FE002840F0A1806E
:10964000A2789DF80330012A69D0022A53D084F809
:109650005600284607B0BDE8F08F00234FF00208FF
:109660000DF104098DF806308DF8048001F0CEF874
:1096700001284FF0FF3088BF00208DF805004846D4
:1096800004F0C8FE054600284ED101239E4284F80E
:1096900055305FD02378002B97D0012B9BD194F8C5
:1096A000453043F0040384F84530FFF739FA01F000
:1096B00093F88046002895D00025FFF709FE28463C
:1096C00007B0BDE8F08F2823059304F019FF238D20
:1096D000952BAED9012E59D1374829233749C0E9F6
:1096E000028300F0DFFE01300128A2D940F21C7194
:1096F0003E20E7F72BFA83F00203C3F3400384F81C
:109700005630002BA5D0284B002201212846C3F853
:109710008020C3F88420196107B0BDE8F08F83F082
:109720000403C3F38003EAE740F6B2213E20E7F7E3
:109730000DFA2148282308F194018660C36000F0E7
:10974000ABFE013001287FF674AF40F20F713E206E
:10975000E7F7FCF994F826103846FFF749FA237822
:1097600084F80280012B06D10F4AD2F8003243F070
:109770000403C2F800320C4B29250D4AC3F884209B
:1097800088E740F6D4213E20E7F7E0F94FF4E461A2
:109790003E20E7F7DBF940F29D513E20E7F7D6F98E
:1097A0008813002168B3020100800041D34D62108C
:1097B0000A00008000C0004138000021FCB3020113
:1097C0002DE9F04F0D4689B006461746002840F0B7
:1097D000A58004238DF80E000DF10C088DF80C30D7
:1097E00001F014F801284FF0FF3088BF00208DF8F9
:1097F0000D00404604F00EFE002840F00281964C19
:109800004FF0010B3846DFF8549294F8261084F894
:1098100055B00191FFF7B4F901993846DFF840A23D
:1098200019F80130CAF8083501F07F03CAF8543539
:10983000434694F9252000F069FD9DF90C0000F0E5
:10984000CFFC0DF10D0000F03FFE002840F0FA8043
:10985000227884F802B0012A0ED009EB4709814929
:10986000B9F8A83003F5FA73A1FB0313A5EB931520
:1098700012B97D4BCAF880307C4B7B4AC3F8405507
:10988000C3F8C021A3F580431022C3F80423237832
:10989000002B72D194F8453043F0020384F8453030
:1098A000FFF73EF9714B0122DA64D3F84C2595425B
:1098B00040F29C80002E04934FF0000306958DF833
:1098C0000C30059308BF01238DF80D305ED1634E37
:1098D0004046644A06EB4707B7F8A83003F516730D
:1098E000A2FB03239B09079304F00AFE238D952B0B
:1098F00000F28C800DF10B0004F098FD002840F080
:109900009780A2789DF80B30012A6AD0022A57D09E
:1099100084F85600012009B0BDE8F08F00234FF015
:1099200002090DF10C088DF80C908DF80E3000F046
:109930006DFF01284FF0FF3088BF00208DF80D002B
:10994000404604F067FD00285BD10123424C9E4253
:1099500084F8553071D194F826103846FFF748F94D
:10996000237884F80290012B86D0293D002B83D1E7
:109970003B4B3D4AC3F884207EE7012B90D194F8FD
:10998000453043F0040384F8453089E728234046F6
:10999000079304F0B5FD238D952BABD9012E56D13D
:1099A000334805F129033349C0E9025300F07AFD39
:1099B000013001289ED940F21C713E20E7F7C6F81D
:1099C00083F00203C3F3400384F85630002BA1D088
:1099D000234B00220121C3F88020C3F884201961A1
:1099E00098E783F00403C3F38003EDE70024C3F892
:1099F0004045C3F8C041FFF76BFC204609B0BDE805
:109A0000F08F40F6B2213E20E7F7A0F8184805F1A4
:109A1000280306F19401C0E9025300F03DFD013036
:109A200001287FF667AF40F20F713E20E7F78EF80E
:109A300040F6D4213E20E7F789F840F2E9713E2054
:109A4000E7F784F840F29D513E20E7F77FF84FF4A6
:109A5000E4613E20E7F77AF88813002168B3020139
:109A600000800041D34D62100800008000C000411A
:109A700038000021FCB302011A4B70B593F839503D
:109A800035B304461646084644B1012C0FD00021D8
:109A900032462046FFF794FEF8B170BD012D93F8D1
:109AA00038105D6B0CD000F0B3FB4119F0E7012DCD
:109AB00093F838105D6B07D000F0D8FB4119E7E749
:109AC00000F0C4FB4119E3E700F0B0FB4119DFE708
:109AD00040F62A013E20E7F739F840F651013E20D2
:109AE000E7F734F888130021014BC3F83C057047B1
:109AF0000080004138B50446074804F09DFC28B9B1
:109B0000064D94E80F0085E80F0038BD40F6E601E9
:109B10003E20E7F71BF800BFF98A0101E41300219A
:109B200008B5164B164993F84520C1F8040542F0D4
:109B3000010C1864900783F845C010D5D1F80032A5
:109B400043F00103C1F80032D1F8503503F0F603B9
:109B5000022B06D140F2CC513E20E6F7F7FF530727
:109B600000D408BD074BC1F8883000F035FE00284E
:109B7000F7D040F2D4513E20E6F7E8FF88130021E9
:109B80000080004108000080114A536B834210B5E9
:109B900019D201240F4BD0615C64D3F844151476BC
:109BA0004A1D824206D3A3F58043D3F8042102B9AB
:109BB0001C6110BD0021084AC3F84411C3F84405D4
:109BC000C3F8C42110BD40F6F7013E20E6F7BEFF02
:109BD0008813002100C000410B00008010B50F4C1D
:109BE0000222034694F839C02276BCF1010F208D81
:109BF00094F8381094F824200BD000F067FBE06153
:109C0000636B0021064A0344C2F84411C2F844358C
:109C100010BD00F03BFBE061F2E700BF88130021BC
:109C200000C0004130B4094A40F00044084D01230F
:109C3000C5F8044103FA00F00C60D36B05490343F7
:109C4000C1F80405D36330BC704700BF88130021FE
:109C50000080004100F00041044BC3F86005D3F8D8
:109C6000002242F04002C3F8002270470080004109
:109C7000054B0021D3F8002222F04002C3F8002255
:109C8000C3F86015704700BF00800041044B0246D6
:109C90000120D3F8483503F07F035B42137070470F
:109CA0000080004170B5304E86B00446338DF170AF
:109CB000952B8CBF00220122327008BB01227270EA
:109CC000B278022A30D096F8242001AD27492848DE
:109CD00001EB4201B1F8BC2002F2E732A0FB021214
:109CE00003EB9212B4FA84F4012328460292640929
:109CF0008DF804308DF8054004F002FC06B070BD0C
:109D0000022201AD7270B17896F824200229DDD1CB
:109D10001649174801EB82010A6F02F2E732A0FBF5
:109D20000212A3EB9212DDE701AD084696F9252059
:109D30002B4696F8261000F0E9FA9DF9040000F091
:109D40004FFA0DF1050000F0BFFB40B9094AD2F807
:109D5000003243F48873C2F80032338DD3E740F207
:109D60009D513E20E6F7F2FE8813002168B3020100
:109D7000D34D621000800041024B0022C3F8402501
:109D8000704700BF00C00041044B30B4D3E9124516
:109D90001B6DC0E9004530BC0B6070478813002183
:109DA0009C4B01222DE9F0439B4C83B0DA64D3F83D
:109DB0004C6503F009FC238D0022A064952BC4E9B7
:109DC000132606D9A378012B00F0BF81022B00F0E7
:109DD0009781924B00229249C3F88020C3F88420D7
:109DE000C3F88820C3F88020C3F8842084F8452075
:109DF000D3F800221140227EC3F80012002A7AD143
:109E0000A378012B00F08280022B00F087800025D0
:109E1000824BD3F8103113B145F01005EDB27F4BF2
:109E200001A8D3F80421003A18BF01228DF80420BC
:109E30000022C3F80021C3F80C21C3F81021C3F895
:109E40000421C3F81421C3F81821C3F80821C3F86A
:109E50006C2104F07FFB10B145F01005EDB200223B
:109E60006C4BC3F8442105F01802102A00F00E8153
:109E7000684BD3F84875D3F844356763236394F887
:109E80003930022B00F01481A378022B00F01081EE
:109E900094F82410A278637884F8381084F8392074
:109EA000002B00F0158115F0110F40F04A81B3F13D
:109EB0000108207994F8009018BF4FF0010800289D
:109EC00000F00C815748FFF755F861690023B9F19C
:109ED000010F2380A370237104D13B368E4237D803
:109EE00084F80090E2784046FFF76AFC002800F012
:109EF0005981002030E003F58043D3F84421A37852
:109F0000003A18BF0122012B7FF47EAF434BD3F8F8
:109F10000C51002D3FF47CAF082580E73F49D1F874
:109F20000C01D1F80014002806BF002304250625E3
:109F300011F0010F18BF1D4632B105F00B0345F0BB
:109F4000010543F00103EDB2002B7FF468AF5FE73A
:109F5000324B4846C3F8109094F85430A3B12F4BBD
:109F60000022C3F8AC2184F85420D3F8142522F43D
:109F70007022C3F81425226A22F00302C3F80029D4
:109F80002262294AC3F81029EF0772D4AE0751D4D0
:109F900015F0280F40F0AD8015F010056ED0A36EBF
:109FA0009847A378022B13D1237E8BB1022B00F0AC
:109FB000B280012B40F0F180E369626B934240F282
:109FC000E780144AC2F84435124B184AC3F8C4213A
:109FD00004F038FA80F00100C0B2C0B1BDB1002376
:109FE0000E4A0193019B01330193019B013300F061
:109FF000CA80D2F8503503F0F703042BF2D00020CA
:10A000000B4B4FF48071C2F81001C3F8801103B0FC
:10A01000BDE8F08300C000418813002100800041AA
:10A02000E2FEFFFF90130021803202000B0000804F
:10A0300000E100E0604BD3F85034D90172D513F041
:10A04000F00F0CBF0122002213F4706F08BF42F022
:10A0500001020AB91A0765D1574AD2F85414C3F35A
:10A060004252C3F30443022A98BF012B5AD101295B
:10A0700058D0E36D984715F0100590D1A378022BC6
:10A0800092D003B0BDE8F04304F0DCB9A278012A15
:10A090007FF4EEAED3F8487545F02005D3F844358B
:10A0A000EDB26763236394F83930022B7FF4F0AE8E
:10A0B00094F82410042902D008297FF4EBAE3E4B1B
:10A0C000D3F8143413F0060F0CBF08210421E1E685
:10A0D00018462380A370237123763DE7208D002A44
:10A0E00065D0012B3CD1012A45D000F091F8C1196F
:10A0F000ECE685F02001636EC1F3401198474BE711
:10A1000000F0DCF9013001287FF663AE40F67D01F6
:10A110003E20E6F71BFD636BE169284A0B44C2F859
:10A12000443551E7226C94F8443052789A421DD855
:10A1300085F00403C3F380030146226E184690475E
:10A140002AE7FFF7C5F8002006E700F0B1F9013073
:10A1500001287FF63EAE40F677013E20E6F7F6FC9A
:10A16000012A0CD000F082F8C119AFE645F00405D1
:10A170000023EDB2E0E700F069F8C119A6E600F0AF
:10A1800055F8C119A2E640F675413E20E6F7DEFC1F
:10A1900040F657413E20E6F7D9FC40F656413E20B6
:10A1A000E6F7D4FC40F69A213E20E6F7CFFC40F6D5
:10A1B0002A013E20E6F7CAFC0080004100C00041B1
:10A1C000024B03EB8003986A704700BF68B302013B
:10A1D000024B03EB8003186F704700BF68B30201A6
:10A1E0000028094B08DD01220338C3F80025C0B25E
:10A1F000064BC3F80C0570470022C0B2C3F8002517
:10A20000024BC3F80C05704700400041008000413C
:10A2100010B504460846FFF7DBFF034BA3FB0030F5
:10A22000A4EB901010BD00BFD34D6210054B023857
:10A23000054A33F8113003F2E733A2FB032300EBA6
:10A24000931070475CB40201D34D6210054B064A6F
:10A2500033F8113003F57A73A2FB032300EB93105C
:10A26000704700BF5CB40201D34D621010B50446C4
:10A270000846FFF7ADFF044B00F2E730023CA3FBBA
:10A280000030A4EB901010BDD34D621070B50D4E90
:10A2900084461D46104636F8111006EB8206053539
:10A2A00074690C444FF47A7104F6B73401FB0C4422
:10A2B0000549A1FB0434FFF783FFA4092C44204483
:10A2C00070BD00BF5CB40201D34D621070B506468C
:10A2D00008461546FFF77CFF0A4B4FF47A71024699
:10A2E000284603EB85035C69074B04F6B73401FB92
:10A2F0000644A41AA3FB0434FFF762FF0530A40947
:10A30000204470BD5CB40201D34D62102DE9F04FC2
:10A310002B4C83B007461E460D46904600F0F0F8E1
:10A3200023788146BB4202D16378AB422DD07B1E9D
:10A33000072B3CD8DFE803F027393B373B3B3B0496
:10A3400002200DF107034246294600F0DFF882465D
:10A3500090BB9DF907B02846FEF7E6FC534602463F
:10A360003146584600F0C2F83288164BA280B278C7
:10A370002770657084F8028084F80390E0719A7009
:10A3800003B0BDE8F08F0020DBE794F902304345CD
:10A39000CDD1E3788342CAD1A288A37994F907008A
:10A3A0003280B370ECE70320CBE70120C9E740F22D
:10A3B000F9310620E6F7CAFB3D217520E6F7C6FB1A
:10A3C0004C0000215000002138B5044600250D70D6
:10A3D000C16D21B1024B186805F022F8E56538BD62
:10A3E000FC130021FB2908B504D940F27C4126204A
:10A3F000E6F7ACFB014B1860998008BDFC13002107
:10A4000070B504460025074EE36A53B1E16AF0686F
:10A410000B68E3620D704D708D70CD7005F000F823
:10A42000F2E770BD30140021014BD86019747047F9
:10A430003014002180B582B000AF78600B467B807D
:10A440000F4B1B68002B16D10E4A7B6813600D4B17
:10A450001B68184604F0D7FF0346094A1360084BEF
:10A460001B68002B03D123218420E6F76FFB064AEB
:10A470007B88138000E000BF0837BD4680BD00BF69
:10A48000601400215814002164140021014B1B6842
:10A490001B681847C4040021014B1B689B681847C0
:10A4A000C4040021014B1B68DB681847C404002169
:10A4B000014B1B681B691847C4040021014B1B6832
:10A4C0005B691847C4040021014B1B685B6A18478D
:10A4D000C4040021014B1B689B6A1847C404002177
:10A4E000014B1B68DB6A1847C404002110B4034CFD
:10A4F00024686468A44610BC604700BFC4040021FF
:10A50000014B187D704700BF78140021042810B556
:10A5100011D883B104280CBF10242824A1420AD2E8
:10A52000064C54F8200018B141568A42A8BF0A468A
:10A5300000201A7010BD6FF01500FBE778140021A1
:10A540000228034610DC10F1270F0FDB2830084AE1
:10A5500040B2105C024492F92C209A4207D00029A4
:10A5600018BF0130C0B270470F20704700207047FD
:10A570007CB60201022808B506DCFFF7E1FF034BB9
:10A58000034493F92C0008BD0320FCE77CB60201CC
:10A59000014B1879704700BF94140021044B1A79BD
:10A5A000824283BF1B68302202FB003000207047CC
:10A5B0009414002143F60952C0F30803400A02FB39
:10A5C00003F302FB00F003F5807300EB53207047A8
:10A5D0000346C0F30800C3F34E221B0E43EA0123D7
:10A5E000090E10B54FEA411C43F609544FEA431EC9
:10A5F0004CEAD36C04FB00F0BEEB030E04FB02F24A
:10A6000000F580706CEB010402EB50204FEA841CD3
:10A610004FEA8E124CEA9E6CB2EB0E026CEB040C0D
:10A620004FEACC0C4CEA527CD200D31841EB0C011F
:10A63000DA03C903801841EA534141F1000110BD1A
:10A6400048F2376C430B0CFB03F300B54FEA134C95
:10A6500043F6095E0F4B0EFB1C0000FB03F35B0D82
:10A660000EFB03FE03EB4C2343F6085CF444B0EB13
:10A670005C2F08D80EF5807E0B60A0EB5E20C0B288
:10A6800010705DF804FB013300200B6010705DF862
:10A6900004FB00BF6F0C010070B5274DA94246D8DE
:10A6A0004FEA507C254C43F6095E43F608564CEAC7
:10A6B000C10CC0F34F3101EB0C41A4FB0C5C204DED
:10A6C0004FEA9C3C05FB1C11A4FB01411D4C890B6E
:10A6D00041EA0C4148F2376C04FB1104600B0CFB9F
:10A6E00000F04FEA104C18480EFB1C4505FB00F02B
:10A6F000400D0EFB00FE00EB4C207644B5EB562FD0
:10A7000011D80EF5807EA5EB5E2E5FFA8EFE049DBD
:10A7100085F800E00D06090A281841F100011860CB
:10A720005960146070BD01304FF0000EEFE79621C4
:10A730009B2003F001FB00BFFF7F841E83DE1B43D1
:10A74000000024F40080841E6F0C010048F2376181
:10A75000420B43F6095C094B01FB02F2120C0CFBA5
:10A760001201500201FB0333013B5B0D0CFB03FCA8
:10A77000B1EB5C2F88BF0130184470476F0C0100AB
:10A780001F2809D84FEA401C044B43F80C1003EB78
:10A79000401301205A60704700207047A014002128
:10A7A00000F03ABD38B5044632B90120094B00FA31
:10A7B00004F4C3F8084538BD00200D4600F008FE3B
:10A7C000012344F000420349A34002602A60C1F81B
:10A7D000043538BD00F0004108B5002000F0F8FD58
:10A7E0000068003818BF012008BD00BF08B5064B3F
:10A7F00093F80024202A02D083F8300408BD3F21BA
:10A80000022003F099FA00BFA014002108B5064BFE
:10A8100093F80024202A02D093F8280408BD45218B
:10A82000022003F089FA00BFA0140021084A92F820
:10A830000034202B06D05801042102EB4313125898
:10A84000586810475021022010B503F075FA00BF78
:10A85000A014002108B501B3F0B14FF0FF331A4640
:10A86000E0FB01320E498A4203D971216D2003F0C9
:10A8700063FA180D4FF22441C3F30F1340EA02307C
:10A88000B0FBF1F203EB0040064B03FB1200B0FB00
:10A89000F1F040EA0240013008BD0846FCE700BF85
:10A8A0003F420F00000024F4014B9888704700BF1E
:10A8B000DC180021014B5888704700BFDC180021CC
:10A8C00010B5EFF3108472B6064A93790133DBB208
:10A8D00093719379012B01D100F0DCF904B962B6D0
:10A8E00010BD00BFDC18002170B50B4C26785EB996
:10A8F0000125A0602570FFF7E3FF00F0E5F928B916
:10A90000064B2573C3F80453002070BDA368002BC9
:10A91000FAD09847A660F7E7DC1800210050004104
:10A9200008B5FFF7CDFF00F0CFF9084A084B30B16A
:10A930000121116104225A7300229A7308BD032178
:10A9400059730121C2F80413F6E700BF005000411B
:10A95000DC18002110B5EFF3108472B60A4B9A7917
:10A9600022B94FF496716D2003F0E6F99A79013A15
:10A97000D2B29A719A791AB9DB7B0BB900F090F9CF
:10A9800004B962B610BD00BFDC18002108B5054B44
:10A990001A7822B100221A731A70FFF7DBFF002029
:10A9A00008BD00BFDC180021024B587B003818BFDF
:10A9B00001207047DC18002137B5184C237F63B99C
:10A9C000206A00F0030000F0A7F930B1EFF3108324
:10A9D00072B6627B1AB103B962B603B030BD012210
:10A9E000627303B962B680230D4DC5F808334FF486
:10A9F0002073ADF80630BDF806309BB25A1E92B2F5
:10AA0000ADF80620002BF6D1C5F81C3184F82430AF
:10AA1000FFF786FF8023C5F80433DEE7DC1800214A
:10AA200000500041F8B5264C94F82530002B45D055
:10AA3000244BD3F80071D3F8046157B10122C3F855
:10AA40000823237B2BB10025A36825730BB19847FE
:10AA5000A5601C4D3EB10023C5F804310223C5F8A2
:10AA60000833FFF7A9FFD5F81C3194F82460F6B23B
:10AA700037B1627B032A01BF0422627301222A617B
:10AA80007BB1104B0022C3F81C21637B042B04D044
:10AA900040F2D7116D2003F04FF902236373FFF7E3
:10AAA00059FF5EB1002384F82430637B022B01D16F
:10AAB000FFF736FFBDE8F840FFF74CBFF8BD00BF19
:10AAC000DC1800210050004110B5044C206A00F051
:10AAD000030000F021F90028F8D010BDDC18002197
:10AAE000F8B5054650B10278022A07D8437842B932
:10AAF000013B1F2B02D88378212B07D96FF015005B
:10AB000067E0002BFAD18378002BF7D15D4B202230
:10AB1000C3F88020BFF34F8FBFF36F8F5A4EC3F837
:10AB200080214FF0FF33594CC6F808330023C6F894
:10AB30000031C6F80431C6F81C31A371AB88A3807C
:10AB400000F0D2F810B101232370A371D6F80C24C1
:10AB5000D6F80C34D70303D5DE0701D500F0AEF8E4
:10AB600040F2F553AA786380012322740022236205
:10AB70002B78A273012B23772CD0022B2DD0002B06
:10AB800038D100F0B9F800283ED000F0BDF8236AB3
:10AB900003F00303984237D1AB7983BBFFF794FFEF
:10ABA000237C63B12B7853B900F08EF8054603F08F
:10ABB00071F96FF00043002D61D0C4E90503012352
:10ABC0002022002084F825302E4B6073C3F88021AA
:10ABD0001A60F8BD02232362D3E7FFF771FE2A4B08
:10ABE000D3F80C14D3F80C24C803F9D5D107F7D542
:10ABF0000323F0E740F216316D2003F09DF8224B5D
:10AC00000222C3F80423CBE71F4B01220021DA60A4
:10AC1000C3F8041194F82010C3F818159A600222A2
:10AC2000C3F80423AA79002ABAD1D3F804239207DF
:10AC300002D440F2CD21DFE7154A1769116907F008
:10AC4000100741F010011161D3F804310BB906F07F
:10AC500003FD0D4ED6F8043173B1FFF735FF27B968
:10AC60000B4A136923F0100313610223C6F808335B
:10AC70000023C6F8043193E706F0EDFCEAE7C4E9E7
:10AC800005309CE700E100E000500041DC180021A5
:10AC900000ED00E0014B01221A60704700500041B6
:10ACA000044A012353600023C2F80031024A1370A2
:10ACB000704700BF0050004103190021014B0122E1
:10ACC0001A70704703190021054BD3F8003123B9DE
:10ACD000044B187800F0010070470120FAE700BF2C
:10ACE0000050004103190021024BD3F8080400F082
:10ACF0000100704700500041024BD3F8140400F0EB
:10AD00000100704700500041024BD3F81C0400F0D2
:10AD1000030070470050004107490246D1F818046B
:10AD2000D1F8181410F4803005D0D0B201F003032C
:10AD30001B1A5842584170470050004130B44149F5
:10AD40004FF0FF344FF0FF350023FF223E480B70D9
:10AD50000B618A70C1E902454FF48054C0F880400D
:10AD6000BFF34F8FBFF36F8F384A4FF0FF35C0F8F6
:10AD7000804101240B755460C2F80853C2F8403575
:10AD8000C2F84031C2F84435C2F84431C2F84835FF
:10AD9000C2F848314FF40033C0F88030BFF34F8F12
:10ADA000BFF36F8F02F5A042C0F880315460946009
:10ADB000D2F80435002BFBD1254C8869224DC2F80E
:10ADC0000843C2F84843C2F84031C2F84431C2F8DF
:10ADD00004314FF400332B6088B34FF000431B491C
:10ADE00001241C4DC1F8C031C0F88030C2F8803059
:10ADF0000523C5F80445C1F840350C60D1F8403151
:10AE0000002BFBD00122134C0023C4F8082504F5C5
:10AE100000544A60CA60C1F84031C1F84035C1F8F9
:10AE2000C031C0F88030C4F880300B4B4FF48271D1
:10AE30000222C3F84413C3F8042330BC7047012333
:10AE40001360F2E70819002100E100E000C00041B2
:10AE50000200030000F0004100100141604AF8B513
:10AE60001678012E7FD05F4B0624C3F80845002ECC
:10AE700040F0838003F500534FF440344FF48037A3
:10AE8000594DC3F84843C3F80843C3F84061C3F8B9
:10AE90000873C3F84873C3F8406120F07F46D3F8C5
:10AEA0000445341B254025B124F07F44B4F5000F40
:10AEB00004D940F20E316C2002F03EFFC3F8406529
:10AEC000C3F8447301270024484D4FF48056D761DE
:10AED0009470C5F88060BFF34F8FBFF36F8F444B02
:10AEE0004FF0FF3CC5F8806114755F60C3F808C37C
:10AEF000C3F84045C3F84041C3F84445C3F8444152
:10AF0000C3F84845C3F84841D3F8044524F0030486
:10AF1000C3F80445D3F8084524F0030444F00204C0
:10AF2000C3F80845102494FAA4F4B4FA84F4092C64
:10AF300051DCC3F81045906040F20140DF60D469F5
:10AF4000D160C3F800422B492B4CC5F880612E60BC
:10AF5000C4F8C011A4F50054C3F880100423C4F849
:10AF600004351080F8BDD2E902438B4208BF844209
:10AF7000F8D01C4B0624C3F808451F4C4FF400338F
:10AF80004FF4803720F07F4CC4F84833C4F80833BE
:10AF90000023C4F80873C4F84873C4F84031D4F8E7
:10AFA0000435114DACEB03032B4282D023F07F43D9
:10AFB000B3F5000F3FF67DAFC4F840C5C4F8447345
:10AFC000002E3FF47FAF9668D4F80435F31A2B4275
:10AFD0007FF478AFF8E740F29131084802F0A2FE22
:10AFE0000819002100F00041FEFFFF0000E100E031
:10AFF00000C000410200008000100141F0B90201D0
:10B00000F8B52E4C94F800C0BCF1020FD4E90253FD
:10B0100044D08B4208BF85424AD0237D002B42D0CA
:10B02000274B0626274A4FF48037C3F808650023CC
:10B03000C2F8087320F07F4EC2F84873C2F840315E
:10B04000D2F80435AEEB030323F07F46B6F5000FCC
:10B0500002D81D4E334204D14FF44B716C2002F0E4
:10B060006BFEC2F840E5C2F84473BCF1000F04D097
:10B07000D2F80435EB1A3342FAD0A06040F2024213
:10B08000124B104D1248E160C5F8C0310C49C0F8B0
:10B090008C300223C1F804352280F8BD8B4208BFF2
:10B0A0008542BAD1F8BD4FF448716C2002F044FEDD
:10B0B0004FF447716C2002F03FFE00BF08190021D9
:10B0C00000F0004100100141FEFFFF000100008080
:10B0D00000C00041F8B5434C434A237863B94FF4AC
:10B0E0004031C2F84813C2F80813C2F8403140F2A8
:10B0F00037316C2002F020FE4FF40031022BC2F8F1
:10B100004813C2F80813F2D1EFF3108572B6D2F8E3
:10B110000405D2F804315BB10021236901332361B6
:10B12000C2F80411D2F80405D2F80431002BF4D18E
:10B130002269002D38D04FF0807503230021E2FBF7
:10B1400005311818D4E9025741F100018F4208BFB8
:10B15000854213D0244B254ED3F804252B46AA1A3A
:10B16000164066B122F07F42B2F5000F07D8FFF714
:10B1700075FEE3691E4AC2F80032F8BD03461A495B
:10B180001C4AD1F804051B1A1A4022B123F07F4350
:10B19000B3F5000F0AD9012200211346E261144AD7
:10B1A000A170C2F80032F8BD62B6C4E712480222AC
:10B1B000A5600123E7600026C0F808250F4D0C4A62
:10B1C000E361A6705360D360C1F8C0510421C2F896
:10B1D000805040F20142C0F804152280044AC2F8AF
:10B1E0000032F8BD0819002100100141FCFFFF00EA
:10B1F00000C00041FEFFFF0000F00041020000809F
:10B20000014BD3E90201704708190021014BD3F823
:10B21000040570470010014138B5EFF3108572B690
:10B220000E4A0F49D2F80405D2F804315BB100246C
:10B230000B6901330B61C2F80441D2F80405D2F85E
:10B240000431002BF4D10C6905B962B6FFF7B2F9ED
:10B25000044B0021E4FB030138BD00BF0010014195
:10B26000081900210080841E30B4EFF3108572B6F7
:10B270000E4A0F49D2F80405D2F804315BB100241C
:10B280000B6901330B61C2F80441D2F80405D2F80E
:10B290000431002BF4D10B6905B962B600214FF0DF
:10B2A000807230BCE3FB0201704700BF0010014117
:10B2B00008190021032822F07F4270B525D83E4BA3
:10B2C000D3E90241B1F1FF3F08BFB4F1FF3F4DD0D8
:10B2D0001978022958D0394D81000123103003FA22
:10B2E00000F601F140002944C5F808634351D1F844
:10B2F0004045A2EB040C2CF07F4CBCF1020F3DD872
:10B3000000231846C1F8403570BD031FDDB2012D82
:10B3100047D8294B197811B15B78834246D04FF456
:10B320008034A900264B0020AC4001F5A071C3F881
:10B330000843C3F84843C850D3F804052149101AFC
:10B34000014020F07F40B0F5000F8CBF00200120AD
:10B35000002908BF00200028D6D005F5A87543F8BD
:10B360002520C3F80443C3F8444370BD197D002968
:10B37000AED140F27E316C2002F0DEFCC1F84025F7
:10B380001846C5F8046370BD5C780F49231F032C71
:10B39000DBB24FEA830319449DD90B68002BFCD024
:10B3A00099E740F2A1316C2002F0C6FC40F29D31D9
:10B3B0006C2002F0C1FC00BF0819002100C0004150
:10B3C00000100141FEFFFF004011014100207047C5
:10B3D00008B90448704740F2AF316C2008B502F05C
:10B3E000ABFC00BF40C10041032838B510D800F1C4
:10B3F000100482000121324B00F5A87002F5A07202
:10B40000A1400024C3F8081343F82040D45038BDAD
:10B41000031FDBB2012B4DD82A4A1178C1B94FF472
:10B420008031294A03F5A8709940C2F80813C2F880
:10B43000481352F82000D2F804452449001B01406B
:10B440000029E4D09B00002103F5A073995038BD7A
:10B4500054788442E3D11E4806240129C0F80845E7
:10B4600008D000244FF0FF304FF0FF311470C2E9D4
:10B470000201D4E717484FF48054C0F88040BFF36E
:10B480004F8FBFF36F8F4FF0FF35C0F880410C48EE
:10B49000002441601475C0F80853C0F84045C0F856
:10B4A0004041C0F84445C0F84441C0F84845C0F8A0
:10B4B0004841D6E740F2F5316C2002F03DFC00BF78
:10B4C00000C000410819002100100141FEFFFF00EB
:10B4D00000F0004100E100E0124B1A78124BC2B1BB
:10B4E0004FF40032C3F84823C3F808230F4B00225F
:10B4F0004FF0FF31C3F80813C3F84025C3F84021CB
:10B50000C3F84425C3F84421C3F84825C3F84821AB
:10B5100070474FF44031C3F84813C3F80813C3F819
:10B520004021E3E7081900210010014100C000415B
:10B5300008B5294BD3F80423D10302D5D3F8402111
:10B540008ABB254BD3F80423920302D5D3F84421B8
:10B5500082B9214BD3F8042132B1204A0021C3F82B
:10B5600004111369013313611D4B4FF40032C3F80A
:10B57000802108BD00221B49C3F84421D3F844258B
:10B58000D3F80435D31A194021B123F07F43B3F522
:10B59000000FDED9104B4FF400320520C3F808230A
:10B5A00001F05CFED5E700220E49C3F84021D3F834
:10B5B0004025D3F80435D31A194021B123F07F4335
:10B5C000B3F5000FBDD9044B4FF480320420C3F80B
:10B5D000082301F043FEB4E70010014108190021DF
:10B5E00000E100E0FEFFFF0010B5444CA378FF2B04
:10B5F0002DD023784BB1012B73D0237D002B77D036
:10B60000022360782370FFF7EFFE3D4BD3F804234D
:10B61000120303D5D3F84C31002B64D1384BD3F847
:10B620000423500302D5D3F84821AAB9344BD3F8E8
:10B630000423910302D5D3F8442122BB304BD3F825
:10B640000423D20302D5D3F840219ABB10BD0620B3
:10B65000BDE8104001F002BE00224FF480202949CD
:10B66000C3F808030220C3F84825C3F848214FF463
:10B670008053C1F8803101F0F1FD214BD3F8042350
:10B680009103DBD5D7E700224FF400301D49C3F802
:10B6900008030120C3F84425C3F844214FF4805324
:10B6A000C1F8803101F0DAFD154BD3F80423D20341
:10B6B000CCD5C8E74FF480310020124AC3F80813F4
:10B6C0004FF48051C3F84005C3F84001E061C2F86F
:10B6D0008011FF22A270C3F80002BDE8104001F003
:10B6E000BDBD23758CE740F23E416C2002F024FB87
:10B6F00040F252416C2002F01FFB00BF08190021EC
:10B7000000C0004100E100E02DE9F04F8F4F83B011
:10B710007C7E04EB44033B445E78202E45D08C4B6A
:10B72000E5B26400002B00F087808A4BDFF8289296
:10B73000002B5FD006EB45124FEA451807EB420A93
:10B740009AF82030013BDBB2052B31D8834A12F83E
:10B7500003B0BBF1090F2BD0AFF30080EFF31083E0
:10B7600072B62C449AF821203C446270A278B2420E
:10B7700000F0E48013B9AFF3008062B6B044730107
:10B78000012209EB461607EB480859F803307068A8
:10B79000594688F8202098477C7E04EB4403E5B2A4
:10B7A0003B4464005E78202EC4D103B0BDE8F08F26
:10B7B00040F2C661702002F0BFFA4FF02002A27082
:10B7C000002B00F0B980B0447301012209EB46164A
:10B7D00007EB480859F803307068594688F820206C
:10B7E00098477C7E04EB4403E5B23B4464005E78FA
:10B7F000202EDAD006EB45124FEA451807EB420A35
:10B800009AF82030013BDBB2052BD1D8534A12F80D
:10B8100003B0BBF1090FCBD0AFF30080EFF310837F
:10B8200072B62C449AF821203C446270A278964269
:10B83000C3D0002BC7D17FE0464B4FF02009DFF883
:10B840001CB1DFF814A1002B4DD006EB45124FEAD6
:10B85000451807EB420292F82030013BDBB2052B82
:10B86000A6D81BF803100929A2D0EFF3108372B6F3
:10B870002C4492F821203C446270A278964208BF82
:10B8800084F80290002B50D0B044730101220AEBDF
:10B89000461607EB48085AF80330706888F82020ED
:10B8A00098477C7E04EB4403E5B23B4464005E7839
:10B8B000202ECAD179E762B6B044730101220AEBA7
:10B8C000461607EB48085AF80330706888F82020BD
:10B8D00098477C7E04EB4403E5B23B4464005E7809
:10B8E000202E3FF462AF06EB45124FEA451807EBF6
:10B8F000420292F82030013BDBB2052B3FF658AFF5
:10B900001BF8031009293FF453AFEFF3108372B60D
:10B910002C4492F821203C446270A278964208BFE1
:10B9200084F80290002BC7D1C5E70191AFF30080E6
:10B9300062B6B0440199A8E762B644E74FF020022E
:10B94000A270002B7FF41AAF15E700BF2819002161
:10B950000000000000000000A0140021B8B60201A1
:10B960002DE9F04FDFF828B1994601EB41034FF084
:10B97000200E83B01BF8034082F800E0744500F00D
:10B9800083808A4690460546424F07EB4412D5F81D
:10B9900000C0660190681369D1681B1841F100016D
:10B9A0009C456B688B411CD3EB89002B53D0D38A09
:10B9B000002B50D1ACEB00030193FEF77BFF40F26C
:10B9C00056339842019B59D040F2F552904251D0E3
:10B9D000B0F5C67F14BF01220E2293423BDA98F8DD
:10B9E00000E089F800E0B81995E80E00D0F808806A
:10B9F0005B1842F100029845C36893411AD3C38A89
:10BA0000A3B1EB8993B9A8EB0108FEF753FF40F20D
:10BA10005633984230D040F2F553984228D0B0F5D2
:10BA2000C67F14BF01230E23984503DB012003B01A
:10BA3000BDE8F08F3E4489F800402B7C327E9A426C
:10BA40001ED904EB4A140BEB440494F82140202C3B
:10BA5000ECD06601C7E704EB4A1388F80040A6461D
:10BA60000BEB430393F82130202B0DD01C468CE7C1
:10BA70003323D9E73322B0E71D23D5E71D22ACE7F6
:10BA8000002003B0BDE8F08F012089F80040CEE728
:10BA900028190021A01400212DE9F04F0C4615466D
:10BAA00085B01E469DF83870FEF750FE2268451995
:10BAB000636846F10006954276EB030351D3DFF845
:10BAC000BC8040F2563905E05D4576EB0A0348D369
:10BAD000C4E900BA0DF10F030DF10E0239462046FC
:10BAE000FFF73EFF00283DD19DF80F3008EB4313D0
:10BAF000D3E902201969DB8A11EB020B40F1000A3D
:10BB0000002BE1D1E389002BDED00191FEF7D2FEBC
:10BB1000484501992BD040F2F553984225D0B0F515
:10BB2000C67F14BF01230E239942CDDAFEF7C2FE71
:10BB3000484520D040F2F55398421AD0B0F5C67F60
:10BB400014BF01220E229DF80F3008EB43139968B1
:10BB5000DB6812EB010B43F1000A5D4576EB0A034B
:10BB6000B6D2002005B0BDE8F08F3323DCE71D23FB
:10BB7000DAE73322E7E71D22E5E700BFA014002142
:10BB80002DE9F04F15461C4692F80BC00023AF7A02
:10BB900087B01289064695F800809DF84090E360D2
:10BBA000236184F80DC027740F46A3606361E281AE
:10BBB00084F81180C4E90033B8F1000F48D1FEF7D2
:10BBC00007FD574BD5E904C2C31841F1000E9C454F
:10BBD00072EB0E030AD3013E4FF47A7347F1FF373D
:10BBE0002660C4E9017307B0BDE8F08F2C3041F145
:10BBF0000001844572EB0103EDD328890021013057
:10BC0000844572EB01037ED3BCEB000062EB0101C3
:10BC100004F10C0303AA009304ABFEF73DFD039B64
:10BC20006868E97A02332A89002903440CBF7A2024
:10BC3000552013441844FEF789FDDDE90432C01A8B
:10BC400020F07F40C4E90032A06007B0BDE8F08F6B
:10BC5000344803A9801A04F10C02FEF7F1FCB4F891
:10BC60000EB00DF10B0204A95846FEF7E9FC2E4B6D
:10BC70001B78202B2AD02D490B69D1E905210733E8
:10BC800042F1000A13EB01084AF1000A6B68227BBB
:10BC9000981CEB7A002BE389134403440CBF7A20F1
:10BCA0005520C4E9008A1844FEF750FDCDF80090F5
:10BCB0003246A0603B4628692146FFF7EDFE00288A
:10BCC00091D1C4E9006707B0BDE8F08F16F10B0809
:10BCD00047F1000ABBF1000FD8D0FEF7F5FF0028AE
:10BCE000D4D1FEF7E7FD40F2563398420ED040F231
:10BCF000F55398420FD0B0F5C67FC7D116F118089A
:10BD000047F1000AC2E74046414681E716F127089D
:10BD100047F1000ABAE716F13D0847F1000AB5E716
:10BD20000040420FFF7F841EA0180021A8180021A8
:10BD30002DE9F04F1C4697B0DFF8E892039200908F
:10BD40000291FFF75DFA6201D9F8A03005460E4670
:10BD50000832B54901200DF1380E01EB441C186082
:10BD600053180CF1080C54581F7BB3F80EA006971B
:10BD7000D3E901B30493BCE80F00AEE80F009CE8E0
:10BD800003008EE8030024F07F40FEF713FC0AF165
:10BD90000103A64A3B449042034400F2408293428E
:10BDA00000F30D81002BC0F206810593FEF78CFF96
:10BDB0000746BAF1000F40F0CF80FEF77BFD40F25E
:10BDC0005633984200F0088140F2F553984200F053
:10BDD0000081B0F5C67F00F0F580002301930021BB
:10BDE00003200A460791B6F1FF3F08BFB5F1FF3FB8
:10BDF0001ED0A54276EB0B03C0F0CE80B5EB040C51
:10BE000066EB0B03BCF5000F73F1000380F01182A9
:10BE1000A4EB050CBCF1000F2B4609DD002A00F055
:10BE2000DE8099F8180000280CBF0846002000E0CA
:10BE3000009B14F1FF38A8EB030C4BF1FF31434694
:10BE40008445C0F28480002F6DD00993009B00913F
:10BE5000B8EB0302029B089261EB0307FEF72AFD91
:10BE600040F2563C00996045DDE9082300F0D78098
:10BE700040F2F55C604500F0C080B0F5C67F14BFAD
:10BE80000B201820824277F1000280F0BC80039AD8
:10BE9000012A00F0A68005EA0602079FB2F1FF3FE3
:10BEA00008BF47F00107002F00F0C880404602930A
:10BEB00000910027FEF7D2FF0099029BB1F1FF3FEE
:10BEC00008BFB8F1FF3F00F0AF8123F07F40049B33
:10BED000221A1D1922F07F422D1A013A25F07F45C2
:10BEE000B5F5000F98BFB2F5000F34BF012500254E
:10BEF0002DD20091FEF75EFB059A4D4B161A009964
:10BF00009E42C0F0B380801A9842C0F02181474B16
:10BF10009E4200F2A780984240F29081454B1B1A46
:10BF20001E460093A3E0D9E90420B0F1FF3F08BF0B
:10BF3000B2F1FF3F89D0A21A019F6BEB0000BA4219
:10BF400070F1000281D2BAF1000F3FF47EAF0025FC
:10BF5000284617B0BDE8F08FD9E904310B40013312
:10BF60007FF42BAF00287FF428AFFEF7A3FC40F24C
:10BF70005633984200F0358140F2F553984200F074
:10BF80002981B0F5C67F00F01E81012303203946C8
:10BF900001971A46079326E7B4EB050C6BEB0603F3
:10BFA000BCF5000F73F10003FFF434AF40F2897168
:10BFB000702001F0C1FE204A13440593F6E61D4AA5
:10BFC0001344F2E600210D2303200A460193079152
:10BFD00009E73223019302E71C230193FFE6084699
:10BFE00027E7B6F1FF3F08BFB5F1FF3F00F0308112
:10BFF0002B4631460027A84667E73D20824277F16D
:10C000000002FFF444AFBAF10007404602930091EA
:10C0100018BF0127FEF722FF029B00994EE7272059
:10C0200030E700BF28190021A0140021FF7F841EE3
:10C030000040420F00807BE10080841EB5EB080CBD
:10C0400066EB0102BCF1050F72F1000080F2B380D3
:10C05000BCF1010F72F10003BFF679AF2B463146F8
:10C06000A84632E706F1F45606F5902600967D4B79
:10C0700093F8283023B90AF11E03009A93426EDA2E
:10C08000039B012B04D001200291FFF7ADF9029927
:10C090000291BAF1000F50D0A6EB0A020023012052
:10C0A000FFF708F9029900284DD00023324602918B
:10C0B0001846FFF7FFF80299002844D0002F40F0FF
:10C0C0009780D9E90423B3F1FF3F08BFB2F1FF3FE6
:10C0D00000F09E8099F81830002B40F092800AF111
:10C0E0001902009B9A4280F2B880B21A0026022000
:10C0F0003346FFF7DFF810B1D9F8A0301E60049B7B
:10C100004FF0FF320AAEADF846A01093069B8DF8B3
:10C11000443000238DF850300A934FF0FF33CDE9BF
:10C120000E4BCDE90C234F4C0FCE0FC40FCE0FC4D6
:10C1300096E80F0084E80F000AE73246534650465F
:10C14000FFF7B8F880B901200025FFF74DF9FFE6A9
:10C15000444B464293F828300096002B90D14FF480
:10C16000FD61702001F0E8FDD9E904230299B3F1E3
:10C17000FF3F08BFB2F1FF3F09D00291FEF7EAFB93
:10C180004FF0FF324FF0FF330299C9E90423002F2B
:10C19000A0D0019B0520B8EB030261F10003FFF77B
:10C1A00089F800284FD099F81830002B97D1012337
:10C1B00089F8183093E7404602930091FEF74EFE4F
:10C1C0000099029B7AE601230D2110201A4607935D
:10C1D000019108E60123322135201A460793019187
:10C1E00001E601231C211F201A4607930191FAE55D
:10C1F000D9E90423B3F1FF3F08BFB2F1FF3FC8D034
:10C20000BBE70520FFF7F0F8002389F8183066E750
:10C21000FEF756FBFFF728F8C9E904015AE740F298
:10C220003D41702001F088FD40F2D471702001F092
:10C2300083FD40F28D71702001F07EFD40F6B20169
:10C24000702001F079FD40F22921702001F074FD89
:10C2500040F2FB61702001F06FFD4FF4016170202E
:10C2600001F06AFDA81800212DE9F8433A4B064673
:10C270003A4D4FEA400893F8282000EB4003002A8B
:10C28000EC5C14BF00270227FEF7C0FF2021DFF877
:10C29000D0E04FEA461C05E092F821302146202BE1
:10C2A0001C4653D00EEB44130CEB0402D3F8089059
:10C2B00005EB42021B6913EB0903A9EB00091B1AEA
:10C2C00029F07F4923F07F43B3F5000FE4D84F45B1
:10C2D00098BFB9F5000FDFD8202902D12046BDE86C
:10C2E000F88308EB060201EB461370014FF0040CD3
:10C2F00015F802E005EB4303744693F82130AB5484
:10C3000003192246274605EB4303914293F8214047
:10C3100083F820C0F4D108EB06032B4493F802C045
:10C32000BCF1200F5FFA8CF112D0014405EB410102
:10C3300081F821E0024446442023204605EB4202D6
:10C34000354482F82130AF70BDE8F8831C46C3E75E
:10C3500083F801E0EEE700BFA818002128190021AA
:10C36000A01400212DE9F04101EB4103444D0C469E
:10C370008046EE5C4F00202E36D1424B0BB1AFF31E
:10C380000080FEF771FFAB7E202B0AD03E4B10F1F0
:10C39000020CD3E904E241F10003E64572EB03032A
:10C3A00027D3202E08D042463346FFF7C1FCA0B366
:10C3B0000220AE76BDE8F081D5E90423B3F1FF3F5A
:10C3C00008BFB2F1FF3F17D12B7E03BB0420FFF75C
:10C3D0000BF8FFF781F82021D5F8A0300022A976CC
:10C3E00001201A60BDE8F0810846FFF73DFF864254
:10C3F000C3D00020BDE8F081FEF7ACFA4FF0FF3368
:10C400004FF0FF32C5E904232B7E002BDED0052040
:10C41000FEF7EAFF00232B76D8E706EB44133A1920
:10C420006101042005EB430315F802E093F8213085
:10C43000AB5473469C46CA18664505EB420292F817
:10C44000213082F82000F5D13B192B449878202820
:10C45000C2B211D00A4405EB420282F821E03C440A
:10C4600061442023002005EB4101254481F821305F
:10C4700085F802C0BDE8F08183F801E0EFE700BF76
:10C480002819002100000000A8180021FEF79EBF17
:10C4900070B542F22001174D0023174A20244FF0B7
:10C4A000FF3029804FF0FF31AC70AB71136082F820
:10C4B00028306B76C2E90201AC7605F120021C46F9
:10C4C000EB712B76C5E9040102F814300134202CFD
:10C4D000FAD1012609482E7201F01AFD084B187096
:10C4E000084B1C7001F084FDC5F8A000FEF726FC87
:10C4F000EE7670BD28190021A818002109B70101A6
:10C50000D8180021A01800212DE9F04FC14E87B0A6
:10C51000FEF7AAFE05460F46FEF7DEFFD6E9022328
:10C52000B3F1FF3F08BFB2F1FF3F05D04FF0FF323C
:10C530004FF0FF33C6E9022396F82830002B00F0B5
:10C54000F280737F002B00F0EC80B34CE379002B7A
:10C5500040F0DB80E81C47F10001FEF77FFC237A06
:10C56000002B40F06881DFF8B482012298F800B017
:10C570002272BBF1200F00F059812022A37188F8AC
:10C580000020A276E3713360637E03EB43025FFA1F
:10C5900083F9A25C5B00202A019308D0DFF880A217
:10C5A00053010AEB4212517E012900F0E480019B05
:10C5B0004FEA4918DFF86CA203EB090727443D78DE
:10C5C000202D04D04846FFF74FFE8542F7D1BAF13F
:10C5D000000F01D0AFF30080FEF746FEA37E202BB4
:10C5E00009D010F1020ED6E9042341F1000C724586
:10C5F00073EB0C03E3D3202D1BD02B460122FFF756
:10C6000097FB002856D008EB0B03A57604EB4303F9
:10C6100093F82020022A32D0019B4B449946FF23F5
:10C62000A144637299F80130202B71D107B0BDE8A5
:10C63000F08FD4E90423B3F1FF3F08BFB2F1FF3F0D
:10C6400007D0FEF787F94FF0FF324FF0FF33C4E910
:10C650000423237E002B52D10420FEF7C5FEFEF7F3
:10C660003BFFD4F8A03000222021A1761A6008EB0D
:10C670000B0304EB430393F82020022ACCD1019A48
:10C6800006214A4483F82010224491782029CBB215
:10C690006ED0434404EB430383F821B0019BD8449C
:10C6A0004B4404EB4808234483F802B0202388F865
:10C6B0002130B1E708EB05033878042104EB43038C
:10C6C000024693F821303B70134642449D4204EBEE
:10C6D000420282F8201092F82120F5D1B978202961
:10C6E000CAB21CD0424404EB420282F82100BB7063
:10C6F0004344202204EB430383F821205FE7052015
:10C70000FEF772FE00232376A6E7FEF7E3FC26E79A
:10C71000454B187807B0BDE8F04F01F025BC7870A4
:10C72000E5E73D4C16E74FF40C71B069FEF792F85F
:10C73000336972690233B16942F100025B1842F158
:10C7400000021B1842F100029D4277EB0203FFF446
:10C75000F8AE324B0821324A1B78580102EB4313E2
:10C760001258586890474FF43171702001F0E4FA84
:10C7700082F801B092E7D08A05A90DF11302039364
:10C780000290FDF75DFF98F80020202ADDE9020302
:10C7900013D03269B16912F10708726942F10002DF
:10C7A00018EB010842F100029A44DAE9021341450C
:10C7B000934128BFCAE90282F9E615F10B0847F157
:10C7C00000020028F0D0CDE90223FEF77DFADDE972
:10C7D00002230028E8D1FEF76DF8014640F25630FA
:10C7E000039B81420CD040F2F55081420DD0B1F54F
:10C7F000C67F029AD8D115F1180847F10002D3E795
:10C8000015F1270847F10002CEE715F13D0847F181
:10C810000002C9E7A818002128190021A01800214A
:10C82000A014002100000000D818002140F2DF21F0
:10C83000702001F081FA4FF43771702001F07CFA1A
:10C8400070B5124C0D460646FEF73EF9637E04F1C4
:10C85000200CD9B20CEB831C002302E00133202B07
:10C8600012D01CF81320D8B2002AF7D103EB4111E3
:10C87000074A04EB4104590102EB431356500122CD
:10C880005D6084F8202070BD184670BD2819002115
:10C89000A01400211F28034609D80B494A7E00EB4B
:10C8A000421201EB420292F82000012801D0002040
:10C8B000704791F819C0002203EB4C1301EB4303BE
:10C8C00083F82020704700BF2819002110B5094CBB
:10C8D00004EB4014D4E90201FDF77AFE227DE38ADD
:10C8E0009B184FF0000203F101035241181842EB6C
:10C8F000010110BDA01400210378002B40F00C8131
:10C90000904A5368C3F308032DE9F04F81468DB078
:10C91000002B40F0F6808C4E4FF000088B4DCB463C
:10C92000DFF82CA225B1002140F28240AFF3008055
:10C9300096F819905FFA89F986F8098025B10021E7
:10C9400040F28740AFF30080824B09F1010403EB12
:10C95000891C04F0010403EB8417BCE80F000FC727
:10C96000BCE80F000FC7BCE80F000FC79CE80F0022
:10C9700087E80F0025B1002140F2FA30AFF30080C4
:10C9800009EB490904EB440336F8091006EB0902E8
:10C990009278F15233449A7055B1002140F2FE3042
:10C9A000AFF3008025B1002140F28C40AFF300804E
:10C9B000FEF75AFC06AB5A46009407468946FFF735
:10C9C000DFF825B1002140F29340AFF30080624BC5
:10C9D0001B78202B65D0DAF81020DAF81830DDE962
:10C9E00006019B18DAF8142042F1000298429141A6
:10C9F00057D2CDE906320123039325B1002140F23D
:10CA00009E40AFF30080069A27F07F41089B9B1859
:10CA10005B1A23F07F43B3F5000F05D8521A22F0BA
:10CA20007F42B2F5000F3FD9BDF826000DF1130289
:10CA300005A90390FDF704FE474B03981B78202BB4
:10CA400040D0DAF81040DAF814100734DAF8183069
:10CA500041F10001E41841F100011F23CDE9064135
:10CA60008DF824302046FDF7B3FDBDF826309DF843
:10CA700024401B1903F1010348EB08021B1842EB89
:10CA80000102CBE9043225B1002140F2B540AFF3F9
:10CA90000080737A002B7FF445AF01200DB0BDE814
:10CAA000F08F00230393A8E74B463A4606A92B488C
:10CAB0000094FEF7F1FF039B0BB90028E9D0DDE9F4
:10CAC0000641CFE717F10B0449F100010028C4D05B
:10CAD0000391FEF7F9F803990028BED1FDF7EAFEAD
:10CAE00040F25633984228D040F2F55398421FD076
:10CAF000B0F5C67F0399B0D117F1180449F10001D0
:10CB0000ABE7103B59B2002908DB154B585C4009D4
:10CB100000287FF400AFC1E70020704703F00F0347
:10CB2000043B1344187E400900287FF4F4AEB5E7B7
:10CB300017F13D0449F100018FE717F1270449F18E
:10CB400000018AE700ED00E0281900210000000044
:10CB5000A818002148190021A01800210040420F08
:10CB600000E400E0BB4A53682DE9F04FC3F308032B
:10CB700091B003900591002B40F04F81082304935E
:10CB8000059B1B78012B00F24882B34D25B1002193
:10CB900040F29C50AFF3008000260127AF4C25B136
:10CBA000002140F2A950AFF3008027B9AC4B0BB184
:10CBB000AFF3008062B694F819B05FFA8BFB4FF0C8
:10CBC00000036372049B002B40F0D780D84625B148
:10CBD000002140F2BD50AFF30080FEF745FB0AABE9
:10CBE000059A8246CDF800B0FEF7CAFF25B10021B4
:10CBF00040F2C550AFF30080039B4FEA481703EBA8
:10CC0000481904EB490999F82030013B012B00F247
:10CC100086802AF07F4A0A99924EA1EB0A020C9B69
:10CC2000164022F07F42003E18BF0126B2F5000FE9
:10CC300088BF00265B18A3EB0A0323F07F43B3F5FC
:10CC4000000F8CBF002606F00106002E6AD108EB0B
:10CC5000480304224FEA4800234489F820209978A9
:10CC60002029CAB200F0B2813A44039B04EB42028D
:10CC700082F8213040441F444FF0010A204404EB65
:10CC800047078370202387F8213025B1002140F227
:10CC9000CA50AFF30080744B0BB1AFF30080EFF3D9
:10CCA0001088474672B6637A002B7FF478AF6F4BDB
:10CCB0000AAF039A03EB421C0FCF0CF1080CACE84F
:10CCC0000F0097E803008CE80300BAF1000F0BD0C7
:10CCD000049B3BB1002E40F04281637EDB4303F0B6
:10CCE00001036376FF236372B8F1000F04D15C4B3C
:10CCF0000BB1AFF3008062B625B1002140F20160B4
:10CD0000AFF30080BAF1000F75D125B1002140F2D8
:10CD10000D60AFF30080504611B0BDE8F08F4FF0CA
:10CD2000000AB2E70DF127030DF1260259460AA8C1
:10CD3000FEF716FE8246002800F0A2809DF82660CD
:10CD40009DF827C0664540F0BA80202E00F04E8145
:10CD5000BB1904EB430393F8213089F821303E449A
:10CD6000039B04EB460686F8213000261F4403236C
:10CD700004EB470787F8203087E73D4B0BF10109AB
:10CD800003EB8B1E09F0010903EB891CC846BEE8C2
:10CD90000F00ACE80F00BEE80F00ACE80F00BEE8E3
:10CDA0000F00ACE80F009EE80F008CE80F0025B1E3
:10CDB000002140F2FA30AFF300800BEB4B0B09EB94
:10CDC000490334F80B1004EB0B029278E152234430
:10CDD0009A7055B1002140F2FE30AFF3008025B1CA
:10CDE000002140F2B350AFF30080637A002B7FF450
:10CDF000D6AECB46EBE6637E03EB43031C4463787D
:10CE0000202B82D025B100214FF4C160AFF3008008
:10CE1000184B187801F0A8F877E7103B59B20029B1
:10CE2000C0F2D880144B5B5C5B090493002B7FF449
:10CE3000A7AE124B1B78202B00F0F480059B1B78CB
:10CE40000493002B3FF4A1AE40F29551702000F006
:10CE500073FF00BF00ED00E0000000002819002172
:10CE600000000000FEFFFF0000000000A0140021F1
:10CE700048190021D818002100E400E0A018002182
:10CE800008EB480304224FEA4800234489F8202095
:10CE900099782029CAB200F0A5803A44039B04EB9C
:10CEA000420282F8213040441F44B246002620440A
:10CEB00004EB47078370202387F82130E5E6BCF1B7
:10CEC000200F00F0B48007EB0C03202E04EB43038B
:10CED00093F8212000F09280BB194FEA480004EB40
:10CEE000430393F8211083F8212006914FF00509A0
:10CEF0007B180A468E4604EB4303944593F82110B1
:10CF000083F82090F4D100EB08030792234493F8B0
:10CF10000290B9F1200F5FFA89FC77D0BC44069BE0
:10CF200004EB4C0C8CF8213000EB0803079A4FF00F
:10CF3000200C23443A44664583F802E004EB4202A5
:10CF4000039B82F821C03B4404EB430383F8211088
:10CF50007FF405AF4044039B5646235406E7364B07
:10CF60001B78202B7FF4B9AE59460220FFF7FAF95F
:10CF700000287FF4B2AE637E0420DDF80CE003EB02
:10CF800043010EEB431221445FFA83FC04EB42029F
:10CF90008F7882F820005A01202F4FEA4303F8B21D
:10CFA00037D0111804EB410181F821E07146634448
:10CFB0000A44B246234404EB42029970202382F8CB
:10CFC0002130B8F1000F7FF497AE90E6039A5A70C3
:10CFD00013464FE603F00F03043B13441B7E5B092B
:10CFE000049323E7039A5A7013465CE708EB48035F
:10CFF0004FEA4800E35C89F82130ABE708EB4803CF
:10D000004FEA4800E15CE25406916FE7069A5A70D5
:10D010008AE781F801E07146C9E740F29951702032
:10D0200000F08AFE40F29251702000F085FE40F23E
:10D03000D311702000F080FEA01800212DE9F84FD8
:10D04000804C4FF0010ADFF800820546B8F1000F6E
:10D0500004D0002140F21F60AFF30080BAF1000F4E
:10D0600004D17A4B0BB1AFF3008062B64FF00003EE
:10D070006372B8F1000F04D0002140F22460AFF3D6
:10D080000080667E724B771C5FFA86F903EB86168A
:10D0900007F0010703EB871C0FCEACE80F000FCEA3
:10D0A000ACE80F000FCEACE80F0096E80F008CE85C
:10D0B0000F00B8F1000F04D0002140F2FA30AFF3B6
:10D0C000008009EB490307EB4702E15AE0184FEAF9
:10D0D00047098378A15222449370B8F1000F04D01D
:10D0E000002140F2FE30AFF30080637A03F0FF01CD
:10D0F000002B40F08480B8F1000F03D040F22E6086
:10D10000AFF3008005EB47137E0104EB430393F874
:10D110002030032B40F0928009EB070314F803B092
:10D120005D4518BFBBF1200F14BF0122002270D053
:10D130005B46F218194604EB420393F821309D42F6
:10D1400018BF202B14BF01220022F2D1202B6DD05A
:10D150009B4562D03344314404EB430304EB41016B
:10D1600093F8213081F82130B8F1000F0CD0002164
:10D1700040F26730AFF30080B8F1000F04D0002117
:10D1800040F23360AFF300802E44012304EB4606E7
:10D1900086F82030B8F1000F04D0002140F23C6046
:10D1A000AFF300802B4B0BB1AFF30080EFF3108A8D
:10D1B00072B6637A002B7FF449AF5D4503D1264BED
:10D1C0001B78202B34D0637EDB4303F001036376AE
:10D1D000FF234FF001096372BAF1000F04D11B4B1A
:10D1E0000BB1AFF3008062B6B8F1000F04D000219C
:10D1F00040F25E60AFF300804846BDE8F88FB8F1BA
:10D20000000F3FF42BAF002140F22A60AFF3008003
:10D210001CE7BBF1200F09D05B463344B94404EB53
:10D22000430393F8213004F809309DE79146D3E792
:10D2300039460220FFF796F80028C4D14FF00009C4
:10D24000CAE700BF2819002100000000000000000C
:10D250004819002100000000A018002170B5062820
:10D260000AD8DFE800F01849040909620A00A64B51
:10D270000122D3F8A0301A6070BDA44D2B78202B6A
:10D280007FD0A34C5A01052104EB4313A2585868E0
:10D29000BDE8704010479C4CD4E90423B3F1FF3F34
:10D2A00008BFB2F1FF3F00F0C7809A4EF38B002B0E
:10D2B0005ED1964D2B78202B00F09C80FF23B26826
:10D2C000E371F368B3F1FF3F08BFB2F1FF3F05D050
:10D2D0000520FDF7EFFF002800F01081737F012B80
:10D2E0007CD02B7801218A4A580102EB4313125853
:10D2F0005868BDE870401047844D834C2B78202B34
:10D3000000F0A1800123A371FDF7DEFC002800F0EE
:10D31000E680D4E90423B3F1FF3F08BFB2F1FF3F39
:10D3200055D02B7800217A4ADEE7774C237E5BB11B
:10D33000D4E90423B3F1FF3F08BFB2F1FF3F00F08F
:10D34000A5800023237670BD704D2A78202A00F036
:10D35000A480704E4FF0FF324FF0FF33C6E9022336
:10D36000E379002B00F0C0802B780621684ABBE7E8
:10D37000FDF7AAFC00289CD14FF4D061702000F08A
:10D38000DBFC61494B7E03EB4300DAB20B5C202BE4
:10D3900000F0AF8003EB421201EB420292F8214011
:10D3A0000C54FF205A4C2B704872022082F8200047
:10D3B00000220A72574981F8282004EB4312127E9A
:10D3C000002A7FF45FAF01F069F82B785AE7FDF788
:10D3D00077FAFDF749FFC4E90401A2E7D6E90401A1
:10D3E000B369013841F1FF31C01841F10001FDF787
:10D3F00007FE76E7627ED3B202EB4202A15C2029EF
:10D4000077D001EB431304EB430393F82100A054BE
:10D410003F4A297002EB41110022227286F828202F
:10D42000FF22097E6272022283F8202000297FF405
:10D4300045AF01F033F841E7FDF742FAFDF714FF7D
:10D44000C4E9040131E7637E03EB4301DBB2625CB4
:10D45000202A4ED002EB431304EB430393F8210040
:10D460006054FF212A706172022183F8201000238A
:10D470002849237281F82830254B03EB4212137E92
:10D48000002B7FF43FAF01F009F83BE7FDF718FAF6
:10D49000FDF7EAFEC4E9040153E7617ECAB201EB7D
:10D4A0004101605C202824D000EB421204EB4202D0
:10D4B00092F8216066541649287001EB4010154E11
:10D4C0002372017EFF2086F828306072022082F8E5
:10D4D000200000297FF43EAF00F0E0FF3AE740F281
:10D4E000AA61702000F028FC40F29C61702000F0DE
:10D4F00023FC4FF41571702000F01EFC40F2856192
:10D50000702000F019FC00BF28190021A01800218C
:10D51000A0140021A8180021274B70B51A7886B0F6
:10D52000202A44D0254CD4E90213B3F1FF3F08BFB1
:10D53000B1F1FF3F36D1224D064605EB4215D5E944
:10D540000201FDF745F8EA8A2B7DD3184FF000025F
:10D5500003F1010352419B1942F10002181804AB78
:10D5600042EB01010DF10B02009203AAFDF794F8C2
:10D570009DF80B200F2ADDE9043194BF002201221F
:10D580009B1841F10001C4E902310E4BDB7913B95C
:10D59000012006B070BDD4E902230520FDF78AFE04
:10D5A00006B070BD40F68901702000F0C5FB40F662
:10D5B0008801702000F0C0FBA0180021A8180021ED
:10D5C000A014002128190021FDF720BE38B5224BF8
:10D5D00093F800E0BEF1200F38D0204D6B7E95F817
:10D5E00019C003EB43035FFA8CFCEB5C202B1FD0CC
:10D5F0004FEA4C1C1A4C06E0634405EB430393F8D6
:10D600002130202B14D004EB4312117E8142F3D839
:10D6100004EB4E14D4E9021320694018D2E9021237
:10D6200043F10003814272EB030304D2002038BDB2
:10D630004FF0FF3038BD0B4B081A1C68FCF7BAFFDF
:10D6400004F17D038342F1D8001B38BD40F6C201CE
:10D65000702000F071FB00BFA018002128190021E4
:10D66000A0140021A8180021924B2DE9F04F1E783C
:10D6700087B0202E019000F017818F4F81468F4D8B
:10D680000DF113027B7E8846286805A903EB43034E
:10D690004844FC5C2B690393AB690293FCF7D0FF11
:10D6A000A9F17D02864B9A4260D8DFF81892059B5B
:10D6B00009EB4616B0681B183069D5E904211B1820
:10D6C0009B1A23F07F40B0F5000F4FD897F819A0B0
:10D6D000202CAB615FFA8AFA85F8208000F0D880B0
:10D6E0004FF0200B09EB441C9B184FEA4416DCF862
:10D6F000080041F100019842DCF80C308B4151D315
:10D70000BCF81630002B35D10520FDF76DFE797E73
:10D710004FF0FF324FF0FF33BBF1200FC9B2C5E924
:10D72000022340F0A78001EB410120247B5C614A89
:10D73000797E127802EB411207EB420282F8213027
:10D740002B68019A13442B60FF237B72FB791BB17A
:10D750006B7F012B00F09080202C43D05A4B18781F
:10D7600000F002FC002007B0BDE8F08F012007B0F8
:10D77000BDE8F08FEB8B002BC6D1A0EB0208FDF7C4
:10D7800099F840F25633984220D040F2F55398422F
:10D790001AD0B0F5C67F14BF01230E234345B3DD75
:10D7A00095F820804E44337E434511D904EB4A134B
:10D7B00007EB430393F82130202B17D0A3461C46D8
:10D7C000AB69D5E904218DE73323E7E71D23E5E7BE
:10D7D000DDE9023202209B182A699B1AAB6107B06F
:10D7E000BDE8F08F002007B0BDE8F08F0520FDF701
:10D7F000FBFD797E4FF0FF324FF0FF33C9B2C5E930
:10D80000022304EB41134FF0050801EB410207EB43
:10D81000430317F802A04FEA410C93F82130480166
:10D82000BB54534600EB030E1A461E4607EB4E0E42
:10D8300094429EF821308EF82080F3D10CEB010E3B
:10D84000BE449EF80290B9F1200F5FFA89F80ED01D
:10D85000804407EB480888F821A061440244394419
:10D8600007EB42028E70202182F821105FE78EF8CC
:10D8700001A0F2E75C46C4E7D5E90431A869013BA1
:10D8800041F1FF31181841F10001FDF7B9FB63E7E1
:10D890000520FDF7A9FD4FF0FF324FF0FF33797EF1
:10D8A000C5E90223C9B23EE740F6EA01702000F064
:10D8B00043FA00BFA018002128190021A818002150
:10D8C000833F420FA0140021D81800212DE9F84F02
:10D8D000994C637E00EB431304EB430393F8203031
:10D8E000002B00F02381667E0546944FF6B227B1E7
:10D8F000002140F62F10AFF300804FEA461805EBE9
:10D90000461604EB4606002F40F0AF8008EB0506F4
:10D9100004EB460696F82030012B0AD01A1F022A83
:10D9200000F29B8008EB0503012204EB430383F81C
:10D9300020204FF0010ADFF8089227B1002140F6BD
:10D940004610AFF30080BAF1000F04D17D4B0BB14C
:10D95000AFF3008062B64FF00003637227B100217D
:10D9600040F64B10AFF3008094F819C00CF101069B
:10D970005FFA8CF809EB8C1C06F00106BCE80F007E
:10D9800009EB861EAEE80F00BCE80F00AEE80F0002
:10D99000BCE80F00AEE80F009CE80F008EE80F0017
:10D9A00027B1002140F2FA30AFF3008008EB4808BD
:10D9B00006EB460334F8081004EB08024FEA460B66
:10D9C0009278E15223449A7027B1002140F2FE3050
:10D9D000AFF30080637A03F0FF01002B5AD11FB12F
:10D9E00040F65510AFF300800BEB06032344587844
:10D9F000202810D0854200F089808046710142467F
:10DA0000C2468B1804EB430393F8218045454AD066
:10DA1000B8F1200FF3D127B1002140F65910AFF330
:10DA20000080494B0BB1AFF30080EFF310839A46AF
:10DA300072B6627A002A80D16676FF22627223B9BA
:10DA4000404B0BB1AFF3008062B627B1002140F626
:10DA50006B10AFF30080BDE8F88F03F0FCFD96F883
:10DA60002030012B7FF45AAF63E796F82030012B6A
:10DA70003FF45FAF1A1F022A38D9002140F63B104D
:10DA8000AFF3008003F0E7FD002140F63F10AFF355
:10DA9000008038E7002F3FF456AF002140F65110C8
:10DAA000AFF3008049E7B8F1200FB4D0404533D040
:10DAB0000A44414404EB410104EB420291F8213055
:10DAC00082F8213027B1002140F25F30AFF30080AF
:10DAD0000BEB060323449B7898450BD0002FA0D076
:10DAE000002140F26730AFF3008094E7012386F80D
:10DAF0002030C9E727B1002140F26230AFF3008047
:10DB00000BEB0603234483F802A0E7E7202882D02A
:10DB100080464FF0200A710141440BEB060304EBF1
:10DB20004101234491F821205A70CBE740F6261199
:10DB3000702000F001F900BF28190021000000004A
:10DB400048190021000000000000000070B586B0F8
:10DB50005BBB054610460C460DF10B06FCF72AFD93
:10DB60000246214604AB1446284603AA0096FCF759
:10DB700093FD039A1249A31A8B4209D3121B8A42BE
:10DB80000CD310498B420BD88A4213D90E4B9B1AE7
:10DB90000A9AA2F10F00C01A06B070BD5342F7E70F
:10DBA00003F1F45303F59023F2E740F6711170206E
:10DBB00000F0C2F840F6B201702000F0BDF800BFDE
:10DBC0000040420FFF7F841E00807BE1BFF34F8F38
:10DBD0000549064BCA6802F4E0621343CB60BFF309
:10DBE0004F8F00BFFDE700BF00ED00E00400FA0525
:10DBF000094B01225A604FF0FF32C3F808234FF45B
:10DC00000052064BC3F88020BFF34F8FBFF36F8FD6
:10DC1000C3F88021704700BF00D0004100E100E060
:10DC2000094B01225A604FF0FF32C3F808234FF42A
:10DC30008032064BC3F88020BFF34F8FBFF36F8F46
:10DC4000C3F88021704700BF0000014100E100E0FF
:10DC500010B5134900230122124CC1F8FC3FC1F852
:10DC6000FC2FDA00013302F1FF7202F58032D2F8A4
:10DC700000032040884202BFD2F80003D2F80423F8
:10DC80000260202BEDD1084B4FF48072C3F8802046
:10DC9000BFF34F8FBFF36F8FC3F8802110BD00BF5C
:10DCA0000080004100F0FFFF00E100E0F8B51B4EEE
:10DCB00005460C46174633786BBB03F0B7FC184B90
:10DCC0007760002D08BF1D463472FFF7C1FF28465C
:10DCD000FFF7A6FFFFF78CFFFCF702FF0546C0B970
:10DCE000FEF7D6FBFCF7F0FEFCF766FE03F09FFCA8
:10DCF000002C0CDB04F01F0264090123A4009340F4
:10DD000004F1604404F56144C4F8803123600123C8
:10DD100033702846F8BD4FF0FF35FAE7CC190021E3
:10DD2000BEB6020108B572B6024B5B6803B19847F4
:10DD3000FFF74CFFCC1900211FB572B6134B5D687D
:10DD40008DB9FFF743FFB4FBF6F4D3B20132002CD8
:10DD5000F9D103F110026A4402F80C4C0A2233B9DB
:10DD600001A8A847EDE7044600220A26EDE7013B9B
:10DD7000DBB203F110040DEB0406B0FBF2F402FB7E
:10DD80001400303006F80C0C2046E8E7CC190021CE
:10DD9000074B93F90830002B09DB5A09012103F0E6
:10DDA0001F03403201FA03F3024941F82230704761
:10DDB000CC19002100E100E0014B1878704700BF4A
:10DDC000CC1900212DE9F04707462E4E2E4CEFF3DB
:10DDD000108372B63578EDB2FF22327003B962B6A5
:10DDE0000DB1FF2373704FF001080023DFF89C9002
:10DDF000C4F80480C4F80031C4F80431C4F80475D0
:10DE0000C4F80080D4F8003113B9D4F80431EBB170
:10DE1000D4F80431002BE8D1B5B97378DBB2032212
:10DE200075704FF40051C4F80823194AC4F804511E
:10DE3000C4F80051C2F88011EFF3108272B6357049
:10DE400002B962B6002BC2D1BDE8F087D9F8103014
:10DE5000DB06D7D50E4B4FF40052C3F88021EFF309
:10DE6000108A72B60323C4F80433D4F8003123B9FE
:10DE7000D4F804310BB903F0EEFBBAF1000FC1D1B5
:10DE800062B6BFE7D519002100D0004100ED00E0E7
:10DE900000E100E01B4B4FF4803270B5C3F88020E6
:10DEA000BFF34F8FBFF36F8F174D0021174CC5F88D
:10DEB0000011C3F880212669236906F0100643F09B
:10DEC000100323610123C5F804332B60D5F800311A
:10DED000A3B11EB9236923F0100323610A4B012269
:10DEE000D3F808055A60C3F808230022C3F80021BC
:10DEF0004FF48032034BC3F8802170BD03F0ABFBBD
:10DF0000E4E700BF00E100E00000014100ED00E0B7
:10DF100002460C49052038B50138C0B2FF2803D1AC
:10DF200048216920FFF708FF01EBC0031D7905F0C8
:10DF3000FF04002DF0D141F8302001225C719C716A
:10DF40001A7138BDD8190021042808B503D94F210A
:10DF50006920FFF7F1FE034B03EBC00000230371C0
:10DF600008BD00BFD8190021042808B503D95821DD
:10DF70006920FFF7E1FE094B03EBC0000379012B99
:10DF800001D05921F4E7437982790133DBB29A4217
:10DF900018BF4371BDE80840FFF7FABED819002149
:10DFA00070B50625114C0026013D15F0FF0500D186
:10DFB00070BD94F8281004EBC1031A79012A09D125
:10DFC00058799A79904205D05A79D2B29A7154F818
:10DFD0003130984794F828300133DBB2042B94BFDA
:10DFE00084F8283084F82860DEE700BFD8190021C3
:10DFF0000048704700070841914270B53BD2B2FA21
:10E0000082F33BB1C3F1200499409A4020FA04F412
:10E0100098402143160C1FFA82FE030C85B2B1FB17
:10E02000F6FC06FB1C14240404EB10400CFB0EF45D
:10E03000844206D9201A90428CBF02200120ACEB0A
:10E04000000C03EB01410CFB12114FEA0C4CB1FB2D
:10E05000F6F006FB101100FB0EFE05EB01418E45AC
:10E0600006D9AEEB010E96458CBF02220122801A22
:10E0700040EA0C0070BD73219620FFF75DFE00BFE3
:10E080002DE9F8431C4652EA040348D007461546DA
:10E090000E4694B3B4FA84F9B9F11F0F43DC4FF084
:10E0A000010808FA09F220FA08F0A2FB05C340EAC9
:10E0B000C17021FA08F102FB0432FFF79DFFC9F19C
:10E0C0001F030021D84028D0431E8C46804661EBB8
:10E0D0000101184605FB01F203FB0422A5FB033EE8
:10E0E000FB1A72441F4666EB0206AF4276EB04034E
:10E0F00011D340466146BDE8F883914208D32146DA
:10E100003046FFF779FF04462A46384604FB15617E
:10E11000FFF772FF2146BDE8F8838446E5E7CA2190
:10E120009620FFF709FEE7219620FFF705FE00BFC6
:10E1300092B1013A17D0034600EB020C10B501E092
:10E140009C450BD08E461C4611F8012B13F8010B91
:10E150009042F5D0801A10BD1046704760789EF846
:10E160000120801A10BD00780A78801A704700BF1D
:10E1700010B5441A94422BD34AB34B1CC31A022B3A
:10E1800031D9531E072B2ED922F003048C46864624
:10E190000C445CF8043BA4454EF8043BF9D122F052
:10E1A000030302F003049A4200EB030C01EB030E9D
:10E1B0000DD0CA5C012CC25409D09EF80130022C4B
:10E1C0008CF8013003D09EF802308CF8023010BD7C
:10E1D000002AFCD08B18024413F801CD8B4202F8C0
:10E1E00001CDF9D110BD4B1E0244014613F8014F79
:10E1F00001F8014B9142F9D110BD00BF81EA000343
:10E200009B072DE9F0415CD187075ED0002A56D0EC
:10E21000034601E0002A52D011F801CB013A03F87D
:10E2200001CB9E07F6D1032A28D941EA0305141F22
:10E230006D074FEA940E4AD12B2C48D90EF10108F4
:10E24000A1F108051C464FEA580C03EBCC0CF5E98C
:10E250000267E4E802676445F9D118F0010F28F07D
:10E26000010403D051F8245043F824500EF1010466
:10E2700002F0030203EB840301EB8401FAB1541EA4
:10E28000022C20D922F003058C469E460D445CF8F2
:10E29000044BAC454EF8044BF9D122F0030402F0D4
:10E2A0000305A2422344214409D00A78012D1A70A3
:10E2B00005D04A78022D5A7001D08A789A70BDE84C
:10E2C000F0810346DAE71546EFE70346ABE70EF1C8
:10E2D00001071D1F0C4601EB870754F8046BBC4275
:10E2E00045F8046FF9D1C1E72DE9F04184075FFAE1
:10E2F00081FE5FD0002A59D0034601E0002A55D0A4
:10E3000003F801EB990702F1FF32F7D14EEA0E2430
:10E31000032A44EA04443ED9151FC3F38001AE0822
:10E32000172D06F1010647D99846002940D048F834
:10E33000044B771A03EB810C79080CEBC101CCE993
:10E3400000440CF1080C6145F9D127F0010C08EBF1
:10E350008C016745CCEB8C7805EB880517D02F1F17
:10E360000C60032F13D9A5F108074C60032F0ED9B9
:10E37000A5F10C078C60032F09D9A5F11007CC601B
:10E38000032F04D9143D0C61032D88BF4C6102F0AA
:10E39000030203EB86034AB1013A83F800E005D09B
:10E3A000012A83F801E018BF83F802E0BDE8F0819C
:10E3B0001546BEE70346A9E719461546CFE700BF55
:10E3C000094B0A4AC3F880210132C3F88421013283
:10E3D000C3F88C210132C3F890210532C3F8EC2137
:10E3E000013AC3F89020704700800041040000808B
:10E3F000074B0022C3F88021C3F88421C3F88C2185
:10E40000C3F89021C3F8EC21C3F89020704700BFF7
:10E4100000800041014B1B681B681847080500215C
:10E42000014B1B685B68184708050021014B1B68FE
:10E430009B68184708050021014B1B681B6918479A
:10E4400008050021034B1868034BC01A18BF0120B0
:10E45000704700BF08050021C8B6020138B50E4C50
:10E46000237803F0FF05B3B96378012B06D10223AB
:10E470006370636813B16368984765606378032BC2
:10E4800009D10025657063682BB1A3685B69984763
:10E4900063689847656038BD401A0021014B01222E
:10E4A0009A777047401A0021042873B5064604D9AC
:10E4B00040F23D116820FFF73FFC104D0124FFF7AB
:10E4C000CDFF2C706B78022B14D1AB683046DB6823
:10E4D000984705EB4602537D83420DD3AB7FA342A1
:10E4E00000D0137D8DF8043001A8AB688DF805606D
:10E4F0001B68984702B070BD2346F3E7401A00211D
:10E5000010B520B940F253116820FFF715FC064BF7
:10E510005A78022A02D05A78032A04D19B68BDE8AF
:10E5200010405B68184710BD401A002110B5084C18
:10E530006378022B02D06378032B02D1A3689B6817
:10E5400098470023A3772370BDE81040FFF786BFEC
:10E55000401A0021054B5A78022A02D05A78032A21
:10E5600002D19B681B69184700207047401A0021A0
:10E57000054B5A78022A02D05A78032A02D19B68A6
:10E580009B69184700207047401A0021024B5878B9
:10E59000003818BF01207047401A002138B50546E1
:10E5A0000C46E2F7C9FD30B13E2D04D12046BDE84E
:10E5B0003840E2F701BE38BD1FB5014601A800F0A2
:10E5C00006F801A8E7F7E0FD05B05DF804FB0B884D
:10E5D0000022C3F30B0383804B884272C3804B78C5
:10E5E000C3F30113012B02D0022B18BF13460431D1
:10E5F0000372016070478B88043010B500F8043C4A
:10E600000C4610F8033C03F0F00300F8033C8A8842
:10E61000C2F30322134300F8033C03F0CF03CA887C
:10E6200000F8022CCA8800F8033C120A00F8012CFA
:10E630000A7A120102F03002134303F03F0300F89C
:10E64000033C4A7A43EA821300F8033C096881429A
:10E6500005D0E288FB2A28BFFB22FFF7CFFDE08828
:10E660000430C0B210BD8B880A46043010B400F8E4
:10E67000043C10F8033C03F0F00300F8033C8988E5
:10E68000C1F303210B4300F8033C03F0CF03D1880F
:10E6900000F8021C10F8011C01F0C00100F8011C78
:10E6A000D48800F8033CC4F30524214300F8011C7E
:10E6B00001F03F01147A240104F03004234303F0F5
:10E6C000BF0300F8033C547A00F8011C43EA8413AA
:10E6D00003F07F0300F8033C1168814203D0D28825
:10E6E00010BCFFF78BBD10BC70472DE9F8430B78C9
:10E6F00005460C46013B372B00F29D82DFE813F004
:10E700004E00520056001F019B02D100D700DD00D1
:10E71000E300E900ED00EF00FF001B0138009B0261
:10E720005B009B026100F300F900730179016D0148
:10E730009B027F019B029201C201C801CE019B0294
:10E74000D401E001E601120218026C024A025E02E4
:10E750006602500258021E0224022A0230023602C9
:10E760003C02400244027E02720278028A02840263
:10E770000E23B1F803200B7042F283039A4209D1B1
:10E780000623637066782146284602363246FFF734
:10E7900035FD5CE03121C720E2F7D8F90C230B707E
:10E7A0000823EEE71A230B700123EAE73E230B70E0
:10E7B0000223A370E6E73E230B7012234B700B235A
:10E7C000F7E72920E2F7F8FC28B13E232370222343
:10E7D00063702923EDE70A20E2F7EEFC3E2305F102
:10E7E000080204F108012B70A0B30A23AB70E37890
:10E7F000EB70A3882B71A3881B0A6B71A379AB7193
:10E80000E379EB71A368AB608B8893801F22D4F807
:10E810000E30C5F80E30638A6B8263696B61238B9F
:10E820002B83638BAB76638B1B0AEB76A38B2B77E7
:10E83000A38B1B0A6B77E38BAB77E38B1B0AEB771E
:10E8400094F8203085F820306A70023296B2304653
:10E85000BDE8F8830123AB70E378EB70A3882B71DC
:10E86000A3881B0A6B71A379AB71E37903F00103F1
:10E87000EB71A368AB608B8893801322638BAB73BF
:10E88000638B1B0AEB73A38B2B74A38B1B0A6B7418
:10E89000E38BAB74E38B1B0AEB7494F820302B757D
:10E8A000D2E73E230B7004234B70142381E73E23F1
:10E8B0000B700C234B7004237BE73E230B700A2361
:10E8C0004B70032375E73E230B700D234B7005231C
:10E8D0006FE705232370042353E70823FAE7302367
:10E8E0000B7003234DE73E230B700B234B70072364
:10E8F0005FE73E230B7006234B700C2359E78B78A0
:10E90000012B837015D1132305220370B1F8033056
:10E91000C370B1F803301B0A0371B1F805304371BD
:10E92000B1F805301B0A837192B2002A3FF42AAF76
:10E930008AE70022F8E757230B70022321E73E23E2
:10E940001F311C3000F81C3C0D2300F81A3C11F854
:10E950001C3C00F8193C31F8123C20F8183C11F826
:10E960001B3C00F8163C51F81A3C40F8153C31F8B5
:10E97000163C20F8113C11F8103C00F80F3C11F83F
:10E980000F3C00F80E3C11F80E3C00F80D3C11F85D
:10E99000023C00F80C3C11F8133C00F80B3C31F839
:10E9A0000B3C20F80A3C11F8093C00F8083C51F8EF
:10E9B000083C40F8073C31F8043C20F8033C11F8CF
:10E9C000146CE52E00F8016C28BFE5263246FFF7EF
:10E9D00015FC06F11A02D2B236E73E230B70012372
:10E9E0004B701123E5E63E230B7006234B70122378
:10E9F000DFE63E230B7009234B701323D9E63E2339
:10EA000003702420E2F7D8FB002815BF24230E232F
:10EA100013260F263246A11CE81CAB70FFF7EEFB55
:10EA2000721C11E73E2303702520E2F7C5FBC0B13D
:10EA300025230A26AB70D4F80230C5F80330D4F889
:10EA40000630C5F807306389A5F80B30F01CE27A70
:10EA500004F10C012844FFF7D1FBE27A0132324481
:10EA6000F2E60F230726AB706388A5F803302379FD
:10EA70006B716379AB71A379EB71A37A2B72E37A33
:10EA80006B72E3E73E230B7003234B70102390E679
:10EA90003E230B7005234B7020238AE63E230B7028
:10EAA00009234B70212384E63E2303702620E2F7DE
:10EAB00083FB002815BF2623182317261326A9E752
:10EAC0003E230B7004234B70272372E63E234FF046
:10EAD000000881460370282346468370D1F802302F
:10EAE00049F8033FAA795FFA88F39A4201D8721D68
:10EAF0001AE7B21D331D08F10108A118A25809EB4D
:10EB0000030049F80320063131F8023C063020F8B2
:10EB1000023C10F8017C3A460637FFF76FFB3E4493
:10EB2000B6B2DFE73E230B701D234B70192340E67E
:10EB30003E230B7007234B701A233AE63E230B70DB
:10EB400020234B702C2334E63E230B704C234B7058
:10EB50002D232EE63E230B7004234B702E2328E634
:10EB60003E230B7022234B702F2322E63E230B7093
:10EB700014234B7030231CE63E230B70312318E620
:10EB80003E230B70322314E63E230B7002234B709E
:10EB900033230EE63E230B7014234B70222308E62A
:10EBA0003E230B700B7C5B000F334B701D2300E684
:10EBB0003E230B7003234B701E23FAE53E230B709C
:10EBC0000B7D5B0013334B701B23F2E53E230B7070
:10EBD00003234B701C23ECE53E230B7005234B7085
:10EBE0001F23E6E5FF230B700B234B70A223E0E508
:10EBF000FF230B7005234B70A323DAE5FF230B7073
:10EC000005234B70A423D4E5FF230B700D234B7019
:10EC10008023CEE5FF23C21C037081238370D1F8CB
:10EC2000033003F1280153F8040B8B4242F8040B24
:10EC3000F9D1292208E640F29221ACE508B510B1DD
:10EC4000FFF7BAFC10B96FF0150008BD0020FCE713
:10EC500010B50C4630B129B1E2F7FAF928B12070AD
:10EC6000002010BD6FF01500FBE76FF02200F8E701
:10EC700008B5E2F77FFA002008BD01F006BAF8F700
:10EC8000EBBAF8F7F7BAF8F705BB08B5E2F784FA7C
:10EC9000002008BD01F08BBF01F09DBF034602229A
:10ECA00000201A70032258709A703622D8705A7158
:10ECB0006FF00F0218719A716FF01A02DA710E225A
:10ECC0001A726FF078025A7268229A724822DA72C7
:10ECD000704701F03CBA10B50446FFF7DBF8B0F519
:10ECE000007F09DA10F5007F08DD031EB8BF03338B
:10ECF0009B100020237010BD7F23FAE76FF07E0386
:10ED0000F7E7F9F789B91FB5002341F64B5241786F
:10ED1000CDF80A30D0F80230934295BF4FF47A72A2
:10ED200040F2E242B3FBF2F3B3FBF2F398BF03F518
:10ED3000506302789BB242EA0122ADF80230ADF88E
:10ED40000020ADF80430C279837943EA0223ADF89C
:10ED50000630427A037A684643EA0223ADF8083067
:10ED600001F0A9FB05B05DF804FB01F0A1BF00783C
:10ED7000003818BF012001F034BBF9F781B9817860
:10ED8000008801F060BF01F07CBFF9F781B937B5A9
:10ED900005460C4600880DF1060101F027FB2B8883
:10EDA0002380BDF80630638003B030BDF9F778B931
:10EDB00001F054B901F0C0B908B5E2F7F5F9002047
:10EDC00008BDF8F7F9BA01F0D4B9F9F7C1B801F004
:10EDD0009FB901F06CBE01F0C7BD01F09BBEF8F712
:10EDE00031BD01F0E4BAF8F70BBF01F010BB01F040
:10EDF0007CB801F081B801F0CAB801F0E6B801F0C2
:10EE00005ABB01F09FBB01F0C2B901F0F0BB01F0A9
:10EE10008AB901F034B901F013BC03880B8001F00A
:10EE2000ABBE03880B8001F0B5BE01F0DAB9F8F78C
:10EE300055BBF8F73BBB01F06DB801F08EB801F09F
:10EE4000FBB801F007B901F0E7B801F0DCB801F058
:10EE5000FDB901F023BAF8F74BBB01F05ABA01F043
:10EE600007BE01F02ABC01F037BE01F092BD01F0EF
:10EE7000C3BD01F0ACBD01F0B4BD01F04ABC01F06E
:10EE800056BCF8F777BC01F06FBAF8F71BBF01F07A
:10EE90001EB901F02DB9F8F745BA01F0E8B901F053
:10EEA0004ABF01F015BFF8F791BAF8F74FBB01F070
:10EEB000B8BEF8B5D5181F46044616466B1DBDF8FA
:10EEC00018505D43ADB205F11B0020F0030080B285
:10EED000884203D0A3211420E1F738FE14F0030187
:10EEE00001D0A421F7E7B5F5004F01D9A521F2E73C
:10EEF0001422201DFFF7F8F9E77465802680F8BD1D
:10EF000070B50688C58803898E42C5F30E02C3F327
:10EF10000E0403D2C9211420E1F718FE5D40C5F3A9
:10EF20000E030BB92D0409D4A24209D2C37CA41A42
:10EF30000533E41AA14203DD00238374184604E07C
:10EF40001832012381528374104470BD0844053087
:10EF500050431B3020F0030080B2704740881B30C4
:10EF600020F0030080B2704738B503888B4204D28A
:10EF700040F201111420E1F7E9FD857C65B1C388F9
:10EF8000C3F30E031833C25A8A4207D3C152811DFC
:10EF9000E2F7DAF900238374284638BD0025FBE741
:10EFA00003461830F0B59C88A5B2C4F30E06DC8881
:10EFB000AC4202D10020D881F0BD5F89DC7C855B4A
:10EFC0003C44ED1B0234ADB2344420440C88AC42C6
:10EFD00088BF0D805C89B4FA84F4640914700A88CF
:10EFE000DA81E9E7F8B582880026C38904460D4630
:10EFF00092B20E60CBB14189C2F30E020B441832BB
:10F000009BB28718825A4381934204D94FF4A77167
:10F010001420E1F79BFD04D1011DE2F795F946812B
:10F020002F6000230120E381F8BD1846FCE770B58E
:10F0300004460846A38804F1180622899BB2C2F34D
:10F040000E059A420DD021B1A91CE27C3144FFF794
:10F05000D5F804F108012046755BE2F775F92846FA
:10F0600070BD0025FBE78388C0889BB2C31A584255
:10F0700058417047C288018910B5C2F30E044A4056
:10F08000C1F30E031204A3EB04035CBF42889B1878
:10F090000288C07C0532104480B293FBF0F080B24D
:10F0A00010BD828873B595B2C488C2F30E02AC421B
:10F0B00002F1180212D04189C689835A314499421B
:10F0C0000EDB0DF10601ADF80650E2F73DF9BDF893
:10F0D0000600001B18BF012002B070BD0020FBE736
:10F0E0000120F9E702890346183070B530F8125C48
:10F0F000C2F30E04C5F30E065540C5F30E0222B945
:10F100002A0402D50020188270BDB4421D8806D999
:10F11000DA7CA41B0532A41AA542A8BF25469A8909
:10F120000AB1845B2D1BA942ECDCDC7C033A19821A
:10F130000534324422441044E6E7F8B5038A002B34
:10F1400039D08B4237D3C48800F118038589C4F3C2
:10F150000E041E1995B91D55757085891E5B0D44E9
:10F160003144ADB285811953DAB1811DE2F7ECF873
:10F1700000238381002303820120F8BD1E5BAE4281
:10F1800004D040F201211420E1F7E0FCC57C033EED
:10F19000878A2644053535445E195F53857DB570F1
:10F1A000DBE7C27C2C44144402341A191B5B8382B3
:10F1B00093788375DEE70020DFE78388C2889BB2FF
:10F1C0009A4206D0428922B9C3F30E031833184479
:10F1D000704700207047C37C088802330B441360DB
:10F1E00070470230704738B58388C2889BB29A4214
:10F1F00009D043893BB9C5893DB9011DE2F7A4F89F
:10F20000C581012038BD0020FCE71846FAE70388D5
:10F210001380C388C3F30E031833034480890B6043
:10F2200070474A1E062A08B50346084604D84FF41C
:10F23000CD711520E1F78AFC11B903B1196008BD41
:10F240005BB1B1F5803F02D34FF4D671F1E71B6893
:10F2500000225A601A1D19811A600430EFE7026813
:10F26000002322B90381031D426003607047918827
:10F2700012680B449BB2F4E703464FF6F672A1F115
:10F280000800904270B504D94FF4E9711520E1F7F8
:10F290005DFC1868B8B1848802688C4214D03AB911
:10F2A0008EB206F10805ADB2AC4204D210460AE0B7
:10F2B00003461046EFE7425045181A68A41B12682F
:10F2C000AC8042501D6070BD1A60FCE700238A804C
:10F2D0000B6003680B600160704730B590B18478B3
:10F2E000B1FBF4F304FB131300EB430252898A428F
:10F2F00001D1D8B230BDC27822B900F10A03D0B230
:10F30000844201D8FF20F5E733F8025B0132A942BD
:10F31000F5D1EFE78278038805324B4303EB4203D4
:10F320001844704713B500230446CDE900338DF827
:10F3300006006846E2F70EFB08B102B010BD214698
:10F34000BDF80400E2F7E4FA0028F2D040F22F31D1
:10F350001720E1F7FBFB70B51E460D460A21FFF7AB
:10F36000F5FD0446324609212846FFF7EFFD20440B
:10F3700070BD03460068884209D1EFF3108272B66F
:10F38000186808B10168196092B962B6704758B937
:10F390007047884208D1EFF3108272B618680028CF
:10F3A000F2D001681960EFE7034600680028F0D149
:10F3B0007047F8B50346D51D5C0725F0070505F134
:10F3C000100003D066212220E1F7C0FB03F10804FE
:10F3D00013B11C609980DA8018350A460026013A7C
:10F3E00092B242B9013989B200FB015013B12260D7
:10F3F00062602272F8BD002BF1D027186660267279
:10F4000027603C46EBE70346EFF3108272B60068D4
:10F4100018B1016819600023036002B962B6704731
:10F42000EFF3108372B602680A60016003B962B636
:10F430007047012303707047F8B5054608461E461D
:10F440001146002814BF00240224FF23AB702B199F
:10F450001B7D012B04D001342B191B7D012B19D1ED
:10F4600005EB44073B8B3A8C9819904204DD002051
:10F470002C4438832075F8BD05EB8404324660685F
:10F480001844FEF7BBFE3A8B16443E83002301204E
:10F49000AB70F0E70020EEE7002910B514BF0023A1
:10F4A0000223FF218170C1180C7D012C07D10C3380
:10F4B00020F8132002230B750023837010BD013345
:10F4C000C1180C7D012CF2D04FF48B710920E1F7AB
:10F4D0003DFB024630B5837803F0FF00F3B9137D9E
:10F4E000022B19D0537D022B19D10346012089B17B
:10F4F0000024D5180C332C7522F81340131803245C
:10F500001C7502EB80035B680B6000F10C0332F8A2
:10F5100013308B80012002E00123E8E7002030BD9A
:10F5200030B58378E3B9837D022B17D0C47D022CDC
:10F5300016D1032381B1002205190C342A7520F855
:10F540001420C2180324147500EB83020C33526894
:10F5500030F813300A608B80012002E00324E9E7D1
:10F56000002030BD037D012B01D1008B7047437D0E
:10F57000012B0CBF408B00207047837D012B01D1F4
:10F58000808B7047C37D012B0CBFC08B0020704760
:10F59000038B23B9408B003818BF0120704701202E
:10F5A0007047838B23B9C08B003818BF0120704788
:10F5B00001207047027D022A01D1008B7047437DF4
:10F5C000022B01D1408B7047032AF6D0032BF9D0D0
:10F5D00000207047827D022A01D1808B7047C37D55
:10F5E000022B01D1C08B7047032AF6D0032BF9D030
:10F5F000002070472DE9F0410646069898460D46D2
:10F60000430711469DF81C7002D010F0030003D090
:10F6100025214C20E1F79AFA4FF48B72FFF7C9FECF
:10F62000002F06AB044600FB08F114BF002018466B
:10F63000FFF7F7FD17B9069B33602C60BDE8F0813A
:10F64000E2F7A0BB00EA400303EA430303EA4303F3
:10F6500003EA430303EA430313EA43030CBF012015
:10F660000020704708B5034610468B4209D03AB1D6
:10F6700083EA0100E7F7ECFB01288CBF00200120A2
:10F6800008BD0120FCE737B5002304460D46CDE94F
:10F6900000336846E2F75EF930B10023CDE900336C
:10F6A00001238DF8063011E0009B2A462046196A96
:10F6B000FFF7D8FF0028ECD003B030BD009B2A46EE
:10F6C0002046196AFFF7CEFF0028F5D16846E2F719
:10F6D00041F90028F2D00023CDE9003303238DF84F
:10F6E000063007E0009B2A4620461968FFF7BAFF5C
:10F6F0000028E1D16846E2F72DF90028F2D0002376
:10F70000CDE9003304238DF8063007E0009B2A463C
:10F7100020461968FFF7A6FF0028CDD16846E2F71A
:10F7200019F90028F2D00023CDE9003308238DF821
:10F73000063008E0009B2A462046D3F8C011FFF7A8
:10F7400091FF0028B8D16846E2F704F90028F1D00B
:10F750000023CDE900330A238DF8063007E0009B33
:10F760002A462046D3F8F410FFF77CFFE8B9684634
:10F77000E2F7F0F80028F2D000224FF43023CDE970
:10F7800000236846E2F7E6F830B10023CDE9003304
:10F7900009238DF8063014E0009B2A462046D3F852
:10F7A000F410FFF75FFF0028EBD0012084E7009BF7
:10F7B0002A462046D3F80C11FFF754FF00287FF4A7
:10F7C0007BAF6846E2F7C6F80028F0D0002073E768
:10F7D00070B523260025E7F719FB0446F7F768F90B
:10F7E00040B100212046FFF74EFF68B9254620466C
:10F7F000F7F794F9013E01D00028ECD035B940F27A
:10F8000015210F20E1F7A2F90020F3E7284670BD8B
:10F8100010F0FD0F14BF01200020704740687047B2
:10F820004068A8307047034600F001009A0748BFBF
:10F8300040F002005B0748BF40F00800704790F8B6
:10F840000033DBB290F8E6202AB913F0FB0F14BFA7
:10F85000012000207047002070472DE9F8438046C2
:10F86000B0F86260B0F864501746383089B3F4F7E6
:10F8700051FD04460221E5F74DFA8146022120465A
:10F88000E5F748FA4E45B8F8003028BF4E463B80B1
:10F89000B6B21B2E38BF1B26FB2E28BFFB26854287
:10F8A00028BF05467E80ADB21B2D38BF1B25FB2D22
:10F8B00028BFFB25B4F5A47F38BF4FF4A474FD80A6
:10F8C000B4F5296F28BF4FF42964BC803C81BDE8A2
:10F8D000F883ECF7D3FFCCE7002307B5CDE900337D
:10F8E00002238DF806306846E2F734F808B10020AC
:10F8F00004E00098EDF7E6F90028F4D003B05DF8D5
:10F9000004FB08B5F4F7CEFA0438C0B201288CBF66
:10F910000020012008BD13B5FFF7F3FF58B90023FD
:10F92000CDE9003302238DF806306846E2F712F87D
:10F9300040B1002004E0F1F7E1FE0028EFD0012003
:10F9400002B010BD009C2046EDF7BCF90028ECD0B9
:10F950002046EBF7FBF90028E7D0F0E707B50023D6
:10F9600040F6881201A9FAF7C1FD03B05DF804FB67
:10F97000F0B50278034601F10C0600250A7040F24A
:10F98000712C42784A7082788A70D0F80320C1F8CE
:10F990000320B0F80720A1F80720427A0720940737
:10F9A00081F84C0002F001004A7201F1240448BFC2
:10F9B0000130520744BF0130C0B2EAB2904208D8C9
:10F9C000012381F848300023A1F84A3081F84D30F6
:10F9D000F0BD03EB0512013557890CFB07F746F81C
:10F9E000047B97890CFB07F7B760D78924F8027B63
:10F9F000178AA780578A6781978A2782D78AE782E2
:10FA0000128BA283D9E72DE9F341002304460E4669
:10FA1000174600F10A08CDE900336846E1F79AFF7E
:10FA200008B1002015E0009DA542F6D03046EB1C41
:10FA3000FFF7EEFE3946AA78E3F7F0F90028ECD09C
:10FA400005F10A036A7A4146607AE3F7E7F900288C
:10FA5000E3D002B0BDE8F08108B5431E072B05D8FE
:10FA6000DFE803F00A0A0409040404094FF42271D0
:10FA70000620E1F76BF8032008BD08B5431E072BED
:10FA800005D8DFE803F00A0A0409040404094FF466
:10FA900022710620E1F75AF8032008BD10B504468C
:10FAA00038B1F8F725FC34EA00030CBF0120002030
:10FAB00010BD0120FCE707B5FFF723FF60BBFFF790
:10FAC0000BFF48BBF1F71CFF30BB0523CDE900005D
:10FAD0008DF806306846E1F73DFF30B10023CDE9EF
:10FAE000003306238DF806300FE00098403001F017
:10FAF00054FC0028EED003B05DF804FB009B586F67
:10FB0000503001F04AFC0028F5D16846E1F722FFA9
:10FB10000028F3D00020EEE70120ECE710B5044602
:10FB2000FFF7DAFE28B9FFF7ECFEC0B90124204642
:10FB300010BDF8F7B5FB68B1F7F704F90446EBF729
:10FB4000DBFA50B92046EBF7D3FA80F00104E4B2B7
:10FB500004F00104002CE6D1E9E70024F8E7F1F70E
:10FB6000EBFD431E5C425C41E1E710B503780446BF
:10FB7000012B10D1F1F7BCFBC0B9F1F707FDB8B10B
:10FB8000F1F716FDF1F704FE50B9A1886088BDE8D1
:10FB90001040F3F725BEF4F785F9052801D10C20B4
:10FBA00010BDF3F775FC0028FAD0F8E73A20F7E724
:10FBB0001220F5E770B505460C46EDF783F8F0B96D
:10FBC0002846EAF7CBFFD0B903212046E1F78AFEA9
:10FBD000064678B905212046E1F784FE054680B93E
:10FBE00002212046E1F794FE88B141F2B15139205B
:10FBF000E0F7ACFF403001F0D0FB0028EAD00C2049
:10FC000010E0403001F0C9FB0028E9D0F7E73EB131
:10FC100003212046E1F77CFE10B141F2B851E6E73E
:10FC20000DB9002070BD05212046E1F771FE0028C6
:10FC3000F7D041F2BF51DAE738B505460C462AB194
:10FC40001F2901D8002038BD1220FCE7E1F780FF12
:10FC5000A04211D32846EBF767FA08B11F2CF3D85E
:10FC60002846EBF729F848B121462846EBF74EF82D
:10FC70000028E7D14520E6E70720E4E74220E2E755
:10FC800038B50546EBF718F8E8B12846EDF71AF84D
:10FC900008B9002038BD2846ECF74EFC044628463B
:10FCA000ECF790FD88B9002CF3D02088E3F706F834
:10FCB00001212088E1F72CFE0028EAD041F2E27110
:10FCC0003920E0F743FF4220E4E70C20E2E7F0B5FB
:10FCD00087B00546008801A9E4F782FD04460028A4
:10FCE00040F0818001A8FFF79BFD029B93F8E9316A
:10FCF000003B18BF01238DF802309DF80430002B23
:10FD000074D1837F1F2B74D19DF8023083F00103DF
:10FD100003F001038DF8033090F872309B0603D492
:10FD20009DF80330002B68D0EB881B3B9BB2E02B87
:10FD300065D8298944F24810A1F5A4739BB2834287
:10FD40005DD86B881B3B9BB2E02B58D8AA88A2F5E4
:10FD5000A4739BB2834252D8B1F5296F51D8B2F542
:10FD6000296F4ED801A8FFF759FD029EFF2786F89C
:10FD700063719DF80230002B3DD19DF8041003AA59
:10FD8000B1FA81F14909FFF768FD6A88BDF81230C0
:10FD900040F6480CBDF814109342BDF80E0028BF81
:10FDA00013466145AA88A6F8683128BF6146EB88EA
:10FDB000984228BF1846BDF810306345A6F8640184
:10FDC000288928BF6346834228BF03468A42A6F893
:10FDD0006631134628BF0B46A6F86A3186F8627171
:10FDE000002386F86331204607B0F0BDC3689A0649
:10FDF0008AD423468CE73A24F2E71A24F3E7122444
:10FE0000F1E71124EFE72DE9F04385B00746884676
:10FE1000008802A9E4F7E4FC054650BB02A8FFF7FE
:10FE2000FFFC034602A8FFF7F9FC039E814696F803
:10FE3000FC2102F0FF051AB1B8F1020518BF012537
:10FE40009A7F93F87330232A43EAD3030CBFC5F19A
:10FE50000102002203F0010313433CD0BC7814B923
:10FE6000F8F746FA0446F878B8BBF8F741FA24B92F
:10FE70000925284605B0BDE8F0830028F8D099F898
:10FE8000752032B114F0020400F00200F0D0002816
:10FE9000EED0FF2286F86D21DDB996F86C2102F0D4
:10FEA000FF05B2B986F86F0101A986F86C8186F862
:10FEB0006E41BA888DF805004846A6F870218DF885
:10FEC0000440ADF80620E4F74BFF002386F86D31BF
:10FED000CFE73A25F9E71A25CBE7002CCFD1C7E7C2
:10FEE00008B5F8F7C1F9002008BD10B50446E8F7D9
:10FEF00017F82070002010BD10B5FFF70CFD044668
:10FF000030B9E8F707F82046E3F78CF9204610BD32
:10FF10000C20FCE710B503780446012B01D9122010
:10FF200010BDFFF7C8FD60B92078FFF771FC01280C
:10FF30000DD004F11703E21D611CBDE81040E3F78A
:10FF400027BBE3F7FDFE0028EED00C20E8E7A379FD
:10FF500003F0C003C02BECD0E1E710B503780446F2
:10FF6000012B0AD8FFF7A7FD48B9214611F8010B6C
:10FF7000FFF74EFCE3F734FD38B9122010BDE3F76C
:10FF8000DFFE0028F1D00C20F8E70020F6E738B5B6
:10FF90000546FFF7C0FC0446A8B92878012803D914
:10FFA000FF280BD0122038BDFFF732FC691CE7F7A1
:10FFB000BDFF002814BF00200720F4E70120E3F76D
:10FFC00031F92046EFE70C20EDE738B50546FFF79D
:10FFD000A2FC0446A8B92B78012B03D9FF2B0CD027
:10FFE000122038BD1846691CFFF712FCE7F7DCFF4A
:10FFF000002814BF00201220F3E7E3F713F920468E
:020000040102F7
:10000000EFE70C20EDE708B50088E3F79FFE002836
:100010000CBF3020002008BD38B50546FFF74BFD6A
:10002000044638B92878003818BF0120E3F782FE6B
:10003000204638BD0C20FCE708B5FFF73CFD18B999
:10004000E3F764FE002008BDE3F77AFE0028F7D04E
:100050000C20F8E7082303700020704703466FF078
:100060007001212210B50D2404700020DC70592489
:1000700059709A701C7158719971DA7110BD08210C
:1000800008B5E0F7D7FF002008BD73B506460C465B
:1000900000886946E4F7A4FB0546B0B9B3787BB99C
:1000A0006846FFF7BBFB90F87430A370338894F96F
:1000B00002002380E4F71CFFA070284602B070BD48
:1000C0007F20FFF74BFCA070F0E70225F5E710B5A5
:1000D00004466FF07F00FFF741FCE4F709FF207052
:1000E0007F20FFF73BFCE4F703FF6070002010BDAA
:1000F00010B50446E4F758FF00EB80035B00238053
:10010000E4F758FF00EB800300205B00638010BD24
:1001100010B50446F6F716FEEAF7E6FFE4F7E8FE48
:100120002070002010BD08B501220B4600F110011F
:10013000E7F77CFF002008BD10B50146044600200B
:10014000E2F750FE08B92060A080002010BD10B575
:100150000446F8F783F828B900202146E2F72AFE82
:10016000002010BD0020FFF7D9FC0028F4D10C209E
:10017000F7E710B504460120FFF7D0FC28B10120B5
:100180002146E2F717FE002010BD0C20FCE7F7B572
:100190000C46054669460088E4F722FBA11C02468E
:1001A000A8B96846FFF73CFB034600F1260783F831
:1001B0007A2038680860387908712888208093F898
:1001C0007A6006F0FF00002EF1D103B0F0BD0023ED
:1001D0000220C4F802300B7123706370F5E7FFF75B
:1001E00076BD1FB544F290228388934217D80288C7
:1001F000B3F5296FADF8042028BF4FF42963408878
:100200000A80ADF80600ADF80A0001A8ADF8083084
:10021000ADF80C30FFF75BFD05B05DF804FB122074
:10022000FAE737B50D466946E4F7DAFA044650B9FD
:1002300068462A46FFF7F2FA9DF80010B1FA81F1FC
:100240004909FFF70AFB204603B030BD03466FF0B3
:100250006F0100200A2299705870DA7058719971F4
:10026000DA7110B56FF004041C701C7110BD10B56C
:100270000446FFF720FC58B92078611CFFF7C8FA44
:10028000E279E4F7DDF8002814BF0020022010BD59
:10029000E3F756FD0028EFD00C20F8E7F7B5074646
:1002A0000D4600886946E4F79BFA0646B8B96846E9
:1002B000FFF7B4FA044694F8700084F87260FFF710
:1002C000CBFBA87094F87100FFF7C6FBE87094F8B8
:1002D000723003F0FF00002BEDD13B882B8003B080
:1002E000F0BD10B583880446022B10D8C078FFF704
:1002F000D5FB08B9112010BDA078FFF7CFFB00286F
:10030000F8D020460121BDE81040FFF77CBD122047
:10031000F1E713B58378C17803F00104027903F0A3
:10032000020351EA040C1DD052EA030C1AD0002C2F
:1003300018BF0021002B037818BF00228DF802108F
:100340008DF80320427843EA0223ADF80030437968
:100350008279684643EA0223ADF80430FFF7C1FF13
:1003600002B010BD1120FBE710B504460020F7F7DE
:1003700091FF2378012B13D16378012B03D9022B32
:100380000CD1A38853B1628862B1A38853B10A210A
:100390004A434FF4A0614B439A4203DB122010BD45
:1003A000002BFBD12046BDE81040FFF7DEBB07B5B0
:1003B000037800214278012B8DF800308DF8012060
:1003C000ADF80210ADF8041007D1012A07D868462D
:1003D000FFF7CBFB03B05DF804FB002BF7D0122036
:1003E000F8E708B5E2F718FA002008BD13B50C4687
:1003F0006946E4F7F5F930B9019B9DF80020B3F8A0
:10040000BC3012B9238002B010BD0133FAE730B519
:10041000052385B00024CDE902448DF80E3002A8F2
:10042000E1F798FA48B10025F3F73CFD05280FD015
:100430007DB90C24204605B030BD029C94F8A5304F
:10044000802BECD094F80931002BE8D10125EBE7A3
:1004500025B1FF2384F8A4300024EBE701A8F3F7CB
:1004600021FA04460028E5D1F0F754FFE2E710B581
:100470004FF6FF730446008886B0984217D004A94F
:10048000E4F7AEF9A8B904A8FFF7C8F9A389A288D0
:10049000029363896188019323890093E388F6F7C7
:1004A000D3FB002814BF0020302006B010BD002070
:1004B000ECE70220F9E7F8B50646FFF7D8FF054656
:1004C00030B901463088E1F70DFA044610B902252B
:1004D0002846F8BDFFF7B3F90028F8D094F81C338C
:1004E00003F0FF0543BBB088E4F778FC07460146FC
:1004F0000120E4F785FCB84220D241F64B539F42DD
:1005000005D8B4F8702040F202239A4218D1002393
:10051000A4F82003C4E9C937F279B37943EA022386
:10052000A4F82C33337A727A43EA0223A4F82E33E8
:10053000FF2384F81C33CBE73A25C9E71225C7E728
:100540000C25C5E713B50446E4F796FA00284CD00D
:100550002046FF24E4F748FD0023CDE90033684638
:10056000E1F7F8F950B300244FF40033CDE900432C
:1005700001246846E1F7EEF920B300204FF4403340
:10058000FF24CDE900036846E1F7E4F9F0B100216A
:100590004FF4A023FF24CDE900136846E1F7DAF910
:1005A000C0B100224FF41023FF24CDE90023684698
:1005B000E1F7D0F990B1002002B010BD009B83F8A4
:1005C0001443CCE7009B83F88240D2E7009B83F87A
:1005D0003440D8E7009B83F83440DEE7009B93F873
:1005E0003020032AE3D19C77E1E71220E4E713B53A
:1005F00000886946E4F7F4F80146F0B99DF8003048
:10060000019CA3B19DF80030012B09D1019A92F809
:100610002433DBB292F8E62072B913F0FB0F0BD053
:1006200094F873314BB9012384F8733105E0204607
:10063000FFF705F90028E5D10221084602B010BDF8
:1006400038B5002105460088E1F74CF9044660B34F
:10065000FFF7F5F878B394F8303343BB94F81A31C8
:10066000DB0726D5D4F85C312BBBD5F8023004F279
:100670003B32C4F83133D5F80630C4F835336B89D2
:10068000A4F8393305F10C031C3553F8041BAB42B5
:1006900042F8041BF9D104F24B300C21E0F7CAFCFC
:1006A0000123002084F8303338BD0220FCE73A20D3
:1006B000FAE71A20F8E70C20F6E7F0B589B004460F
:1006C00000200E46F7F7E6FD01AA234604F1180CB8
:1006D00017461868083353F8041C1546634503C5CC
:1006E0002A46F6D11B782B7000238DF81D308DF82B
:1006F0001E30237D022B0AD0637803F01803082BE9
:1007000005D031463846F7F719FB09B0F0BD122085
:10071000FBE710B5022104460078E1F7E3F820B1C9
:100720002178BDE81040FFF745BA422010BD13B54F
:1007300000200024F7F7AEFD0223CDE900448DF838
:1007400006306846E1F706F910B1204602B010BD48
:10075000BDF804100098FFF72DFA002818BF0446D2
:10076000EFE72DE9F341054690F80180022100787A
:10077000E1F7B8F80446002800F08780F7F790FD0D
:1007800008B32046EAF77EFCEE78864228BF06468C
:10079000B6B2B8F1040F5DD0E06CFEF7E3FE871946
:1007A000BFB2F7F77DFDB8B9EB7873B92046EAF729
:1007B00069FC874210D92046EAF7B6FC50B90720F9
:1007C00002B0BDE8F081EE78E3E72046EAF76CFC82
:1007D0000028EBD11220F3E7F7F762FD3946024615
:1007E0002046FFF729FA0028EAD1A8F10303012BDC
:1007F0002DD82046EAF798FC6B78032B2DD108F012
:10080000FD07012F3AD12046EAF78EFC002833D1AC
:10081000B8F1010F08BF02273A46E16C6846E1F7DC
:10082000AFF933466A680121E06CFEF705FE002847
:10083000C5D06B78023B012B07D8E06CFEF792FE27
:1008400001210246E06CFEF727FE0020B8E7002EEB
:10085000CFD1BFE7002ECCD0BCE70028BAD1042B03
:10086000CDD12046ECF72EFA0028B3D0E06CFEF78D
:100870008FFE0028C3D1ADE70027CDE7B8F1040F04
:10088000CFD12046EAF790FDDFE7422098E72DE937
:10089000F3470746467890F8039002210078E1F785
:1008A00021F8044600283BD0F7F7FAFC30B1204687
:1008B000EAF722FC002808BF4FF00009E06C1FFA9D
:1008C00089FAFEF75AFE00EB09081FFA88F8F7F7D5
:1008D000E7FC60B1F7F7E4FC414602462046FFF72B
:1008E000ABF9054668B1284602B0BDE8F087FB7851
:1008F000002BEFD02046EAF7FFFB0028EAD11225B3
:10090000F1E7042EFBD0032E10D0B9F1000FF6D082
:100910002046ECF7D7F938B10C25E4E704220EE0C5
:100920004225E0E70725DEE7012E0CD12046EAF755
:10093000FBFB0028F2D1012E0CBF06220522E16C40
:100940006846E1F71DF953467A680021E06CFEF72E
:1009500073FD0028E6D0023E012EC4D84246002195
:10096000E06CFEF799FDBEE713B50446F6F7EAF929
:100970004FF440736846ADF8003000238DF8023024
:1009800014F8013B8DF803300194FFF780FF02B0AB
:1009900010BD13B504460020F7F77CFCE378FB2B71
:1009A00013D82278043468468DF803308DF800207F
:1009B00014F8022C8DF8022014F8032C01948DF801
:1009C0000120FFF764FF02B010BD1220FBE710B555
:1009D00004460020F7F75EFCE1F7BAF8208000201B
:1009E00010BD10B504460020F7F754FC0220E0F7D4
:1009F000F7FE2070002010BD73B504460020F7F705
:100A000049FC6378F3B10025EBB202219E0004EBB0
:100A100083039878E0F766FF40B32378012B0AD16F
:100A2000B11C2144F6F744FB38B901356278EBB2CA
:100A30009A42E9D801E013B1122002B070BDFFF76D
:100A40001FF9F1E72378002BF6D1CDE9003302231B
:100A50008DF806306846E0F77DFF08B10020ECE72E
:100A60000098FFF70DF90028F4D0E6E74220E4E70C
:100A700038B5022105460078E0F734FF0446A0B1FE
:100A8000ECF720F928B92046691CEAF7E3F90020C1
:100A900038BD2046EAF730FB08B10C20F8E72046C5
:100AA000EAF726FB0028F8D1EDE74220F0E713B57E
:100AB0000446F6F747F9684614F8013B8DF8033011
:100AC0004FF440730194ADF8003000238DF80230EC
:100AD000FFF747FE02B010BD13B504460020F7F73C
:100AE000D9FBE378FB2B13D82278043468468DF8C1
:100AF00003308DF8002014F8022C8DF8022014F831
:100B0000032C01948DF80120FFF72BFE02B010BDDD
:100B10001220FBE773B50546F6F714F904462B7867
:100B200063B100230DF1010101208DF80030E2F7DF
:100B300059F918B16846FFF79BFFA0B90026204677
:100B40008DF80060EAF7DCFAB0428DF8036014BF5C
:100B500080233346ADF801302B78012B05D169464F
:100B60002046F6F7A5FA02B070BD1BB92046FFF784
:100B700087F8F8E71220F6E710B50121044600884F
:100B8000E0F7B0FE20B1A11CBDE81040EDF7E6BFD4
:100B9000022010BD08B501210088E0F7A3FE20B1B6
:100BA0000021BDE80840EDF7D9BF022008BD37B5E8
:100BB00005460C4600886946E3F712FE034638B93D
:100BC0006846FEF72DFE2A882280B0F84C2062800D
:100BD000184603B030BD2DE9F341438804460E4664
:100BE000EBB169460088E3F7FBFD054698B9238819
:100BF00068463380FEF714FE07466846FEF70EFE91
:100C00000646D6F81C80384662884146E3F7DAFD8E
:100C1000F3694345F5D1284602B0BDE8F0811225BD
:100C2000F9E713B500880C460880694680B2E3F7FF
:100C3000D7FD034620B96846FEF7F2FD427EA2705A
:100C4000184602B010BD10B50C460121E0F74AFE6F
:100C500088B1022C11D804F00103C4F3400480F8D9
:100C6000ED3280F8EC4223B190F8EA323BB1EBF779
:100C700011FE002010BD0220FCE71220FAE7184602
:100C8000F8E710B504460078FF280AD00221E0F703
:100C900029FE58B16378A27843EA0223C384002076
:100CA00010BDB4F80100ECF711F8F8E74220F7E7BF
:100CB00010B504460078003818BF0120F3F720FB78
:100CC0002078003818BF0120EBF7A4FD002010BDEC
:100CD00010B50446F7F7E4FA50B1F6F733F8617847
:100CE000C1F3400201F00101EAF762FB002010BDF0
:100CF00002212078E0F7F6FD0028F0D14220F6E747
:100D000038B504460D46F7F7EDFA830001D40C2000
:100D100038BD20460821E0F7E5FD044648B1F5F767
:100D20002DFD0028F3D02A462146BDE83840F5F7CE
:100D30008BBD0220ECE703880B80817898B2FFF727
:100D4000DFBF0820F7F7B2BA0B20F7F7AFBAF5F715
:100D50002FBCEDF77BBF10B5044604B910BD236866
:100D600098476468F9E703680BB9016070471A4651
:100D70005B6813B18A42FAD170478A4218BF51604A
:100D8000704708B5EBF7DCFB20B14FF48C71012004
:100D9000DFF7DCFEE9F7F8FE10B140F21D11F6E7CF
:100DA0000220BDE80840FEF7BDBA08B50120FEF7F5
:100DB000B9FA0020FEF7B6FAE0F75AFEE1F772FF43
:100DC000E1F7E4FA18B1FA210120DFF7BFFE08BD10
:100DD000FFF7EBBF08B5FFF7D4FFEDF7FDFC20B13F
:100DE0004FF499710120DFF7B1FE08BD08B5F2F7A5
:100DF000DBFB20B14FF4AB710120DFF7A7FEF3F767
:100E000079FA10B140F25711F6E7F6F785FAF0F7E4
:100E100099FABDE80840F3F717BC08B5FFF7E6FFFD
:100E2000F5F788FA20B14FF4BE710120DFF78EFE8E
:100E300008BDFFF7BABF08B5F0F7F0FAF7F770F999
:100E4000F7F780F9F5F778FABDE80840E5F704BB55
:100E500010B5C378044691B163B90388012B01D959
:100E60005B082380E5F7BAFF2388B0FBF3F202FBAF
:100E70001300A070E37883F00103E37010BD002B32
:100E8000F8D10388FE2BEDD85B009BB2FF2B88BF07
:100E9000FF23E6E783780BB1013B83708078B0FADB
:100EA00080F0400970470123038040F20113438022
:100EB0007047F9F7F9BC0B46152203F8032BD0F85D
:100EC0000920C1F80320427B1A717047012804D120
:100ED000012914BF002001207047022801D10229F6
:100EE000F7E7042801D10429F3E70020704730B563
:100EF00085B004460D46E5F735F978B3A4F5FA74E4
:100F000002A92088ADF80000E3F76AFC18B12E2191
:100F10007E20DFF71BFE039B0221684693F86C20BE
:100F20008DF8022093F86D20B3F86E308DF8032011
:100F3000ADF80430FEF767FF08B14421E8E78DF80B
:100F400008009DF808308DF80900002063F30700C1
:100F50009DF8093063F30F2005B030BD36232B70A8
:100F6000D4F80930C5F8033004238DF80830E8E7D9
:100F700010B544680021037894F8C52004F1A80056
:100F8000E3F70CFE18B986217E20DFF7DFFD212371
:100F900084F8C53010BD034610F0010007D19A0750
:100FA00004D413F0040018BF0820704702207047D3
:100FB00030B5C1F3072285B0CCB2C0F30723C5B268
:100FC000019011462046FFF781FF20B919462846B7
:100FD000FFF77CFF10B32B40234002EA03010B46CE
:100FE00088071FD411F0010203D111F0040218BFC9
:100FF0000822990718D413F0010003D113F004005C
:1010000018BF0820082A04D1BDF80630012B08BFFC
:101010000422D2B242EA002005B030BD05EA020146
:101020002340DDE70222E4E70220EBE72DE9F84F59
:101030008946054608469046E5F75AF882464846EE
:10104000E5F75AF88346FFF7A6FF06465046FFF736
:10105000A2FF46EA00070446FFB2003F18BF01277F
:10106000F7F746F900EA0B00C0B2002808BF0026D7
:10107000F7F73EF900EA0A0095F87020C0B20028A0
:1010800008BF0024B24214BF3346002388F8003062
:1010900095F87120A24208BF0024234388F801403C
:1010A0000CD14846E5F72EF8B5F8BC30DB431844C0
:1010B00047F6FD7380B2984288BF0027BEB995F805
:1010C0007000FEF7DAFC03280ED195F86C31012B85
:1010D0000AD1B5F8702195F87030012A09D1042B96
:1010E00009D0042388F800303846BDE8F88F082E70
:1010F000EAE7082BF8D00823F4E7082905D10128EE
:101100000CD10421138051807047042906D1012895
:1011100004D00821012013805180704700207047BF
:10112000012805D0022803D010F00C0018BF0420BD
:1011300070477FB54468CDE900211146019894F8C5
:10114000706094F87150FFF733FFC3B2C0F307200B
:101150009E4208BF0023854208BF002084F81A334E
:1011600084F81B0304B070BD73B5002344680546C2
:101170000E4694F8C620194604F1A800E3F70EFDC8
:1011800000285AD094F8C530253B022B2BD901A852
:10119000E1F7D6FD014628B1019B0DF10301DB7893
:1011A0008DF803300DF10203162294F8C500E5F71F
:1011B000F7FE78B19DF8022016212846E5F7D8FE03
:1011C0003023002084F8C6300123A4F8060184F8F7
:1011D000083109E03046E4F771FF38B93146284656
:1011E000E5F714FF00E0202002B070BD337903F072
:1011F000070384F86830737903F0070384F86930D3
:1012000094F86D319BB994F86C31012B0FD094F8A0
:10121000682094F871309A420BD194F8692094F8C0
:1012200070309A4205D16B68022283F86C21232327
:10123000C7E72846F7F7AAF8F9E70120D4E7F8B599
:10124000446805460E46012304F1A8070B2194F8D3
:10125000C6203846E3F7A2FC014608B12020F8BDBD
:10126000012394F8C6203846E3F798FCC8B394F8F5
:10127000C530262BF2D03046E4F720FF28B931469E
:101280002846BDE8F840E5F7A5BE737903F00703EB
:1012900084F86930337903F0070384F8683094F8F0
:1012A0006D3193B994F86C31012B0ED094F868200D
:1012B00094F871309A4210D194F8692094F8703003
:1012C0009A420AD1022384F86C312323284684F8F9
:1012D000C630E5F731FE0020C1E72846F7F756F89B
:1012E000F3E70120BBE7436837B593F8C530044600
:1012F0000D46212B26D10846E4F7ECFE616868B95B
:10130000A1F81A0363680122002083F80421252232
:10131000A3F8000183F8C52003B030BD2A7900206E
:101320006B7902F00702ADF8060003F00703D1F86D
:101330006E118DF8042020468DF80530019AFFF7D4
:10134000F8FEDFE70120E7E710B50C460921E08D44
:10135000E0F7C8FA10B1FF2380F89E30A06820B9EA
:101360004FF4E9710A20DFF7F1FBBDE81040FEF70A
:1013700060B870B50E4603210546E0F7B3FA04469F
:1013800048B905212846E0F7ADFA20B116B190F82A
:10139000BD3003B90446204670BD037C0BB9002064
:1013A0007047037C012BFAD0007C073818BF01205E
:1013B000704708B5027C012AD3B204D0FFF7EDFFD5
:1013C00000F0010008BD1846FAE738B50446FFF7FB
:1013D000F0FFD8B1237C022B16D0257CEB1E5D429A
:1013E0005D41012907D1072320792374FBF726FEED
:1013F0002079FCF76BFA012323743DB104F120003E
:10140000BDE83840F3F73AB90125EAE738BD10B531
:101410000446FFF7CEFF70B120460121FFF7D5FF4C
:101420002079FBF737FA20B94FF401710B20DFF771
:101430008DFB00232374002010BDFFF785BF007DC6
:10144000A0F1FF0358425841704708B58B6F6BB14C
:1014500091F8523053B98B6F01211888E0F758FA90
:1014600020B140F245111E20DFF770FB08BD1D239F
:1014700010B50446C370F6F761FF207110BD1E233E
:1014800010B50446C370F6F759FF207110BD70B552
:1014900004460025666BA06D1EB9E0F76BFCA665DF
:1014A00070BD616B0B6863630D704D708D70CD7096
:1014B000FDF7B6FFEEE70B460146986DFDF7B0BFAE
:1014C00010B50446E06B28B103682146E363FFF7DB
:1014D000F2FFF7E710BD10B5044690F828301BB1B5
:1014E00000F12801F8F770FF94F84D3023B104F1B2
:1014F0004D012046F8F768FFA36D3BB12046FFF78A
:10150000DFFF2046BDE81040FFF7C1BF10BD70B53A
:1015100004460025666A16B9A16D59B970BD616AA5
:10152000606D0B6863620D704D708D70CD70FDF74E
:1015300077FFEFE7606DFDF773FFA665EEE7436D9C
:1015400010B5044633B1FFF7E2FF606DE0F70AFC27
:101550000023636510BD10B50446F8F751FF20461F
:10156000BDE81040FFF7D3BF10B50446F8F748FFB9
:10157000002384F8203010BD10B50446F8F740FF72
:10158000002384F8503010BD10B5044690F8203088
:101590000BB1FFF7E9FF94F8503013B12046FFF785
:1015A000EBFF2046BDE81040FFF7C9BF00F03EB892
:1015B000801A00F3070038B50D46144659B240B200
:1015C000F8F7D8FF0023287020446C7040B2AB704D
:1015D00038BD002070474FF0FF3070474FF0FF30AC
:1015E000704770477047002070474FF0FF307047DA
:1015F0000020704790F90030002B14BF6FF01500E9
:10160000002070470023037070470022FFF7D0BF0F
:10161000002070474FF0FF3070474FF0FF307047A9
:101620004FF0FF307047002303707047704770B56C
:101630000024F8F7ADFF05462646E0B2854200D803
:1016400070BDF8F7ABFF0134868480F82660F4E7BC
:101650007047FCF7A5BC704720BF704700280CBF3F
:101660006FF01500002070470020704707230370BB
:1016700000207047002070470020704710F8012BB1
:1016800011F8013B012A28BF9A42F7D0D01A7047BF
:10169000014805F02FBA00BF8806002138B5094D72
:1016A0004FF0FF324FF0FF33284607F064FD044649
:1016B00001F016FC10B1204601F0E8FC05F074FEC4
:1016C000EEE700BFB80600210346F7B5064613F85B
:1016D000010B0D46022801F1FF322ED0052846D01D
:1016E000012855D1022A53D903220020CDE9003226
:1016F0000022002301F0B8FB0446002848D0F3780C
:10170000043D9D4204D003B0BDE8F04001F0BEBCF2
:1017100000F10C07384607F04EFD854201D92046FE
:10172000F1E72A46311D384607F033FD21461948B6
:1017300003B0BDE8F04007F020BD032A28D90422F9
:10174000CDE900320022002301F08EFB0446F8B1FF
:10175000B6F80330053D9D42D5D104F10C0738465B
:1017600007F029FD8542DAD82A46711DDBE7032AF6
:101770000ED904200022CDE90030002301F074FBD3
:10178000044628B1B6F80330053DC3F30D03E2E784
:1017900003B0F0BDB806002170B5284888B001F04C
:1017A000A9FB00220023CDE9062300236FF00802E5
:1017B000CDE90133CDE9032300934FF4C062204B00
:1017C0002049214805F034F820491F4808F056FE0A
:1017D0001F4807F029FA1F4A1F491D4807F032FA2F
:1017E0004FF0FF324FF0FF331C4805F0A9F9134DBD
:1017F000194E4FF0FF324FF0FF33284607F0BBFC85
:10180000017E0446032906D0052905D0012910D000
:1018100001F03CFCEDE7022104F10C0007F0C2FCF2
:101820003046228AE16807F021FA002803DB2046CF
:10183000EEE70421F0E705F0B7FDF1E7A00600218F
:101840009D160201B83B0021A01A002122BA020114
:1018500000AF020110050021383800218806002160
:10186000014B1B68184700BF28050021014B186079
:10187000704700BF2805002130B585B004460D46ED
:1018800010220021684609F011FA02238DF8023077
:10189000044B2A4621466846019306F0C5FB05B075
:1018A00030BD00BF6118020180B505460E461746DF
:1018B000984605F015FE034609F094FA0446DFF851
:1018C0001890424649F8003039463046A84754F847
:1018D000090000F0F1FD00BF080000002DE9F0470D
:1018E000058B04462807904611D4022905F0070508
:1018F00040F0CD80204607F0AEF878B10138218B5A
:10190000042811D8DFE800F0C3106D859500012987
:101910000CBF45F0100545F02005258388F311889C
:10192000BFF36F8FBDE8F08701F0070AAA4500F00A
:10193000A6800027B9463E46A368002B00F0BD8074
:1019400041F00801218388F31188BFF36F8FA168EC
:10195000002900F0BB800D68002900F0B7803346F5
:1019600052462046D1F80480C047002D76D02B681F
:1019700029461D46F0E701F007035A1F012A1BD82C
:10198000002221F00701062B276889B2C4E9002252
:1019900009D13B4603E0628B013262831B68002B56
:1019A000F9D141F002012046218307F054F80028C4
:1019B0007BD041F0200177E0042B0AD121F0070110
:1019C00089B22046218307F046F810B141F020018A
:1019D0002183218B01F0070AAA4550D00027B94680
:1019E000AAE7236921F0070141F00601062DD3F88B
:1019F000009021832DD1B9F1000F40D041F00801B2
:101A0000218388F31188BFF36F8F20463949C84777
:101A100029E021F00701236941F0040189B2042D76
:101A2000D3F804902183E6D000274FF0040A3E4605
:101A300082E721F00701236941F0050189B2052DF4
:101A4000D3F808902183D6D000274FF0050A3E46F0
:101A500072E700274FF0060A3E466DE72B4687E700
:101A6000B9F1000FD1D14FF04003EFF3118883F3A8
:101A70001288BFF36F8F238B23F008032383258BFA
:101A8000EA062ED525F01003238305F007056669C5
:101A9000218B002EBFF66FAF00232768C4E9003307
:101AA00021F0070141F001012183218B4FF0000952
:101AB00001F0070AAA457FF43FAF002F9BD041F009
:101AC0000801218388F31188BFF36F8F002FC7D0DF
:101AD0003D68394633465246204606F0E8FF2F4619
:101AE000F4E7AB067FF51AAF25F02003238305F05A
:101AF0000705FFE6DB8A020130B50C460E4985B0CA
:101B00000291D0F8AC110546CDE9003100F1E001B9
:101B10004FF0FF33204604F015FB50B9012384F841
:101B20006430D5F8A83123B1204605B0BDE8304077
:101B3000184705B030BD00BF8F8D020138B50C4687
:101B40001146054607F025F9034638B928460449E9
:101B500007F01FF903460020236038BD0120FBE792
:101B600031BC02012DE9F04F012381460569466829
:101B700085B005F55977D7E8EF2F002A03D1C7E8DC
:101B8000E13F0029F7D10CBF1A46002240F0B18096
:101B9000B368B16A05F5E4781C1F104607F07EF9BA
:101BA00084425FD8013A00F09E80B2FA82F24FF090
:101BB0000044D44072682046073222F00302C5F880
:101BC0006022B16A07F06AF9C5F86402B36A404658
:101BD0006343033323F0030302EB4302230103EBCC
:101BE0004403093323F0030303EBC403C5F858226D
:101BF0001A440832C5F854227368C5F85C42C5F827
:101C000050323D4BC5E9A963316800F0DFF9044665
:101C100030BBD9F804A0D9F81090DAE9073409F5F7
:101C2000307B012B584608BF103C08F03DFD0023D7
:101C3000DAF8240031494FF4806201EB80210093EF
:101C40005846234605F0DCF809F52C702C4908F0BD
:101C5000E1FCDAF8140083685C682CB96FF0570473
:101C6000002139E0013298E74B46264ADAF818108D
:101C7000A04704460028F3D1DAF8140083681B69F2
:101C8000002BEBD00122DAF8181098470446002800
:101C9000E6D11D4B2846C5F8A8311C4BC5F8AC3120
:101CA0001B4B0393D5F810320293D5F80832CDE9D7
:101CB0000083D5F86832B26AD5F8601300F04EF9A7
:101CC00004460028CCD105F1E00004F0E9FA002830
:101CD000C5F868030ADB0221384607F08FF8204672
:101CE00005B0BDE8F08F6FF00B04B9E76FF0150495
:101CF000B6E76FF07704F2E7E58D0201B841002105
:101D0000CB8D0201BF8D0201151D0201738F0201EF
:101D10002D8E020113B5044640B100230122CDE906
:101D20000032074BD0E9091204F0C0F9A36E1B681A
:101D300023B1E06E02B0BDE81040184702B010BDFC
:101D400031BC020113B504460846216901F55971F9
:101D5000D1E8AF1F022910D193B1A0B10121CDE983
:101D600000311346D0E9091204F0A0F9074B98425C
:101D700008BF6FF00B0002B010BD6FF00F00FAE764
:101D80006FF04C00F7E76FF00100F4E72EF8FFFF6B
:101D90002DE9F74388461546066906F55973D3E8D9
:101DA000AF3F022B5FD1136823B96FF0150003B06A
:101DB000BDE8F0831B78002BF7D0D6F86093B9F11B
:101DC000000F33D106F5D8774FF0FF324FF0FF33D5
:101DD000384604F0E1FD30462A6801A9FFF7AEFE5F
:101DE000019C1CB9384607F007F8DEE705F1080347
:101DF000A3666B6984F86490E366E46360B1384677
:101E000006F0FAFF21463046236E2A68FFF774FE7B
:101E10000020C8F80040CAE72022296804F14000E9
:101E200008F06EFF384606F0E7FFF1E730460F494D
:101E300006F0AFFF04460028B7D005F1080383661B
:101E40006B69C063C366002380F864302022296870
:101E5000403008F055FF22460121304600F060F87E
:101E60000028D5D0A1E76FF00F00A0E731BC020138
:101E700010B50C46006900F55973D3E8AF3F022B4B
:101E80000FD189B10A4900F52C7008F0F1FB20460A
:101E900008F038F870220021204608F007FF0020E3
:101EA00010BD6FF00F00FBE76FF00100F8E700BF17
:101EB000403800212DE9F04F05460E469046002798
:101EC000D0F8B0A085B0AAF5AE7421463046FFF731
:101ED000D5FBE0B9114BA4F1400B0293DAF81030B6
:101EE0003246CDE9008329464FF0FF335846AAF524
:101EF000CE7904F027F960B97023012203FB079320
:101F000083F86420DAF80C300BB1584698477034E7
:101F100017B105B0BDE8F08F0127D6E7A18F020108
:101F20001FB5144690B18AB1012912D10A4B00F1B4
:101F3000E0010293D0F8AC31403201934FF0FF330F
:101F40002046009304F0FEF804B010BD6FF01500B9
:101F5000FAE70020F8E700BFA18F02012DE9F04366
:101F600087B00E46DDE90E811446DDE910251F46D7
:101F700030B329B3DFF850C000F1E009002D08BFED
:101F800065469EB9CDE9034400F5CE74204605961A
:101F900008F0DDF903ABCDE900432A463B46414654
:101FA000484604F0A3F907B0BDE8F083002241469B
:101FB0000E9248462A4607B0BDE8F04304F0C2BA84
:101FC0006FF01500EFE700BFB51E0201F0B50E4639
:101FD000044689B000286FD001230246C363002362
:101FE000D0F89810364F403040F80C7C42F8301F43
:101FF000CDE901334FF0FF330093C36D07F067FC69
:10200000304A06AB92E8030083E80300184603F069
:102010005FFF0546D8B904F1340003F03BFF0546E5
:10202000A8B93946284805AA07F02DFC054670B91D
:10203000059B9A6872B10C33D4F89400C4F8A030B0
:1020400006F0DFFFC4F8D40030B96FF00B05284666
:1020500009B0F0BD0346EFE7D4F8940006F0D1FFD5
:10206000C4F8D8000028F0D0D4F88C30D4F8A010F0
:10207000C4F8A8300423C4F8AC30C4F8C430022338
:10208000A362124BB4F89420D4F8D470C4F8B810FA
:10209000C4F8D010D4F89010236204F1A403A4F87B
:1020A000B020C4F8A470C4F8C010A4F8C820C4F8C4
:1020B000BC00A661E362CAE76FF01505C7E700BF81
:1020C0003DBA020110B0020147BA020114B7020181
:1020D000014B03600020704740B7020130BFFFF79B
:1020E000FDBF00BF114B124A2DE9F041D518013D4B
:1020F000B5FBF3F5DFF83C805D430F4B074608EB7B
:102100000304013CB4FBF3F403FB04540E1B304600
:102110000A4908F0BEFD701942460021083E08F049
:10212000C5FD7E6704F10800BDE8F08101000000F4
:1021300000000000040000000400000004B00201E0
:10214000044B99685869884203D003494FF0805284
:102150000A607047803A002104ED00E0154B9A6A4E
:1021600012F0007F9A6A14BF1E201D2012F0807F9B
:102170009A6A18BF1F2012F4801F9A6A18BF0220A3
:1021800012F4002F9A6A18BF212012F4802F9A6A45
:1021900018BF222012F4003F9A6A18BF232012F4BD
:1021A000803F9A6A18BF24206FEA02426FEA124207
:1021B0009A62704700ED00E010B5164B9A6A9C6A6F
:1021C00012F4805F14BF1722162214F4006F9C6A69
:1021D00018BF1822A40509D59A6B9A6A120404D56F
:1021E00018B19A6A22F400429A621922094B986A3D
:1021F00010F4806F986A18BF1A2210F4807F986AD2
:1022000040F47F4098624FF000030CBF10461B2043
:102210000B7010BD00ED00E010B5154B0246986A3A
:102220009C6A10F0100F14BF1120102014F0080F3A
:102230009C6A18BF1220A40709D5586B986A00063B
:1022400004D51AB19A6A22F080029A621320084BD0
:102250009A6A12F0010F9A6A18BF1420D20658BF6A
:102260009A6A9A6A42F0FF029A6200230B7010BDCC
:1022700000ED00E0F0B5474B04465B6800258BB0ED
:10228000C3F3080385F31188BFF36F8F02F07F401B
:10229000B0F17F4F11D102F00C0008280DD01007CB
:1022A0004CBF0C4601250022033B8DF80720032B71
:1022B00005D8DFE803F02462665F2C46F3E70023CD
:1022C0009DF80720CAB902AE04F120073246206803
:1022D0006168083403C2BC421646F7D1099A002D42
:1022E00053D0C2F3080121B96FEA52226FEA4222A9
:1022F0000992184602A906F0C2FE0BB0F0BD254BAC
:10230000DA6A9107DBD4DA6A002AD8DBDA6A52008B
:10231000D5D55A69A16942F480725A61BFF34F8FD3
:10232000BFF36F8F5A6931F8021C22F480725A6130
:10233000BFF34F8FBFF36F8F4DF60272914209D0FA
:102340009A6AD2B242B101200DF10701FFF764FF92
:102350000346B5E72368B3E79A6A12F47F4F05D0C6
:1023600001200DF10701FFF727FFF1E79B6AB3F5A5
:10237000803FA4D3FFF7F2FEEAE700200DF107014A
:10238000E4E700200DF10701EDE722F4FF7222F0EF
:102390000102ADE700ED00E0044B5A6942F0100283
:1023A0005A615A6942F480625A61704700ED00E058
:1023B000EFF30880EFF3098101B57246FFF75AFF8A
:1023C00001BD00BF002080F31488BFF36F8F002091
:1023D00080F30A8880F30B8800F01AFD00200E4974
:1023E0000860BFF34F8F0D4880F3088800F03EF877
:1023F000402080F311880A484FF40061401880F3B0
:102400000988EFF314800221084380F31488BFF396
:102410006F8F00F00DF9000094ED00E040580021AE
:10242000404D0021BFF34F8F0549064BCA6802F4A7
:10243000E0621343CB60BFF34F8F00BFFDE700BFE7
:1024400000ED00E00400FA05002318460649D1F823
:102450009020C2F30722934200DB7047C1F8983006
:10246000C1F8A0000133F6E700ED00E010B572B648
:10247000002484F31388FFF7E7FF23464FF0FF3073
:102480000C4A03F120010133102B42F82100F8D14E
:1024900000234FF0FF30074A03F160010133102B96
:1024A00042F82100F8D162B6BFF34F8FBFF36F8FB0
:1024B00010BD00BF00E100E0084B9B6883420BD1D8
:1024C000EFF3058343B1064B5A6842F080525A60DD
:1024D0005A6A22F400425A6208F0DAB9803A0021BE
:1024E00000ED00E06FF00A01084A9368D9670849D7
:1024F00098674B6843F080534B60002383F3118847
:10250000BFF36F8F9368D86F704700BF803A002188
:1025100000ED00E016498A684FF030001044EFF3F8
:10252000098C80E8F01F402080F31288BFF36F8F82
:10253000104F4FF000664A698A603E604FF07404A5
:10254000141920680C4C2060906F0023936780F36F
:10255000118802F1300090E8F01F8CF3098802F135
:10256000000004B506F09CFDBDE804407047000083
:10257000803A002104ED00E0683800211EF0040FCD
:102580000CBFEFF30880EFF30980816911F8021C9A
:102590000229FFD001B506F074FD01BD40B200284C
:1025A00007DB01234109034A00F01F00834042F882
:1025B0002130704700E100E040B200280CDB01222E
:1025C0000649430900F01F008240203341F82320D0
:1025D000BFF34F8FBFF36F8F704700BF00E100E084
:1025E000054B420953F82220012300F01F0003FA93
:1025F00000F01040704700BF00E100E0D30748BF83
:10260000002140B258BF02310028ACBF00F1604049
:10261000064A4FEA4113DBB2ABBF00F5614000F060
:102620000F0080F800331354704700BF14ED00E032
:1026300008B5084B084A23F07F039360BFF34F8F20
:10264000BFF36F8F03F0EAFF04F062FF00F084F83D
:1026500004F02EF80000000100ED00E042F8203CFC
:10266000009B0B4942F81C3C019B21F0010142F800
:10267000183C029B42F8081C42F8143C4FF080734F
:1026800042F8043C0023203A02658367704700BF8C
:10269000A91802010A4B446F98600A4B1C60436EF4
:1026A00083F30B88104681F30988002163B681F318
:1026B0001188BFF36F8F00220023FFF7F5F800BFEA
:1026C000803A002168380021014910220A607047D1
:1026D00010ED00E001B500F0C5FABDE8014072B6AA
:1026E000404080F31188BFF36F8F01B500F038FBD5
:1026F00000280AD0BFF34F8F30BF00BF00BF00BF1C
:1027000000BF00BF00BF00BF00BFBDE8014062B610
:10271000BFF36F8F704700BF01B500F0A3FABDE8AB
:10272000014072B6494081F3118801B500F018FBF1
:1027300000280AD0BFF34F8F20BF00BF00BF00BFEB
:1027400000BF00BF00BF00BF00BFBDE8014080F375
:10275000118862B6704700BF002340210348C218A9
:1027600001331E2B82F80013F9D1704700E100E01D
:1027700001B5EFF30580A0F110004FEAC000044955
:10278000014409C99847BDE80140024908470000D3
:1027900014AF0201412102011FB5094C094A234629
:1027A0000121094800F0EAF800230393074B0121B7
:1027B000E41A01A80193029400F0EAF804B010BDF5
:1027C000000001210000002140B70201580700214C
:1027D00010B50C7A0B6804F01F0223F01F031A4394
:1027E000CB68640923F01F03054943EA440343F01F
:1027F0000103C1F89800C1F89C20C1F8A03010BDB9
:1028000000ED00E02DE9F04F0F46144606464FF06C
:1028100000084E4D85B0B84580F29480D6F80490FB
:10282000B9F1000F36D0B9F11F0F40F2898019F0CD
:102830001F0F40F08580D6F800A01AF01F0F7FD13F
:10284000504606F031FC834609EB0A00013806F0D9
:102850002BFC834574D11BF1160F71D05C456FDDE5
:10286000C5F898B0D5F89C10C5F898B0D5F8A03048
:1028700021F01F0143F01F0AD6E900321A449942A1
:1028800002F1FF391ED1CA4508D131465FFA8BF0FB
:1028900006F013FC08F101080C36BCE73146C5F818
:1028A00098B0D5F89C3022F01F0203F01F031343A9
:1028B000C5F89C30E0B206F000FC10F1160F3FD0D6
:1028C000441CE7E7C5F898B0D5F8A020013B23F0F9
:1028D0001F0302F01F021343CA453146E0B2C5F898
:1028E000A030E8D006F0E9FB10F1160F28D0C5F8AB
:1028F00098B0D5F89C209DF808300AF1FF3A62F3B1
:1029000004038DF80830D5F8A0309DF808205B0846
:1029100063F347128DF80820D6E900321344009380
:1029200023F01F03411C5344A3EB0903C8B223F057
:102930001F030728039303D86946FFF749FFBFE742
:102940006FF01504204605B0BDE8F08F00ED00E003
:102950000522044BC3F89420BFF34F8FBFF36F8F52
:10296000704700BF00ED00E0BFF35F8F0022024B15
:10297000C3F89420704700BF00ED00E010B5034C91
:102980002278FFF73FFF207010BD00BFB83A00214A
:102990002DE9F74F294D8A4606464FF00008AB4611
:1029A000274FD0451BDAD6F80490B9F1000F3FD07D
:1029B00031680846019106F077FB0199044609EB5E
:1029C0000100013806F070FB84424FF014021D4BE9
:1029D00008D002FB08F36FF015024BF8032003B098
:1029E000BDE8F08F14F1160F2C60F8D01978A142D1
:1029F000F5DD02FB08B0C7F89840C7F89840D7F853
:102A00009C4000F10801007B64F304000871D7F8D2
:102A1000A0000C79400860F347140C71D7F89C10A3
:102A200021F01F016960D7F8A01021F01F01296172
:102A300008F1010814350C36B3E700BF6C380021EB
:102A400000ED00E0B83A0021F0B5384D87B02C68B1
:102A5000082C67D80020FFF787FF354B354AC3F8AD
:102A6000C02084420DD1344D01A82C70FFF730FBFB
:102A700000240646314FA6420AD1FFF769FF002025
:102A80004EE0696801EB0011FFF7A2FE0130E8E7B4
:102A90000199200101EB0413DA683A40B2F5001FF6
:102AA00022D0B2F5800F2CD0B2F5801F36D15A68F3
:102AB0009B680958013B22F01F0003440120844613
:102AC00023F01F0340EA4C108DF810002878CDE960
:102AD00002210728059321D802A9FFF779FE2B7858
:102AE000013401332B70C6E75A689B680958013BD3
:102AF00022F01F0003444FF0020C012023F01F03BB
:102B0000E0E75A689B680958013B22F01F00034424
:102B10004FF0000C062023F01F03D3E76FF01500E1
:102B200007B0F0BD4FF0FF30FAE700BF4CB702012D
:102B300000ED00E0AAFF4400B83A00210000F0FFD9
:102B400008B5024B1B689847002008BD803800215B
:102B5000034B044A1860937843F002039370704764
:102B6000803800215805002108B50649064821F0A3
:102B70000701C1F1045202F5803205F014FF002074
:102B800008BD00BF0384002184380021064AD2F822
:102B9000AC3123F00043C2F8AC310022034BC3F840
:102BA0004C21D3F84C3170470020014100600141B5
:102BB0000122024B0020C3F8402570470000084165
:102BC0005023142213B51F4C0DF10700C4F80C3527
:102BD0001D4BC3F820214FF400621C4BC3F8BC25E9
:102BE0004FF48062C3F8382506F0CCFD184B9842AC
:102BF00025D118499DF8070006F0B3FD16499DF848
:102C0000070006F0B3FD15499DF8070006F0A9FD81
:102C100021469DF8070006F0A9FD01209DF8073028
:102C2000984002F04FFC4FF4002200200C4BC3F8F8
:102C30004423C3F84C01D3F84C3102B010BD6FF0FF
:102C40000B00FAE700B000410030204100200141B4
:102C50000000AD0B4C610141282001412C210141B4
:102C60000060014173B5354BD3E84F3F0023344931
:102C7000CDE90033334BD3F80445BFF35F8FD1F870
:102C80000465BFF35F8FD3F804259442F3D16B46FC
:102C9000224601212B4806F032FA324605460F2122
:102CA000274801AB06F02BFAE0B1019B0DB9009368
:102CB00002E0009A9342FAD3009B22481C44013C54
:102CC000D0F84C3524F07F449C421F4932D0FFF7A6
:102CD0005DFFC0F84C451D4B009A9A4218D901235C
:102CE0000B7001E0002DE7D1194AD2F8AC3143F066
:102CF0000043C2F8AC31134BD3F84C2132B9012157
:102D0000144A5160D3F84C3103B1116001230DE036
:102D1000BFF35F8FD0F80435E41A24F07F440E4BE4
:102D2000033C9C42DBD900230B7000230B4A137039
:102D300002B070BD0B78002BF7D0D5E7BD3A00216B
:102D40000010014100600141BB3A0021FEFF7F00FD
:102D50000020014100B00041FBFF7F00BC3A002190
:102D6000F8B51E490023C1E8423F52BB1C4B1D78F9
:102D70003DB305231B4E1C4F34780134B4FBF3F3F1
:102D800003EB8303E41A06F0F2FB184A137823B12D
:102D900057F82430C01A072813D9154BD3F814114B
:102DA00041B10021C3F81411D3F8143134700CB9B7
:102DB00001231370347806F0DAFB47F82400284624
:102DC000F8BD0C4A0025D2F8AC3123F00043C2F81C
:102DD000AC310122084B5A60F1E700BFBD3A002137
:102DE000BC3A0021BA3A002190380021B93A0021BA
:102DF000005000410020014100B0004120B1034BD0
:102E0000800143F001031847704700BFE0B602019C
:102E100002F0B4BA074A0346106828B9D96831B13C
:102E2000596921B1136070476FF0770070476FF0F8
:102E300015007047A4380021052838B5054608D884
:102E40002A21C140C90704D5064806F08FF9044677
:102E500010B90024204638BD01210C3006F08FF94E
:102E60002576F7E7280700212DE9F0410546DDE941
:102E7000068750B1022804D1124806F077F90446BB
:102E800028B900242046BDE8F0810F48F5E700F19D
:102E90000C060121304606F072F92576B8F1000FD4
:102EA000F0D0002FEED0304606F085F9B84203D2BC
:102EB000204600F0EBF8E4E73A464146304606F09B
:102EC00068F9DFE7D0060021FC06002108B5034BB6
:102ED0000146186806F051F9002008BDA838002105
:102EE000038A1BB1024B1B685B69184712207047AD
:102EF000A4380021044B054A1B6810600BB1DB6845
:102F000018476FF012007047A4380021A83800213C
:102F100070B541690446867A0A4D59B1437ADB0798
:102F200006D42C2303FB06535B6A1B689B689847F7
:102F3000002363612C20214600FB0650BDE8704051
:102F400007F039BBD00600212C21827A054B01FB0A
:102F500002339A6A1B7F801A1B3323F00303B0FBF2
:102F6000F3F07047D006002138B52C24827A094B43
:102F700004FB02335B6A0C685B681A68944294BF76
:102F80000C600A60D3E90054FFF7DEFF05FB004048
:102F900038BD00BFD00600212DE9F04385B00546BD
:102FA000684690461C46039107F0D0FCDDE90067B7
:102FB0004FF04003EFF3118983F31288BFF36F8F53
:102FC0006B8B002B41D02A8B9A4225D900220023FB
:102FD000284603F05BFD0446F0B189F31188BFF386
:102FE0006F8F039B002B41D032463B46684607F06B
:102FF000D1FC2C21A27A234B204601FB02335B6AD1
:1030000003A91B681D68DDE90023A847606170BB48
:103010002046FFF77DFF24E0698B4B1E6B8389F30D
:103020001188BFF36F8F2B7F2A8BAC6A1B3323F081
:103030000303521A02FB0344124B134AEB1A9B1070
:103040005343A3722B7FE372CBE789F31188BFF35D
:103050006F8F23464246284603F018FD0446002899
:10306000BFD10024204605B0BDE8F0836361002392
:103070000122636022812382039A63696282E36092
:10308000F0E700BFD0060021A38B2EBA70B52C2527
:103090000B4C00B970BD037A4668013BDBB203728A
:1030A000002BF7D1C3604360837A05FB03431B6A9F
:1030B00013B198473046ECE7FFF72AFFFAE700BF65
:1030C000D0060021084B70B5C31A0D4607499B1066
:1030D000044659434022064806F091F82B46014623
:1030E0002046BDE870401847C0380021B76DDBB6F8
:1030F00088AE0201402373B50B4C0093041B0B46B2
:103100000D460A49A41061430646094A094806F0DB
:10311000A3F8011E05DA30462B4602B0BDE8704028
:10312000184702B070BD00BFC0380021B76DDBB6D4
:10313000C592020188AE0201052170B50022044645
:103140000846FFF75BFA0F4802F010F90E4B984261
:1031500015D106F000FB26690C49304605F0CBFC82
:1031600000280BDB012535642469084904F11C00A3
:1031700005F0C1FC002801DB0020E56470BD6FF0A4
:103180000400FBE7C53102010000AD0BB0B702013E
:1031900001460C2300224B4370B50848C418403345
:1031A0001844D4E90E56A26306F016F82DB1324643
:1031B0002B46BDE870400248184770BDC03800215A
:1031C00088AE020110B1012804D07047034B1B6C7C
:1031D0005B0701D1FFF7DCBF704700BFC03800219B
:1031E00008B54FF04003EFF3118183F31288BFF36A
:1031F0006F8F114A136843F002001060DA0708D499
:1032000081F31188BFF36F8FBDE80840012002F001
:103210009DB80A4BD3F80C24D3F80C34DB07EFD558
:10322000074805F0D9FF81F31188BFF36F8FBDE820
:1032300008400020FFF7ACBF1039002100500041CA
:10324000003900217FB500220123CDE9022304AB20
:10325000CDE90433094A6B46CDF800D0CDF804D04F
:1032600006F029F8002805DB4FF480420023684669
:1032700003F066FC07B05DF804FB00BFE3920201B7
:1032800010B54FF04003EFF3118483F31288BFF3BE
:103290006F8F074A136823F00201DB07116002D425
:1032A000012006F053FA84F31188BFF36F8F10BD2D
:1032B000103900212DE9F041012207463549D1E8B6
:1032C000EF3FC1E8E02F0028F9D133B93249334844
:1032D0004B60CB608A6005F021FC7B1E012B28D857
:1032E000012F06D12E4BD3F81C3403F00303022B1D
:1032F0001FD007F0BDF80546E8B92A4B1B78D3B1BB
:1033000002220646264BC3F80823254CDFF8988096
:10331000D4F81824D4F81834D20316D503F00303D4
:10332000022B01D0012F10D175B386F31188BFF3A2
:103330006F8FBDE8F0814FF04003EFF3118683F308
:103340001288BFF36F8F0125DFE7C5B13046FFF765
:10335000E3F9D4F81835DBB2012BD9D1D4F8042124
:10336000002AD5D00022C4F80421D4F80421022276
:10337000C4F818252022C8F88021A360C8E70021DE
:10338000212004F093F8E4E70222054BC3F804235C
:10339000CFE700BFBC380021AC380021DC38002169
:1033A00000500041B03B002100E100E008B50748B3
:1033B00006F0E7FF38B10648FFF7CAFB0448FEF7FE
:1033C00055FA002008BD6FF01200FBE7D8AE0201ED
:1033D000D53302010A2838B50446074D04D1AB683D
:1033E0000D2128465B689847AB6803485B68E1B2EB
:1033F0009847204638BD00BFD8AE02014FF04003C9
:10340000EFF3118283F31288BFF36F8F094BD3F868
:10341000001161B10021D3F80805C3F80011D3F8F9
:103420000031C0B282F31188BFF36F8F70476FF025
:103430000A00F7E7009000410346F0B510469C787B
:1034400093F803C04FF04005EFF3118285F3128823
:10345000BFF36F8F1F7893F801E0E41B04EA0C04BC
:10346000A04288BFA0B23E180CEA06063D461E7078
:1034700082F31188BFF36F8F0A188A4217D17745FC
:103480000DD14FF04001EFF3118281F31288BFF3A9
:103490006F8F1978597082F31188BFF36F8F1B7982
:1034A000241AA34222BF0122054B1A60F0BD5E1907
:1034B0007679013501F8016B05EA0C05DDE700BFFF
:1034C00000900041DB432DE9F04713F001050E4663
:1034D000144604D02348FFF7AFFFBDE8F087A2B33E
:1034E0004FF04003EFF3118883F31288BFF36F8F1F
:1034F0000920FFF775F807460920FFF75DF888F304
:103500001188BFF36F8FDFF860A04FF40079CAF81D
:103510000051DAF8003101232546DFF85080CAF85F
:103520000030C8F88091DAF8003183B1FFF766FF08
:10353000031EC8F88091F6DB013DADB27355002D36
:10354000F1D117B10920FFF729F82046C5E74FF060
:103550004003EFF3118083F31288BFF36F8FFFF7FF
:10356000DBF8E0E7443900210090004100E100E091
:103570002DE9F0410D461446114F07F1450814B9E5
:103580002046BDE8F0814FF0FF334FF0FF32384660
:1035900003F0D6FA224629464046FFF74DFF06467D
:1035A000384603F0A7FA3EB94FF0FF324FF0FF3331
:1035B000044803F0C5FAE6E7A41BA4B23544DEE7ED
:1035C000143900212C39002138B50122194C11463B
:1035D000204606F0FAFF0122002104F1180006F04F
:1035E000F4FF40F20743A4F848304FF070632363C0
:1035F0000C23002584F834300F4B84F84550A4F890
:103600004650D3F80425052122F00102C3F8042511
:10361000C3F80051D3F8002101220920C3F8042384
:103620001A602A46FEF7EAFF0920FEF7B7FF284690
:1036300038BD00BF143900210090004110B5FFF7DC
:10364000DDFE002820DB174BC0B293F8322093F840
:10365000314093F83310141B31EA04040DD193F870
:10366000472093F8464093F84810141B31EA0404AD
:103670000BD101220C4B5A600EE09C180132114014
:1036800084F8350083F8321010BD9C1801321140C7
:1036900084F84A0083F847100448BDE8104003F05E
:1036A00029BA00BF14390021009000412C390021B3
:1036B000F0B5406801F01F04057B87B044EA45146B
:1036C0000569002D63D0B2F5001F00F1100506D189
:1036D0002146284606F0D5F8002007B0F0BD0027A7
:1036E000B2F5800F01AE0197776039D1B3F1007F59
:1036F00014BF052304238DF804300023CDE90463AF
:103700000393836823FA01F111F001011AD1B2F198
:10371000A07F17D104F01F03620903F180032AD0B0
:10372000012A3AD11E4A52F82330DB070AD40DF1A0
:10373000030632462146284602F02EF9194B9842DC
:103740001BD002962146284603AA01F0E1FF164B42
:1037500098421FD101222146284602F083F9BBE797
:10376000B3F1C06F05D0B3F1007F14BF0123022372
:10377000C1E70323BFE70D4AD5E73146284602F0EB
:103780006BF9094B9842DCD06FF00B00A5E76FF0A6
:103790008500A2E76FF015009FE751F82330FFDEA8
:1037A00000088C410400AD0B0000AD0B00058C41FE
:1037B00038B545682B69B3B11035284602F03CF99D
:1037C000044680B90146284602F000F9084B9842A9
:1037D0000BD122462846074902F0D8F82246052197
:1037E0000A20FEF70BFF002038BD6FF00400FBE756
:1037F0000000AD0BF93702014209034670B502D053
:10380000012A17D070BD0D4E326951680029F9D0D8
:10381000012503F01F030C689D400029F2D08A683F
:103820002A4002D030464B6898472CB12368214685
:103830001C46F2E7024EE7E72346F8E7B0AE020186
:103840009CAE02012DE9F04340F206354668D006F1
:1038500048BF0320337B02EA050558BFC2F340107E
:1038600087B001F01F07B5F5837F144647EA431779
:103870008DF8030043D00FD8062D18D007D8B5B166
:10388000022D3ED06FF0150007B0BDE8F083B5F50E
:10389000807FF7D101250AE040F20222954232D022
:1038A000B5F5407F31D0B5F5007FEBD1022522037D
:1038B0002DD5012372688B409360326982BB07F07B
:1038C0001F037F092AD0012F77D13E4A02EB8302E2
:1038D00084F48033D2F80012C3F30043C4F34044AD
:1038E00044EA430421F4706144EA800421F00F01AA
:1038F00044EA05230B43C2F800320020C4E7072541
:10390000D5E70425D3E70525D1E70325CFE76303F2
:1039100041BF012372688B40D360CEE72A4AD5E7C6
:103920001036394630460DF1020202F035F814F433
:10393000403F80460CD13946304605F0A0FF234B6E
:103940009845DAD130469DF8021002F07FF8D4E7AE
:103950004FF0000901AB3946304603AACDE90439DE
:10396000CDE90199CDF80C9001F0D2FE174B9842A9
:1039700088D114F4003315D09DF8033084F48034DA
:10398000C4F300448DF80E3039464B46304603AA46
:103990008DF80C508DF80D4001F076FF0B4B9842DE
:1039A000CDD06FE7CDE9043339460DF1030330463E
:1039B00003AA039301F0ACFEF0E7803352F8233002
:1039C000FFDE00BF00088C4100058C410000AD0BFC
:1039D00010B504460269A2B0C2F880001649002062
:1039E00002F066F9002205211220FEF707FE84226C
:1039F000002101A8646807F059F90023012001AAF9
:103A000061680432D940C90744BF00FA03F142F8A3
:103A1000041C2168D940C90748BF00FA03F103F12B
:103A2000010348BFD163102BEAD101A802F058F975
:103A3000002022B010BD00BF839302012DE9F04F9A
:103A40000026DFF8F0C0DFF8F0E0DFF8F080F3B236
:103A5000994202D80020BDE8F08F50F82650C5F3F7
:103A60004324082C05F07F0355D87F2B4FEA1545DA
:103A700008BF4FF0FF331CF80440032D4ED8DFE899
:103A800005F002083134C2F80C355D1C30D1013626
:103A9000DDE7C2F814355F1CF9D0002550F82690F8
:103AA00003F01F0B09F40057002F0EBFAA464FF07A
:103AB000010A00255B092CD0012B35D1474607EBC5
:103AC0008B07D7F80032C9F3C11903EA0E0B2302A2
:103AD00043EA89032B4343EA4A0343EA0B03C7F84B
:103AE0000032D4E7C2F80835CFE7C2F81035D2E784
:103AF0005D090BD0012D14D1DFF84090012503F0B2
:103B00001F0705FA07F7C9F80870C7E7DFF8309014
:103B1000F4E70B4FD3E76FF015009CE76FF08500DB
:103B200099E700239B60FFDE00230BF1800B53F825
:103B30002B30F8E7A7BA0201F0F0FCFF00088C4137
:103B400000058C412DE9F74306464FF0000800229E
:103B500005211320FEF752FD1320FEF71FFD7768A5
:103B600035693C684146C4F800852E60D7F80C9052
:103B700001AA484605F078FC00283FDB019BD9F8F4
:103B8000002019791868FFF759FF002836DB6B7A97
:103B9000D6F810C0012B03D0032B2DD14FF0100805
:103BA000AB7A032B28D195F80BE0BEF1000F02D0C1
:103BB000BEF1010F20D12A7A012A22D0022A24D074
:103BC000D2B910466B687168B3F5164F096800F0FA
:103BD000BA803AD8B3F5165F00F0B88020D8B3F5B4
:103BE000966F00F0B58012D8B3F5967F00F0B380E1
:103BF000B3F5167F00F0B2806FF0850003B0BDE82A
:103C0000F0834FF480700E22DCE70020FBE7B3F571
:103C1000166F00F0A680B3F5965FEDD15D4B43E0E3
:103C2000B3F5E14F00F0A08008D8B3F5615F00F074
:103C30009D80B3F5964FDFD1574B35E047F61229FB
:103C40004B45D9D14FF400032EE0B3F5613F00F0AE
:103C50008F8015D8B3F5963F00F08D800AD84DF6C9
:103C6000C0294B4500F08980B3F5614FC4D14FF4B2
:103C70006B0319E0B3F5E13FBED14FF0EB7313E0F6
:103C8000B3F5612F7CD009D8DFF810914B457AD07D
:103C9000B3F5E12FB0D14FF0E86305E0DFF8009114
:103CA0004B45A9D14FF08053C1F82435736840EAE1
:103CB0000E001B6842EA08021043C3F86C050CF1C1
:103CC0000403D5E9010183E803007B68990712D555
:103CD00005F1180001F0FCFB324B984256D1287ECA
:103CE00004F10C0204F5907105F045FD01202B7ED6
:103CF000984001F0E7FB0823C4F800353B7A53B93C
:103D0000C4F81031D4F810316B69C4F8343501238C
:103D1000C4F8383523607B6800209A075CBF4FF4F5
:103D20008073C4F804337B68DB0644BF4FF4800320
:103D3000C4F804332B69C4F844350123C4F848059A
:103D4000A360E3605AE74FF41D03ADE7164BABE702
:103D50004FF49E23A8E74FF4A033A5E74FF41C339C
:103D6000A2E74FF41D239FE7104B9DE7104B9BE705
:103D70004FF06C7398E70F4B96E74FF4650393E7AA
:103D80004FF0706390E74FF080638DE76FF00400B1
:103D900034E700BF00B0130000A04E0090D0030035
:103DA00040420F000000AD0B0050270000C075001E
:103DB00000F03A0000903A01F8B504460D46076954
:103DC00006F056FBB0B92E4B1B789BB16426606899
:103DD00005F078FB00BB012005F0C1FC013EF6D1E7
:103DE0000021212003F062FBF0E786F31188BFF386
:103DF0006F8FF5E74FF04003EFF3118683F31288DE
:103E0000BFF36F8F6068314605F05CFB90B986F3B5
:103E10001188BFF36F8FEDE74FF04003EFF311868A
:103E200083F31288BFF36F8F6068314605F04AFB59
:103E30000028DAD03B691D70626838691368C3F8DE
:103E400044050120C3F848050020C3F82001D3F839
:103E50002051C3F858015268D3F85801D20608D54A
:103E6000082062681268C2F800054FF48002C3F8A7
:103E7000042301229A6081F31188BFF36F8FF8BD8C
:103E8000B03B00210123834070B5DC430B4AD2E8EC
:103E9000EF1F01EA0405C2E8E65F002EF7D14FF4F8
:103EA000803282400648C0F80823BFF35F8FBFF31B
:103EB0006F8F0B4214BF0120002070BD0C3A00210F
:103EC0000060014170B40E4922F07F46D1E9003410
:103ED000D01AC31844F10004C1E90034A6F5001358
:103EE000B3F5400F09D2074B1B681A0A1B069C1931
:103EF000054B42F10005C3E9004570BC03F0DEBB91
:103F0000A01E0021103A0021A81E0021D9B10123D2
:103F10000D4A8340D2E8EFCF4CEA030CC2E8E1CF70
:103F20000029F7D14FF48033084A8340C2F80433A4
:103F3000074BD3E8AF3FC340DB0742BF4FF48002DB
:103F4000044BC3F8002170470C3A00210060014186
:103F5000083A002100E100E00D4B1868010A000654
:103F6000BFF35F8F0B4BD3F80435181841F10001F4
:103F7000B3F5801F0AD2084BD3E90023904271EBBE
:103F8000030303D210F1807041F10001704700BFBC
:103F9000103A002100600141A81E00212DE9F04FD8
:103FA00085B016461F4604469DF840A0FFF76AFFFD
:103FB0000190FFF7D1FFB04271EB070352D23B4BA8
:103FC000301A67EB0101984271F100014DD2384B74
:103FD00003EB0413D3E902239F4208BF964258D053
:103FE0004FF48038334908FA04F8204626F07F4B16
:103FF000C1F8488305F0AFFA4FF00309584604F1C1
:104000005005AD00ADB205F1824504F5A87305F584
:10401000B0350293029A20F07F4341F82230C1F874
:104020004483D1F80435244AC01A033820F07F4075
:1040300090422ED9286868B1D1F80435A3EB0B0063
:1040400020F07F40B0F5000F039322D9204605F001
:1040500082FA039BBAF1000F07D109EB030009F1C3
:104060000109D7E7BAF1000F09D06FF01505204616
:104070000199FFF74BFF284605B0BDE8F08F0123FB
:104080000E4AA340D2E8EF0F1843C2E8E10F00291F
:10409000F8D107490E982301C8500F9B01EB041279
:1040A0000025C2E902675360E1E700BF010080001C
:1040B000901E002100600141FDFF7F00083A0021B1
:1040C0007FB500254FF0FF304FF0FF31194C1A4BF0
:1040D0000226C4F80833C4F84833184BC4F808550E
:1040E000C3E902014FF480334FF48002C4F8043373
:1040F000134B0521C4F804631620C3F880212A4617
:10410000FEF77CFA1620FEF749FA01230D4AA36058
:10411000236013600C4B0D4A009328460023CDE921
:104120000155FFF73BFF3046FFF7C4F8284604B0BF
:1041300070BD00BF0060014103000F00901E002110
:1041400000E100E00C3A0021C53E0201FFFF7F00C4
:104150002DE9F74305F004F82A4BD3F80423900720
:104160000BD5D3F8042142B10022C3F80421264A1A
:10417000D3F80431136801331360224AD2F80433B0
:10418000D90320D5214BD3E8EF1F21F00100C3E86C
:10419000E40F002CF7D1CB0702D4D2F8403193B111
:1041A0000025184CC4F84051D4F84031FFF7D4FE34
:1041B000EFF3108272B6164BD3E90267B042B941F1
:1041C00004D282F3108803B0BDE8F0834FF0FF38CB
:1041D000D3E900104FF0FF391D60C3E902894FF4A5
:1041E0008033C4F84833C4F84051D4F8403182F3E6
:1041F00010880029E7D0009032463B462846884781
:10420000E1E700BF00600141103A0021083A0021B7
:10421000901E002130B5431C124C85B005D084425D
:10422000A8BF0446012CB8BF0124FFF795FE0E4B32
:104230000C4DD3E90013401AB0F5000F0FD222182D
:10424000AA4228BF2A46002052180849CDE9010099
:10425000009143F10003FFF7A1FE05B030BD2A46EF
:10426000F1E700BFFFFF7F00A01E0021C53E020155
:1042700008B5FFF771FE024B1B68C01A08BD00BFEE
:10428000A01E002102460B46014802F085BB00BF7C
:1042900074060021014802F043BB00BF74060021F0
:1042A0000A4608B50146064804F01BF9054804F023
:1042B00018F9404080F311884FF0030002DF08BD79
:1042C000BEBA020130BC020130B526498BB0264887
:1042D00006F0A0F900F058FF05A8DCF7EBFD234835
:1042E00006F04FF8002836D00023CDE90233204BEA
:1042F00002A80493DCF796FE80BB4FF0FF304FF02E
:10430000FF31FFF7BFFF044698B91A491A48DCF796
:1043100091FD044610B1FFF7BDFF0AE041F64C5590
:1043200001A80195FAF729FD30B1FFF7B3FF6FF04F
:10433000850420460BB030BD012368468DF800305F
:10434000FAF713FD0028F0D101A80195FAF71DFD39
:104350000028E0D0E9E76FF01204EAE76FF01504F7
:10436000E7E700BF0F960201143A0021C4AE020134
:10437000C1440201B01E0021B144020130B54948D8
:1043800085B0FEF747FD4848DCF74EFCDCF7A4FD9E
:1043900018B16FF0850005B030BDDCF7AFFD002827
:1043A000F7D1DCF7BDFD0028F3D1DCF7E1FD0028F3
:1043B000EFD1DCF7CBFD0028EBD1DCF7EBFD0028DB
:1043C000E7D1DCF70BFE0028E3D1DCF719FE00286B
:1043D000DFD1DCF7F1FD0028DBD1DCF7FFFD0028A1
:1043E000D7D1DCF70DFE04460028D2D1012101AA65
:1043F0008DF80410DCF768FC0028CCDB0225204691
:10440000294601AA8DF80450DCF75EFC0028C2DBC7
:1044100008230721204601AAADF80430DCF754FC3C
:104420000028B8DB214B0321204601AA0193DCF7C9
:104430004BFC0028AFDB0421204601AA8DF8045074
:10444000DCF742FC0028A6DB1F230621204601AA38
:10445000ADF80430DCF738FC00289CDB0323052191
:10446000204601AA8DF80430DCF72EFC002892DBF0
:10447000FB23ADF80C30ADF8063041F2A36398424F
:104480008DF80440ADF808408DF80A4008DD404042
:1044900080F311884FF0040002DF6FF00B007AE721
:1044A000204678E798B80201A14202011B1B0302D3
:1044B0000149024806F0CBB8143A0021D835002152
:1044C00010B403460A46034881680C68194623461F
:1044D00010BC1847C4AE020137B54FF0FF304FF0A3
:1044E000FF31FFF7CFFE002850D1294D0DF1070114
:1044F000284600F04BFD0446FFF7CCFE002C45D1CA
:104500009DF80730042B26D128783E2819D0FF28A3
:104510001ED04FF0FF324FF0FF33214604F022FE51
:10452000044648B16A781A49023204F10C0004F0DA
:1045300030FE2046FEF7CAFC03B0BDE83040FFF76E
:10454000B7BFAB78022BE4D1002200230124E4E7BB
:10455000AB78802BF7E7022B0DD14FF0FF324FF0F5
:10456000FF330320FEF768FC04460028E4D06A8885
:1045700029460432D9E7082BDED14FF0FF324FF045
:10458000FF330520FEF758FC0446F0E703B030BDCA
:10459000C03A002142F24403984229D842F2420331
:1045A000984237D842F2260398421ED842F20C03B2
:1045B000984214D840F2064398422BD040F21D4353
:1045C000C01A18BF01207047A0F501502838124BBF
:1045D00080B2C34003F0010383F001007047A0F5EF
:1045E00000500D380D4B80B2F3E742F23203E7E79B
:1045F00042F28503984208D842F267039842E3D812
:1046000042F2640320F00200DAE74FF6025320F092
:104610000800D5E7002070472F80002041120003DA
:104620002DE9F341BC4D07882A7804463BB2002AA5
:1046300040F0A68442F20D018B4230DC42F20701C9
:104640008B4250DC42F2060083424CD08B423FD07A
:1046500040F603418B4243D004238DF80730AF4B23
:104660002688D3F80080B8F1000F67D00DF107025B
:104670002046AB490DF10603C047012802465DD034
:104680009DF80630002B40F02C819DF807300E215C
:10469000AB7001236970EB70AE80AA7135E0A7F5AD
:1046A0000052363A92B20D2AD6D8012343F6CE01F3
:1046B0009340194019D113F0210305D1042ACBD11D
:1046C0000622EB712B7201E00522E971022302E060
:1046D000EA71052201239348017841B90370BBE7D1
:1046E000904B1A70B8E70422F4E70422EEE79942EF
:1046F000B2D03846FFF74EFFA8B10E236B700123EE
:10470000EB700C23AA70AF80AB7101232B7040F6C5
:1047100035439F4203D1AB79002B00F02E8400205B
:1047200002B0BDE8F0810F236B700423AB700C2343
:10473000EB700123A5F805702B71E6E7B6F5105F65
:104740004FEA96230DD27BB1013B072B0CD8DFE853
:1047500013F00D000B002B009100F6000B000B0076
:1047600006013F2B00F02D830122BAE0204640F2E3
:10477000064230F9033B934206D040F21D42934279
:10478000F2D1FAF792FB01E0FAF78DFB02463046D0
:10479000FFF700FF80F00100C0B2002840F0A180C8
:1047A000012A7FF472AFDFE7204640F6354130F84A
:1047B000032B13B28B4227DC40F62C418B420ADCE0
:1047C00040F6014293422ED040F603429342CBD1B1
:1047D000DCF708FDDAE7A2F62D43082BC4D801A2C6
:1047E00052F823F02D48020169470201694702018E
:1047F000694702013F480201694702014548020139
:10480000694702014B48020140F67B4293421FD0A8
:1048100040F67C42934224D040F663429342A3D1B7
:10482000FAF733FAB2E7FAF723FAAFE79DF8073061
:104830003D4903338DF80730FAF71FFAA6E7FAF778
:104840001EFAA3E7FAF71DFAA0E7FAF71CFA9DE7AC
:104850009DF80730344904338DF80730FAF71AFA17
:1048600094E79DF80730304902338DF80730FAF7A6
:1048700013FA8BE72388A3F58053013B082B3FF6FF
:1048800073AF01A252F823F0AD480201BF48020104
:10489000F7480201694702016947020169470201BD
:1048A00069470201694702012D4902019DF807305D
:1048B0001D4808338DF80730FAF77AFA66E79DF855
:1048C0000730194840338DF8073004F0A2FE304617
:1048D000FFF760FE80F00100C0B2002200283FF424
:1048E000D4AE0F236B700423AB700123EA702B71DD
:1048F000A5F8056009E700229DF8073008338DF818
:104900000730094B1A605A60EB7A23F0600343F0DA
:104910006003EB72DBE700BF083B0021243A002173
:10492000093B0021073B00210F3B00219DF8073088
:10493000E24806338DF80730FAF73CFA26E741F2F1
:10494000054322889A427FF40FAF9DF80730DB4978
:104950000333E01C8DF80730FAF7A9FA16E7204672
:1049600030F8033BA3F50053013B7B2B3FF6FCAE35
:1049700001A252F823F000BF694B02016F4B020104
:10498000814B020169470201934B0201994B0201DD
:104990009F4B0201B14B0201B74B0201BD4B02011B
:1049A000C94B0201CF4B0201D54B0201DB4B020187
:1049B000E14B0201F34B0201F94B0201FF4B0201F3
:1049C000054C02010B4C0201114C0201234C020167
:1049D000294C02013B4C02014D4C0201534C020197
:1049E000654C0201774C02016947020169470201E7
:1049F000694702016947020169470201874C0201C8
:104A0000994C0201AB4C0201B14C0201B74C0201BE
:104A1000C74C0201CD4C0201D34C0201D94C02011A
:104A20006947020169470201EB4C0201F14C0201A6
:104A3000F74C0201094D02011B4D0201214D0201FB
:104A40006947020169470201274D02012D4D02010C
:104A50003F4D0201454D02014B4D0201514D0201F6
:104A6000634D0201754D02017B4D02016947020150
:104A70006947020169470201814D0201874D020128
:104A80008D4D020169470201694702016947020130
:104A9000694702016947020169470201694702014A
:104AA000934D0201AB4D0201BD4D0201A54D020126
:104AB000694702016947020169470201694702012A
:104AC000694702016947020169470201694702011A
:104AD000694702016947020169470201694702010A
:104AE000694702016947020169470201C14C02019D
:104AF00069470201694702016947020169470201EA
:104B000069470201694702016947020169470201D9
:104B100069470201694702016947020169470201C9
:104B200069470201694702016947020169470201B9
:104B300069470201694702016947020169470201A9
:104B40006947020169470201694702016947020199
:104B50006947020169470201694702016947020189
:104B600069470201C34B0201FAF726F90EE69DF8E8
:104B70000730524803338DF80730FAF722F905E67B
:104B80009DF807304D4808338DF8073004F082FD5A
:104B90009DE6FAF718F9F9E5FAF717F9F6E59DF841
:104BA0000730464801338DF80730FAF710F9EDE584
:104BB000FAF70FF9EAE5FAF70EF9E7E5FAF70DF972
:104BC000E4E5FAF76EF9E1E5FAF709F9DEE5FAF757
:104BD00008F9DBE5FAF707F9D8E5FAF706F9D5E5BC
:104BE0009DF80730354801338DF80730FAF7FFF8A4
:104BF000CCE5FAF7FEF8C9E5FAF7FDF8C6E5FAF7ED
:104C0000FCF8C3E5FAF7FBF8C0E5FAF7FAF8BDE5FA
:104C10009DF80730294907338DF80730FAF7F3F884
:104C2000B4E5FAF7F2F8B1E59DF8073023491033FF
:104C30008DF80730FAF7EBF8A8E59DF807301F4824
:104C400008338DF80730FAF7E4F89FE5FAF7E3F850
:104C50009CE59DF80730194902338DF80730FAF7C3
:104C6000DCF893E59DF80730144902338DF80730DE
:104C7000FAF7D7F88AE59DF8073008338DF8073042
:104C8000FF23EB7145E69DF807300C4902338DF8A0
:104C90000730FAF7CAF879E59DF80730074804337A
:104CA0008DF80730FAF7C3F870E5FAF7C2F86DE54A
:104CB00000F09AFA6AE504F005FD67E50F3B002174
:104CC00004F003FD62E5FAF7B6F85FE5FAF7B5F828
:104CD0005CE5FAF7B4F859E59DF80730AA480133C6
:104CE0008DF80730FAF7ADF850E5FAF7ACF84DE576
:104CF000FAF7ABF84AE59DF80730A34808338DF87A
:104D00000730FAF7A4F841E59DF807309E490433CF
:104D10008DF80730FAF79DF838E5FAF79CF835E595
:104D2000FAF79BF832E5FAF79AF82FE59DF8073085
:104D3000954901338DF80730FAF793F826E5FAF72D
:104D400092F823E5FAF791F820E5FAF790F81DE5D7
:104D50009DF807308C4802338DF80730FAF789F850
:104D600014E59DF80730884801338DF80730FAF7CD
:104D700082F80BE5FAF781F808E5FAF780F805E51F
:104D8000FAF77FF802E5FAF77EF8FFE4FAF77DF824
:104D9000FCE49DF807307C4802338DF80730FAF7C1
:104DA00076F8F3E4FAF779F8F0E49DF807307648FE
:104DB00004338DF80730FAF76CF8E7E4FAF76BF88C
:104DC000E4E420464FF60B4230F8033B934223D8ED
:104DD000B3F57C4F7FF6C8ACA3F57C43013B0A2BAF
:104DE0003FF6C2AC01A252F823F000BF914E02017F
:104DF000A34E0201694702016947020169470201A6
:104E0000F14E02016947020169470201CD4E0201DC
:104E1000DF4E0201F74E020103F5407292B2162AEC
:104E20003FF6A2ACA3F57D43162B3FF69DAC01A245
:104E300052F823F0094F0201334F0201394F0201AA
:104E40003F4F0201454F02014B4F020169470201EA
:104E50006947020169470201514F02016947020196
:104E600069470201574F0201694702016947020180
:104E70006947020169470201694702015D4F02016A
:104E800069470201634F020169470201754F020140
:104E90009DF807303C480C338DF80730F9F7FEFEDB
:104EA00074E400229DF8073040338DF80730364B0C
:104EB0001A80EB7923F0230343F02303EB712B7A61
:104EC00023F0070343F007032B7200E59DF807303A
:104ED0002D4817338DF80730DCF792F956E49DF82A
:104EE0000730294820338DF80730DCF7DBF94DE433
:104EF000F9F7EFFE4AE49DF80730234801338DF8B7
:104F00000730F9F7E8FE41E400229DF8073040330E
:104F10008DF807301C4B1A80EB7923F03F0343F0E8
:104F20003F03EB712B7A43F080032B720A236B72E1
:104F3000CDE4F9F7E6FE29E4F9F7E5FE26E4F9F712
:104F400014FF23E4F9F713FF20E4F9F716FF1DE43B
:104F5000F9F715FF1AE4F9F716FF17E4F9F715FF4B
:104F600014E49DF80730084904338DF80730F9F749
:104F70000EFF0BE4F9F71AFF08E42B70FFF7CFBB25
:104F80004FF0FF30FFF7CCBB0F3B002138B5094C89
:104F90000D4623781BB9BDE83840F9F759BEA27811
:104FA000611C023205F075FE0020042320702B7076
:104FB00038BD00BF083B002170B505460E46084CC1
:104FC000204605F0DEF938B1A36829462046B2B282
:104FD0001B68BDE8704018476FF0120070BD00BF3D
:104FE000C4AE0201F8B51C4D1C4905F12002002891
:104FF00008BF2946104602F0C3FC4FF0FF320028DC
:105000004FF0FF334FF0010014BF12270027FDF7C8
:1050100013FF00F10C0602210446304604F0B3F8F9
:105020003E230370222301214370304604F0ABF885
:10503000092321210370304604F0A5F800F8017B14
:105040002FB12022FF2105F031FE2046F8BD05F1E9
:10505000200104F02DFBF8E7503B002107BB0201C3
:10506000F8B5354BD3E8AF2F022A1F465DD0042A8E
:1050700060D0012A46D1314C314E20212046FFF725
:105080009BFF002846D120223146204605F016FE1F
:105090000028F2D021462B4802F05EFC054600288D
:1050A000EBD14FF0FF324FF0FF330120FDF7C4FE8C
:1050B00000F10C0602210446304604F064F83E2359
:1050C0000370422301214370304604F05CF808234A
:1050D00041210370304604F056F8064600F8015BA3
:1050E000D5B14022002105F0E1FD0023D7E8EF2FE4
:1050F000C7E8E13F0029F9D15CB12046BDE8F8409E
:10510000FDF7E4BE0022D3E8EF1FC3E8E02F00283C
:10511000F9D1F8BD1F25C4E70A4904F0C9FA2031C6
:1051200006F1210004F0C4FADFE70020FFF75AFF80
:105130000446DAE70120F9E7383A0021503B002124
:1051400007BB0201703B002110B586B01022002180
:1051500001A805F0ABFD01230A4C8DF81130059430
:105160004FF0FF324FF0FF33012101A802F02AFB7C
:10517000204605F06DFD049B6FF394330493FFF715
:105180006FFFEDE7283A002110B588B00E4805F012
:105190005AFD00220023CDE9062300230A220B4CEE
:1051A000CDE90323CDE9013300934FF46272204629
:1051B000074B084901F03CFB2046074908B0BDE811
:1051C000104005F05BB900BF283A00215835002196
:1051D00049510201B8450021FABA02010148FDF720
:1051E0006BB900BF58350021012208B5084BD3E840
:1051F000EF1F002903D1C3E8E02F0028F7D105D124
:105200000021044802F03AFB002008BD0C20FCE716
:10521000383A0021283A0021002910B508BF02229F
:10522000044618BF04220D4BD3E8EF1F002903D119
:10523000C3E8E02F0028F7D10ED12146084804F03A
:1052400037FA084804F1200104F032FA0021064838
:1052500002F014FB002010BD0C20FCE7383A0021BE
:10526000703B0021903B0021283A00210A4608B5F6
:105270000146064803F035F9054803F032F940408D
:1052800080F311884FF0030002DF08BD27BB020145
:1052900030BC02010149024805F0D9B93C3A00216D
:1052A000D8350021322337B50125ADF8043000236D
:1052B0001A2168460E4A8DF80630ADF800508DF878
:1052C0000230F8F7F3FC044670B901462A460C2078
:1052D000FDF794F92A4621461120FDF78FF92A4659
:1052E00021460820FDF78AF9204603B030BD00BFF3
:1052F0006D52020137B500240C4D6FF009034FF4D5
:10530000806228460A49009401F07AFD094928463E
:1053100005F0B4F80849094805F07CF92246042153
:105320001A20FDF76BF9204603B030BDD8350021B7
:10533000404900213CBB0201F59602013C3A0021A4
:10534000014B00201B6818474C3A002120B101286E
:1053500006D10448F5F7C8BA034B01201B6818476B
:10536000704700BF415302014C3A0021014B1860C5
:10537000014870474C3A00210000AD0B0022D300D9
:1053800003F1FF7303F58033D3F80013013107D025
:10539000D3F800130132D3F80433202A0B60EED186
:1053A000224BD3E94C32072B26D1023A032A204B59
:1053B00028D9D3F80024D10732D41C4BD3F830219C
:1053C000072A19D1D3F83431023B032B02D8194AEA
:1053D000D35C8BB17F23184A1849C2F818310023D7
:1053E000C1F8043EC1F8083EC2F82431C2F82C319D
:1053F00002F57F22C2F81031114B1A68114BC3F825
:105400004425704710498A5C002AD2D0D3F8002482
:10541000D207CED50022C3F81421C3F81821C8E75B
:105420006FF00102C3F80024C7E700BF0000FF01CE
:105430000050004146BB020100200041000008412D
:105440000080FF01006000414ABB020130B50468E2
:10545000ACB1B4FA84F30122C3F11F03DBB29A406A
:1054600024EA0202D0E8EF5FA54204D1C0E8EC2FA5
:10547000BCF1000FF6D1EAD102480B7030BD0248F2
:10548000FCE700BF0000AD0B0200AD0B10B50368D8
:10549000CB40DB0710D401238B40026843EA0201B2
:1054A000D0E8EF4F944204D1C0E8EC1FBCF1000FEC
:1054B000F6D1F2D1014810BD0148FCE70000AD0B68
:1054C0000400AD0B014BC3F80405704700F0004128
:1054D00001460148FFF7BABF8C050021036803F0BD
:1054E0001F025B09026004D0012B034818BF002093
:1054F00070470248704700BF00088C4100058C418E
:10550000034A4309D35C00F01F001844C0B270473F
:105510004EBB020170B50546FFF7F2FF0C4C083098
:1055200034F810300E46DA0508D5C3F3432304EBF4
:10553000C302284654F8333052689847A3682BB109
:1055400031462846E268BDE87040184770BD00BF8C
:105550009005002108B5FFF7D3FF034B083033F85F
:105560001000400B08BD00BF9005002108B5FFF7F3
:10557000C7FF034B083033F81000C0F3400008BDEC
:105580009005002108B5FFF7BBFF034B083033F847
:105590001000C0F3401008BD90050021034611F033
:1055A000010010B5CCB20BD1A207C4F340000DD559
:1055B000074A106A58601062003818BF012005E0E1
:1055C00004490A6A1A600A62002AEDD010BD00BFC1
:1055D00000088C4100058C4110B5FFF791FF124A7D
:1055E000083032F81030D9051CD5C3F3432123F419
:1055F000F85322F81030002002F10E0434F8023F74
:1056000013F4807F03D0C3F3432399420AD00130BF
:105610003028F3D1002342F831300448BDE810406F
:10562000FFF734BF10BD00BF900500210806002120
:10563000F0B5054600200126044607468C420BD1F2
:10564000114BD3F87C2132B10022C3F87C21D3F86E
:105650007C3140F00040F0BDE3B29B0003F5807266
:105660009B0806FA03F31D420BD002F1824202F5B9
:105670002042D2F800C0BCF1000F02D017601268BF
:1056800018430134DAE700BF00A00041F7B5064631
:105690000846FFF735FF1A4F00F1080537F81530B7
:1056A0000C46DB0729D5304604F0C6F82046FFF744
:1056B00069FF50B12046FFF74DFF0023316801EB31
:1056C0008000C0F81035C0F810352046FFF784FF81
:1056D000002301A827F815300194FFF7FFFE019B76
:1056E00000EB8300D0F80022064B134043F0020386
:1056F000C0F80032044803B0F0BD0448FBE700BF27
:1057000090050021F0F0FCFF0000AD0B0400AD0B94
:105710002DE9F0431646804685B00846FFF7F0FEB7
:105720000D463168044609B32846FFF71FFF18B13C
:105730002846FFF727FF10BB00230DF10F02CDE92C
:1057400000338DF80E308DF80F3028460B460DF1E2
:105750000E0104F019F8484A04F1080132F811303A
:1057600023F0020343F0010322F8113073687BB386
:1057700028461F785968FFF7F9FE10B1E9B13F4894
:1057800029E03D4A04F1080032F8103023F02003EC
:10579000DB04DB0C22F8103079B1032FEFD87168ED
:1057A000496891F800C0D8F800104FEA8C094944C4
:1057B000A7B9C1F81075C1F810752F4A04F1080196
:1057C00032F8113023F01C0343EA870322F811302A
:1057D000B3683BBB2A4805B0BDE8F083D1F810E5BB
:1057E00043EA4C332EF0030EC1F810E5D8F8001050
:1057F00043F0200301EB090EDEF8101522F81030FB
:1058000021F44F3121F44071CEF810152902DEF851
:10581000108501F47C5141EA074141EA0801CEF8C4
:105820001015CAE72846D3E90067FFF7D5FE002E1A
:10583000D0D0114DD5E90023964203D19F4201D12A
:10584000002209E00F480DF10F01FFF7FFFD0C4B9F
:105850009842C0D19DF80F2005EBC20308345F6069
:1058600035F8143045F8326043EA422343F480733C
:1058700025F81430AEE700BF900500210400AD0B01
:105880000000AD0B080600212DE9F0430C468046D0
:1058900085B0204611461E46FFF732FE054629B365
:1058A0002046FFF763FE18B92046FFF76BFE18BBD2
:1058B000334F05F1080937F8193013F01C0F02D0E7
:1058C0004B78012B18D001238DF80F3000234A1C90
:1058D000CDE9001320468B1C0DF10F0103F054FF9E
:1058E00037F8193043F0030327F81930002E44D05D
:1058F0002046FFF73BFE18B9224805B0BDE8F0830B
:10590000002296F800C0D8F800301D4F03EB8C033E
:10591000C3F81025C3F8102505F1080237F8121056
:105920004FEA8C0E21F02001C904C90C27F812108F
:10593000757815B3D8F80000B6787044D0F81035F3
:105940002D0423F4991323F4F853C0F810352302DF
:1059500003F47C5305F440353605D0F810E52B43AD
:1059600006F48016334341EA4C3143EA0E0341F01A
:105970002001C0F8103527F812100348BDE700BF1A
:10598000900500210400AD0B0000AD0B014BC3E9F5
:10599000021270479005002110B508461446FFF723
:1059A000F1FD50B10846FFF7ABFD054B083033F869
:1059B000103004485B0B237010BD0348FCE700BFA8
:1059C000900500210000AD0B0400AD0B70B5174E23
:1059D000054696F880403CBB2146602206F1100047
:1059E00005F064F921462D68306F884212D10023FA
:1059F00045F30730C5F87C31D5F87C31FCF7CEFD96
:105A00004FF00043C5F804330123094886F880307D
:105A1000B36770BDCBB29B0003F580727C2B04BFD3
:105A2000AC50AB580131E0E70248F2E790050021A5
:105A30000000AD0B0C00AD0B034B93F88000003859
:105A400018BF0120704700BF900500210148FFF7F3
:105A50001DBD00BF040600210148FFF7F7BC00BFD1
:105A60000406002173B5054608460C461646FFF7A6
:105A700089FDE8B10846FFF779FD0146C0B9204627
:105A8000FFF768FD2C68820002F58073E150E3584F
:105A90002B681344D3F8102542F00102C3F81025F7
:105AA00026B101232A688340C2F8043302B070BDD6
:105AB0002046FFF725FD0F4B083033F81030C3F3B5
:105AC0008203042B11D0052B11D001A80194FFF7FC
:105AD00005FD019A0369D34003F00103991C204698
:105AE00002B0BDE8704003F098BE0321F7E7022141
:105AF000F5E700BF900500212DE9F04F684BDFF876
:105B0000A481D3F80403D8F87010C0B289B040F073
:105B10000040FFF78DFD051E2FDAC24600235AF81C
:105B20007C1F06A8CDE90633FFF738FD4FF0000BC8
:105B30005D4B0DF118090193019A12F8013B019296
:105B4000DA081AF8022003F0070322FA03F3DA074F
:105B50001CD409F10409BBF1000F14D0D8F870105F
:105B60004FF00040FFF764FDD8F87C1006A8FFF75F
:105B700015FD0028DAD125F000450124002D76D14D
:105B800009B0BDE8F08F4FF0010BD5E7474B5B4400
:105B90000293D9F800100029DBD091FAA1F1B1FAF3
:105BA00081F1029B1C7841EA44142046FFF7A8FCCF
:105BB000083038F81070C808BB080393012319F89F
:105BC000002001F0070103FA01F122EA010209F8BD
:105BD000002005A80594FFF781FC059A039B8032FD
:105BE00050F82220C7F382065B073746C2F3014212
:105BF00022D520463946D6B2FFF78CFC05A805947D
:105C0000FFF76CFC059B803350F82330C3F301434E
:105C10009E4207D10021204603F0FFFD3146204679
:105C200003F0FBFD05A80594FFF758FC0122059B36
:105C300002FA03F30362ACE7022A0CD103212046E7
:105C400003F0EBFD06F00503012BEBD139462046AE
:105C5000FFF760FCE6E702212046039203F0DDFD3A
:105C6000032EF3D0039A032ADCD1022EEDE795FA36
:105C7000A5F3B3FA83F304FA03F29B0003F1824322
:105C800003F52043D3F81005D3F81015C0F3052011
:105C9000C1F3014125EA0205FFF73CFC6EE700BFB6
:105CA00000A00041900500215EBB02015EBB020125
:105CB00070B5084C0E462379154643B91220FCF7FF
:105CC0006DFC0123044823712660A56070BD034864
:105CD000FCE700BF503A00210000AD0B0C00AD0BFB
:105CE000002330B50D4A50F8234003F5A27101336B
:105CF000102B42F82140F6D10023084A00F13C0164
:105D000003F5B27451F8045F0133102B42F82450AC
:105D1000F6D1D0F88030C2F8043330BD0020014104
:105D20000123024A8340C2F8043370470020014136
:105D30000123024A8340C2F8083370470020014122
:105D4000F8B5012600270B4B0B4DD3F80C4304B9D3
:105D5000F8BD94FAA4F0B0FA80F006FA00F324EA51
:105D60000304064B82009F502B68002BEFD0A968DC
:105D70009847ECE700200141503A00210021014101
:105D80002DE9F0410E4617460C4D55F8184FAC4220
:105D900003D16FF01200BDE8F081314654F8440C95
:105DA000A4F14408FBF76AFC30B9C7F8008040460C
:105DB000BDE8F04103F05BBE2468E8E75C3A0021EF
:105DC00010B5D0E909124A60416A00F1240311605C
:105DD000C0E909334368044603B19847054B1A7874
:105DE000062A05D95B681BB107202268024998473B
:105DF000002010BD5C3A002160BB02012DE9F0419A
:105E000007460D460B4E56F8084FB44202D16FF0CC
:105E100001000AE0394654F8240CA4F12408FBF7E9
:105E20002DFC20B91DB1C5F80080BDE8F0812468C3
:105E3000EBE700BF5C3A002110B5044600B30068F0
:105E4000F0B10378E3B10021FFF7D8FFD8B104F136
:105E50001C03C4E907330D4B04F12402D96803F194
:105E60000800DA60A16260620A601A78062A05D921
:105E70005B681BB10720226805499847002010BDC8
:105E80006FF01500FBE76FF01000F8E75C3A0021B7
:105E900062BB020110B5036893B11B7883B18368BC
:105EA000012B0DD8084B00F144014360074BDA6920
:105EB00003F11804826444640020D961116010BDAC
:105EC0006FF01500FBE700BF140600215C3A0021CB
:105ED0000E4B10B5044620220021184604F0E6FEC1
:105EE000226842600246217902F8081BC0E90222BA
:105EF00000F11002C0E9042200F11802C0E90622F4
:105F00002046BDE8104000F00FB800BF5C3A002109
:105F100008B500F011F8BDE8084020220021014832
:105F200004F0C4BE5C3A002108B50248FFF784FFC4
:105F3000002008BD140600210148FFF741BF00BF43
:105F4000140600210EB4431E062B33B588BF002073
:105F5000094B05AC54F8045B53F82010074802F0D5
:105F6000C0FA214628460194FBF786FC02B0BDE842
:105F7000304003B0704700BFB0B8020175BB0201EA
:105F80002DE9F04F87B017469B460446DDF840A048
:105F900000284BD0056A35B12D6825B1AC4607B055
:105FA000BDE8F04F6047A36A9F4242D80026BE4238
:105FB00003D1002007B0BDE8F08F182303FB06F8DB
:105FC000D4F82C90A26909EB08052B1D0593CAB9DA
:105FD000686969680368B5F80CC0C91AAB680CF148
:105FE000030E5D1E05EB0C155B4205EB4E051D40D7
:105FF00005EBCC0385680633A94228BF4FF0FF317B
:1060000003F002FD59F8083020460293236AB1B22A
:106010009B6A01935AF8263000935BF82620059B73
:1060200003F06AFD0028C5D10136C0E76FF0150006
:10603000C0E70148BEE700BF40F4FFFF10B50446CB
:1060400090B1028D43899A4209D0084B1A78032AED
:1060500005D95B681BB14268054904209847204672
:10606000BDE8104004F00ABE10BD00BF5C3A00213C
:1060700010BC020130B544898C4212D9436A013CFC
:106080005D882C4003EBC40359609A60BFF35B8FBB
:10609000426A538801335380438D01334385002086
:1060A00030BD0148FCE700BF41F4FFFF70B4039E20
:1060B000144658B1006A48B143B1013406D0002EED
:1060C00004DB846F14B1A44670BC6047014870BC07
:1060D000704700BF2DF8FFFF70B4039E144660B1F7
:1060E000006A50B14BB1013407D0002E05DBD0F867
:1060F000884014B1A44670BC6047014870BC70472A
:106100002DF8FFFF70B50C46114605461E460C4B98
:106110002022002908BF1946204604F0F1FD049B07
:106120006662A362059B2562E362069B23636A683D
:1061300004F13403C4E90D526B60A26B136070BDAF
:1061400031BC02012DE9FF47DDF834900D4692463F
:106150001F46064600286CD000296AD0B9F1000F0E
:1061600067D001F15808404603F02FFE781C40D15B
:10617000AC6C05F1480314F001040BD00024013489
:10618000802C54D0620953F8222004F01F01CA4029
:10619000D107F4D40121600953F8202004F5806769
:1061A00004F01F04A1400A4343F820200E9B5246EE
:1061B000CDE901930C9B3146009328463B46FFF7FF
:1061C000A1FF404600F096FC347874B195F89040F9
:1061D0005CB1B36A01332ED10021304603F024FEB6
:1061E000044610B1304603F0F6FD204604B0BDE889
:1061F000F087B7F5806FD9D3A7F580637F2B05F1C2
:1062000048010FD8580951F8204003F01F0324FA21
:1062100003F2D2070BD4012202FA03F3234341F81D
:106220002030C3E7054C404600F064FCDDE7044C39
:10623000F9E7024CD9E70024D7E700BF2DF8FFFFAC
:1062400029F8FFFF2DE9F04385B00F46904603A9DA
:106250000D9A0546994603F0F6FF0446E0B10C9E00
:10626000039BD5F8AC009E42A8BF1E460168D0F83B
:1062700008C0611A33464A46614528BF4FF0FF31D6
:1062800003F088FB2346424639462846009603F031
:106290007AFF05B0BDE8F0830048FAE72EF8FFFF6B
:1062A00038B50446E0B100F15805284603F04BFE2E
:1062B000D4F8A0309B6953B9D4F89440103C002C1A
:1062C00000DC084C284603F03CFE204638BD012B7C
:1062D000F7D1D4F8A80003F060FDA0F11004EEE7B8
:1062E000014CF2E72EF8FFFF2DF8FFFF2DE9F047F4
:1062F0008AB00D46DDE9129790461E46044620B945
:10630000824F38460AB0BDE8F0870029F8D0002B4C
:10631000F6D09422002104F0C9FC012204F15800B7
:10632000114604F052F97A4BC4F8A050C4F87080BA
:106330006C62A367774BE367774BC4F88030774B89
:10634000C4F88430764BC4F88830764BC4F88C306F
:10635000D4F8A030D3F81880B8F1000F6FD1002F17
:10636000CED097E8070004F1940383E80700D4F83F
:10637000A000036A1B6998470023286100F0010010
:106380006B6184F89000B8F1000F6ED13B7A002B5E
:1063900069D009F10C03C4F8B030B9F1000FAFD0E7
:1063A000D9F80820002A00F0AE809B68002B00F08E
:1063B000AA805D4B04935D4B05935D4B06935D4B4B
:1063C0000793EB6A1B68C4F8A430EB6A9B69C4F8B6
:1063D000A830002104F1B403C4E92D3306ABC4F89E
:1063E000AC60009301910222D4F8A00004ABFFF747
:1063F000C7FD0746002884D1D4F8A80003F068FC44
:10640000EB6A1B68DE62EB6A9B69DE62B8F1000F23
:1064100061D1C246D4F898300993D4F8A4305B898E
:10642000534534D894F89030C4E90044002B59D136
:10643000D4F8A0000421036ADB68984761E7B8F14B
:10644000010F94D1D4F8A000036A9B6898474206D4
:1064500006D5D4F8A0000021036ADB689847F1E76D
:106460004307EFD583E74B4695E7B8F1010FB0D16D
:106470002E4B04932C4B05932E4B06932C4B0793DA
:10648000EB6A9B69C4F8A430EB6A1B689FE7484637
:10649000D4F8981003F0C8FE0546C8B131680890DA
:1064A000411AB0680022814228BF4FF0FF31D4F872
:1064B0009830304603F0A8FA009501230022D4F862
:1064C000A40008A903F045FB18B90AF1010AA4E7E2
:1064D0001948074615E794F89030C4E90044002BAA
:1064E0003FF40FAF00230293144B20460193352352
:1064F000134A009304F10801FFF704FEB8F1000FFE
:106500007FF4FFAE94E70C4FFBE600BF2DF8FFFFD2
:1065100045620201339F020147A1020147A2020125
:1065200087A10201539F020132BC020138BC020163
:1065300093A00201419F02012EF8FFFF959F0201E7
:106540003EBC0201F0B505460E46174687B0074A25
:1065500003AC07CA84E807000C9A3146009228462B
:106560003A460194FFF7C2FE07B0F0BD18B0020131
:1065700038B54FF04003EFF3118583F31288BFF372
:106580006F8F064B9C6802F0F6FF85F31188BFF30E
:106590006F8F2046BDE83840FBF78EBF803A002160
:1065A000104B70B553F82040013053F82060A642DC
:1065B00000D870BDD4E9003595B153B1284698474D
:1065C00038B10028B8BF4042FF28A8BFFF20EB68C1
:1065D0001870EA68537843F0010353700834E6E713
:1065E0009847FBE7D0B80201012208B5094B032008
:1065F0001A70FFF7D5FF01F08FF90420FFF7D0FFE5
:1066000000F042F9FBF7C8F8034A137B23F00103BB
:10661000137308BDB03B0021F836002108B50348CC
:10662000034A0021121A03F0B7FE08BD58070021E3
:10663000B43B00210023012270B586B0CDE90423CC
:106640000F220193CDE9023214230446124D134E5A
:1066500003FB0055124906EBC016124B01EB00215B
:106660004FF480723046009500F0A4F8737B2C74D0
:1066700023F0040373730C4B013403EBC4236B60EE
:106680000A4BEE60D3E8EF1F0131C3E8E21F002A96
:10669000F8D106B070BD00BF803A002178360021E5
:1066A0004055002187A40201404D00217C3A002181
:1066B00080B50020A6B0FFF773FF2E4B03F50062F4
:1066C00082F3088883F30A88E0232B4D002485F8A1
:1066D00022302023EB772C766C76AC7685F8204040
:1066E0006B6A264E43F4E0236B6285F82340FBF788
:1066F00053FEFBF7E9FF4FF0FF33AB62EB62FCF7B1
:10670000A3F9FCF749F840F2011306AD2846ADF8AD
:106710002430CDE91F4401F0E1F8B56003F030FE0C
:106720000120FFF73DFF0220154DFFF739FF00F074
:1067300033FE144B756105930123134F13494FF436
:106740000072CDE9034328463B46CDE9014400945D
:1067500000F030F806466A7B284622F004026A738D
:1067600003F0EBFF2046FFF765FF3A463146284627
:10677000FBF790FF404D002100ED00E0803A002142
:10678000F836002141BC0201E965020140560021B2
:1067900038B5064C064DAC4201D3002038BD20462A
:1067A000D4E9011203F0FCFD1434F4E76006002183
:1067B000740600212DE9F043984685B000F1580396
:1067C000C0E91633109B002603730423073222F01E
:1067D000070543730F9B01EB05090F468373494679
:1067E000C0E906668660C6730446FBF77BFC0E9B19
:1067F000073020F00700E066C4E9197502930D9B8D
:10680000A9EB000901930C9B4A4600933946434685
:106810002046FBF723FF054B66659B6803B11B6FA2
:106820004846236705B0BDE8F08300BF803A0021E9
:10683000F0B5002587B00595109DDDE91276049529
:106840000F9D044603950E9D02950D9D01950C9D8F
:106850000095FFF7AFFFB6F1FF3F08BFB7F1FF3F6D
:1068600005D056EA070305D1204600F047FD204633
:1068700007B0F0BD3A463346024904F1180000F073
:10688000A7FEF4E7D5A7020170B5224C224D86B0D1
:106890002646AE4204F130040AD300F04DFD1D4CF3
:1068A0001E4EAC4220D306B0BDE8704000F058BD8B
:1068B00054F80C3C059354F8103C049354F8143CE1
:1068C000039354F8183C029354F81C3C019354F879
:1068D000203C009354E90A2354E90C01FFF76AFFB6
:1068E00054F8303C5E65D3E7D4E90A23B3F1FF3FA7
:1068F00008BFB2F1FF3F05D052EA0301206803D17F
:1069000000F0FCFC3034CCE73146183000F060FE7B
:10691000F8E700BF04B0020104B00201D5A70201EC
:1069200038B5836804466BB3194A926893422CD1F8
:10693000C368012B03D9013BC360002038BD4FF071
:106940004003EFF3118583F31288BFF36F8F016962
:10695000806803F0A4FD204603F040FFA06058B11A
:1069600090F90E2022610022C26703F0E6FE29465C
:10697000084800F0B1FCE0E7E06085F31188BFF360
:106980006F8FDAE76FF01500D8E74FF0FF30D5E7EB
:10699000803A0021B13B00212DE9F341044617461E
:1069A0001E464FF04003EFF3118883F31288BFF3C4
:1069B0006F8FC368334A7BB180689168884219D071
:1069C00057EA060318D188F31188BFF36F8F6FF071
:1069D0000F0002B0BDE8F081916891F90E1001330B
:1069E000E36093682161A36088F31188BFF36F8F20
:1069F0000020EEE72169F2E791F90E1090F90E30D0
:106A00006FF07E029942A8BF19469142B8BF114665
:106A10008B422EDD03F043FD054622464146CDE97B
:106A20000076194800F0F4FB0028E1D04FF0400355
:106A3000EFF3118683F31288BFF36F8FA068D0B194
:106A4000236821699C420AD04BB193F90E309942D8
:106A5000A8BF19466FF07E039942B8BF194603F0EC
:106A60001EFD40B13146084800F036FC6FF00A00C8
:106A7000AFE70025D1E7002DF4D186F31188BFF3ED
:106A80006F8FF3E7803A0021B13B002137B5114603
:106A90004FF04002EFF3118582F31288BFF36F8F3E
:106AA00004689CB12368426823F0030394420360A6
:106AB00008BF43600121204603F066FD044685F3CC
:106AC0001188BFF36F8F204603B030BD51EA030237
:106AD000F5D000F10802CDE900131046294600F078
:106AE00097FB0028EFD1024B9B685C69EBE700BF86
:106AF000803A002138B504464FF04003EFF311858A
:106B000083F31288BFF36F8F03F068FE48B1002251
:106B1000C26703F012FE2946BDE83840074800F07E
:106B2000DBBBD4E902329A4218BF01330221A360D1
:106B300004F1100004F06CF8EDE700BFB13B002158
:106B400013B54FF04004EFF3118184F31288BFF3C3
:106B50006F8F846844B1013C846081F31188BFF376
:106B60006F8F002002B010BD52EA030406D181F3FA
:106B70001188BFF36F8F6FF00F00F3E7CDE90023AB
:106B80000246024800F044FBECE700BFB13B0021A5
:106B90002DE9F04F04464FF0FF384FF0FF39484ED3
:106BA00085B04FF04003EFF3118783F31288BFF3F2
:106BB0006F8FD4F880508DB9022104F1980003F052
:106BC00014FD002843D100233946CDE90089029302
:106BD00004F188023B4800F089FCE2E7D4F8842005
:106BE0002B689542C4F8803008BFC4F88430D4F8CC
:106BF000983043F00203C4F89830EB6823F00403A4
:106C000043F00103EB606B6887F31188BFF36F8F6C
:106C1000284698474FF04003EFF3118B83F3128817
:106C2000BFF36F8FEB68990723F0010219D4EA6074
:106C3000D4F8983023F00203C4F898308BF311880D
:106C4000BFF36F8FDB05ACD400F0AEFBA9E704F116
:106C5000900500220121284603F03BFE0028F8D1D0
:106C6000B1E7306823F00303EB600028E0D0002791
:106C70003B46D0F800A00028DAD042680146954291
:106C80000CD101689FB972683160824200D1716095
:106C900040F8083BFFF72EFF39460023BAF1000FFA
:106CA0000BD0DAF8002050460F469246E3E73960F1
:106CB0007268824208BF7760EAE75246F3E700BF96
:106CC000A03A0021B13B0021F8B5C36804469A07F9
:106CD0000F46C3F340062CD45B071AD40B680BB9DC
:106CE00083680B60E368DD0742BFA36802263B6050
:106CF0003D6858BF0126002D3AD01F4B9B68AB4220
:106D00000AD0D5F89830D807C3F3800214D46FF0B6
:106D1000120600233B6025E003F0AAFBD5F898306B
:106D20000028F0D1D907C3F3C002F0D552B15B07F8
:106D300008D46FF00F06ECE7002AFAD1C3F3C003C2
:106D4000002BF6D100232360D5F8843063B9C5E960
:106D50002044284603F054FCE36843F00403E36056
:106D60003B68A3603046F8BD1C60C5F88440F0E77E
:106D70006FF01506CDE700BF803A00212DE9F04104
:106D8000C368074603F00503002B0C4614BF4FF001
:106D900001084FF000081ED08668D6F8805025B153
:106DA000AF4201D02D68FAE701250021012204F14C
:106DB000100003F00AFC2046104903F02BFC9DB1A3
:106DC0003B68236073B9D6F884303BB9C6E92044E8
:106DD000304603F015FC4046BDE8F0811C60C6F863
:106DE0008440F5E73C60F3E7D6F880302360D6F8BE
:106DF0008430C6F88040002BEAD1F0E70FA60201EC
:106E0000F0B50446002089B0C4E920000E9D04F1CD
:106E10008800C4E9220004F19000C4E924001DB3F5
:106E20002879002840F2011008BF0120C4F898001A
:106E300000204FF0FF364FF0FF37CDE90330CDE9AA
:106E40000100CDE906672046084B0094FFF7F0FCEF
:106E500025B1296811B1204603F010FB204609B086
:106E6000BDE8F04003F00DBB0120DFE7916B0201AC
:106E700030B50A46044685B04FF04003EFF3118564
:106E800083F31288BFF36F8FD0F8983013F0060F9A
:106E90001DD1B1B143F00C03C4F89830204603F083
:106EA000AFFB00234FF0FF3202934FF0FF33294630
:106EB000CDE900230C4804F1900200F017FB05B067
:106EC00030BDD0F8800048B143F00403E4E743F05C
:106ED0000401C0F89810002AE0D0DBE785F31188A0
:106EE000BFF36F8FEBE700BFB13B0021C3897F2B5E
:106EF00012D80A4B1B6863B1094B90F90E201B682E
:106F00009A4209DB437BDB0606D1064BC31A18BF46
:106F1000012303F0010070470023FAE7B03A002193
:106F2000AC3A0021783600210122044BC01A044BF0
:106F3000C0105843034B1A54704700BF78370021E4
:106F4000ABAAAAAAB13B002170B50E4B0E4C1E7C19
:106F5000182303FB06440546204603F0DDFC00220F
:106F60000A4B28469A55FFF7C1FF48B1084B204607
:106F7000BDE870401A680749013AD31700F028BBF2
:106F800070BD00BF803A002178370021B13B00215D
:106F9000B03A0021296F020138B50D4D2B4653F848
:106FA000184F9C4200D004B9EC68AB6838B95A7BE2
:106FB000D20604D1A26912B9DA897F2A05D89C4287
:106FC00002D02046FFF7C0FF23466B6138BD00BFEB
:106FD000803A002170B590F90D200146002A437BCC
:106FE00004DA03F07F03437303F064FB154A4B7B21
:106FF000104663F07F034B7350F8183FD469834207
:1070000008BF002323B9C1E900042160D1610CE06D
:1070100091F90E5093F90E60B5420ED0AE420CDDE0
:107020005868C1E90030016059609068BDE870405F
:10703000431A58425841FFF7AFBF9C42E3D01B6848
:10704000E0E700BF803A002170B490F90D30427B38
:10705000002B29DBD30627D183692BBB134962F0B0
:107060007F0242730A4652F8184F944218BF2346D3
:10707000CC6923B9C0E900242060C8610CE090F914
:107080000E5093F90E60B5420AD0AE4208DD5A6840
:10709000C0E9003210605860002070BCFFF77CBF70
:1070A000A342E7D01B68E4E770BC7047803A002138
:1070B00008B590F90D200146002A437B04DA03F05D
:1070C0007F03437303F0F6FA044B9868431A58425F
:1070D0005841BDE80840FFF75FBF00BF803A00217C
:1070E00070B515461C46064603F0FFFAB4F1FF3FA3
:1070F00008BFB5F1FF3F08D02A46234606F1180025
:107100000249BDE8704000F063BA70BDD5A7020126
:10711000002A2DE9F0410E460CBF10210821437BC7
:10712000044619420AD10B43DD0903F09F0211D135
:107130004273082914D00120FFF72EFF1B4B9B68D8
:10714000A3422CD1EFF305834BBB3046BDE8F041A1
:10715000FBF7C8B903F01F03437303F0ABFAE8E78A
:10716000A36813B1204603F0ADFA04F1180003F050
:10717000D3FB4FF0000804F15807A56DBD42DAD0EB
:10718000002DD8D0284603F09DFA05F1180003F031
:10719000C3FB2846C5F87C80FFF756FFEDE786F372
:1071A0001188BFF36F8FBDE8F08100BF803A0021E6
:1071B00038B54FF04003EFF3118583F31288BFF326
:1071C0006F8F104B104A9C681068A04206D1FFF7E1
:1071D000BBFE85F31188BFF36F8F38BD00211B7C88
:1071E00011600A4AD35C002BF3D02046FFF77EFEE5
:1071F0000028EED0637BDB0602D12046FFF7EAFED3
:107200002046E4E7803A0021A83A0021B13B002162
:1072100070B50C480C4D86680C462E601146DDE9B1
:1072200004234FF04006EFF3118586F31288BFF375
:107230006F8F8068FFF754FF2046BDE87040FBF772
:1072400051B900BF803A0021A83A0021F8B50446A0
:107250004FF04003EFF3118683F31288BFF36F8F73
:10726000437B49B2DA0619D18569BDB903F07F03C2
:10727000437303F01FFA437B164A63F07F034373A3
:107280001346817353F8180F984218BF0546D0690A
:107290005DB9C4E900300460D46111E00020A1733D
:1072A00086F31188BFF36F8FF8BD95F90E70B94260
:1072B0000BD08F4209DD6B68C4E900531C606C6021
:1072C0000120FFF769FE0120EAE7A842E1D02D681E
:1072D000DEE700BF803A002149B9EFF3058030B9FD
:1072E000054B5A699B689A4201D0FBF7FBB881F3C2
:1072F0001188BFF36F8F7047803A002110B54FF0AF
:107300004002EFF3118482F31288BFF36F8F427B48
:10731000510704D484F31188BFF36F8F10BD22F09E
:1073200004024273FFF790FE2146BDE81040014879
:10733000FFF7D2BFB23B00214FF04003EFF31181C2
:1073400083F31288BFF36F8F044B9A68D37B013BA2
:10735000D37381F31188BFF36F8F7047803A002198
:1073600010B54FF04003EFF3118483F31288BFF39D
:107370006F8F084B00209A68D37B0133D373FFF7DC
:107380000BFE84F31188BFF36F8FBDE8104003F04C
:1073900065BA00BF803A0021024B03F11802C3E92D
:1073A00006227047803A0021F8B54FF04003EFF312
:1073B000118583F31288BFF36F8F19498868437B67
:1073C00003F07F03437303F075F908468B685A7B1B
:1073D00062F07F025A7350F8182FCC69824208BFBE
:1073E000002222B9C3E900042360CB610CE093F9C9
:1073F0000E6092F90E70BE420ED0B7420CDD51689D
:10740000C3E900210B6053600120FFF7C5FD28464A
:10741000BDE8F840FBF766B8A242E3D01268E0E7A7
:10742000803A002150EA01032DE9F04105460E465D
:1074300003D1FFF7B9FF00202CE0831C71F1FF336B
:107440002ADB03F07FFA2C184FF04003EFF311888A
:1074500083F31288BFF36F8F114F124BB868186017
:10746000FFF726FEB86810492A463346183000F068
:10747000AFF8BA684046537B43F010035373FBF7F1
:1074800031F803F05FFA201A63EB0303012873F16C
:107490000003D0DBBDE8F0816FF00104241AD3E7CC
:1074A000803A0021A83A0021D5A70201B1F1FF3F9F
:1074B00008BFB0F1FF3F08B506D1084B986803F04C
:1074C0004CF94FF0FF3008BDFFF7ACFF4FF47A7373
:1074D00080FB0303C00B40EA4340F4E7803A0021FD
:1074E000014B9868704700BF803A0021D3B5DDE9B1
:1074F0000667089CCDE90067FFF78AFE1CB1034BC5
:107500009B685B69236002B0D0BD00BF803A002158
:1075100008B50648064A0749121A02F03FFFBDE8BF
:107520000840054A0549064802F038BF000000211E
:1075300054070021ACBC020100000000ACBC0201F9
:1075400000000021034B1B680BB9FCF791BE002023
:10755000704700BFB43A002110B50E4B1C689C4226
:1075600004D1FFF7EFFF6FF0004010BDFFF7EAFF17
:10757000002CF8D0D4E904321B1A62EBE072B3F1AC
:10758000004F72F10001EEDA002AACBF184600206D
:10759000EBE700BF4006002130B570B10B4B5B68D4
:1075A00098420AD0036843B1D3E90421D0E90445E5
:1075B000121941EB0501C3E90421D0E9003213603F
:1075C0005A600023C0E9003330BD00BF40060021EF
:1075D000B3F1FF3F08BFB2F1FF3FF8B504461D46C7
:1075E00016465CD081604FF04003EFF3118783F3C0
:1075F0001288BFF36F8F013275F1FF3324DA6FF019
:1076000001032C49D1E900209B1A4FF0FF3262EBB5
:1076100000009E1B60EB0500012E70F1000301DAF3
:1076200001260020C4E90460234ED6F800C0756826
:10763000B44508BF4FF0000CBCF1000F0DD1C4E9F8
:1076400000652C6074601CE0FFF77CFF013645F19B
:107650000005361845EBE070E4E7DCE90420D4E9E6
:107660000431934271EB000E1ADAD21ADCF80430BE
:1076700060EB0100CCE90420C4E900C31C60CCF835
:1076800004403368B34206D09C4204D1FFF764FF44
:107690000021FCF7BFFD87F31188BFF36F8FF8BDA2
:1076A0009B1A61EB0001AC45C4E90431C7D0DCF89A
:1076B00000C0C1E790370021400600212DE9F84FB6
:1076C0004FF04003EFF3118C83F31288BFF36F8FF9
:1076D000DFF8B0A0DFF8B0900024C9F80000DAF8B5
:1076E00000000025504508BF0020284FE046D7E99C
:1076F0000021D9F8003080B3D0E9046C4FEAE37E72
:10770000B3427EEB0C0B05DAF61A6CEB0E04C0E903
:10771000046422E0B21841EBE671C0E90445C7E910
:107720000021FFF739FF88F31188BFF36F8F83685B
:1077300098474FF04003EFF3118883F31288BFF3AB
:107740006F8FD9F80030DAF800009B1B5045C44613
:10775000C9F80030CAD1D7E9002100249A1841EBBA
:10776000E373C7E90023C9F80040FFF7F5FE21469F
:10777000FCF750FD88F31188BFF36F8FBDE8F84F19
:10778000FFF716BD40060021B43A002190370021D2
:1077900010B54FF04003EFF3118483F31288BFF369
:1077A0006F8FFFF7CFFE0346054AD2E90001181894
:1077B00041EBE37184F31188BFF36F8F10BD00BFFD
:1077C000903700212DE9F3471D46294B16469F6847
:1077D000012387F8603087F8613052EA05030CBF57
:1077E0000123002307F16002804603F054F981462B
:1077F0004FF04003EFF3118A83F31288BFF36F8FCA
:1078000097F8604064B901465246404603F0E3F8F9
:107810008AF31188BFF36F8F204602B0BDE8F0876E
:10782000002387F8603056EA050306D18AF31188F1
:10783000BFF36F8F6FF00A04EEE75146CDE90065A4
:107840000C4A0D48FFF7E4FC04464FF04003EFF309
:10785000118583F31288BFF36F8F2A46494640464D
:1078600003F0B9F885F31188BFF36F8FD4E700BF39
:10787000803A002148060021B23B002138B503467A
:107880004FF04002EFF3118582F31288BFF36F8F40
:10789000C160012181600068834206D185F31188AF
:1078A000BFF36F8F0024204638BDD0E9003213604B
:1078B0005A600023C0E9003303F064F92946044606
:1078C0000148FFF709FDEEE7B23B00210A460146F9
:1078D000014803F0C0B900BF60060021014B0367F7
:1078E000704700BF6006002138B504460D4602F01F
:1078F000BFFD20B9064B9B681B6F0BB938BD054B0C
:107900002A4621461846BDE8384003F0A4B900BF16
:10791000803A002160060021014800F0E2BD00BF6E
:1079200046BC02011FB50024084B4FF400720293BD
:1079300002AB009306494FF0FF3306488DF80C4028
:10794000FFF75EFA204604B010BD00BF76BC02010E
:10795000407800219837002130B599B00546684637
:1079600000F02AF86946044608A800F055FA0346D4
:1079700008A928461C4300F08BF9204619B030BDF9
:1079800070B598B005466846164600F015F83146C1
:10799000044608A800F048F9034608A96A460846C4
:1079A0001C4300F083F9034608A928461C4300F055
:1079B0006DF9204618B070BD38B50B68124D1BBA72
:1079C000C3614B682A461BBA83618B6804461BBAA5
:1079D0004361CB681BBA03610B691BBAC3604B6977
:1079E0001BBA83608B691BBA4360CB6901461BBA23
:1079F0000360D8F781FB034620461C4629461A46F9
:107A0000D8F79AFB601E38BDE8B802012DE9F041B5
:107A100006460C46904688B0684602F1200106F101
:107A20002007D8F725FF6A4669466846D8F742FE20
:107A300069463846D8F71CFF3A463946384604F1BD
:107A40002005D8F737FE6A4669466846D8F732FE01
:107A500041462846D8F70CFF6A4641463046D8F7DB
:107A6000EFFE2A4629466846D8F724FE2A4669468C
:107A70006846D8F71FFE69466846114AD8F71AFECD
:107A800069462046D8F7F4FE324621462046D8F70C
:107A90004FFE324621462046D8F74AFE224631465E
:107AA0002846D8F745FE6A4629462846D8F7C8FE34
:107AB0003A4629462846D8F73BFE08B0BDE8F08193
:107AC000C8B90201F0B504460D4699B02A46684689
:107AD0002146D8F72DFE69466846D8F7C9FE6A46A2
:107AE000214608A805F1200604F12007D8F7A8FED2
:107AF0006A4629466846D8F7A3FE3246394610A89A
:107B0000D8F7D8FD324639463046D8F711FE31460F
:107B10002846D8F7ADFE6A46204608A9D8F7CAFD20
:107B2000224629462846D8F703FE6A46684608A931
:107B3000D8F7FEFD6A4639463846D8F781FE2A4610
:107B4000684608A9D8F7F4FD6A4631463046D8F7AA
:107B500077FE3A4631463046D8F7EAFD684610A926
:107B6000D8F786FE224669462046D8F7E1FD08A9E7
:107B700022460846D8F7DCFD10A9084608AAD8F71F
:107B80005FFE3A46384610A9D8F7D2FD19B0F0BDCD
:107B90002DE9F04105460C46904688B00A466846F5
:107BA0002946D8F7C5FD69466846D8F761FE6A469A
:107BB0002946284604F12006D8F742FE05F12007A1
:107BC0006A4621466846D8F73BFE3246394630467B
:107BD000D8F7AEFD31462046D8F74AFE2A46214660
:107BE0002046D8F7A5FD6A4621462046D8F7A0FDD5
:107BF0006A4629464046D8F79BFD424639463846F4
:107C0000D8F71EFE224629466846D8F791FD6A46F7
:107C100031463046D8F714FE3A4631463046D8F75A
:107C200087FD08B0BDE8F08170B504460D4690B000
:107C300004F1200600F014F9304605F1200100F0AF
:107C40000FF9214608A8D8F713FE08A908460D4ADF
:107C5000D8F730FD08A922460846D8F7F1FD08A953
:107C60000846094AD8F726FD31466846D8F700FE8F
:107C7000202269460DEB0200D8F7EEFC013810B067
:107C800070BD00BFC8B90201A8B9020100F002B975
:107C900038B505460C4600F0FDF805F1200004F16A
:107CA0002001BDE8384000F0F5B800BF13462DE9CB
:107CB000F047B8B08946544A1946804610A8D8F70C
:107CC0001BFA5249024610A8D8F736FA0746179E03
:107CD0004D4907EAD676C6F1010210A8D8F72CFA6A
:107CE000179C4A46E44328A918A8FFF78FFEE40F23
:107CF00020A90846C4F101024FF0FE0AC7F10107AE
:107D000000F090F825466A4618A928A8FFF740FF1A
:107D10004FEA6A1338AA02EB830353F8A04C0AF027
:107D20001F03DC4004F0010465402A4628A918A876
:107D3000D8F75EFA2A4630A920A8D8F759FA0AF1EE
:107D4000FF3A28A918A8FFF7BDFEBAF1FF3FD9D125
:107D5000C4F1010220A908A800F064F866406A4650
:107D600018A928A8FFF714FF324628A918A8D8F7A1
:107D70003FFA324630A920A8D8F73AFA08A96A464D
:107D80000846D8F75DFD08A9084600F09DF808A947
:107D900008F12004084609F12002D8F751FD2046D9
:107DA00020A908AAD8F74CFD08AA684618A9D8F750
:107DB00047FD69466846D8F75BFD18AA694608A8DA
:107DC000D8F73EFD21466846D8F752FD08AA694615
:107DD0001046D8F7ADFC68460D4A08A9D8F7A8FCAC
:107DE00020462021D8F74CFC024608A96846544298
:107DF0003C43D8F7FDF940466946064AD8F720FDCE
:107E0000204638B0BDE8F08728B9020148B9020120
:107E1000A8B9020108B902010A460149FFF746BFA5
:107E200068B9020170B588B004460D4616460021B7
:107E30002022684602F03AFF0023294620222046ED
:107E4000009302F026FF2A4669466846D8F770FC80
:107E5000324669462046D8F7CBF908B070BD00BF5E
:107E60000B681BBAC3614B681BBA83618B681BBA72
:107E70004361CB681BBA03610B691BBAC3604B69D2
:107E80001BBA83608B691BBA4360CB691BBA036062
:107E9000704700BFCB691BBA03608B691BBA436094
:107EA0004B691BBA83600B691BBAC360CB681BBAF2
:107EB00003618B681BBA43614B681BBA83610B6813
:107EC0001BBAC361704700BF70B50D46052498B05A
:107ED000064610A8D8F7CCFC2A46684610A9D8F761
:107EE000AFFC694610A8D8F7C3FC10A90846D8F71C
:107EF000BFFC6A4610A908A8D8F7A2FC08A910A8D8
:107F0000D8F7B6FC10A90846D8F7B2FC10A9084665
:107F1000D8F7AEFC10A90846D8F7AAFC10A908AA01
:107F20000846D8F78DFC10A90846D8F7A1FC10A97F
:107F30000846D8F79DFC10A96A4608A8D8F780FC27
:107F400008A910A8D8F794FC10A90846D8F790FC07
:107F5000013C10A9F5D1084608AAD8F771FC052400
:107F600010A90846D8F784FC10A90846D8F780FC69
:107F7000013CF5D110A908AA0846D8F761FC10A960
:107F800008A8D8F775FC08A90846D8F771FC08A915
:107F90006A466846D8F754FC1024694610A8D8F7FA
:107FA00067FC10A90846D8F763FC013C10A9F5D17D
:107FB0002A460846D8F744FC402410A90846D8F7BA
:107FC00057FC10A90846D8F753FC013CF5D110A97D
:107FD0006A460846D8F734FC102410A90846D8F79A
:107FE00047FC10A90846D8F743FC013CF5D110A97D
:107FF0006A460846D8F724FC102410A90846D8F78A
:1080000037FC10A90846D8F733FC013CF5D110A97C
:10801000084608AAD8F714FC2A46304610A9D8F713
:108020000FFC18B070BD00BF2DE9F04F43688DB054
:1080300015468046029383789A0740F10D8100240B
:108040000E78002E00F00A81252E0BD04B1C0393D6
:10805000013441463046029B98470028C0F2F68022
:108060000399EDE74E788B1C252E0393F0D0002763
:10807000B946BB46BBF11F0F38D8A6F12003102B21
:108080000AD8DFE803F02A0909300909092109099A
:108090000928092D09091F00A6F13003092B33D93E
:1080A0002A2E37D11BF0400F55F8043B40F0828058
:1080B000002BA7BF4BF0200B9946C3F100094BF0F2
:1080C000280B01E04BF0010B039B13F8016B0393AA
:1080D000002ECFD130E04BF0020B4BF0040BF3E756
:1080E0004BF0080BF0E74BF0100BEDE7BBF17F0F07
:1080F00019D8A6F13003092BD2D81BF0400F03D0BA
:108100000A2101FB0737DFE70A214BF0200B01FBB7
:108110000939D9E72E2E06D11BF0400F40F09E8082
:108120004BF0400BD0E76C2E31D02BD8682E36D0D8
:108130006A2E3CD04C2E3AD0002F46F02003B8BF18
:108140002BF04002A3F16501BCBF00271FFA82FBA0
:10815000022901D9612B2FD107350727DFF8ACA2FF
:1081600025F0070508351BF0080F66D00AEB070B52
:1081700056465E4563D1A4EB0A0AA9EB070906EB54
:108180000A026FE1742E9FD07A2E9DD0D4E71BF0A7
:10819000800F18BF4BF4007B4BF0800B94E71BF46F
:1081A000807F18BF4BF4007B4BF4807B8CE74BF453
:1081B000207B89E71F4687E7A6F16301122900F2B9
:1081C000F080DFE811F013004F00EE00EE00EE004B
:1081D000EE004F00EE00EE00EE00EE00EE00FE00BE
:1081E000E900EE00EE001B00EE00AF0055F8043B86
:1081F00001270DF1180A8DF81830B4E755F804ABD3
:10820000834BBAF1000F08BF9A461BF0400F50464F
:1082100014BF39464FF0FF3102F082FD0746A2E756
:1082200041462020029B984700280FDB013EB742C1
:10823000F6D34C44B146A41B98E74E46F7E74146B7
:1082400016F8010B029B9847002892DA98F8023042
:1082500043F0040388F802304FF0FF3420460DB09D
:10826000BDE8F08F1BF0800F34D01BF4007F2CD0C2
:10827000073525F00705AA4669685AF8080B2BF060
:1082800010050029ADB237DA404245F4806561EB54
:1082900041010DF1180B0A235A4602F04DFDA0EBE7
:1082A0000B0301936B0662D5019B25F001019F42F0
:1082B00089B240F3A180002E00F0998015F01002E1
:1082C00040F09C80BB460D4623E0AA465AF8040BBA
:1082D000C117D4E7AA461BF4807F5AF8041B01D1CA
:1082E0000846F5E71BF4007F19BF48B241F3C011FF
:1082F00008B241F3C031C2E750EA0103C9D11BF013
:10830000400FC6D0002FC4D12BF01102BB460197FD
:1083100095B240F2064115EA01021CBF0BF1010BB8
:1083200000222CE02BF010020A231FFA82FB1BF024
:10833000800C49D01BF4007115BF0735AA4625F003
:1083400007055AF8040B1EBFAA4669685AF8080BBD
:1083500050EA010545D12BF016051BF0400FADB2D8
:1083600042D0002F40D12BF01702019795B215F0A3
:10837000100248D0019B002E42D103F1010B2907C6
:108380005AD4EB0706D5D9456FDDA9EB0B0301994C
:10839000CB465F185B4649E04BF0100B1023782664
:1083A000C5E7782B04D1C6F1780343F01003BEE78C
:1083B00041462520029B98470028FFF647AF02342C
:1083C00047E608230026B2E7AA461BF480715AF854
:1083D000040BBDD01BF400711ABFC0B2614680B25D
:1083E000B6E72BF0060295B20DF1180B54E725F015
:1083F0001105BB46ADB28CE70D46B8E73B460D46CE
:1084000003F1020BBBE7DDF804B082E7A1BC020177
:108410009ABC0201CDE9043241462020029B9847D4
:108420000028FFF613AF049B059A01339945F1DC50
:10843000A4EB0B019B46CC180AB341463020029BAB
:1084400098470028FFF602AF8EB901342744391B44
:10845000019B994224DC1D4655BB019AA9EB0B09EF
:10846000554622441446914433E0019F92E702347A
:1084700041463046029B98470028E7DAE6E640F29C
:1084800006410D42E2D015F0020F04F1010441460D
:1084900014BF2B20202015F4806F18BF2D20E9E792
:1084A00041463020029B013498470028CFDACDE6C0
:1084B00006AB013D4146585D029B98470028CBDA48
:1084C000C4E641462020029B013498470028FFF66D
:1084D000BDAEA9EB0403002BF3DCC1E5704700201F
:1084E00070470FB407B504A951F8040B0191F9F7CF
:1084F000C3F903B05DF804EB04B07047836800EB88
:10850000C101B3F5004F2CBF51F8220031F8120021
:10851000704700EBC1018068B0F5004F2CBF41F8F7
:10852000223021F812307047012208B5FFF7E6FF2C
:10853000D04008BD836800EBC101B3F5004F08D3FC
:108540004B681AB143F001034B60704723F00103FD
:10855000FAE74B881AB143F001034B80704723F0D0
:108560000103FAE753000122FFF7D3BF8368B3F595
:10857000004F34BF04230823C91A081AC0087047E3
:10858000B0F5004F34BF04230823481C0833A0EB88
:10859000D300B0FA80F0C0F11F0070472DE9F04120
:1085A000174603220E460446FFF7A8FF86420546FB
:1085B00007F104080AD10122E368BA4023EA020362
:1085C000E360002344F82830BDE8F0813146022200
:1085D0002046FFF793FF06462B460146032220461E
:1085E00044F82850FFF795FF334629462046BDE85A
:1085F000F0410222FFF78DBF70B50D468668044634
:10860000FFF792FFB6F5004F014601D3012809D0CC
:108610003046FFF7B5FF294602462046BDE87040C8
:10862000FFF7BCBF70BD2DE9F04705468068FFF736
:10863000A7FF05EB800ADAF8109088460646B9F1E4
:10864000000F1BD00327DAF8104028462146FFF719
:108650006BFF404507D3324621462846FFF79EFF71
:108660002046BDE8F087032221462846FFF746FF53
:10867000013FCAF8100001D08145E4D14FF0FF342A
:10868000EB680136B4401C40EAD094FAA4F2B2FA86
:1086900082F2131D55F82340DEE72DE9F041144620
:1086A0000E460546FFF740FFA4EB0608371B0744BC
:1086B000424631462846FFF755FF3A4621462846AE
:1086C000FFF750FF4346002221462846FFF721FFCF
:1086D00021462846FFF728FF3B462118002228465E
:1086E000BDE8F041FFF715BF2DE9F04116460446FD
:1086F0000F46FFF719FF314605462046FFF714FFE6
:1087000005442A4639462046FFF72CFF31462046CD
:10871000FFF70AFF2B46311800222046BDE8F04142
:10872000FFF7F7BE2DE9F0410D4686680446FFF7D6
:10873000FBFEB6F5004F014601D3012832D030468A
:10874000FFF71EFF04EB80010E6996B90122E36872
:1087500082401343E36002220D612B4629462046E6
:10876000FFF7D7FE032229462046BDE8F041FFF778
:10877000D0BE022231462046FFF7C0FE0746034620
:1087800029462046FFF7C5FE0322334629462046E8
:10879000FFF7BFFE39462B462046FFF7BAFE0222FE
:1087A0003146E1E7BDE8F081F8B50C460546FFF734
:1087B000BBFE2618012231462846FFF79FFEC3075D
:1087C0000CD431462846FFF717FF21462846FFF70D
:1087D000ABFE214622182846FFF786FF00222146DD
:1087E0002846FFF78BFE271A012239462846FFF755
:1087F00085FE10EA020613D139462846FFF7FCFE33
:10880000214632462846FFF779FE2246211A28469D
:10881000FFF76AFF214632462846FFF76FFE241A0B
:1088200021462846BDE8F840FFF77CBF38B571B156
:10883000056800222846FFF799FE044601462846AF
:10884000FFF778FE2146BDE83840FFF7ADBF38BDE1
:1088500070B5066809B9002070BDB368B3EBD10FDD
:10886000F9D9B3F5004F34BF04230823CC1D1C44B1
:10887000E40821463046FFF7D6FE05460028EAD038
:1088800001463046FFF750FEA04209D92C44294644
:1088900030462246FFF701FF21463046FFF742FFF0
:1088A000304601222946FFF745FEB368B3F5004F75
:1088B00034BF0423082303EBC5031844CCE72DE998
:1088C000F84306681446B26801F1FF39B2F5004F6B
:1088D00034BF0423082319EA01090F460BD049428B
:1088E00039408B424F4628BF0B46894654B9002574
:1088F0002846BDE8F8839942F8D82146BDE8F843F8
:10890000FFF7A6BFB2EBD40FF1D9B2F5004F34BFD9
:1089100004220822E11D3944C91A11443046C9080D
:10892000FFF781FE80460028E1D0B36809EBC0055F
:10893000B3F5004F34BF042308231D4435447B1E88
:108940001D44B5FBF7F57D43A5EB090529463046E7
:10895000FFF70CFE2C44073424F00704A41B8045C9
:1089600007464FEAE40408D2024641463046FFF784
:1089700094FE41463046FFF7D5FE39463046FFF7B4
:10898000D3FD3844844208D2394630462246FFF7A8
:1089900084FE21463046FFF7C5FE012239463046A7
:1089A000FFF7C8FDA4E7B2F5802F2CBF08230423EE
:1089B0002DE9F0410026D21A8C18CD1D25F00705AF
:1089C00024F00704641BE408056021462046AC60DF
:1089D000EE60FFF7D5FD421D9200013002F107075E
:1089E0004FEAD7073146A2F1100205F11000B8BFD7
:1089F000324602F05BF93A4631462846FFF7B2FDAF
:108A00003346324631462846FFF783FDA4EB07087C
:108A1000284631460122FFF78DFD42463946FFF7D1
:108A2000A1FD3B46324639462846FFF772FD2146F6
:108A30002846FFF797FD4346324621462846FFF772
:108A400068FD214628460122FFF774FD3946BDE83E
:108A5000F041FFF767BE038B13F0070305D10368EE
:108A6000002B0CBF002003207047022B05D1408B48
:108A7000B0FA80F0400980007047012B05D10368EF
:108A8000002B0CBF0020052070470020704710B558
:108A90000C4600B111B96FF0150010BD081D00F0B3
:108AA00095F80028F9D1A368032BF6D9F3E72DE94F
:108AB000F0410D4607461946281D90461E4600F017
:108AC00099F8044638B13346424629463846A4460A
:108AD000BDE8F0416047BDE8F08110B44FF04004BC
:108AE000EFF3118284F31288BFF36F8F416110BCE2
:108AF0000121F8F7F3BE38B50C46054658B151B11F
:108B00000B6843B14B6833B11C22002102F0CEF850
:108B100000202C6138BD6FF01500FBE770B50546ED
:108B20000E46FFF7B4FF041E15DB4FF04003EFF3D2
:108B3000118283F31288BFF36F8F4FF6FF716B8B37
:108B40002C8B8B4204F0070407D182F31188BFF30A
:108B50006F8F6FF00A04204670BD022C0CD10133D8
:108B60006B8382F31188BFF36F8F00232246314657
:108B70002846FFF79CFFEEE7062C14D8DFE804F048
:108B800004131313041A0400002333606B683BB909
:108B9000C5E90066ACB902212846F8F79FFEDAE77E
:108BA0001E606E60F6E782F31188BFF36F8F6FF07F
:108BB0000404D0E782F31188BFF36F8F6FF0850450
:108BC000C9E782F31188BFF36F8FC4E7034640B152
:108BD000426802F00302022A06D0032A04D0012AC6
:108BE00005D06FF0150070471A68002AF9D00020F0
:108BF0009860704710B54268034602F00302022AEB
:108C00004FF00004816007D0032A02D05C6000208E
:108C100001E018685C6010BD18685C600028F6D040
:108C2000FEF72CFEF3E7704720B183682BB11B6879
:108C300033B118476FF0150070476FF004007047AC
:108C40001846704730B450B149B142B1846854B14C
:108C5000E56845B141F8040BE36830BC18476FF094
:108C6000150030BC70476FF00400FAE730B41346CB
:108C7000044650B1006860B182686AB195685DB120
:108C80000A46AC46616830BC60476FF0150030BCE6
:108C900070476FF00100FAE76FF00400F7E703692F
:108CA000D3F8680370476FF085007047084608B531
:108CB000114618B101F0D9F8002008BD6FF001008D
:108CC000FBE7084608B5114618B101F0C6F80020C8
:108CD00008BD6FF00100FBE713B5044608462169A3
:108CE00001F55971D1E8AF1F022909D15BB168B113
:108CF00000931346D0E90912FDF7EEF902B010BD5A
:108D00006FF00F00FAE76FF04C00F7E76FF001002B
:108D1000F4E72DE9F8431C46DDE90853164698466A
:108D20000F46006939B34AB344B36A1C43F10003E8
:108D3000022A73F1000324D2226842B1D0F86833CA
:108D40009A4204D96FF00B002360BDE8F88305EA6E
:108D5000080909F101035A425A412146384601F0F7
:108D60008DF888B9B8F1FF3F08BFB5F1FF3FF0D0EB
:108D70006FF06800E9E76FF00100E6E76FF01500BB
:108D8000E3E76FF08500E0E730600020DDE701F009
:108D9000B9B838B50D46044600F140012846F8F749
:108DA0006DFC30B1284604F1B001F8F767FC20B93A
:108DB0000120702303FB004038BD0020FCE702F5D2
:108DC0002C7102F5307001F042BCD0F8B030A0F543
:108DD0002C70003B18BF012300EB8300D0F89C02ED
:108DE00000F0EDBFCB6833B1C86883681B6813B16E
:108DF0000022096918477047FDF792BDD0E8EF3FA0
:108E0000C0E8E21F002AF9D1704710B54368046931
:108E10001B68C4F8603304F5D87001F048FB0021EA
:108E200004F55970FFF7EAFF084610BD2DE9F3413C
:108E300017460D4679B30B786BB3D0F8B040A4F564
:108E4000CE7814344FF0FF324FF0FF332046FDF759
:108E5000A3FD2A46404601A9F8F770FE019E2EB9EF
:108E6000204602B0BDE8F041FFF7C6BF58B120462A
:108E7000FFF7C2FF3B462A463146404602B0BDE8F6
:108E8000F041F8F739BE2022294606F1400001F0F2
:108E900037FF3766E4E702B0BDE8F081030103EB7A
:108EA0004003093323F0030303EBC00348430330BB
:108EB000083320F003001844400070472DE9F843C0
:108EC00006464FF001090569D0F8048005F5597789
:108ED000D7E8EF3F022B03D1C7E8E29F002AF7D182
:108EE00041D195F86430002B40D195F8D430002B57
:108EF0003CD12846D5F8601300F054F8044680BBF6
:108F000071683669486983681B6943B32246896979
:108F10009847044628BB06F5307649463046FDF7AB
:108F2000A7FF304605F5E476F9F7C6FA3046D8F8DB
:108F3000001000F074F8044698B90146E822304663
:108F400001F0B4FE21464FF4E272284601F0AEFE75
:108F500021463846FFF752FF2046BDE8F8836FF000
:108F600057040221F5E76FF07704F5E76FF00F047F
:108F7000F2E710B50846029B114652B993F86420F7
:108F80002AB90122184683F86420F8F7C3FE0020AE
:108F900010BD9A6E5468002CF9D0DA6EA047F6E73F
:108FA00000F0B0BF38B50D46044660B1E03001F0C6
:108FB000D5F90DB1002038BDC4F89C51C4F8A051BA
:108FC000C4F8A451F6E76FF01500F4E70268D2F890
:108FD000E03013B1D2F8DC1018477047704783694E
:108FE00013B9D0F888301970704701207047836931
:108FF000012B04D1D0F888301878C0B27047042013
:10900000704738B5C41DE400204601F03EFE054619
:1090100018B12246002101F049FE284638BD38B576
:1090200004463022002101F041FE1822002104F103
:10903000BC0001F03BFE1822002104F1A40001F065
:1090400035FED4F8D800FCF7F9FFD4F8D400FCF7CB
:10905000F5FF002304F13400C4F8A03000F031FC27
:10906000FCF756FFE36E04F140050BB12846984724
:1090700038220021284601F019FE002038BDFDF7F6
:1090800077BA01460068FDF773BA08B5F9F726F814
:10909000BDE80840F9F754B800210120FFF7EFBF01
:1090A000436E83F30B88704740E800F313F4803F6E
:1090B000D8B208BF6FF0150070477FB50A894E8996
:1090C0000B684D6802F01F0242EA461200938DF8C9
:1090D000082023F01F036A1E134423F01F030728F0
:1090E000039304D86946F9F773FB04B070BD6FF0C1
:1090F0001500FAE708B5F9F723FD002008BDF0B523
:10910000D0F80473064617F002001CBFC2F180704D
:1091100018604FF0000518BF01204FF0010C4FF40C
:10912000803E0CFA05F40C4214D00EFA05F43C42D1
:1091300010D005F5A87456F82440A41A34F07F44E2
:1091400008BF4FF0807408B91C6002E01868A042A4
:10915000FAD801200135042DE3D1F0BDF9F716BD91
:10916000F9F714BD0120F9F767BE7047416A4968F5
:109170000968F9F711BFFDF789BC01F011BA8368DE
:109180000B44036070478388026819448180D018BB
:10919000704730B484880568A3188380281930BCD0
:1091A00001F077BD0268531E03608388013383801A
:1091B00002F8011C70478388C2888168D21A03684C
:1091C0005B1AD01A70470C220369C9B201FB023343
:1091D000186C00F0070070474FF04003EFF3118266
:1091E00083F31288BFF36F8F036803F0C00343F06B
:1091F0000203036082F31188BFF36F8F704770B56D
:10920000C9B203694FF04004EFF3118584F312886B
:10921000BFF36F8F0C2606FB0134246C14F0C004DE
:1092200008D0A24206D085F31188BFF36F8F4FF0AC
:10923000FF3070BD012206FB01331A6485F31188EB
:10924000BFF36F8F436803EBC1035B68984700204F
:10925000EFE78022FFF7D3BFF8B5069F0469C9B2D4
:109260004FF04005EFF3118685F31288BFF36F8F3F
:109270000C2505FB0144256C05F0070CBCF1010F22
:109280000CD1276486F31188BFF36F8FC4E90E23D6
:10929000436853F8313098470020F8BD05F0C00509
:1092A000AF4286F31188BFF36F8F0CBF6FF077006A
:1092B0004FF0FF30F1E713B580240094FFF7CCFFA7
:1092C00002B010BD10B41C240069CBB203FB040033
:1092D000002110BC10470020FCF738B8002000F037
:1092E00035BA1046FDF706BC436800205B681B6971
:1092F0000B607047436802EA01005B6821EA0201E3
:1093000098600020D9607047436800205B689960CE
:109310007047436800205B68D960704743685A68AB
:10932000536821EA03000B4090600020D36070472F
:1093300010B503695868F8B1884219D19C6808686B
:10934000A142586000D19860002008602AB15A6894
:109350000A609A68596002B99960002010E0814261
:1093600006D10868206098688142EDD19C60EBE7E7
:10937000044600680028F2D1002AE8D16FF01500F9
:1093800010BD30B451F820500C4601EB80023DB1C5
:109390000146AC46D4F88000002330BC126C604714
:1093A00030BC704710B500690F299FBF00EB8104E6
:1093B00040F821202364002088BF6FF0150010BD05
:1093C00000207047102070470F290ED843685B6853
:1093D000CB40DB0709D501228B00DBB203F18243CE
:1093E00003F5903300201A6070476FF01500704746
:1093F00038B50F290C46056933D843681B68CB4044
:10940000DB072ED5D5F8841021FA04F303F001030D
:109410001AB99BB96FF0770022E0002BFAD111B98D
:109420001220F9F7BBF80122D5F88430A24013438B
:10943000C5F88430E0B2FCF773FC0AE0E0B2FCF758
:1094400077FC0122D5F88430A24023EA0203C5F854
:109450008430D5F8843013B91220F9F7ADF8002024
:1094600038BD6FF01500FBE730B543681360057A2F
:10947000446804EBC504A34202D36FF0010030BD81
:109480005C798C4201D00833F0E70020F7E74368AD
:109490001B68D3F88004C3F88004704743680269EE
:1094A0001B68D3F8100150B10020526912780A707D
:1094B000C3F81001D3F8102101221A6070474FF051
:1094C000FF30704702680346D2F8580140B95B6824
:1094D0009B0706D4D2F82001003818BF012070473E
:1094E0000120704742681368D3F80413C90518D5E2
:1094F000D3F82011A9B14FF04000EFF3118180F3B0
:109500001288BFF36F8FD3F8200130B10020C3F869
:109510002001D3F820010120D86081F31188BFF326
:109520006F8F5268D20615D54FF04001EFF31182CC
:1095300081F31288BFF36F8FD3F8581111B1002156
:10954000C3F800154FF48001C3F8081382F31188A3
:10955000BFF36F8F7047002200F150039B009BB256
:1095600003F1824303F5B0331A601B68704708B5F6
:10957000FAF7F2FC08BD002008B5F8F753FF10B564
:10958000FBF72CFE4FF0FF304FF0FF31FAF77AFE79
:10959000044620B9D7F77AFC0446FAF77BFE20464A
:1095A00010BD38B5038A054673B3037EA3B1022B01
:1095B0002AD14FF0FF304FF0FF31FAF763FE044637
:1095C00040B9E868F5F73AFB0446FAF763FEB4B130
:1095D000FAF76EFF204638BD4FF0FF304FF0FF31F5
:1095E000FAF750FE04460028F4D1E868FBF718F8B3
:1095F0000446FAF74FFE002CECD1FAF759FF284643
:10960000F9F744FD0024E5E76FF01504E2E7FAF707
:1096100063BF10B530220021044601F047FB202330
:1096200023708023A3706FF03F0363716FF01B03FF
:10963000A3722823A3732223E3730423A3756FF07B
:1096400008036376FF23A376E3767F232377302313
:1096500084F820306FF03F0384F821306FF001036D
:1096600084F82330402384F82D307F2384F822307F
:109670004FF0FF3384F824306FF01C0384F825305A
:10968000802384F82630072384F82730042384F8C5
:10969000293010BD002303604360037863F00203A8
:1096A0000370437823F0590343F059034370704724
:1096B00001F12003013813F8012D8B4200F8012F2E
:1096C000F9D170470021FBF7A7BD90F840100129A0
:1096D00001D8FBF7A1BD12207047684620F00701B2
:1096E0008D4601B5F1F780FFF8F72AFDBDE801408E
:1096F0008546704708B54FF0FF314FF0FF30FAF75D
:10970000C1FDF7F7A6FFBDE80840FAF7C3BD6846FC
:1097100020F007018D4601B5FFF720FDF1F708FFA6
:10972000BDE8014085467047684620F007018D4638
:1097300001B5F1F77BF8F8F703FDBDE80140854678
:10974000704708B5F7F732FF002008BD012801D1A6
:10975000F1F71CB970477047F1F764B9004700F0A2
:109760000BBE40F00040C1F88000704740F0004060
:10977000C1F88000704740F00040C1F88000C2F896
:1097800080007047FBF7A4BEF7B51646DDE9084731
:10979000019001A81D46FBF7A1FE019BB6F1000C4C
:1097A00018BF4FF0010C00EB83000B1E18BF012304
:1097B000002D43EA4C0314BF4FF00C0C4FF0000C8B
:1097C000002C43EA0C0314BF4FF4706C4FF0000CF4
:1097D000002F43EA0C0314BF4FF4403C4FF0000C41
:1097E000D0F8002243EA0C0322EA030301B109780E
:1097F0000EB13678760019430DB12D78AD003143A6
:109800000CB12478240229430FB13F783F040C4364
:109810003C43C0F8004203B0F0BD1FB50DF10F038B
:10982000019300238DF80F101A4619460093FFF795
:10983000ABFF05B05DF804FB38B5054608460C469D
:10984000FBF7A0FEA8B10846FBF790FE88B90846D2
:10985000FBF780FE01232A688340C2F808332B6897
:1098600003EB8000D0F8103523F00303C0F8103567
:1098700038BD2046BDE838400021FFF7CEBFFBF7DA
:1098800005BFFFF7D9BF37B50C46154690B1037831
:1098900083B179B10B786BB162B101A9FCF7AEFA73
:1098A00050B9019883684BB12A46214603B0BDE800
:1098B000304018476FF0150003B030BD6FF0120054
:1098C000FAE701464068C36803B1184770472DE9BD
:1098D000F04389B0109E044689469046002120221C
:1098E00068461F46129D01F0E1F91F2E97BF012324
:1098F0004FF0FF33B34003F1FF332361119BC4E901
:109900000098C4E902766361183445B10FCD0FC4E5
:1099100095E80F0084E80F0009B0BDE8F0836D46BC
:10992000F4E773B50468661C31D08568A9422ED26D
:1099300064182CD05E18AE4288BF6B1A056A35B128
:1099400000930523A8470346184602B070BDBFF335
:109950005B8F1946A41A101919B140EA0205AD0728
:109960000AD103290DDC013811448A42ECD010F8E9
:10997000014F02F8014BF8E70078013902F8010BBA
:10998000E9E750F8044B043942F8044BE9E76FF07B
:109990002103D9E773B50468651C32D08568A942F4
:1099A0002FD264182DD05E18AE4288BF6B1A456A5C
:1099B000CDB100930523A84702B070BD12F8015B3A
:1099C000013905701546A01819B140EA0206B6071C
:1099D000F4D103290ADC013D014488420CD1BFF3D4
:1099E0005B8F1846E8E71946A41AEBE755F8042BF5
:1099F000043940F8042BECE715F8012F00F8012B8F
:109A0000EBE76FF02100D7E773B51C4603681546F6
:109A10005A1C29D08268914226D25B1824D066183D
:109A20009642866A88BF541A36B105232A460094A6
:109A3000B047204602B070BD184622464AB92946B2
:109A400001F034F9BFF35B8FF3E700F8015B013AF3
:109A5000F4E78307F9D14FF001336B43032AEEDDBE
:109A600040F8043B043AF9E76FF02100E2E70020F8
:109A7000704710B4046B02460B4684B9C1681F29B5
:109A800098BF23FA01F4416861B18068834209D22A
:109A90001069184051F82430184410BC7047234610
:109AA00010BC18474FF0FF30F7E770B5436B054621
:109AB0000E46E3B90469621C09BF43680C401C6888
:109AC0000C1B21462846FFF7D4FF864207D02B699E
:109AD00001331C44AB689C42F3D34FF0FF34286839
:109AE000431C07D0AB68A34204D9204470BD9847FB
:109AF0000446F4E70020F9E730B5059CC4E900020C
:109B0000039A21811989E260049A61812185626149
:109B1000D3E9002502EB0113C4E906128A1C236273
:109B200003EB42036A1C13446D422B40636283695A
:109B300053B90139E2698B4202EB031206DB0023C1
:109B400093736FF07F03D373002030BD0133D38153
:109B5000F0E72DE9F04FB0F830A004465546002656
:109B600085B002EB030891460E9A00EBCA031FFA78
:109B700088FB9A63A3F83CB008F1FF32C3690F1D5C
:109B80000192B0451ADC238D2586A3EB0B032385B8
:109B9000236A61895A8801390A4003EB4203A3F81A
:109BA00004A0BFF35B8F0020226A538801335380E7
:109BB000638D0133638505B0BDE8F08FE06A2A014B
:109BC00057F8041C03EB0515029303680392C91AA6
:109BD00083680837994228BF4FF0FF31FFF749FFEC
:109BE000DDE90232985000226A6057F8082CAA601A
:109BF000019A9642ACBF00220122B145D8BF42F083
:109C00000202AA810136ED89BBE7F0B550B3456A7F
:109C1000448E6B88A34230D0631C43864389BFF3D4
:109C20005B8F013B1C4005EBC4056B689EB209B11C
:109C3000AD680D60D0F81CC09BB20CEB031100EBBB
:109C4000C3039D8F078D2F44013D07859D878D8917
:109C50006F070ED5058ECD8100210686986B99631E
:109C600002B11480F0BD9D8FC989013D0CEB01113B
:109C70009D878D89ED07F6D4ECE70020F2E7C369F4
:109C800003EB01139868704770B5BFF35B8F0D4607
:109C9000016A1646838E4A8804469A4216D05A1C98
:109CA00082864289013A134001EB43018A882A8067
:109CB00093B2C2691B01D158C06AFFF7F6FE2A8829
:109CC000E36903EB02139B68336070BD0020FCE77F
:109CD00010B5026893691269920017D543B9438E93
:109CE000026A81694489013B1B1B02EB410293809C
:109CF00003689B69012B08D1838E426A8169408980
:109D0000013B1B1A02EBC102938010BD23B9026A0A
:109D1000138843F00103138003689B69012B01BF83
:109D2000426A138843F001031380EEE710B5BFF3D6
:109D30005B8F036804461A699B6912F0005F1AD0B2
:109D40007BB9036A426A5B888169013B02EBC1020D
:109D500092889B1A628D9BB29A4214D80023638525
:109D600010BD012BFAD1436A026A5B888169013B0D
:109D700002EB4102ECE763B9436A1B88DB4303F063
:109D80000103002BEAD06369002BE7D020469847F7
:109D9000E4E7012BE2D1036AEFE7036A828E598878
:109DA00091420AD0418901390A4003EB42039A8863
:109DB000C36903EB02139868704700207047BFF334
:109DC0005B8FC36803B1184770474FF0FF324FF005
:109DD000FF33FCF7B5BE70B50446056A05F15806B9
:109DE0003046FFF7F2FF636AA3F580637F2B0BD841
:109DF00001225909483503F01F039A4055F82130D4
:109E000023EA020345F82130D4E90D124A60616B60
:109E100004F134031160C4E90D330023236230469A
:109E2000BDE87040FCF766BE30B58DB0456A0446AB
:109E30000B912022014602A80A9500F061FF282319
:109E400001222946CDE900322046352202ABFCF73B
:109E50002DF900EAE0700DB030BD28B1006A18B1EC
:109E600011B1C36F03B11847704730B1006A20B118
:109E700019B1D0F8803003B11847704730B1006A8B
:109E800020B119B1D0F8843003B1184700207047D1
:109E90002DE9F84306468846174699460468A642C7
:109EA00001D1002520E07A1CA4F1340502D06B6AB0
:109EB000BB4219D0B8F1000F22D0202241462846DB
:109EC00000F00CFFE0B9B9F1FF3F02D0AB6A4B459F
:109ED0000AD07B1C0BD02468B442E2D054F8103C6A
:109EE000A4F134059F42E8D12846BDE8F883AB6A67
:109EF0000133F9D02468B442D3D0A4F13405D9E7B2
:109F00002468CCE710B5044690B1036A83B10278A7
:109F10004AB193F8903033B1436AB3F5806F02D3FE
:109F20000121FFF781FF2046BDE81040FFF753BF36
:109F300010BD51F8083C43F0004341F8083C70471D
:109F40007047FCF7D7BD4FF0FF324FF0FF33FCF7FF
:109F5000F7BDF8B50C46054651F8086C00F15807F6
:109F60003846B6B2FFF7EFFF24F8086CD5F8B820F2
:109F7000A4F1100344F80C2C05F1B40244F8102CA1
:109F8000C5F8B83054F80C2C38461360FFF7D9FFE9
:109F90000020F8BD2DE9F041056A282A0F46D5F8C2
:109FA000AC0088B026D101688468791AA14228BF24
:109FB0004FF0FF3120236A46FFF7B3FC05F1580646
:109FC000D7F820803046FFF7BEFF43464FF0FF3200
:109FD00069462846FFF75CFF7B6A0446DB0719D514
:109FE00060B93046FFF7ADFF6B6F1BB14246694663
:109FF00028469847002008B0BDE8F0814FF0FF33B5
:10A0000083623046FFF79DFF236B002BECD0204688
:10A010009847E9E720B93046FFF793FF2B6FE4E755
:10A02000C0F828803046FFF78CFFE3E730B4D0F863
:10A03000A0501346AD6925B930BCD0F8A400FFF795
:10A04000E4BD012D06D130BC0A46D0F8A400194663
:10A05000FFF71ABE002030BC70477FB50C4619468A
:10A06000D0F8A0309D695DB90094CDE9024201238A
:10A070002A46D0F8A40002A9FFF76BFD04B070BD1A
:10A08000012DFBD1D0F8A40004B0BDE87040FBF76F
:10A09000F1BF2DE9FF4103685F6A07F158063046BA
:10A0A000FFF751FF38460DF10A0203A9FFF7BEFF83
:10A0B00004463046FFF745FF002C41D0BDF80A307A
:10A0C0003046A360FFF73FFF4FF0FF3300213846D3
:10A0D0006268FFF7DDFE05463046FFF732FF7DB1CF
:10A0E000AB6AE96B013308BF2368284608BFAB623F
:10A0F0002368A2890091D5F82C8004F11001C04793
:10A100003046FFF720FFA368002B06DB21463846C8
:10A11000BDF80A30039AFFF7A0FF38460DF10A0296
:10A1200003A9FFF783FF044618B13046FFF709FF84
:10A13000C4E7D7F8A400FFF7F9FD3046FFF701FFA9
:10A1400004B0BDE8F081F8B5044651F8086C00F1A0
:10A1500058073846B6B20D46FFF7F5FE3146D4F83B
:10A16000A400FFF78CFD33460246A5F110012046FE
:10A17000FFF773FFD4F8A400FFF7D8FD3846BDE819
:10A18000F840FFF7DEBE2DE9F041A3F1100653F8C9
:10A19000085C002388B00693ADF81E3004461023F7
:10A1A000CDE904120E9FD0F8AC00ADF81C70016828
:10A1B000D0F808C0711A0DEB0302614528BF4FF0BB
:10A1C000FF3104F15808FFF7E5FB4046FFF7BBFEFF
:10A1D000D4F8A030ADB29B69CBB9D4F89420D4F8B0
:10A1E000A030D4F8A8009B69C3B9CDE902620096FB
:10A1F000012202A9FFF7ADFCD4F8A800FFF796FDF5
:10A200004046FFF79EFE384608B0BDE8F08129467B
:10A21000D4F8A800FFF733FD0246E0E7012BEBD1AD
:10A220002946FBF727FFE7E710B548B149B1436876
:10A230008B4206D382680468D21A5B1A4360A01866
:10A2400010BD0020FCE72DE9F3470546D0F8A0003B
:10A250000E46036A17469B689847430703D40020BD
:10A2600002B0BDE8F08743F69823002F18BF1F46C1
:10A2700005F1580805F1B40A4046FFF764FED5F829
:10A28000B440D5F8A0305445D3F8189025D024B365
:10A29000D4E90023536022681A60C4E90044B9F18C
:10A2A000000F0ED1D5F8943033604046FFF749FED9
:10A2B000BDF8063004F11000A3603368103B336032
:10A2C000CEE7B9F1010FF0D12189D5F8A800ADF89A
:10A2D0000610FFF7D4FC3060E7E7B9F1000F2AD190
:10A2E0003146D5F8A8000DF10602FFF78EFC0446B2
:10A2F0000028DAD1D5F8A8301B8D53B94046FFF7B6
:10A3000020FE002FABD021200021FDF7CFF8013F28
:10A31000B2E7D5F89410D5F8B000FFF785FF0446F2
:10A32000D5F89430ADF8069033604046FFF709FE4B
:10A33000002CE6D0BCE7B9F1010FDFD13246D5F8E9
:10A34000A8000DF10601FFF79FFC0446EDE720B1E0
:10A3500019B112B1C0E901220160704710B504467D
:10A3600018B910BD3438FFF7CDFD20688442F9D10B
:10A370000023C4E92933F4E708B1F8F73FBD70477B
:10A38000704740B1C368587810F001001EBF1878BC
:10A39000B0FA80F04009704700F088BC00F079BC4A
:10A3A00010B400F10C04C0E9034410BCFEF7FBBA82
:10A3B0002DE9F04F054687B0DDE9106791463B4631
:10A3C000324604A8884605F1140A00F0BFFADDE918
:10A3D0000434CDE902344FF04003EFF3118483F3EA
:10A3E0001288BFF36F8F05F10C0B4A464146284691
:10A3F000FEF765FA30B184F31188BFF36F8F07B0B1
:10A40000BDE8F08F3E43F6D0DDE9022304A800F05A
:10A41000C1FADDE904675A4621465046CDE9006796
:10A42000FCF7F6FE4FF04003EFF3118483F312883C
:10A43000BFF36F8FD9E738B504464FF04003EFF311
:10A44000118583F31288BFF36F8FFEF7EFF904F1E4
:10A450000C0000F00DFA30B1294604F11400BDE8FB
:10A460003840FCF739BF85F31188BFF36F8F38BDD3
:10A47000EFF30580003818BF012070476FF05700D8
:10A480007047FCF73BBF08B54FF04002EFF3118374
:10A4900082F31288BFF36F8FF8F71CF9F4E790F995
:10A4A0000E308B4201D0FCF7D1BE0020704703462E
:10A4B0000020C3E90033C3E9020070472DE9F843E7
:10A4C000994604460D4690469DF8203000F1080656
:10A4D0004FF04002EFF3118782F31288BFF36F8FC2
:10A4E00003B14568304600F079F958B10023C0F84F
:10A4F0001480C36700F021F930463946FCF7ECFEC2
:10A5000000200CE0B9F1000F1BD00821FDF7ECF999
:10A5100038B987F31188BFF36F8F6FF00B00BDE878
:10A52000F8830122C0F804800260016801F0030191
:10A530005DB922680A430260626820606AB960609F
:10A540000BE04046C8F80090EFE72A68032A10D8CD
:10A550000160616839B9C4E90000042104F1100008
:10A5600000F056FBC8E70A6802F0030202430A60E3
:10A57000E5E722F003020A4302602A6802F00302C0
:10A5800040EA02032B60E8E710B5044630B10268E8
:10A59000930703D0446809B100F070FB204610BD5A
:10A5A000012307B5009300230A461946FFF786FFEB
:10A5B00003B05DF804FB002307B50A460093194673
:10A5C000FFF77CFF03B05DF804FB5AB18A4209D360
:10A5D00000F11003C0E90212C0E90000C0E9043331
:10A5E000002070476FF015007047012302688B4010
:10A5F00022EA0303036022FA01F000F00100704731
:10A6000020B100228830114600F063B97047103045
:10A61000FCF770BA38B504460D461022002100F050
:10A6200045FB656038BD13B5019008464FF0400307
:10A63000EFF3118483F31288BFF36F8F01A9FCF746
:10A6400043FB84F31188BFF36F8F02B010BD10B5C8
:10A65000FFF7E9FF041E09DD4FF04003EFF311801F
:10A6600083F31288BFF36F8F00F0ECF8204610BD23
:10A6700070B50D464FF04003EFF3118683F3128857
:10A68000BFF36F8FFCF77AFB044686F31188BFF3A4
:10A690006F8F38B14FF0FF324FF0FF3305F11000EC
:10A6A000FCF74EFA204670BD08B5A022002100F04C
:10A6B000FDFA08BDD0E9003213605A600023C0E9FA
:10A6C0000033704708B5FFF7F5FF437B23F0020323
:10A6D00043730023836008BD90F90E3091F90E009A
:10A6E000834214BFC01A0020704738B504460D4697
:10A6F000FCF7DEFC637B43F002036373E5B1A56006
:10A700002B689D4209D16B68C4E900531C606C60E2
:10A7100012E06A689342F6D01B68002BF3D094F9DC
:10A720000E2093F90E108A42F3D09142F1DD5A685F
:10A73000C4E9003214605C6038BD10B54FF04003CE
:10A74000EFF3118483F31288BFF36F8FFCF77CFC67
:10A7500084F31188BFF36F8F10BD10B50446183015
:10A7600000F0DAF84FF04003EFF3118183F3128821
:10A77000BFF36F8F627B12F0100204D081F3118857
:10A78000BFF36F8F10BD2046BDE81040FCF7C0BC82
:10A7900038B504464FF04003EFF3118583F3128878
:10A7A000BFF36F8F437B13F0280F0BD183680BB17E
:10A7B000FFF788FF637B51B903F0FB032046637307
:10A7C000FCF742FC85F31188BFF36F8F38BD03F0AF
:10A7D000EB03F3E701211838FFF7DABF38B54FF084
:10A7E0004003EFF3118583F31288BFF36F8F046882
:10A7F000A0420DD034B12046FFF764FF04F11800E9
:10A8000000F08AF885F31188BFF36F8F204638BDBA
:10A810000024F7E7014610B54FF04003EFF3118431
:10A8200083F31288BFF36F8F83680BB1FFF74AFF82
:10A8300084F31188BFF36F8FBDE8104001F1180059
:10A8400000F06AB8034620B9EFF305820AB9F7F7BA
:10A8500049BE83F31188BFF36F8F70474FF04003F9
:10A86000EFF3118083F31288BFF36F8FFFF7EABF16
:10A8700038B5054600202C68A54200D004B938BD83
:10A880002046FFF7C7FF2046FFF757FF0120F2E7FA
:10A890004FF04002EFF3118182F31288BFF36F8F04
:10A8A000027BD2070AD581F31188BFF36F8F404036
:10A8B00080F311884FF0040002DF7047437B1B07D1
:10A8C00004D581F31188BFF36F8F70470122FCF725
:10A8D0001FBC38B54FF04003EFF3118583F31288A6
:10A8E000BFF36F8F0468A04212D09CB1E167626130
:10A8F0002046FFF7E7FE04F1180000F00DF82046AF
:10A90000FCF7A2FB012085F31188BFF36F8F38BDE0
:10A910000020F8E72046F6E710B54FF04002EFF3CD
:10A92000118482F31288BFF36F8F03683BB1FCF789
:10A9300033FE002084F31188BFF36F8F10BD6FF0DA
:10A940001500F7E708B5FCF723FF08BDB3F1FF3F9B
:10A9500008BFB2F1FF3F70B504461D46164613D03E
:10A960001A4315D06FF001024FF0FF33921B63EBD7
:10A970000501002904DAFCF70BFF821941EB050100
:10A98000C4E90021204670BD4FF0FF321146F7E7C1
:10A990000022FBE7B3F1FF3F08BFB2F1FF3FF8B57C
:10A9A000074616461C4610D054EA020311D0FCF7A5
:10A9B000EFFEB0420A46A14103460AD2F31A64EB05
:10A9C0000204C7E900343846F8BD4FF0FF331C4697
:10A9D000F7E70023FBE71423F0B500244FF48B7650
:10A9E00003FB010001B9F0BD10F8073CA0F114070A
:10A9F00003F03F03082B40F80C4C0CD826FA03F365
:10AA0000DB0708D550F8143C2BB150F8105C2B60D4
:10AA10005D6040E9054482F31188BFF36F8F4FF00A
:10AA20004003EFF3118283F31288BFF36F8F384630
:10AA30000139D7E7F8B50D46D0E90013884204463E
:10AA400005D16368C5E900431D6065601DE0002B0A
:10AA5000F7D0986800B16038A2F160073946FFF777
:10AA60003BFE0028EDDC2668B442EAD0002EE8D098
:10AA7000B16801B160393846FFF72EFE002805DDC8
:10AA80007368C5E900631D607560F8BD63689E4228
:10AA9000D7D03668EAE72DE9F84F00258B461446F3
:10AAA0001F4682462E46A8465D4502DB3046BDE87D
:10AAB000F88F4FF04003EFF3118983F31288BFF34F
:10AAC0006F8F9AF80D3003F03F03013B072B0FD82F
:10AAD000DFE803F01E040E0A0E0E0E25DAF8103021
:10AAE0009B682BB1022320E0DAF810301B688BBB87
:10AAF00047BB237833B39AF80D3003F03F03013B93
:10AB0000072B30D8DFE803F033282F282F2F2F38DA
:10AB1000DAF810309B68002BEAD0012305E0DAF860
:10AB200010301B6A002BE3D01023DAF80C20CAF88F
:10AB30000880C2F386310B4363F39432CAF80C20C9
:10AB400084F8008089F31188BFF36F8F01350AF113
:10AB5000140AA9E70423E8E722465146DAF8100070
:10AB60001030FFF767FFCAF808400136EAE72246CF
:10AB70005146DAF81000F4E7DAF8100022465146A0
:10AB80002430EEE72DE9F041846805460E46ECB12D
:10AB90006378012B25D114F8533C9A0714D5A4F1FE
:10ABA00060073846FFF736FE082E0CBF6FF0030330
:10ABB0000023E36114F8533CDB0605D154F8483C0C
:10ABC00013B93846FFF7B9FD002323700020EB6866
:10ABD000A860C3F38632164366F39433EB60BDE896
:10ABE000F081022BF0D12378002BEDD054F8048CA7
:10ABF000B8F1000FE8D004F11400FFF78DFE002338
:10AC0000A4F1140739464046E362FFF70CFDDBE789
:10AC1000034610B54FF04002EFF3118482F312881F
:10AC2000BFF36F8F0068834208D0D0E90032136011
:10AC30005A600023C0E90033FFF7A4FF84F31188B2
:10AC4000BFF36F8F10BD0023C0E900008360704721
:10AC50000023836070470432D3B5044608D200262F
:10AC6000002741F00401CDE90067FFF7A1FB10B90F
:10AC7000002002B0D0BD40F8044BFAE720B1011F1C
:10AC800050F8040CFFF7D7BB704701460420FCF7CF
:10AC90001DBE0A44431E914200D1704710B511F801
:10ACA000014B914203F8014FF9D110BD0244034614
:10ACB000934200D1704703F8011BF9E701390244C0
:10ACC00010B5904201D1002005E0037811F8014F42
:10ACD000A34201D0181B10BD0130F2E710B56AB1D4
:10ACE0000139841810F8012B11F8013F9A4203D161
:10ACF000A04201D0002AF5D1D01A10BD1046FCE7C1
:10AD000010B50139044632B111F8013F013A00F89B
:10AD1000013B002BF7D10021FFF7C8FF204610BDF3
:10AD20000246014410B58A42134603D01C78013212
:10AD3000002CF8D1181A10BDF0B5C3F1370704463E
:10AD400003F01F031046FFB2082BE6B232D0102BDF
:10AD50003DD06508A40845EAC17544EA81748A08B3
:10AD60002D1942EB5102290941EA02716D1842EB9B
:10AD70001212290A41EA02616D1842EB1222290CD3
:10AD800041EA02416D1842EB1242AD1842F1000255
:10AD9000EC0844EA4274D10804EB8402A6EB4205B5
:10ADA000EDB2092D0CD90134A5F10A0541F10001DC
:10ADB000EDB212E0E40806F0070544EA4174C90860
:10ADC000303554EA010200F8015BBDD1F0BD240921
:10ADD00006F00F0544EA01740909092D84BFED1935
:10ADE000EDB2EDE7014800687047000068380021C7
:10ADF0008C68FF7F01000000B12B02010000000001
:10AE00003931020188AE02019167020100000000A1
:10AE1000B1370201B0AE0201B13702019CAE0201AE
:10AE2000A55202010000000043970201000000004B
:10AE3000C9350201C4AE0201453B0201D8AE020190
:10AE4000AD33020100000000C1400201000000001B
:10AE5000C12B020100000000D1390201ECAE020159
:10AE6000692B020100000000F55202010000000001
:10AE700025790201000000000B8E020100AF0201E3
:10AE80007D430201000000005EBA0201BCB702016E
:10AE9000CCB7020152060021C03800217DBA020160
:10AEA000F0B7020120B802015606002168390021DE
:10AEB0008BBA020108B8020120B80201580600212D
:10AEC000743900216DBA020100000000E8B70201E8
:10AED0005406002114390021B0BA020158B8020109
:10AEE0008CB802015C0600217005002199BA0201AC
:10AEF0006805002144B802015A060021803900216A
:10AF000038BA02012C050021E8B6020150060021E2
:10AF1000201B0021000000009990020100000000A9
:10AF200099900201000000009990020100000000C9
:10AF300099900201000000009990020159970201C6
:10AF40005D970201000000009990020100000000DE
:10AF5000999002010000000099900201143900212B
:10AF60003D360201F95A02015D970201000000001E
:10AF70009990020100000000999002010000000079
:10AF80009990020100000000999002010000000069
:10AF90009990020100000000999002010000000059
:10AFA00099900201415D02015D970201D8AE020154
:10AFB000E5940201000000009990020100000000E9
:10AFC00099900201000000005141020100000000C0
:10AFD0009990020100000000999002010000000019
:10AFE000999002010000000095520201000000004B
:10AFF00099900201000000009990020100000000F9
:10B0000099900201FFFFFFFFFFFFFFFFFFFFFFFF20
:10B01000455F02010600000000020000000200007F
:10B02000000000000C0802170D01010209090101CE
:10B0300006020918180301010909030305030201A7
:10B04000230202240910040405050B0B040B2B003A
:10B0500000002CA6E0A1000020A8000000000000D5
:10B0600020A8000001020800A301B103BF050000F1
:10B07000EF024906A3090000C505F50B25120000E3
:10B080000E021C045A03B4063006600CF401FA00E8
:10B09000960064004B0032001E0014000A000500F8
:10B0A0000200010000000000141E0000301100002A
:10B0B0000000000060EA0000000000000000000046
:10B0C0000000000060EA00000102080000002CA659
:10B0D000E0A1000020A800000000000020A800005F
:10B0E00025262700010208000102080000000000D8
:10B0F000141E0000301100000000000060EA000093
:10B1000000000000000000000000000060EA0000F5
:10B1100000002CA6E0A1000020A800000000000014
:10B1200020A8000000002CA6E0A1000020A800003C
:10B130000000000020A8000000002CA6E0A10000F4
:10B1400020A800000000000020A80000F401FA0080
:10B15000960064004B0032001E0014000A00050037
:10B160000200010000000000141E00003011000069
:10B170000000000060EA0000000000000000000085
:10B180000000000060EA000000002CA6E0A1000022
:10B1900020A800000000000020A80000F401FA0030
:10B1A000960064004B0032001E0014000A000500E7
:10B1B0000200010000002CA6E0A1000020A8000071
:10B1C0000000000020A80000F401FA0096006400CE
:10B1D0004B0032001E0014000A00050002000100AE
:10B1E00000000000141E00003011000000000000EC
:10B1F00060EA000000000000000000000000000005
:10B2000060EA00000102080000002CA6E0A1000096
:10B2100020A800000000000020A801020401000195
:10B220000000010100000100010000010001000018
:10B230000000F401FA00960064004B0032001E008A
:10B2400014000A0005000200010001000B000200CA
:10B250000A00050009000A000800140007001E008B
:10B260000600320005004B00040064000300960055
:10B270000200FA000100F401000000002CA6E0A189
:10B28000000020A800000000000020A8F401FA003F
:10B29000960064004B0032001E0014000A000500F6
:10B2A0000200010000000000141E00003011000028
:10B2B0000000000060EA0000000000000000000044
:10B2C0000000000060EA000000002CA6E0A10000E1
:10B2D00020A800000000000020A800002CA6E0A18B
:10B2E000000020A800000000000020A800000000CE
:10B2F000141E0000301100000000000060EA000091
:10B3000000000000000000000000000060EA0000F3
:10B310000102080000000000141E000030110000AF
:10B320000000000060EA00000000000000000000D3
:10B330000000000060EA0000030000002CA6E0A16D
:10B34000000020A800000000000020A8F401FA007E
:10B35000960064004B0032001E0014000A00050035
:10B3600002000100E3A3C3000406080A0C0E101239
:10B370001416181C1E20222426282A2C2E30323483
:10B3800036383A3C3E40424446484A4C4E021A50F7
:10B39000000000002800000018000000000000006D
:10B3A000500100000000000000000000000000004C
:10B3B0005001000000000000141E000030110000C9
:10B3C0000000000060EA0000000000000000000033
:10B3D0000000000060EA000000000000141E0000F1
:10B3E0003011000000000000B45F00000000000009
:10B3F00000000000000000003C730000010000009D
:10B400000700000000000000000000000000000035
:10B4100000002CA6E0A1000020A800000000000011
:10B4200020A800000000DC05E80300000000000088
:10B4300000000000D417000000000000701700009A
:10B44000A00F0000000000003C28000000000000E9
:10B4500000000000000000003C2800000000DC05A7
:10B46000E80300000000000000000000D417000006
:10B4700000000000141E0000301100000000000059
:10B4800060EA000000000000000000000000000072
:10B4900060EA000000003408E8030000280A000009
:10B4A00000000000280A00000000DC05E80300009E
:10B4B0000000000000000000D41700000000401F42
:10B4C000A00F0000803E00000000000000FA000015
:10B4D00000002CA6E0A1000020A800000000000051
:10B4E00020A8000000003408E8030000280A00003B
:10B4F00000000000280A00000000DC05E80300004E
:10B500000000000000000000D41700000000401FF1
:10B51000A00F0000803E00000000000000FA0000C4
:10B5200000002CA6E0A1000020A800000000000000
:10B5300020A8000000003408E8030000280A0000EA
:10B5400000000000280A00000000DC05E8030000FD
:10B550000000000000000000D41700000000401FA1
:10B56000A00F0000803E00000000000000FA000074
:10B5700000002CA6E0A1000020A8000000000000B0
:10B5800020A8000000003408E8030000280A00009A
:10B5900000000000280A00000000DC05E8030000AD
:10B5A0000000000000000000D41700000000401F51
:10B5B000A00F0000803E00000000000000FA000024
:10B5C00000002CA6E0A1000020A800000000000060
:10B5D00020A8000000003408E8030000280A00004A
:10B5E00000000000280A00000000DC05E80300005D
:10B5F0000000000000000000D41700000000401F01
:10B60000A00F0000803E00000000000000FA0000D3
:10B6100000002CA6E0A1000020A80000000000000F
:10B6200020A80000000000280000002000003408CE
:10B63000E8030000280A000000000000280A0000BB
:10B640000000DC05E803000000000000000000002E
:10B65000D41700000000401FA00F0000803E000033
:10B660000000000000FA000000002CA6E0A100008D
:10B6700020A800000000000020A80000000000003A
:10B6800000000000000000000000000000000000BA
:10B69000010101010202020203030303040506077C
:10B6A00008090A0B0C0D0E0FD8ECF0F4F8F9FAFBB0
:10B6B000FCFDFEFF00010203070909020307001059
:10B6C0000200FA00000000005D1602016916020186
:10B6D0006D160201751602017916020100000000C4
:10B6E0000338FDD870470000651B0201BD8E0201C2
:10B6F000451D0201911D0201711E02019F8C020174
:10B70000138D0201A78C0201D98C0201C38C0201A6
:10B71000AD8C02010000000000000000EF8F02016C
:10B72000DF8F0201EB8F0201DD8F020100000000BC
:10B73000000000000000000000000000CD8F0201AA
:10B7400000000021000000000600010002000000CF
:10B7500054B70201000000014FBA020106000000C8
:10B76000E0FF03010000002157BA020121000000A0
:10B77000E0FF0021A4B702017CB702012000000015
:10B78000407A0021A4B702018CB7020145000000F5
:10B79000007C0021A4B702019CB702014700000011
:10B7A000F47F0021692F0201000000006B9102016B
:10B7B000F5300201C530020100000000E131020154
:10B7C00081320201D7920201DD920201453202016B
:10B7D00053920201B792020100000000C7910201DA
:10B7E000000000000000000071350201C5340201B4
:10B7F000FFFF000000088C41000000000100000075
:10B8000000A0004100000000FFFFFFFF00058C4189
:10B81000000000000000000000A000410000000047
:10B8200045380201E9920201F592020109930201F1
:10B83000139302011D930201B136020131930201FB
:10B8400000000000C9930201A5930201C193020107
:10B85000C5930201F1930201003001410200000092
:10B860000000000068B802010030014174B8020114
:10B87000010000007CB8020104000000210000006B
:10B880000B000200A00101008A0103009D94020147
:10B89000B93D02018F940201E4BA020100000000E8
:10B8A00000000000C94202017F950201A395020138
:10B8B00078BB02018BBB02019EBB0201B1BB02013E
:10B8C000C4BB0201D7BB0201EABB0201FDBB0201FE
:10B8D000F8AD0201F8AD020148AE020150AE02011E
:10B8E00088AE020188AE0201512563FCC2CAB9F3D9
:10B8F000849E17A7ADFAE6BCFFFFFFFFFFFFFFFF27
:10B9000000000000FFFFFFFFAAAAAAAAAAAAAAAAEB
:10B91000AAAAAAAA55555555555555555555555583
:10B920000000000055555555522563FCC2CAB9F3B5
:10B93000849E17A7ADFAE6BCFFFFFFFFFFFFFFFFE6
:10B9400000000000FFFFFFFF512563FCC2CAB9F3EE
:10B95000849E17A7ADFAE6BCFFFFFFFFFFFFFFFFC6
:10B9600000000000FFFFFFFF96C298D84539A1F400
:10B97000A033EB2D817D0377F240A463E5E6BCF8AC
:10B9800047422CE1F2D1176BF551BF376840B6CB77
:10B99000CE5E316B5733CE2B169E0F7C4AEBE78E73
:10B9A0009B7F1AFEE242E34F4B60D2273E3CCE3BE8
:10B9B000F6B053CCB0061D65BC86987655BDEBB38A
:10B9C000E7933AAAD835C65AFCFFFFFFFFFFFFFFF7
:10B9D000FFFFFFFF0000000000000000000000006B
:10B9E00001000000FFFFFFFFFFFFFFFF1F0000003F
:10B9F000647261676F6F6E2F6C6962732F73636817
:10BA00006564756C696E672F7372632F72656D5F05
:10BA100068616C5F6576656E745F74696D65722EC2
:10BA2000630048434920697063205458006E726671
:10BA30005F62745F6863690069706330007372618C
:10BA40006D302E73686D0067656E657269630046C0
:10BA50004C4153485F30005352414D5F3000636C9E
:10BA60006F636B4034313030353030300072616E8E
:10BA7000646F6D4034313030393030300067706978
:10BA80006F403431386330383030006770696F4050
:10BA90003431386330353030006D626F7840343186
:10BAA0003031323030300000010203040506070B4C
:10BAB0007561727440343130313330303000536F3F
:10BAC000667444657669636520436F6E74726F6C4B
:10BAD0006C6572204153534552543A2025732C20F3
:10BAE00025640A00536F6674446576696365204374
:10BAF0006F6E74726F6C6C65720042542043544CCC
:10BB0000522045434448003F49F6D4A3C55F3874EA
:10BB1000C9B3E3D2103F504AFF607BEB40B799585E
:10BB200099B8A6CD3C1ABD4D50534C2041535345B6
:10BB300052543A2025732C2025640A004D50534C52
:10BB400020576F726B000000000101000000002010
:10BB50003030303030303030303030303030000144
:10BB6000756E7265676973746572656420257320EC
:10BB70006275730A002573006D6574616C3A206507
:10BB80006D657267656E63793A20006D6574616CEE
:10BB90003A20616C6572743A2020202020006D6587
:10BBA00074616C3A20637269746963616C3A202035
:10BBB000006D6574616C3A206572726F723A202074
:10BBC000202020006D6574616C3A207761726E6987
:10BBD0006E673A202020006D6574616C3A206E6FAC
:10BBE000746963653A20202020006D6574616C3AA9
:10BBF00020696E666F3A202020202020006D657439
:10BC0000616C3A2064656275673A2020202020002C
:10BC100025733A2066726565696E67206E6F6E2DBA
:10BC2000656D707479207669727471756575650DCE
:10BC30000A0072785F76710074785F7671004E53F7
:10BC4000006D61696E002A2A2A20426F6F74696E46
:10BC500067206E524620436F6E6E656374205344B6
:10BC60004B2076332E352E39392D6E6373312D31BD
:10BC7000202A2A2A0A00737973776F726B71003653
:10BC8000F0E50E876848FB02FD9F82CC32E57B9190
:10BC9000B15CED00FFFFFFFF1F00286E756C6C2983
:10BCA000002A666C6F61742A00000000FFFFFFFF2E
:10BCB000FF1F00001F00000000000000FFFFFFFF4B
:10BCC0001F000000A0354D007F000000D0070000DD
:10BCD000FF000000C409000000000000DD5000006B
:10BCE000000000000000000000C000410000000053
:10BCF000000000000C00000000FF7F0000000000BA
:10BD00000000000000000000000000000000000033
:10BD10000000000000000000000000000000000023
:10BD20000000000000000000000000000000000013
:10BD30000000000000000000000000000000000003
:10BD400000000000000000000000000000000000F3
:10BD500000000000000000000000000000000000E3
:10BD600000000000000000000000000000000000D3
:10BD700000000000000000000000000000000000C3
:10BD800000000000000000000000000000000000B3
:10BD900000000000000000000000000000000000A3
:10BDA0000000000000000000000000000000000093
:10BDB0000000000000000000000000000000000083
:10BDC0000000000000000000000000000000000073
:10BDD0000000000000000000000000000000000063
:10BDE0000000000000000000000000000000000053
:10BDF0000000000000000000000000000000000043
:10BE00000000000000000000000000000000000032
:10BE10000000000000000000000000000000000022
:10BE20000000000000000000000000000000000012
:10BE30000000000000000000000000000000000002
:10BE400000000000000000000000000000000000F2
:10BE500000000000000000000000000000000000E2
:10BE600000000000000000000000000000000000D2
:10BE700000000000000000000000000000000000C2
:10BE800000000000000000000000000000000000B2
:10BE900000000000000000000000000000000000A2
:10BEA0000000000000000000000000000000000092
:10BEB0000000000000000000000000000000000082
:10BEC0000000000000000000000000000000000072
:10BED00000000000CDEC000121020101C1EC0001D5
:10BEE00049F20001C1EC000131080101C1EC00017F
:10BEF0003907010165050101C1EC0001C1EC000138
:10BF0000710401019506010119040101CD0401012B
:10BF1000EDEE00015D02010129EF00017501010153
:10BF2000590901013D090101DD020101250301015A
:10BF300071030101C5030101E9010101E5EC000103
:10BF400031F2000131F20001FDEC0001610101015B
:10BF5000F90C010165F20001C11201019112010108
:10BF60008DFB000179FD00010000000001FC0001D3
:10BF700099090101640200217402002128020021B4
:10BF8000A40200218C02002169F7000179EF000171
:10BF900011060101A10201010000000000000000E3
:10BFA0000000000000000000000000000000000091
:10BFB0000000000000000000000000000000000081
:10BFC0000000000000000000000000000000000071
:10BFD0000000000000000000000000000000000061
:10BFE0000000000000000000000000000000000051
:10BFF0000000000000000000000000000000000041
:10C000000000000000000000000000000000000030
:10C010000000000000000000000000000000000020
:10C020000000000000000000000000000000000010
:10C030000000000000000000000000000000000000
:10C0400000000000000000000000000000000000F0
:10C0500000000000000000000000000000000000E0
:10C0600000000000000000000000000000000000D0
:10C0700000000000000000000000000000000000C0
:10C0800000000000000000000000000000000000B0
:10C0900000000000000000000000000000000000A0
:10C0A0000000000000000000000000000000000090
:10C0B0000000000000000000000000000000000080
:10C0C0000000000000000000000000000000000070
:10C0D0000000000000000000000000000000000060
:10C0E0000000000000000000000000000000000050
:10C0F0000000000000000000000000000000000040
:10C10000000000000000000000000000000000002F
:10C11000000000000000000000000000000000001F
:10C120000000000000000000098101010000000083
:10C13000830D020100000000370E02010000000024
:10C14000330E0201000000001B0E0201000000007F
:10C15000D10D020100000000698101010000000012
:10C16000D50D0201000000000000000000000000EA
:10C17000C8040021D31502010B160201D7150201D4
:10C1800015160201DD1502011B160201E31502015D
:10C19000E5150201E7150201F51502010516020178
:10C1A00027160201EB150201F11502011116020119
:10C1B00021160201C8B60201010505002DBA0201CF
:10C1C0000000000091160201C916020100000000E3
:10C1D00000000000DF8402010100000000000720D1
:10C1E00000000100ECAE020101000000ECAE020113
:10C1F000000000000200000000000000000000003D
:10C200000002000000000000F590020100000000A4
:10C2100000000000FFFF0000FFFF00000000000022
:10C2200000C201000001030000000000BF3A00212D
:10C23000BE3A00210000000000C0FFFF0000000027
:10C2400000000000000000000000000000000000EE
:10C2500000000000000000000000000000000000DE
:10C2600000000000000000000000000000000000CE
:10C2700000000000000000000000000000000000BE
:10C2800000000000000000000000000000000000AE
:10C29000000000000000000000000000000000009E
:10C2A0000000000000000000000000000800000086
:10C2B000FF0000000000000003000000000000007C
:10C2C00047BA020100000000815D02010000000089
:10C2D000000000000000000000000000000000005E
:10C2E00000000000000000000000000040060021E7
:10C2F00040060021480600214806002100000000F9
:10C3000000000000000000000000FFFF000000002F
:10C310004058002100200000000000000000000044
:10C3200074060021740600210000000000000000D7
:10C330000E00000088060021880600210000000091
:10C34000010000009806002198060021000000006E
:10C3500000000000A8060021A8060021B006002168
:10C36000B00600210000000000000000C00600210F
:10C37000C0060021C8060021C806002100000000F8
:10C3800000000000D8060021D8060021E0060021A8
:10C39000E006002107000700080000000000000080
:10C3A00074B70201207B00210000000000000000A3
:10C3B00004070021040700210C0700210C070021BD
:10C3C0000A000A00080000000000000084B7020113
:10C3D000B47E0021000000000000000030070021B2
:10C3E0003007002138070021380700210A000A0021
:10C3F000080000000000000094B70201BC82002188
:04C4000015E015E04E
:00000001FF
