:10000000B89D002079680000E7B201006568000033
:1000100065680000656800006568000065680000AC
:100020000000000000000000000000006D6A0000F9
:100030006568000000000000C969000065680000F4
:10004000DD6C0000DD6C0000DD6C0000DD6C00008C
:10005000DD6C0000DD6C0000DD6C0000DD6C00007C
:10006000DD6C0000DD6C0000DD6C0000DD6C00006C
:10007000DD6C0000DD6C0000DD6C0000DD6C00005C
:10008000DD6C0000DD6C0000DD6C0000DD6C00004C
:10009000DD6C0000DD6C0000DD6C0000DD6C00003C
:1000A000DD6C0000DD6C0000DD6C0000DD6C00002C
:1000B000DD6C0000DD6C0000DD6C0000DD6C00001C
:1000C000DD6C0000DD6C0000DD6C0000DD6C00000C
:1000D000DD6C0000DD6C0000DD6C0000DD6C0000FC
:1000E000DD6C0000DD6C0000DD6C0000DD6C0000EC
:1000F000DD6C0000DD6C0000DD6C0000DD6C0000DC
:10010000DD6C0000DD6C0000DD6C0000DD6C0000CB
:10011000DD6C0000DD6C0000DD6C0000DD6C0000BB
:10012000DD6C0000DD6C0000DD6C0000DD6C0000AB
:10013000DD6C0000DD6C0000DD6C0000DD6C00009B
:10014000DD6C0000DD6C0000DD6C0000DD6C00008B
:04015000DD6C000062
:04015400FFFFFFFFAB
:1001580081F0004102E000BF83F0004330B54FEA70
:1001680041044FEA430594EA050F08BF90EA020FDD
:100178001FBF54EA000C55EA020C7FEA645C7FEA70
:10018800655C00F0E2804FEA5454D4EB5555B8BF93
:100198006D420CDD2C4480EA020281EA030382EA04
:1001A800000083EA010180EA020281EA0303362D96
:1001B80088BF30BD11F0004F4FEA01314FF4801C69
:1001C8004CEA113102D0404261EB410113F0004F7B
:1001D8004FEA03334CEA133302D0524263EB430332
:1001E80094EA050F00F0A780A4F10104D5F1200ED0
:1001F8000DDB02FA0EFC22FA05F2801841F100012B
:1002080003FA0EF2801843FA05F359410EE0A5F1FE
:1002180020050EF1200E012A03FA0EFC28BF4CF02F
:10022800020C43FA05F3C01851EBE37101F00045E5
:1002380007D54FF0000EDCF1000C7EEB00006EEBF2
:100248000101B1F5801F1BD3B1F5001F0CD349087C
:100258005FEA30004FEA3C0C04F101044FEA4452D3
:1002680012F5800F80F09A80BCF1004F08BF5FEA5A
:10027800500C50F1000041EB045141EA050130BD3A
:100288005FEA4C0C404141EB0101013C28BFB1F54C
:10029800801FE9D291F0000F04BF01460020B1FA97
:1002A80081F308BF2033A3F10B03B3F120020CDA6A
:1002B8000C3208DD02F1140CC2F10C0201FA0CF048
:1002C80021FA02F10CE002F11402D8BFC2F1200CAD
:1002D80001FA02F120FA0CFCDCBF41EA0C01904063
:1002E800E41AA2BF01EB0451294330BD6FEA0404AC
:1002F8001F3C1CDA0C340EDC04F11404C4F1200297
:1003080020FA04F001FA02F340EA030021FA04F3A8
:1003180045EA030130BDC4F10C04C4F1200220FAFF
:1003280002F001FA04F340EA0300294630BD21FA3D
:1003380004F0294630BD94F0000F83F4801306BF03
:1003480081F480110134013D4EE77FEA645C18BFF7
:100358007FEA655C29D094EA050F08BF90EA020F8E
:1003680005D054EA000C04BF1946104630BD91EA86
:10037800030F1EBF0021002030BD5FEA545C05D189
:100388004000494128BF41F0004130BD14F58004C8
:100398003CBF01F5801130BD01F0004545F0FE413C
:1003A80041F470014FF0000030BD7FEA645C1ABF71
:1003B800194610467FEA655C1CBF0B46024650EAA8
:1003C800013406BF52EA033591EA030F41F40021D4
:1003D80030BD00BF90F0000F04BF0021704730B55A
:1003E8004FF4806404F132044FF000054FF000012F
:1003F80050E700BF90F0000F04BF0021704730B5F0
:100408004FF4806404F1320410F0004548BF4042C4
:100418004FF000013EE700BF42004FEAE2014FEA19
:1004280031014FEA02701FBF12F07F4393F07F4FF4
:1004380081F06051704732F07F4208BF704793F0F7
:100448007F4F04BF41F40021704730B54FF460740A
:1004580001F0004521F000411CE700BF50EA01020D
:1004680008BF704730B54FF000050AE050EA0102B6
:1004780008BF704730B511F0004502D5404261EB26
:1004880041014FF4806404F132045FEA915C3FF467
:10049800D8AE4FF003025FEADC0C18BF03325FEA04
:1004A800DC0C18BF033202EBDC02C2F1200300FAB5
:1004B80003FC20FA02F001FA03FE40EA0E0021FADA
:1004C80002F11444BDE600BF70B54FF0FF0C4CF4C8
:1004D800E06C1CEA11541DBF1CEA135594EA0C0F7A
:1004E80095EA0C0F00F0DEF82C4481EA030621EAB5
:1004F8004C5123EA4C5350EA013518BF52EA0335F0
:1005080041F4801143F4801338D0A0FB02CE4FF0A1
:100518000005E1FB02E506F00042E0FB03E54FF0D1
:100528000006E1FB03569CF0000F18BF4EF0010EC9
:10053800A4F1FF04B6F5007F64F5407404D25FEAC5
:100548004E0E6D4146EB060642EAC62141EA555178
:100558004FEAC52040EA5E504FEACE2EB4F1FD0CBA
:1005680088BFBCF5E06F1ED8BEF1004F08BF5FEA38
:10057800500E50F1000041EB045170BD06F00046EA
:1005880046EA010140EA020081EA0301B4EB5C0497
:10059800C2BFD4EB0C0541EA045170BD41F480118F
:1005A8004FF0000E013C00F3AB8014F1360FDEBFB4
:1005B800002001F0004170BDC4F10004203C35DA90
:1005C8000C341BDC04F11404C4F1200500FA05F313
:1005D80020FA04F001FA05F240EA020001F00042B4
:1005E80021F0004110EBD37021FA04F642EB06012A
:1005F8005EEA430E08BF20EAD37070BDC4F10C0454
:10060800C4F1200500FA04F320FA05F001FA04F217
:1006180040EA020001F0004110EBD37041F1000103
:100628005EEA430E08BF20EAD37070BDC4F120050E
:1006380000FA05F24EEA020E20FA04F301FA05F276
:1006480043EA020321FA04F001F0004121FA04F21E
:1006580020EA020000EBD3705EEA430E08BF20EAEE
:10066800D37070BD94F0000F0FD101F00046400028
:1006780041EB010111F4801F08BF013CF7D041EAAA
:10068800060195F0000F18BF704703F000465200AE
:1006980043EB030313F4801F08BF013DF7D043EA7F
:1006A8000603704794EA0C0F0CEA135518BF95EA35
:1006B8000C0F0CD050EA410618BF52EA4306D1D1BC
:1006C80081EA030101F000414FF0000070BD50EADB
:1006D800410606BF1046194652EA430619D094EA65
:1006E8000C0F02D150EA013613D195EA0C0F05D14F
:1006F80052EA03361CBF104619460AD181EA0301A3
:1007080001F0004141F0FE4141F470014FF000005A
:1007180070BD41F0FE4141F4780170BD70B54FF0F5
:10072800FF0C4CF4E06C1CEA11541DBF1CEA135575
:1007380094EA0C0F95EA0C0F00F0A7F8A4EB050457
:1007480081EA030E52EA03354FEA013100F088804E
:100758004FEA03334FF0805545EA131343EA126317
:100768004FEA022245EA111545EA10654FEA0026CC
:100778000EF000419D4208BF964244F1FD0404F585
:10078800407402D25B084FEA3202B61A65EB0305E1
:100798005B084FEA32024FF480104FF4002CB6EB9E
:1007A800020E75EB030E22BFB61A754640EA0C001E
:1007B8005B084FEA3202B6EB020E75EB030E22BF5E
:1007C800B61A754640EA5C005B084FEA3202B6EB9F
:1007D800020E75EB030E22BFB61A754640EA9C005E
:1007E8005B084FEA3202B6EB020E75EB030E22BF2E
:1007F800B61A754640EADC0055EA060E18D04FEAEC
:10080800051545EA16754FEA06164FEAC30343EA8B
:1008180052734FEAC2025FEA1C1CC0D111F4801F58
:100828000BD141EA00014FF000004FF0004CB6E751
:1008380011F4801F04BF01430020B4F1FD0C88BFF0
:10084800BCF5E06F3FF6AFAEB5EB030C04BFB6EBFB
:10085800020C5FEA500C50F1000041EB045170BDEE
:100868000EF0004E4EEA113114EB5C04C2BFD4EB1B
:100878000C0541EA045170BD41F480114FF0000E9F
:10088800013C90E645EA060E8DE60CEA135594EA1B
:100898000C0F08BF95EA0C0F3FF43BAF94EA0C0F1E
:1008A8000AD150EA01347FF434AF95EA0C0F7FF493
:1008B80025AF104619462CE795EA0C0F06D152EAE7
:1008C80003353FF4FDAE1046194622E750EA4106CB
:1008D80018BF52EA43067FF4C5AE50EA41047FF4DC
:1008E8000DAF52EA43057FF4EBAE12E74FEA41023F
:1008F800B2F1E04324BFB3F5001CDCF1FE5C0DD976
:1009080001F0004C4FEAC0024CEA5070B2F1004FBF
:1009180040EB830008BF20F00100704711F0804FC2
:1009280021D113F13872BCBF01F00040704741F487
:1009380080114FEA5252C2F11802C2F1200C10FA8B
:100948000CF320FA02F018BF40F001004FEAC1236F
:100958004FEAD32303FA0CFC40EA0C0023FA02F313
:100968004FEA4303CCE77FEA625307D150EA0133E9
:100978001EBF4FF0FE4040F44000704701F00040B9
:1009880040F0FE4040F40000704700BF53B94AB938
:10099800002908BF00281CBF4FF0FF314FF0FF307F
:1009A80000F00CB8ADF1080C6DE904CE00F008F8C1
:1009B800DDF804E0DDE9022304B07047704700BFAA
:1009C8002DE9F04786468C460846089E154674462B
:1009D8001946002B40F0C1808542B2FA82F245D90F
:1009E8004AB1C2F1200300FA02FC954094402EFA65
:1009F80003F343EA0C0C4FEA154EA8B2230CBCFBD8
:100A0800FEF80EFB18CC08FB00F943EA0C439945A5
:100A180028D9EB1808F1FF3704D2994502D9A8F173
:100A280002072B44A3EB0903A4B2B3FBFEFC0EFBA5
:100A38001C330CFB00F044EA0344A04214D92C19DF
:100A48000CF1FF3304D2A04202D9ACF102032C44CA
:100A5800241A43EA07401EB1D4400023346073606F
:100A6800BDE8F0874746DDE76346F1E792BB431BE5
:100A780001214FEA154EAFB2200CB3FBFEFC0EFB72
:100A88001C330CFB07F840EA0343984561D9EB187F
:100A98000CF1FF3004D2984502D9ACF102002B4486
:100AA800A3EB0803A4B2B3FBFEFC0EFB1C330CFB48
:100AB80007F744EA0344A7424DD92C190CF1FF3338
:100AC80004D2A74202D9ACF102032C44E41B43EA46
:100AD8000040C0E7C2F120039540944020FA03F19A
:100AE8002EFA03F34FEA154E9040AFB20343B1FB21
:100AF800FEFC0EFB1C10190C0CFB07F841EA004128
:100B0800884522D969180CF1FF3004D2884502D9EA
:100B1800ACF102002944A1EB08019BB2B1FBFEFC39
:100B28000EFB1C110CFB07F743EA01439F420ED949
:100B3800EB180CF1FF3104D29F4202D9ACF102014B
:100B48002B44DB1B41EA004193E76046E3E761463B
:100B5800F7E76046A4E76346B8E7834206D916B9C3
:100B6800002108467CE7C6E900E0F9E7B3FA83F715
:100B78008FB9834201D3724508D8BEEB020460EBFB
:100B8800030301209C461EB9002169E73846FAE7AD
:100B9800C6E9004CF8E7C7F1200CBB400EFA07F590
:100BA80022FA0CF42EFA0CF1BA401C4320FA0CF38A
:100BB800B8404FEA144901431FFA84FEB3FBF9F821
:100BC80009FB18300B0C08FB0EFA43EA00439A4560
:100BD80040D9E31808F1FF3004D29A4502D9A8F1A8
:100BE80002002344A3EB0A0389B2B3FBF9F809FB1B
:100BF800183308FB0EFE41EA03418E452CD96118D3
:100C080008F1FF3304D28E4502D9A8F1020321442A
:100C180043EA0040A1EB0E01A0FB02984145CE46F5
:100C2800434602D306D14D4504D20138B9EB020E32
:100C380068EB0403002EA7D0B5EB0E0261EB0301AD
:100C480001FA0CFC22FA07F3F9404CEA0303C6E95F
:100C5800003199E74046C5E74346D9E710F8012B2C
:100C680011F8013B012A28BF9A42F7D0D01A7047E1
:100C7800034611F8012B03F8012B002AF9D170471C
:100C8800034613F8012B002AFBD1181A01387047C4
:100C980073B55E4DD5F86431996811F001011AD128
:100CA80040F6034001AA07F0D7FA0446002840F0AE
:100CB800AA800198C3681B785BB905F1D003D3E813
:100CC800AF2F02F00902D3E8EF1FC3E8E42F002C8E
:100CD800F9D110F007FB002141F2030001AA07F047
:100CE800BBFA0446002840F08E800198484EC2683E
:100CF800D2F80130C5F87230D2F80530736010F0C0
:100D0800F1FA214641F2010001AA07F0A5FA0446CA
:100D1800002878D10198C3685A7885F86A205A88DB
:100D2800A5F86C201A7985F86B20B3F80720A5F888
:100D38006E20B3F80530A5F8703010F0D3FA2146CC
:100D480041F2020001AA07F087FA044600285AD1A6
:100D580001980836C3685A1C413352F8041B9A425A
:100D680046F8041BF9D110F0BDFA09F0DBF9044686
:100D7800002848D195F884309E0610D40221254ACF
:100D880025481AF0D1FB95F876305C0648D4012145
:100D9800224A21481AF0C8FB6FF0120433E00721F9
:100DA80040F6334007F01EFA0646002800F03C8162
:100DB80007210C301DF0C3FA462303700623C0F840
:100DC80002408471447004712246C370314640F673
:100DD800334007F041FA0446A8B9012140F63140F2
:100DE80007F000FA0646002800F01E8101210C30A9
:100DF8001DF0B4FA2246314640F6314007F02CFA8D
:100E080004460028BFD0204602B070BD0000002074
:100E18007200002044380200040E020072380200FA
:100E2800002142F2030001AA07F016FA044600283E
:100E3800E9D1019BBA4EDA68D2F80100D2F8051060
:100E480003C6184610F04EFA214642F2020001AAE3
:100E580007F002FA04460028D5D1019CE368B3F8EC
:100E6800012091B249B1D97839B1A5F80421DA78CD
:100E7800114606F128001EF058FE204610F032FAFE
:100E880095F8766016F0200618D1022140F66D40DC
:100E980007F0A8F90446002800F0C68002210C30AB
:100EA8001DF04DFA0123214603704670324640F684
:100EB8006D4007F0D1F904460028A4D195F8963082
:100EC800180712D5002142F21C0001AA07F0C4F944
:100ED8000446002897D10198C368D3F80120D3F8B5
:100EE8000530C5E9382310F0FDF995F8D830990692
:100EF80024D568460DF1020107F026FA04460028B9
:100F080081D1042142F2240007F06CF9064600283A
:100F180000F08A8004210C301DF011FABDF8003071
:100F280022460380BDF802303146438042F2240055
:100F380007F092F9044600287FF465AF95F8D83099
:100F48005A0610D5002142F22A0001AA07F084F9B6
:100F5800044600287FF457AF0198C3685B7885F88A
:100F6800203110F0BFF9082142F2010007F03AF9E8
:100F78000446002858D008210C301DF0E0F995F8F7
:100F8800D810684B11F0020F0246674808BF184690
:100F98008B0695F8D93048BF40F0400013F0090F90
:100FA80095F89C3018BF40F4006003F00603CE07A4
:100FB80048BF40F01000062B08BF40F4C070002165
:100FC8001AF0D5FA2146002242F2010007F044F94E
:100FD800044600287FF417AF95F87630B5F8041169
:100FE800980624D4C9B941F2050001AA07F034F9DA
:100FF800044600287FF407AFB5F80431019C4BB9CB
:10100800E368B3F80120A5F804219A8847481146F7
:101018001EF08BFD204610F065F9082140F60140CE
:1010280007F0E0F8044660B96FF06804EBE60029C1
:10103800F3D101213E4A3F481AF076FA6FF00404D2
:10104800E1E608210C301DF07AF995F8D83002460F
:10105800D90747BF30A1D1E900014FF00051364808
:101068001AF085FA2146002240F6014007F0F4F80C
:10107800044600287FF4C7AE014601AA4FF6014096
:1010880007F0EAF80446D8B12C4A022129481AF098
:101098004BFA1AF080FC044600287FF4B4AE0AF03C
:1010A800F5F8044600287FF4AEAEAB7B002B3FF486
:1010B800AAAE082122481AF039FA07F059FEA2E62A
:1010C800019810F00FF921464FF6024001AA07F0E7
:1010D800C3F8044608B11B4AD7E70198C368B3F8B8
:1010E8000130A5F8BB3010F0FDF895F8BB305B0770
:1010F800CFD521464FF6034001AA07F0ADF808B155
:10110800114AC2E70198C3685B7885F8BA3010F0D5
:10111800E9F8BEE7AFF30080908800020080002065
:10112800D80000200E1207002E1207000801002028
:1011380096380200040E020010880002B938020036
:10114800D0000020DD38020006390200000000004F
:101158002DE9F04F3A4B85B0D3F8042392070BD50D
:10116800D3F8042142B10022C3F80421354AD3F848
:101178000431136801331360334D0024A8464FF43B
:1011880080362F4FD7F8043306FA04F919EA030F0B
:101198002DD00123A340DB432C49D1E8EF2F02EAED
:1011A8000300C1E8EC0FBCF1000FF6D122FA04F3FA
:1011B800DB0703D4264B53F82430C3B120461DF077
:1011C800A7FB11F09BFF4FF02002EFF3118382F38E
:1011D8001288BFF36F8F08EB041CDCE902AB5045A3
:1011E80071EB0B010AD283F31188BFF36F8F1035AF
:1011F80014B105B0BDE8F08F0124C3E70020D5E99C
:1012080000129FED0D7B28600D4803938CED027B47
:101218000292C0F8489320461DF07AFB039B83F3A3
:101228001188BFF36F8F0029E1D0029A5B460092C4
:1012380052468847DBE700BFFFFFFFFFFFFFFFFFC6
:10124800005001501C3D002058290020103D00206E
:1012580040510150000000002DE9F0472DED028BB0
:1012680004469FED498B4A4E84B04FF02003EFF3BC
:10127800118783F31288BFF36F8FD4F8C8508DB9E4
:10128800022104F1E0001EF060FC002843D1002395
:101298008DED008B3946029304F1D0023D4815F0DC
:1012A80039FBE2E7D4F8CC202B689542C4F8C83063
:1012B80008BFC4F8CC30D4F8E03043F00203C4F8D7
:1012C800E030EB6823F0040343F00103EB606B6844
:1012D80087F31188BFF36F8F284698474FF0200394
:1012E800EFF3118983F31288BFF36F8FEB689907C7
:1012F80023F0010219D4EA60D4F8E03023F00203A5
:10130800C4F8E03089F31188BFF36F8FDB05ACD4E4
:1013180015F05EFAA9E704F1D80500220121284654
:101328001EF074FE0028F8D1B1E7306823F00303FB
:10133800EB600028E0D00027BA46D0F800800028EB
:10134800DAD04268014695420BD1016897B97268B4
:101358003160824200D1716040F808AB14F0D2FDD0
:101368003946B8F1000F0BD0D8F8002040460F4698
:101378009046E4E739607268824208BF7760EBE71D
:101388004246F3E7AFF30080FFFFFFFFFFFFFFFFD9
:10139800E43D00204A510020F0B50C468DB004A968
:1013A80015461E4609F0A4FD07EE904AB8EE677A86
:1013B800F7EE047A67EE277A17EE900ACDE902561F
:1013C800FFF72AF89DF81270CDE900012246394648
:1013D800024817F00DFD0DB0F0BD00BFFA1E020067
:1013E80030B50C4689B06946054609F081FD2246AC
:1013F8009DF80210154817F0FBFC9DF802409CB9B7
:101408002946134D134804F0ABF928681AF0ECFC90
:10141800114B2C601B6823F00203012B02D10F48EB
:1014280014F092FE09B030BD012CFBD10C4C0D48D4
:101438001EF06FFC20681AF0D7FC00232360064BCF
:101448001B68023B012BEDD80748E9E7391F02006A
:101458002C2C0020B001002020040020A001002036
:10146800202C0020B00C002090010020034B1868AD
:1014780010B103491AF0ADBD704700BF202C002001
:10148800D41E02001FB50A4A0B46116869B1002232
:101498008DF80E3003238DF80D0000930548019256
:1014A80003AB8DF80C2004F0E5FB05B05DF804FBF8
:1014B8002C2C0020B001002000B5F7B04FF4EA72E0
:1014C800002101A81EF0E0FF0C4B01A96E93322306
:1014D800ADF8BC3140F20113ADF8043003238DF8A8
:1014E80007308DF83730012305488DF834318DF8F1
:1014F800D43104F047F977B05DF804FB54200200BA
:10150800B0010020002307B5ADF804308DF806308F
:10151800094B01A9186808F051FC014628B9074889
:1015280017F066FC03B05DF804FB10F1780FF9D0F2
:10153800034817F05DFCF5E7282C0020581F02002F
:101548006A1F0200002307B5ADF804308DF8063095
:10155800094B01A9186808F031FC014628B9074869
:1015680017F046FC03B05DF804FB10F1780FF9D0D2
:10157800034817F03DFCF5E7242C00207E1F0200ED
:10158800901F020038B50E4D0446286848B11AF07D
:1015980031FB2B682BB124F00203012B01D1FFF79B
:1015A800B1FF084D286850B11AF024FB2B6833B1FD
:1015B800023C012C03D8BDE83840FFF7C3BF38BD53
:1015C800282C0020242C00200F4B10B5044618604E
:1015D800B0FA80F0400900F075FB24F00200431EC9
:1015E8005842584101F042FAA01E01288CBF002041
:1015F800012000F039FC054B1B7823B12046BDE8DB
:101608001040FFF7BFBF10BD20040020404000205D
:101618001AB11146024817F0EBBB0248FBE700BFBE
:10162800A41F0200BD1F020030B504468DB000297A
:1016380041D104A909F05CFCBDF824209DF81250A2
:1016480007EE902AB8EE677AF7EE047A67EE277A03
:1016580017EE900A0392FEF7DFFE039ACDE9000128
:101668002946164817F0C4FB9DF8123083B9214665
:10167800134804F027F820461AF0A2FB114B022168
:10168800186020461AF02EFC20460F491AF0A1FCDB
:101698009DF81230012B0ED10C4D286808B11AF0B4
:1016A800A3FB20461AF08CFB4FF4804228600023ED
:1016B800074814F0EFFD0DB030BD00BFD41F020085
:1016C800B00100202C2C0020DC1E0200202C002061
:1016D800B00C002002484FF0805183685B691847BE
:1016E800140A0200F0B589B0404C20461EF09CF860
:1016F800002877D02269A1681368204643F08053F8
:1017080013600B683A4A1C219847002842DB4FF4C3
:10171800C03200233748CDE9002315F0D9FA3648FE
:1017280000F0D6FA354809F075FD354809F08CFD0A
:10173800002007F02FFB18F0F6FE0021084607F0FE
:10174800ABFD011E05DA11F10C0F02D02D4817F080
:101758004FFBFFF7B1FE2C4801F070F92B4C00F05D
:1017680095FB2B492B481EF0C6FA03AD0320FFF763
:101778002BFF0FCC0FC5236800212B60264D03A833
:101788002A4608F0EDFA064630B10146234817F01C
:101798002FFB002009B0F0BD012700970222204B43
:1017A80020492868043403AD1AF051FA0FCC0FC54C
:1017B80023681D4C2B602246314603A808F0D0FA56
:1017C800034610B101461948E1E700900222184982
:1017D80020681AF03CFA174B1F70174B1868FFF770
:1017E800D1FED6E74FF0FF30D4E700BF140A02005D
:1017F8000100060088090020D115000078010020AA
:1018080068010020FC1F02008D140000B00F0200C8
:1018180075140000B00C0020282C00200F200200B6
:101828002813020030130200242C00202720020075
:101838001813020040400020200400201FB50A4B66
:101848008DF80000186802238DF80110CDF804D037
:1018580002938DF80C30836801229C6801A96B23E0
:10186800A04704B010BD00BFB42E002038B5002139
:1018780004460A20FFF7E2FF48BB0C2202FB04F0F3
:10188800134B1C5C1D182401102004F0F001FFF715
:10189800D5FFE0B944F00401112001F0F401FFF78D
:1018A800CDFFA0B96978092041EA0111C9B2FFF753
:1018B800C5FF60B946210A20FFF7C0FF38B91922D1
:1018C8006B68B3FBF2F3034A1360034B187038BD1F
:1018D8004013020024040020414000202DE9F0427A
:1018E8000024324F88B0BB68314DDFF8E090019397
:1018F800019B1B6823B90A2017F099F9264627E0AF
:1019080038460DF10F01984706460028F3D19DF897
:101918000F300A2B01D00D2B3DD1CCB104F120039F
:101928000DEB030400230522294604A804F8103C03
:101938001EF0D5FD90B99DF8150078B19DF81630C8
:1019480063B93138042805D81A4B1860FFF78EFFA1
:101958003446CDE7184817F04BFAF9E7052249460F
:1019680004A81EF0BCFDA0B99DF815408CB19DF8E7
:10197800163073B9303C032C09D8104B1B680BB1D7
:101988002046984721460E4817F032FAE0E70D48FE
:10199800E1E70D48DFE70E2CB0DC04F12002661CFD
:1019A8000DEB020404F8103CD2E700BF280A02003D
:1019B80086200200280400208C200200B02E00207F
:1019C800B8200200C820020019210200B22002003B
:1019D80010B50D4B88B08DF8070018680DF1070396
:1019E80002930123039300238DF810300723CDE9D8
:1019F80005128DF81C30836802229C6802A96B23AB
:101A0800A04708B010BD00BFB42E00202DE9F04F4C
:101A180001218DB01220FFF711FF38B10121724A60
:101A280072480DB0BDE8F04F18F0BABC0A2017F0A4
:101A3800FEF844211220FFF701FF0028EED12021F3
:101A48001920FFF7FBFE0028E8D11E210720FFF729
:101A5800F5FE01460028E1D10820FFF7EFFE002837
:101A6800DCD1634B1868FFF701FF0028D6D10321AA
:101A7800604A5E4818F094FC5F4CDFF890810520BE
:101A880017F0D5F802223A2005A9FFF7A1FF03466F
:101A980028B10121594A554818F08BFCEFE79DF809
:101AA80015209DF81470120202F480721743E6D0D4
:101AB8000546DFF85C91BFB20722782006A9FFF738
:101AC80087FF064638B1012100902B464C4A47480B
:101AD80018F079FCD3E79DF81830DB08022B0ED0FC
:101AE800042B5DD0012B15D1BDF819206374E28059
:101AF800BDF81B202281BDF81D2062810AE0BDF8D7
:101B080019302380BDF81B306380BDF81D30A380D9
:101B180001232374237C002B3DD0637C002B3AD017
:101B2800A37CDFF8F0A0002B40D0D4F80CB0D9F893
:101B380000305B44C8F8003001238AF80030314B8C
:101B48001B789BB1B4F90A3059460393B4F90830AD
:101B58002D480293B4F906300193B4F90430009388
:101B6800B4F90230B4F9002017F042F92368DFF81D
:101B7800A8A009936368CDF820B00A93A3680B93D3
:101B88005AF8043B0BB108A898470136042EF7D140
:101B980000232382A3740135ABB29F428CD86EE731
:101BA800DDF81930E3600123A374B3E79AF8003035
:101BB8008BB91EF068FA4FF47A72A0FB020302FB9D
:101BC8000133C20B42EA434228235A430123C8F88F
:101BD80000208AF80030D8F800B0D9F800305B440B
:101BE800C8F80030ABE700BF30210200940E0200B5
:101BF8002804002044210200882E00205A210200D7
:101C0800762102004240002096210200AC2E0020DE
:101C180024040020414000209C2E002030B522489A
:101C2800224C8BB020601DF0FFFD38B90121204AFD
:101C380020480BB0BDE8304018F0B2BB0F238DF838
:101C48000F306B4404930023206801248DF818306A
:101C58000DF10E03CDE90734072305948DF82430E0
:101C6800836802229D6804A96B23A847034630B104
:101C7800114A21460F4818F09CFB0BB030BD9DF867
:101C88000E306C2B07D06C222146009209480B4A73
:101C980018F099FBF1E70321094A064818F089FB77
:101CA800FFF7B4FEE9E700BF8C0A0200B42E00205B
:101CB800AC210200940E0200BE210200E8210200BD
:101CC80025220200014B1870704700BF42400020D7
:101CD800014B1860704700BFB02E00200A4910B5AC
:101CE80000230C4651F8042B1AB944F82300104677
:101CF80010BD0133042BF5D104480121044A18F022
:101D080058FB6FF00B00F3E79C2E0020940E0200A6
:101D18004522020001290CBF01220022044B05497B
:101D28001A70054B054808BF194617F061B800BF7F
:101D38004450002091220200932202009E220200B9
:101D48002DE9F0471F4B1B78002B38D01E4B1B7812
:101D5800002B34D01D491E4C0B682268B0F9049042
:101D6800D51AFF2D88BF01331A4D88BF0B60B0F913
:101D78000680D3B2B0F908E0B0F90AC0B0F90C7027
:101D8800B0F90E604FEA031A05EB0313A3F80490A9
:101D9800A3F80680A3F808E0A3F80AC09F81DE81B3
:101DA8000B68013200689A4245F80A00226006D0A2
:101DB800BDE8F04700220023074814F06BBABDE8DD
:101DC800F08700BF4350002044500020B82E002068
:101DD800BC2E002043400020700E0020F0B51D4CA2
:101DE8001D4D22682B688DB093422BD01B4BD2B26D
:101DF80003EB021301AA174603F1100C16461868E4
:101E08005968083303C663453246F7D100211C22BE
:101E180005A81EF039FB124B0020CDE90637102328
:101E280005A9ADF820300DF0E9F868B923682A68EB
:101E380001339342236005D04FF4A472002309486C
:101E480014F028FA0DB0F0BD0C30FBD140F26762F7
:101E5800F4E700BFB82E0020BC2E0020434000202D
:101E6800A4130200700E0020044B05491870054B9E
:101E7800002818BF1946044816F0BABF435000207E
:101E8800B8220200DD470200BC22020008B507495B
:101E980007481DF030FF0748FFF720FFBDE808405E
:101EA8000321054A054818F07BBA00BFE51D00006C
:101EB800700E0020491D0000CF220200AC0D020068
:101EC800184BD0ED017AD3ED046AD0ED005A93EDAA
:101ED800037A67EEA66A90ED026A45EE876A93ED8B
:101EE800057A46EE076A93ED077A93ED065A27EED0
:101EF800877AD3ED014A05EE857A93ED085A67EEA5
:101F0800A47A06EE057A93ED005A45EE857AD3ED6C
:101F1800025A46EE257AC0ED016AC0ED007A80EDDE
:101F2800027A7047F82E002062EE026A41EEA16A3A
:101F38002DED068B42EEA26AF1EEE66ADFED6D4A00
:101F4800F4EEE46AF1EE10FA00F1BF806A4B81EE1C
:101F5800A66A93ED028AD3ED008AD3ED017AD3ED18
:101F6800033A28EE887A17EEA37A37EE077A28EE36
:101F7800085A77EE461A28EE236A07EEA75A08EEA3
:101F8800A76A82EE267AB7EE004A36EE066A35EE82
:101F9800055A36EE476A78EEA89A82EEA67A34EEAB
:101FA800455A69EE866A35EE475A33EEA37AB1EEA2
:101FB800009A47EE216A27EE067A37EEA72A27EE1F
:101FC80089AA09EEE17A28EE099AF8EE002A62EE6B
:101FD800065A68EE222A4AEE456A09EE457A22EE4A
:101FE800215A42EEA15A02EEC65A26EEA66A05EE1C
:101FF800A56A07EE076A05EE056AB1EEC66ADFED67
:102008003F2AB4EEE46A60EEA20AF1EE10FA20EE7E
:10201800220AC1BFC6EE866A87EE067AC5EE865AE0
:1020280085EE065A28EE206A61EE222A17EEC06A6B
:102038009FED331AF6EE001A03EEE26A65EE815A56
:10204800B0EE682A56EE215A05EE832A68EE225A27
:1020580048EE805A26EE816A43EEE05A67EEA26A9D
:1020680015EEA16A58EEA06AF0EE675A67EEA07AFC
:1020780046EE035A43EE806A27EE016A48EEA27ADA
:1020880016EEA16A48EE407A65EE016AB0EE489A0B
:1020980057EEA16A65EEA57A06EE039AB0EE637A6A
:1020A80042EE027A06EE837A49EE097A47EE077A1B
:1020B800F1EEE77AF4EEE47AF1EE10FA08D50022B0
:1020C80083ED004A5A609A60DA60BDEC068B70476F
:1020D800C2EE276AC3ED006AC5EEA76AC3ED016ABE
:1020E800C9EE276AC3ED026AC7EE276AC3ED036A21
:1020F800EBE700BFFFE6DB2EDC2E002035FA8E3C36
:102108000AD7233D38B500241825234B2A461C60DE
:10211800224B21461C60224B22481C70224B1C700B
:10212800224B1C70224B1C701EF0AEF92A46214629
:1021380020481EF0A9F9204B204DC3E900449C60BB
:102148001F4B1C22C3E900449C601E4B21462846B5
:10215800C3E900449C601EF097F94FF07E531A4A79
:1021680045F8043C1360EB60EB6100235360936017
:10217800D360164A1360164A1360164A1360164A4B
:102188001360164B164A1A60164B1C70164B1C70BF
:10219800164B1C7038BD00BF382F0020342F00208C
:1021A8004C500020B80E0020455000204A50002016
:1021B8004B500020A00E0020282F0020FC2E0020CD
:1021C8001C2F0020EC2E0020DC2E0020D82E002012
:1021D800D42E0020D02E0020CC2E0020C02E00208F
:1021E800D9899D3C48500020475000204650002087
:1021F8002DE9F04F2DED0C8B8BB0CC4B00AF1B783D
:10220800002B6FD0CA4B01681C78CA4A002C6FD1CA
:10221800116001221A70C84BC84A1A609FEDC88A1B
:10222800B0F904309FEDC74A09EE903AB0F906308C
:10223800F8EEE99A09EE103AB0F90830B8EEC99A02
:1022480008EE903AB0F90A30F8EEE88A07EE903ACC
:10225800B0F90C30F8EEE77A0AEE903AB0F90E30A1
:10226800F8EEEAAA0AEE103AB74BB8EECAAA1A78FC
:10227800DFEDB63AB64B002A40F00382B54A117832
:1022880000295DD10121C3ED009A83ED019AC3EDC8
:10229800028A117093ED00BAD3ED01BA93ED02CA28
:1022A800AD49C7EE84CA0A688AEE84DA9B2ACAEE68
:1022B80004DA2BEE23BA6BEEA3BA2CEE23CA5CDC4D
:1022C8000132B0EE483AF0EE4C2AB0EE6B2AF0EE4E
:1022D8004B1AB0EE6D1AF0EE4D0AB0EE6C0A0A60B9
:1022E800FFF722FE2C37BD46BDEC0C8BBDE8F08F06
:1022F8001368DFED9A7ACB1A08EE103AB8EE488ADE
:1023080028EE278ADFED967AB4EEE78AF1EE10FA26
:10231800116083D4DFED937AB4EEE78AF1EE10FA18
:102328003FF77CAFDFED907A834B28EE278A93ED59
:10233800007ADFED8E7A07EE278A83ED008A6FE751
:102348009FED897AD3ED005ADFED886A29EE876A16
:1023580005EEA66AD3ED015A83ED006A29EE076AF5
:1023680005EEA66A28EE877A83ED016A93ED026A84
:1023780006EE267A83ED027A8CE717EE900AFEF7CE
:102388004BF87B4E02460B46D6E90001FDF7E6FE08
:10239800C6E900011AEE900AFEF73EF802460B461F
:1023A800D6E90201FDF7DAFEC6E902011AEE100AC3
:1023B800FEF732F802460B46D6E90401FDF7CEFED9
:1023C800C6E9040119EE900AFEF726F8694C0246A0
:1023D8000B46D4E90001FDF7C1FEC4E9000119EE7E
:1023E800100AFEF719F802460B46D4E90201FDF778
:1023F800B5FEC4E9020118EE900AFEF70DF80B4687
:102408000246D4E90401FDF7A9FEDFF88481B0EEA5
:10241800483AF0EE4C2AB0EE6B2AF0EE4B1AB0EECA
:102428006D1AF0EE4D0AB0EE6C0AC4E90401FFF72C
:102438007BFDD8F8003001339B2BC8F800307FF7BC
:1024480051AFD6E9000100224B4BFEF767F9FEF7C2
:102458004DFA4A4D0022484B2860D6E90201FEF7A2
:102468005DF9FEF743FA0022434B6860D6E90401A0
:10247800FEF754F9FEF73AFA00223F4BA860D4E978
:102488000001FEF74BF9FEF731FA002208EE900A38
:10249800D4E90201384BFEF741F9FEF727FA08EEB6
:1024A800100AD4E904010022334BFEF737F9FEF78E
:1024B8001DFA68EE087A07EE100A48EEA87A47EE89
:1024C800077AF1EEE77ADFED2E6AF4EEE67AF1EEBE
:1024D80010FA5FD5E9468AB06D462A4B17EE900A86
:1024E8006B61FDF799FF00220023FDF737FE0022FC
:1024F800254BC5E90601C5E908232A46062342F803
:10250800103F002500234FF44151204801F074FF8B
:102518002946CD4618223046C8F800501DF0B4FFB1
:102528001822294620461DF0AFFFDBE6495000205F
:1025380045500020C42E0020C02E0020D9899D3C83
:10254800D9899D3C6F9264424C500020000080382D
:10255800EC2E00204B500020382F002017B7D13721
:102568000AD7A33BCDCCCC3DCDCC4C3ECDCC4C3FBB
:10257800A00E0020B80E002000806340282F002005
:102588000000FA45042302000040BF409C0E0200F0
:10259800342F0020C8EEA76A914E924BC6ED006A10
:1025A800C8EE276AC6ED016AC7EE276A2022002115
:1025B8001846C6ED026A1DF067FF4FF07E518A4B40
:1025C800021F40F8041C0161D3610321874A88482F
:1025D80017F0E6FE0122874B28681A70FDF71CFFEA
:1025E80000220023FDF7BAFD804668688946FDF79A
:1025F80013FF00220023FDF7B1FD8246A8688B4631
:10260800FDF70AFF00220023FDF7A8FDC7E9020134
:102618003068FDF701FF00220023FDF79FFDC7E9A1
:1026280000017068FDF7F8FE00220023FDF796FD13
:102638000446B0680D46FDF7EFFE00220023FDF7C3
:102648008DFD6E4692B06A4697ED027B6A4B82ED2D
:102658000A7B536197ED007B0E2382ED0C7BC2E968
:102668000689C2E908ABC2E90E45C2E9100142F881
:10267800103F002347F2C0015D4801F0BDFEB5469A
:1026880030E65E4ADFED5E6A92ED007A77EEC77A51
:1026980092ED017A7AEEC7AA92ED027A93ED006A7A
:1026A80069EEA69A3AEE47AA9FED567A29EE269A3F
:1026B80046EE079A93ED016A68EEA68A06EE079A37
:1026C80093ED026A46EE078A07F11000C3ED009AFF
:1026D80083ED019AC3ED028AC7ED077AC7ED049A24
:1026E80087ED059AC7ED068AC7ED08AA87ED09AAFE
:1026F800FFF7E6FB07F11C00FFF7E2FBD7ED062A20
:1027080097ED052AD7ED041A97ED091AD7ED080AAF
:1027180097ED070AC0EE840A80EE040AB0EE483A44
:1027280062EEA32A22EE232A61EEA31A81EE041A8E
:10273800FFF7FAFB344BF7EE008A93ED02BA6BEE23
:102748000B9A93ED019AD3ED03AAF0EE690AD3ED43
:1027580000BA49EE090A2BEE2A0A70EEA00A0BEE1F
:10276800890A78EEE00A30EE000A15F0A9FF29EE92
:102778002A0A1BEE8B0A30EE000AB4EEE80AF1EEE4
:1027880010FA2ADCFFEE007AB4EE670AF1EE10FACE
:1027980048BFB0EE670A15F0B1FE9FED1CCA4AEEBD
:1027A800AA9A20EE0CAA29EE0B0A79EEA99A0BEE4A
:1027B800AA0A78EEE90A30EE000A15F081FF144BF8
:1027C80020EE0CCA1C78134E134DBCBB012286EDBB
:1027D80000CA85ED00AA1A7084E5B0EE680ADAE747
:1027E8001C2F0020FC2E0020000080BF4723020081
:1027F8009C0E02004C50002064230200282F002069
:10280800CDCC4C3ECDCC4C3FDC2E0020E02E65429A
:102818004A500020D82E0020D42E00208FC2753DAB
:1028280000003443000034C3CDCCCC3D0000B44399
:10283800000048C20000000000004842B1EE488A8B
:102848001FED0A0A88EE000A15F0F8FF78EEC06A54
:1028580096ED007A78EEE68A28EE876A06EE8C6AAC
:102868005FED115A36EE477AD5ED007AB4EEE57A87
:1028780068EEA78AF1EE10FA46EE8A8AC4BF5FEDC9
:10288800156A37EE667A5FED196AB4EEE67A78EE85
:10289800E77AF1EE10FAF4EEE57A44BF1FED1D5A1F
:1028A80037EE057AF1EE10FAC4BF5FED205A77EEE5
:1028B800E57AF4EEE67AF1EE10FA5FED255A44BFB8
:1028C8005FED266A77EEA67AF0EEC76AF4EEE56A5F
:1028D800F1EE10FA5CBF5FED2A6A27EE267AF0EE79
:1028E800E76AF4EEE56A55BF22461FED2E7A86EDBB
:1028F800006A0022F1EE10FA5CBF5FED316A2246F1
:10290800454C58BF67EEA67AD4ED006A434848BFE5
:10291800DFED437A37EE267AD0ED006A77EEA67AB5
:10292800DFED406AB4EEE67A58BFC5ED008AF1EEF5
:1029380010FA60DC9FED3C6AB4EEC67AF1EE10FA4C
:1029480058BFB0EE476AF4EEE67AF1EE10FA55DCBD
:10295800DFED356AF4EEE67AF1EE10FA58BFF0EEE4
:10296800676ABDEEC66A87ED026AFDEEE66A97F908
:102978000810C7ED026A06EE901AF8EEE66A37EE1E
:10298800667A97F9083084ED007A07EE103AB8EEC7
:10299800C77A77EEC77AC0ED007A002A3FF4A2AC76
:1029A80051EA03023FF49EAC204A1268002A3FF421
:1029B80099AC1F4C1F4D94F90000084495F900107C
:1029C8007F2819441DDC10F17F0F1CDB40B27F29E2
:1029D80020701BDC11F17F0F1ADB49B2164B2970EE
:1029E8001E78FF2E4FF000061E703FF47BAC904718
:1029F80026702E7076E4B0EE666AA4E7DFED096A09
:102A0800AFE77F20E3E76FF07E00E0E77F21E5E7AF
:102A18006FF07E01E2E700BFD02E0020CC2E002010
:102A2800000000000000FE420000FEC2C82E002088
:102A3800485000204750002046500020074B10B552
:102A48001860FFF75FFB0648FFF748F9BDE810403C
:102A58009C230321034A044817F0ABBCC82E00206E
:102A6800F9210000AE2302009C0E020008B5084BB5
:102A78001A78187048B152B9FFF744FB054A032188
:102A8800BDE80840044817F08BBC044AF7E708BDC6
:102A980049500020E82302009C0E02000D24020089
:102AA80010B5094C0A44914200D110BD11F8013B00
:102AB80058400309E35C0001C0B243401809205C98
:102AC8001B01DBB25840EEE72B2402002DE9F04F42
:102AD80095B000AFBB61BB6F0446C3F3C0038A4621
:102AE80090F802B07A623B6141B9457800780BEB07
:102AF80080002044554517D8A0EB040AE3787B6191
:102B0800BBF1000F02D0BB6FD80716D47B6953BB4B
:102B18007B6A1BB151462046BA69984755462846F4
:102B28005437BD46BDE8F08F461C3046FEF7A8F87E
:102B3800013030440AF1010ADCE7237862683B621D
:102B48009B00FB603B6AFA6104EB83097B6A002BFC
:102B580040F0FF80C8460026554609EB0B0AD045D1
:102B680051D1D94413E0BB6F9907D1D52378994641
:102B78003B629B00FB60636804EB8909FB617B6A2D
:102B8800002B7AD15546BBF1000F4FD15E46BB6F83
:102B980013F0050F0CBF4FF0020B4FF0010B7B69D0
:102BA80009EB430ABB6F03F002037B62D145B6D041
:102BB80019F8021B19F8013C54F82380AB4B9845CF
:102BC80002D3AB4B984538D33B69002B42D0F86908
:102BD80016F06EF800283DD0E8468AB06A46A54B44
:102BE8005361FB69C2E906314FF400731384A24BA9
:102BF80042F8103F00234FF41251A04801F0FCFBAB
:102C0800023DC546D2E718F8013B54F82300FEF709
:102C180037F8FB6F01303BB1D7F880309E423EBF9A
:102C2800FB6F23F816000136054498E7BB6F13F0D5
:102C380004061CBF7E6AD944A9E73B6923B1F86939
:102C480016F036F80028C7D1BB6FDA0705D4A5EB14
:102C58000B05ABE77B6A002BA8D04046FEF710F8BF
:102C6800FB6F43B1D7F880309E423FBFFA6F431CD9
:102C780022F816300136054498E7BBF1000F6ED0F4
:102C8800BB6F13F004066DD0D846002607F140004C
:102C98005A4649461DF0D1FB7B69D9445B007B60ED
:102CA8007B6909EB4303BB60BB6F03F002033B6026
:102CB800BB684B4558D1B96F6378B86F890748BF6F
:102CC800002106EB030258BF4FEA5801C507D2B2EC
:102CD80000F19A8010F0040F14BF40460020FB61F9
:102CE8006270A070E1702046BA69F9687B6A9847FB
:102CF800051EFFF614AF3B6A41462370FB69BA69AB
:102D080063707B6984F802B0E37007F140007B6A66
:102D18009847B0F10008C0F2A480FB68AAEB0B0149
:102D2800C91A7B684846C91ABA697B6A9847002855
:102D3800C0F299804FF0000BA84408EB000507F19A
:102D4800300AB34562D30021BA6908467B6A9847BE
:102D5800E5E65E464FF0000807F1300098E75E466A
:102D6800D84699E7B04697E719F8021B3F4B19F880
:102D7800015C54F82500984202D33D4B98421DD37C
:102D88003B6923B1F86915F093FF002890D13B689F
:102D9800FBB908F1280307F1280208F1010003EB49
:102DA800020C07F1500308F1020853FA80F00CF8FE
:102DB800101C5FFA88F800F8105C79E73B692BB1C2
:102DC800F86915F075FF00287FF472AFBB6FDB0759
:102DD80009D506F1280307F12802711C9E1806F888
:102DE800205CCEB264E7BB6F58077FF561AF08F18E
:102DF800280307F1280208F1010103EB020808F88B
:102E0800105C5FFA81F853E7002068E71BF80A3086
:102E180054F8239087F82F30FB6FFBB133F81B80F1
:102E28000121BA697B6A07F12F00984700281ADB4D
:102E38000544B8F1000F06D14846FDF721FF00F11F
:102E480001081FFA88F841464846BA697B6A9847DC
:102E5800002808DB05440BF1010B72E7D7F87C80EA
:102E6800DEE745465BE6054659E600BF2409020051
:102E7800DC5B02003B240200040000015C0E02003F
:102E8800014B1B68184700BF60040020014B186005
:102E9800704700BF6004002030B585B004460D4679
:102EA8001022002168461DF0EFFA02238DF8023047
:102EB800044B2A4621466846019314F0AFFA05B040
:102EC80030BD00BF892E000080B505460E46174666
:102ED800984613F019FD03461DF016FD0446DFF869
:102EE8001890424649F8003039463046A84754F809
:102EF800090003F037FD00BF080000002DE9F04786
:102F0800058B04462807904611D4022905F00705C9
:102F180040F0CD80204616F025FA78B10138218B93
:102F2800042811D8DFE800F0C3106D859500012949
:102F38000CBF45F0100545F02005258388F311885E
:102F4800BFF36F8FBDE8F08701F0070AAA4500F0CC
:102F5800A6800027B9463E46A368002B00F0BD8036
:102F680041F00801218388F31188BFF36F8FA168AE
:102F7800002900F0BB800D68002900F0B7803346B7
:102F880052462046D1F80480C047002D76D02B68E1
:102F980029461D46F0E701F007035A1F012A1BD8EE
:102FA800002221F00701062B276889B2C4E9002214
:102FB80009D13B4603E0628B013262831B68002B18
:102FC800F9D141F002012046218316F0CBF90028FF
:102FD8007BD041F0200177E0042B0AD121F00701D2
:102FE80089B22046218316F0BDF910B141F02001C5
:102FF8002183218B01F0070AAA4550D00027B94642
:10300800AAE7236921F0070141F00601062DD3F84C
:10301800009021832DD1B9F1000F40D041F0080173
:10302800218388F31188BFF36F8F20463949C84739
:1030380029E021F00701236941F0040189B2042D38
:10304800D3F804902183E6D000274FF0040A3E46C7
:1030580082E721F00701236941F0050189B2052DB6
:10306800D3F808902183D6D000274FF0050A3E46B2
:1030780072E700274FF0060A3E466DE72B4687E7C2
:10308800B9F1000FD1D14FF02003EFF3118883F38A
:103098001288BFF36F8F238B23F008032383258BBC
:1030A800EA062ED525F01003238305F00705666987
:1030B800218B002EBFF66FAF00232768C4E90033C9
:1030C80021F0070141F001012183218B4FF0000914
:1030D80001F0070AAA457FF43FAF002F9BD041F0CB
:1030E8000801218388F31188BFF36F8F002FC7D0A1
:1030F8003D68394633465246204616F05FF92F465A
:10310800F4E7AB067FF51AAF25F02003238305F01B
:103118000705FFE6F1930100044608B54FF02002C9
:10312800EFF3118382F31288BFF36F8F10F050F919
:10313800204603F0CDFB034815F05AFE03F088FD46
:10314800FCE700BFEF2402002DE9F7430F460646CF
:103158000821C06A16F0E2FC80463C68DFF8489017
:10316800241A3C6004EA0905AC4203D8002003B0E5
:10317800BDE8F08308236A462146304616F03FFC36
:103188000028F4D16946304616F0D2FC40B1BDF8AB
:103198000230BDF8042005EA090513441D443C60CB
:1031A800A4EB0804E0E700BF0000FFFF2DE9F047AB
:1031B80004468AB000F1140738461CF018FCA06ACF
:1031C8008368DB689847E06250B9864A01218648DF
:1031D80016F030FC6FF0150528460AB0BDE8F087F8
:1031E800A06A8368DB6898470368013B1F2B01D9F5
:1031F8007E4AEBE7A06A216807AA1BF06EFA08B1BD
:103208007B4AE3E7A5892DB1089BB5FBF3F203FBE5
:1032180012550DB1774AD9E7E389012B01D8764ACF
:10322800D4E7E36A029593F804904FF0FF334FF028
:10323800FF32384612F0B8FD0821E06A16F06EFC3D
:10324800A8460646E3891FFA85FA534508D8E38954
:10325800434523D1384612F06BFD6FF02C05BBE7D0
:10326800A1892B04891B13FA81F14A4608232046B9
:10327800029116F014FC78B1204602A916F0CDFB95
:1032880008F1010808234A46204602991FFA88F8DF
:1032980016F005FC0028DAD00135D3E753450BD1E9
:1032A800029908234A462046891B16F0F8FB18B9EC
:1032B800204602A916F0B1FB204602A9FFF744FFF9
:1032C800054618B1384612F033FD85E7029B4FEAF0
:1032D80013484FEA08486360C4F80880D4E901132A
:1032E80099420FD30823204603AA16F088FB054607
:1032F8000028E7D103AB13F8012B91453DD10135E7
:10330800082DF8D1636820461B0C1B0402A9029300
:1033180016F083FB4A462046A389029916F0BFFBA4
:10332800051ECFDB63687BD04FF6FF7906EB0308F9
:10333800A3891FFA88F29B1B9A42CDF8088038D3DC
:1033480003212E4A284816F075FB2046616816F0BE
:10335800CBFB05460028B5D16368294AA1891340EB
:103368000B44A3EB4603636013402046A36016F0AA
:10337800C3FC0546002D6FD0A4E7204603A916F02C
:10338800D7FB626810B9921B6260A7E7BDF81050BE
:10339800BDF80E10E06AC4F80880294416F0BEFB98
:1033A80040449042A060EED1002DECD06FF01C0597
:1033B8007DE008234146204605AA16F020FB054675
:1033C80000287FF47FAF204605A916F0B1FB38B17D
:1033D800BDF814304B4503D1BDF81830002B6CD024
:1033E800B044A5E72C2502007C0E02004E25020001
:1033F8006B2502008325020097250200F4250200B0
:103408000000FFFF4A4620465B1A16F048FB051EDF
:10341800FFF658AF08D0E26AA36812681344A360A5
:10342800D4E901318B42EDD86168A38901EB4602EA
:103438009A429FD1DFF8BC80A26801EA08039A4249
:1034480098D0204616F050FB054600287FF43AAF86
:10345800636803EA0803A360A389A288A3EB460371
:103468009A4220D0384612F063FC0123A2892374C3
:10347800E389032100921A481A4A16F0A4FF6368E8
:103488009AB200920321184A15481B0C16F09BFFAC
:10349800A3689AB200920321144A11481B0C16F033
:1034A80092FF002598E6204616F00FFC05463846A0
:1034B80012F03EFC002DD8D08EE60D4A03210848B4
:1034C80016F0B8FA636820461B0C1B0402A9029385
:1034D80016F0A3FA2046029916F006FB49E700BF4A
:1034E8007C0E0200BA250200D1250200E325020065
:1034F8001B2602000000FFFF2DE9F04F1D46037C4C
:1035080004468946904689B053B90121634A644804
:1035180016F090FA6FF00C06304609B0BDE8F08F4F
:10352800C26A0821104616F0F9FA82462946104662
:1035380016F0F4FAA3890746A3EB8A03AB42C0F05E
:10354800AA801DB1B8F1000F00F0A580636803934D
:10355800204604AA03A9DDF80CB016F021FB0646A4
:103568000028D9D1BDF810304B4505D06268039BBF
:103578009A42EDD1E5B9CFE7204604A916F0D8FA6A
:103588000028F3D0BDF81200BDF8143075B1AB4275
:103598000ED14FEA1B41090401442B4642462046FE
:1035A80016F04AFA002803DC0646B5E7002BB3D02C
:1035B800002F3DD104F1140301934FF0FF324FF077
:1035C800FF33019812F0F0FBDFF8D8B0E3899E4290
:1035D8005ED0D4E90123F9188A422CD3ADF81A3009
:1035E800FF2306A88DF81E30ADF81890ADF81C50D2
:1035F80016F04CFA2B464246A168204616F01AFBF4
:1036080029468246E06A16F089FAA2680244A26056
:10361800BAF1000F07D1204606A916F045FB00288D
:1036280014BF8246AA46019812F082FB564673E7F9
:103638005744BFB2BEE70821E06A16F06FFA4FF6AA
:10364800FF730021ADF818308DF81E30A389ADF84E
:103658001C10111802EA0B021A44101A606006A81E
:10366800ADF81A1016F012FA06A9204616F01CFB3F
:103678002046211D16F0D1F96368204603EA0B03A2
:10368800A36016F039FB82460028CCD101369DE7AD
:103698006FF01B0AC7E76FF015063DE71825020013
:1036A8007C0E02000000FFFF2DE9FF471E46037C49
:1036B80004460F469046BDF830904BB92C4801217E
:1036C8002C4A16F0B7F96FF00C0004B0BDE8F0878B
:1036D8000821C06A16F022FAA389A3EB4003B3427B
:1036E80043D30025D4F804A0CDF804A04D45514695
:1036F800DDF804A009D9636853451ED1BDF8083028
:10370800BB421AD06FF00100DFE7204602AA01A9E8
:1037180016F046FA0028D8D1BDF80830BB4206D1C9
:10372800204602A916F004FA08B10135ADB2626864
:10373800019B9A42DAD15146E0E7BDF80C30002BE4
:10374800E0D0A945DED8BDF80A00090CB3424FEA1B
:10375800014128BF334601444246204616F04FF93E
:103768000028B2D1BDF80C00AFE76FF01500ACE748
:103778007C0E02001825020010B530B90B480C4920
:1037880016F092FB6FF0150010BD836833B9074837
:10379800084916F089FB6FF00400F5E71B6813B1C0
:1037A800BDE8104018471846EEE700BFA40E020017
:1037B800372602004826020010B530B90B480C49DC
:1037C80016F072FB6FF0150010BD836833B9074817
:1037D800084916F069FB6FF00400F5E75B6813B160
:1037E800BDE8104018471846EEE700BFA40E0200D7
:1037F800372602004826020070B508B101B132B977
:103808000B480C4916F050FB6FF0150070BD84682A
:103818000CB1E56835B90648074916F045FB6FF065
:103828000400F3E741F8040BE368BDE8704018476B
:10383800A40E0200662602004826020010B50446BF
:1038480030B91048104916F02FFB6FF0150010BD65
:10385800006830B90B480D4916F026FB6FF00100DF
:10386800F5E783680BB11B6933B90648084916F0B8
:103878001BFB6FF00400EAE7616898470028E6D16F
:103888002060E4E7A40E020092260200A3260200AC
:103898004826020070B51346044630B9104811494D
:1038A80016F002FB6FF0150070BD006830B90C48C7
:1038B8000D4916F0F9FA6FF00100F5E782680AB1D0
:1038C800956835B90648094916F0EEFA6FF0040014
:1038D800EAE70A46AC466168BDE87040604700BF49
:1038E800A40E020092260200A32602004826020027
:1038F800034A13680BB9526813600020704700BF71
:103908006404002030B50C460E4985B00291D0F809
:10391800AC110546CDE9003100F1E0014FF0FF336D
:10392800204611F079FD50B9012384F86430D5F8A8
:10393800A83123B1204605B0BDE83040184705B08E
:1039480030BD00BFA99F010038B50C461146054699
:1039580016F028FB034638B92846044916F022FB1E
:1039680003460020236038BD0120FBE7BE5A020051
:103978002DE9F04F012381460569466885B005F5B4
:103988006B77D7E8EF2F002A03D1C7E8E13F00297A
:10399800F7D10CBF1A46002240F0B180B368B16A73
:1039A80005F5E4781C1F104616F081FB84425FD8A9
:1039B800013A00F09E80B2FA82F24FF00044D440FF
:1039C80072682046073222F00302C5F86022B16A05
:1039D80016F06DFBC5F86402B36A404663430333CF
:1039E80023F0030302EB4302230103EB44030933EF
:1039F80023F0030303EBC403C5F858221A44083222
:103A0800C5F854227368C5F85C42C5F850323D4B7E
:103A1800C5E9A963316800F0DFF9044630BBD9F87D
:103A280004A0D9F81090DAE9073409F5307B012BA6
:103A3800584608BF103C1CF058F90023DAF8240057
:103A480031494FF4806201EB8021009358462346A8
:103A580012F080FB09F52C702C491CF0ECF8DAF810
:103A6800140083685C682CB96FF05704002139E0B2
:103A7800013298E74B46264ADAF81810A047044660
:103A88000028F3D1DAF8140083681B69002BEBD007
:103A98000122DAF81810984704460028E6D11D4B91
:103AA8002846C5F8A8311C4BC5F8AC311B4B03930D
:103AB800D5F810320293D5F80832CDE90083D5F84D
:103AC8006832B26AD5F8A81300F04EF90446002807
:103AD800CCD105F1E00011F04BFD0028C5F8B0038A
:103AE8000ADB0221384616F092FA204605B0BDE8F6
:103AF800F08F6FF00B04B9E76FF01504B6E76FF0BD
:103B08007704F2E7FF9F010050650020E59F010060
:103B1800D99F0100293B00008DA1010047A00100A9
:103B280013B5044640B100230122CDE90032074B0A
:103B3800D0E9091211F024FCA36E1B6823B1E06ED2
:103B480002B0BDE81040184702B010BDBE5A0200CE
:103B580013B504460846216901F56B71D1E8AF1F1A
:103B6800022910D193B1A0B10121CDE9003113464A
:103B7800D0E9091211F004FC074B984208BF6FF016
:103B88000B0002B010BD6FF00F00FAE76FF04C00A9
:103B9800F7E76FF00100F4E72EF8FFFF2DE9F74390
:103BA80088461546066906F56B73D3E8AF3F022BC6
:103BB8005FD1136823B96FF0150003B0BDE8F08337
:103BC8001B78002BF7D0D6F8A893B9F1000F33D1A2
:103BD80006F5D8774FF0FF324FF0FF33384612F032
:103BE800E3F830462A6801A9FFF7AEFE019C1CB92C
:103BF800384616F00AFADEE705F10803A3666B6992
:103C080084F86490E366E46360B1384616F0FDF921
:103C180021463046236E2A68FFF774FE0020C8F854
:103C28000040CAE72022296804F140001CF069FC22
:103C3800384616F0EAF9F1E730460F4916F0B2F9BE
:103C480004460028B7D005F1080383666B69C06392
:103C5800C366002380F864302022296840301CF0B5
:103C680050FC22460121304600F060F80028D5D0EB
:103C7800A1E76FF00F00A0E7BE5A020010B50C468E
:103C8800006900F56B73D3E8AF3F022B0FD189B100
:103C98000A4900F52C701CF00CF820461BF085FB37
:103CA8007022002120461CF0EFFB002010BD6FF0B1
:103CB8000F00FBE76FF00100F8E700BF3C2F002082
:103CC8002DE9F04F05460E4690460027D0F8B0A0E3
:103CD80085B0AAF5AE7421463046FCF7BFFFE0B9BF
:103CE800114BA4F1400B0293DAF810303246CDE9BB
:103CF800008329464FF0FF335846AAF5CE7911F0D4
:103D08008BFB60B97023012203FB079383F86420BF
:103D1800DAF80C300BB158469847703417B105B033
:103D2800BDE8F08F0127D6E7BBA101001FB51446F7
:103D380090B18AB1012912D10A4B00F1E001029336
:103D4800D0F8AC31403201934FF0FF332046009356
:103D580011F062FB04B010BD6FF01500FAE7002007
:103D6800F8E700BFBBA101002DE9F04387B00E467C
:103D7800DDE90E811446DDE910251F4630B329B36D
:103D8800DFF850C000F1E009002D08BF65469EB974
:103D9800CDE9034400F5CE74204605961BF02AFDB4
:103DA80003ABCDE900432A463B464146484611F05D
:103DB80005FC07B0BDE8F083002241460E92484654
:103DC8002A4607B0BDE8F04311F024BD6FF0150096
:103DD800EFE700BFC93C0000F0B50E46044689B0C5
:103DE80000286FD001230246C3630023D0F898103F
:103DF800364F403040F80C7C42F8301FCDE9013393
:103E08004FF0FF330093C36D1AF0B2FF304A06AB90
:103E180092E8030083E80300184611F0C3F9054649
:103E2800D8B904F1340011F09FF90546A8B939460C
:103E3800284805AA1AF078FF054670B9059B9A68C4
:103E480072B10C33D4F89400C4F8A03016F0E2F93B
:103E5800C4F8D40030B96FF00B05284609B0F0BD9E
:103E68000346EFE7D4F8940016F0D4F9C4F8D80064
:103E78000028F0D0D4F88C30D4F8A010C4F8A830BA
:103E88000423C4F8AC30C4F8C4300223A362124B34
:103E9800B4F89420D4F8D470C4F8B810C4F8D0108A
:103EA800D4F89010236204F1A403A4F8B020C4F855
:103EB800A470C4F8C010A4F8C820C4F8BC00A66157
:103EC800E362CAE76FF01505C7E700BFCD26020019
:103ED800D80F0200D72602000C1402002DE9F04783
:103EE800044607464FF00109DFF8508014B93846F8
:103EF800BDE8F08794FAA4F5B5FA85F509FA05F353
:103F08002E0108EB05156FEA030A24EA03042B7B4C
:103F1800002BEBD058F806301B694BB94644736840
:103F280004222846196807EA0A0700F051FADDE773
:103F3800284698470028D9D1F0E700BF1C0F020097
:103F480030B5002289B00F490F481CF0E3F8002271
:103F580000230024CDE906230E230C4DCDE90334BC
:103F68004FF440722846CDE90144094B09490094B1
:103F780011F066FE084928461BF01EFD204609B0D0
:103F880030BD00BFA53F0000581700208812002050
:103F98007D42000050690020DF260200014811F030
:103FA800B1BF00BFD40A00202DE9F04780461F4862
:103FB8000F4616F081F90646002830D0002528461D
:103FC800BDE8F087237B73B12368DB680BB120461B
:103FD800984723681B69D3B9636804222046196887
:103FE80000F0F6F9013610344C45EBD3B8F1000F68
:103FF800E5D0002DE2D02846FFF770FF0546002FD8
:10400800F7D000214FF4A47012F064FCF1E72046C9
:1040180098470028E0D00AFA06F31D43E2E7054670
:104028004FF0010A024CDFF80C90DDE7742F0020F6
:104038001C0F02002C0F0200014B53F820007047A0
:104048004C14020008B5034608462BB1044A136015
:1040580000F02CFC002008BD6FF01500FBE700BF46
:104068009004002010B5044C237813B9034811F0CC
:1040780049FF0123237010BD4D500020D40A0020B1
:1040880010B50446064816F017F93CB1054BD3E8BD
:10409800EF1F0139C3E8E21F002AF8D110BD00BFA5
:1040A8006C2F0020702F002000200146034BD3E81E
:1040B800EF0FC3E8E21F002AF9D170476C2F0020E8
:1040C80070B5FFF7F1FF0546074C084EB44200D320
:1040D80070BD63685B792BB123685B6813B12946AF
:1040E800204698471034F1E71C0F02002C0F0200FD
:1040F80010B5044C0449204615F026FB034B1C6000
:1041080010BD00BF4409002038140200642F0020AD
:1041180008B50023074A4FF400411370064A0748C0
:104128001360074A1360FFF78DFFBDE80840FFF7EB
:10413800DFBF00BF4E5000206C2F0020BDA2010041
:10414800702F0020014600220023014815F01DBBF6
:1041580044090020014815F0B6BB00BF44090020FF
:10416800024B0146186815F000BC00BF642F002000
:10417800014815F036BC00BF4409002070B5264B35
:104188001878002847D0FFF7E5FF054670B1234BA4
:10419800D3E8EF1F0139C3E8E21F002AF8D1204C09
:1041A800204EB4422DD32846FFF7DAFF1E4B1F4C92
:1041B8001B68002B19DD1BF066FF4FF47A72A0FB19
:1041C800020302FB0131C30B43EA4143D4E9002057
:1041D8009B1A40F2E9324FEAD13161EB0001934278
:1041E80071F1000101D3FFF76BFFD4E9003213F539
:1041F8007A7342F10002C4E90032BDE87040FFF76B
:10420800B7BF63685B7923B12368294620461B68DA
:1042180098471034C5E770BD4D500020702F00201E
:104228001C0F02002C0F02006C2F002050170020DA
:1042380070B50D4D297861B90120FFF7B5FE0B4C1B
:104248000B4EB44206D3FFF799FF0028FBD1012398
:104258002B7070BD63685B791BB1236820469B682F
:1042680098471034EDE700BF4E5000201C0F0200A5
:104278002C0F020000212DE9F0470846FFF794FEB5
:10428800044658B340F267684FF000091CF03CFB45
:104298001B4B1C4A1B58136033B11B4B1B68092B63
:1042A80002DD1A4811F02EFE0025194FDFF85CA038
:1042B80044B12046FFF712FE044618B94FF0FF3804
:1042C8004FF0FF39FFF75AFF064628B9B5B94246FD
:1042D8004B46504611F03CFE3546E9E74FF0FF38B3
:1042E8004FF0FF39D2E72B689B691BB100222846A3
:1042F800114698471035BD42F5D3E8E7054DFAE772
:1043080008000000682F0020702F0020D40A002029
:104318002C0F02001C0F020013B5184815F0CCFF33
:10432800174B1B787BB14FF02003EFF3118483F315
:104338001288BFF36F8FFFF721FF84F31188BFF353
:104348006F8F02B010BD0F4B1B68002BF9D050B90E
:10435800002200230C48CDE900234FF4004200233B
:1043680012F0B6FCEDE70928EBD107481BF0DEFE9A
:10437800064802B0BDE8104011F0C4BD702F0020FF
:104388004E500020682F002058170020D40A002023
:1043980010B5064B04461B6898472146A0600448A0
:1043A80015F071FABDE81040FFF7B6BF9004002081
:1043B80044090020044A054B9B1AB1EBD30F34BFC4
:1043C80052F8310000207047A40D02001C0F0200B3
:1043D800084B10B4C31A44681B1101332371436896
:1043E8009A7101224368196043685A715DF8044B59
:1043F800FFF738BE1C0F02002DE9F04F8FB0C1F354
:104408004A2804AF0D469146B8607B600C0DB8F1A0
:10441800000F63D000264FF0040B4FF00A0A07F193
:104428001403C7F80C80C7E907667E620193CDF8CC
:1044380008B0CDF800A007F11C0332464846F968D9
:10444800FEF744FBB0F5006F03461CD36C468AB0F8
:10445800D9F8041004AB26481A46C3E9050140F20E
:10446800FF71D9614FF400711984224B42F8103F53
:104478004FF4125133462048FFF7BEFFA5462C37AC
:10448800BD46BDE8F08FC0F30A0804F117001844D0
:1044980020F0070080083B60FFF754FE68F35325BF
:1044A800044690B13B6800F11001C7E9083607F1EE
:1044B8001403F961CDE900A3CDF808B048460F4AC6
:1044C800F96807F11C03FEF701FB68F353252A4638
:1044D80020467B68B96815F013FFD0E704F1170090
:1044E80020F007008008FFF72DFE0446EDE700BF27
:1044F800F426020004000001AC0E0200DDA2010057
:104508000EB403B503AB53F8042B014604480193DA
:1045180002F004FE02B05DF804EB03B0704700BF80
:104528001BA40100CA0605D48B064CBF02490349E7
:10453800FFF7E6BF704700BFBD5A0200BC5A020031
:104548002DE9F04F8BB09B46DDE918769DF8543085
:1045580004460593DDE916930693059B0D460892DC
:10456800002B00F0878006F00103099306F008038A
:10457800079315F0ADFE06F0020A0246002849D05E
:1045880020468449FFF7BCFF8046BAF1000F08D0E7
:1045980016F0440F40D12A4620467F49FFF7B0FF66
:1045A8008044099B5BB17D4B059A204653F8222035
:1045B8007B4B7C49002A08BF1A46FFF7A1FF079BDF
:1045C800002B55D0784B059A204653F8222077497E
:1045D800FFF796FF0546089B2BB11A4620467449FB
:1045E800FFF78EFF0544BBF1000F05D05A46204661
:1045F8007049FFF785FF05444544B9F1000F48D1DC
:10460800002F4ED1F30700F1BF8031462046FFF757
:1046180089FFB3E08046B8E7674B18680028BFD029
:10462800664B4FF47A7E1B684FF46162B5FBF3F575
:10463800B5FBF0F300FB13550EFB05F5B3FBF2FADF
:10464800B5FBF0FC3C2102FB1A3200FB1C55B2FB07
:10465800F1F30EFB05F5B5FBF0F501FB132220463F
:104668000092CDE901C552465549FFF749FF97E742
:10467800079DB0E7BBF1010F06D1B9F1000F64D176
:10468800002F7BD000250CE0B9F1000FF8D04D4881
:104698005CE04D484B4622464C4914F0D8FA002FAE
:1046A80068D0DFF83891DFF838A1102F314620465E
:1046B800B8464FF0000B28BF4FF01008FFF732FF45
:1046C8005D4545DC069B514620461A78FFF718FFE2
:1046D8004FF0010B1BF0070F03D149462046FFF7A7
:1046E8000FFFD8453BD9069B5146204613F80B20AF
:1046F800FFF706FF0BF1010BBBF1100FEAD14FF0EA
:10470800000B20463249FFF7FBFE5A46069B20461F
:104718009A5CA2F120015F2928BF2E222D49FFF7BC
:10472800EFFE0BF1010BBBF1100F1DD01BF0070FB3
:1047380003D149462046FFF7E3FED8455A46E5D857
:1047480049462046FFF7DCFEEBE71F48059DA1E739
:1047580049462046FFF7D4FE0BF1010BB0E720468F
:104768001D49FFF7CDFEC5E7069BB7EB0807434495
:1047780006939AD1059B002B7FF444AF20460BB0DB
:10478800BDE8F04F15F038BE2046054A0549FFF749
:10479800B7FE3AE7382702003C2702005C14020003
:1047A80033270200525702007014020061270200EA
:1047B800672702006B2702007C2F0020782F00203B
:1047C8004527020049A401001BA40100257100002F
:1047D8007627020078270200865A0200885A0200CB
:1047E800702702002DE9F0410F884B6805460C46FA
:1047F80090468E6886B0C7F382175BB1144A9B1A3D
:1048080043F3CF01002920DB2078C0F3C200FFF773
:10481800D1FD0346214651F8102B6088C2F34A2285
:10482800002A01EB020408BF00210022C0F30B108C
:10483800CDE90408CDE902142846314601970092D3
:10484800FFF77EFE06B0BDE8F0810023E2E700BF77
:10485800A40D020042F20F7373B58B4228BF0B46BA
:1048680005680446052168460D4A12F0ABFC064669
:10487800636828460B225B680A4915F0B0FD636837
:104888003246694628465B6815F0A9FD63681B2215
:1048980028465B68044915F0A2FD02B070BD00BF50
:1048A80049550200972702007B27020000210123B7
:1048B800064A904206D8064A01B901231360054BFF
:1048C80018607047012140085B00F2E740420F0082
:1048D800782F00207C2F0020F8B50D460446064F9F
:1048E8004618B44201D12846F8BD14F8011BBB682C
:1048F80001485B689847F4E7280A0200014B036007
:1049080000207047B814020070B5114B0D461C68A2
:10491800DCB1104B196800238B4202DB6FF00100F9
:1049280070BD224612F8106B864202D0144601333D
:10493800F2E7E06810B96FF01200F1E71AF074FFBF
:104948000028F8D000202C60EAE76FF00C00E7E7B9
:10495800D80400204415020070B588B005460C46FE
:10496800C0B269461646FFF7CFFF00281BDB009848
:10497800C8B143682268029383680195CDE903367C
:104988000023CDE906230593C56815F08FFD6DB1A9
:104998002846084901AA19F0A4FE079808B9059BFA
:1049A800236008B070BD6FF01500FAE76FF01200D1
:1049B800F7E700BFB7A401001FB507240294044C11
:1049C8000194BDF81840009418F0C0FE04B010BD62
:1049D8002A0900202DE9F0410F4B05461C680E46B8
:1049E8001746ACB14FF0FF324FF0FF330B4811F0D0
:1049F800DBF963683246D3F8088029463B462046EF
:104A0800C0470446054811F093F92046BDE8F081F7
:104A18006FF00104F9E700BFAC2F0020940A0020D2
:104A280000230360044B5A6812B9C3E900007047B9
:104A380010605860704700BFB02F0020014B18600D
:104A4800704700BFAC2F0020002330B585B0054665
:104A5800CDE9023301904FF0FF334FF0FF320B489E
:104A680011F0A2F90A4B1C684CB9284600F0E0F88E
:104A78000446064811F05CF9204605B030BD63686D
:104A880020461B6801A998472468EDE7940A00208E
:104A9800B02F00201FB5CDE9010103924FF0FF337D
:104AA8004FF0FF32094811F07FF9094B1C682CB907
:104AB800064811F03DF9204604B010BD6368204651
:104AC8001B6801A998472468F1E700BF940A0020F1
:104AD800B02F00200022024BC3E90022704700BF1C
:104AE800B02F00200022024BC3E90022FFF7F2BFDB
:104AF800B82F00202DE9F74307460C4609B10023DB
:104B08000B6000261E4DDFF880904D450FD31D4BDE
:104B18001D6885B355F8148C3846414601AA143DE2
:104B280015F008FD10B3D6B914BB2E461EE0D5F813
:104B380000803846414601AA15F0FCFC50B116B970
:104B480054B92E4606E000224046316815F0F2FCC2
:104B58000028F5D11435D8E7019B2360F1E700223E
:104B68004046316815F0E6FC0028DDD16D69D0E7D4
:104B7800019B2360D9E7304603B0BDE8F08300BF4E
:104B88002C0F0200B82F0020A40F02002DE9F047D7
:104B980084B002AFD7F8289004460D4616469846CA
:104BA8007860B9F1000F07D0D9F8001031BBD9F8F7
:104BB80004A0BAF1000F28D12046391DFFF79AFF4B
:104BC80008B3D0F808904346324629467868C84763
:104BD800C8B16D468AB002AA124BD061C2E9053449
:104BE8004FF400731384104B42F8103F00234FF426
:104BF80011510E48FFF700FCAD4604E03A1D15F0D0
:104C080099FC0028D3D1002007E0D9F808303246B3
:104C18000093294643467868D0470837BD46BDE823
:104C2800F08700BF0528020004000001FC0E020006
:104C3800F8B506460025174C174FBC4208D3174B4A
:104C48001C682CB3143CB6B9E368E3B96469F8E7A7
:104C58002EB9E3685BB9284605461434EDE700220F
:104C68003146206815F066FC0028F2D1F3E7984732
:104C7800002DF0D1F0E700223146206815F05AFCEB
:104C88000028E1D1E2E79847002D08BF0546DDE797
:104C98002846F8BD2C0F0200A40F0200B82F0020F0
:104CA80038B50C4D4FF0FF334FF0FF320A4811F082
:104CB8007BF82B783BB9FFF715FF00F06DF8044639
:104CC80010B901232B700024034811F031F8204655
:104CD80038BD00BF50500020940A00202DE9F0474D
:104CE80006468946048FDFF8ACA0013498B0A4B218
:104CF80000F10807651EADB2B5F5004F47D04A234D
:104D0800294605AA384615F0C8F804F57F543F34FB
:104D1800A4B280462146012338460DF10B0215F056
:104D2800BCF8B8F1000F014610DC002810DC338F06
:104D3800AB4209D132466B1E22F8383F4FF400418E
:104D480002233846FEF7D8FB2C46D3E7002808DCB8
:104D58002946384615F09DF82146384615F099F849
:104D6800E5E708F160030DEB03080023524608F855
:104D78004C3C05A8CDF8009003AB0397ADF8104064
:104D8800FFF704FF0028DFD018B0BDE8F087002047
:104D9800FAE700BFADA501007FB5012569462846A1
:104DA8000195FFF7B1FD044660BB284602AA01A998
:104DB800FFF7D2FD044610B110F10C0F22D1039970
:104DC800B1F5803F23D200231846009A946808441E
:104DD80084421AD30133082BF9D10E4DA982EB82F4
:104DE80053682846AB60D368EB6315F073FC044640
:104DF80040B9094E28466E60FFF712FE28466E60DD
:104E0800FFF71CFE204604B070BD9BB2E5E76FF0CB
:104E18002004F7E7C02F0020B4040020F8B50C7870
:104E28000646012C0D4619D0022C1DD014BB154F77
:104E38000A21384615F06FFC092806D9124913488B
:104E480015F080FC6FF00B00F8BD3B6803EB8002A7
:104E580032602A6843F820202046F5E700210C48F4
:104E680015F059FC0B49EAE700210B4815F053FCF3
:104E78000A49E4E705480A4915F064FC6FF0150093
:104E8800E2E700BFD00400202A280200FC0D02003F
:104E98000830002047280200003000206428020063
:104EA80082280200002213B50446019210B102685C
:104EB80002B139B91448154915F044FC6FF01500D2
:104EC80002B010BD4268C3689A4206D30E48104922
:104ED80015F038FC6FF01B00F2E701A8FFF79EFF02
:104EE8000028EDD1D4E900135A1C62601422534300
:104EF800084CCA18CC50084BC2E90130019BD3605A
:104F08004FF480331361DBE7FC0D020094280200A4
:104F1800A628020098080020FFD5010000232DE9EB
:104F2800F74F894615460446019310B1036803B14B
:104F38004AB93149314815F005FC6FF0150630467D
:104F480003B0BDE8F08F4368C2680233934206D9C4
:104F58002B492A4815F0F6FB6FF01B06EFE7DFF840
:104F6800B4A00A21504615F0D6FB0928074606D9F1
:104F78002449224815F0E6FB6FF00B06DFE7DAF864
:104F880000B029680BEBC00801A8FFF747FF0646E9
:104F980040B11D49DAF80400A8EB0101C90815F071
:104FA800D5FBCCE71421DDF804E04BF837E0A8F88E
:104FB800040088F80690D4E900035A1C4B43134FA9
:104FC8006260C750C218124BC2F80C80C2E90136A1
:104FD8004FF480331361D4E900835A1C62602C4675
:104FE80001FB03FC0FCC08EB0C070FC723683B60E1
:104FF80048F80CE0A3E700BF94280200FC0D02006B
:10500800A6280200C12802001430002094080020BD
:10501800BDD70100C80400200023F7B50C4605469B
:10502800019310B1036803B141B91F491F4815F036
:1050380089FB6FF01506304603B0F0BD1C492068A7
:1050480016F0DCF908B91B49F0E71B49206816F08F
:10505800D5F90028F7D01949206816F0CFF90028AB
:10506800F1D06A68EB689A4206D315490F4815F0E3
:1050780069FB6FF01B06DEE7216801A8FFF7CEFE8B
:1050880006460028D7D1D5E900C77B1C6B601423DE
:105098005F430FCC0CEB07050FC523682B60019B02
:1050A8004CF80730C7E700BF94280200FC0D020047
:1050B80098080020E72802009408002090080020A3
:1050C800A628020038B518B105680DB101B132B98A
:1050D8001048114915F036FB6FF0150038BD4368CC
:1050E800C468A34206D30B480C4915F02BFB6FF09C
:1050F8001B00F3E75C1C4460142043430848EC1889
:10510800606008486282C4E902010020064A2082E1
:10511800EA50E3E7FC0D020094280200A6280200EA
:10512800D1D50100C1E1000090080020F8B504467F
:1051380000254FF0FF334FF0FF3280690E4615F01F
:1051480015FB231D53F835207AB954F8352062B978
:1051580004EBC507002200233946E06910F004FD7E
:1051680030B97E6054F83500F8BD0135032DE9D11A
:105178000221044A044815F013F9A06915F0F8FA59
:105188000020F1E729290200CC0D0200F8B50446F9
:105198000D464FF0FF334FF0FF32806915F0E6FA05
:1051A80063689D4210D0E3689D421ED063699D42AA
:1051B8001DD002210F4A104815F0F2F8A06915F029
:1051C800D7FA6FF01500F8BD0026002554F8361000
:1051D800E06904EBC6071AF0C3FB44F836507D605B
:1051E800A06915F0C5FA2846EDE70126EDE7022685
:1051F800EBE700BF45290200CC0D020038B5044694
:105208000D464FF0FF334FF0FF32806915F0AEFACC
:1052180063689D420FD0E3689D4210D063699D4248
:105228000FD00221084A094815F0BAF8A06915F00C
:105238009FFA002038BD002354F83300FAE7012311
:10524800FAE70223F8E700BF76290200CC0D020036
:105258002DE9F047CD6891466A781E4C02EB420270
:10526800A4EB82042C440746884686B00146D4F84D
:105278004C029A46FFF7C2FF064648B91649174836
:1052880015F02EFB6FF01008404606B0BDE8F08719
:10529800AB7841460293EA78C369384613440193D0
:1052A800BDF838304A460093534618F04FFAAB68B9
:1052B800804643B1CDF81090AA7839468DF814206D
:1052C80004A8002298473146D4F84C0215F065FA34
:1052D800DAE700BF80FEFFFFA12902001C0E0200D2
:1052E8002DE9F74F1C469DF8343080469B079246BF
:1052F800BDF830B03BD4CE681E4D7378014603EB41
:105308004303A5EB83053544D5F84C02FFF776FF38
:10531800074648B91849194815F0E2FA6FF0100421
:10532800204603B0BDE8F08FB2780BEB040393423C
:105338001ADCC369F278514603EB020909EB0B004A
:1053480022461BF07AF8B36843B1CDF80090B278E2
:1053580041468DF804206846012298473946D5F819
:105368004C0215F01AFADBE76FF00604F6E76FF067
:105378000504D5E780FEFFFFA12902001C0E0200EC
:105388002DE9F047CD6891466A781E4C02EB42023F
:10539800A4EB82042C440746884686B00146D4F81C
:1053A8004C029A46FFF72AFF064648B9164917489D
:1053B80015F096FA6FF01008404606B0BDE8F08781
:1053C800AB7841460293EA788369384613440193DF
:1053D800BDF838304A460093534618F0B7F9AB6821
:1053E800804643B1CDF81090AA7839468DF814203C
:1053F80004A8002298473146D4F84C0215F0CDF99C
:10540800DAE700BFC0FEFFFFA12902001C0E020060
:105418002DE9F74FCE681C4673781F4D03EB430305
:10542800A5EB8305354401468046D5F84C029246E3
:10543800BDF830B0FFF7E2FE074648B917491848EB
:1054480015F04EFA6FF01004204603B0BDE8F08F57
:10545800B2780BEB040393421ADC8369F278514665
:1054680003EB020909EB0B0022461AF0E6FFB368CA
:1054780043B1CDF80090B27841468DF804206846D3
:10548800012298473946D5F84C0215F086F9DBE732
:105498006FF00604F6E700BFC0FEFFFFA129020077
:1054A8001C0E02002DE9FF476FF00F04D1F80C80A5
:1054B8000F4698F82D100646C1EB0111A4EB8104A4
:1054C80044440146D4F84C0291469A46FFF796FEAA
:1054D800054648B91049114815F002FA6FF0100650
:1054E800304604B0BDE8F08798F82F30394602936B
:1054F80098F830204369304613440193BDF83030A2
:105508004A460093534618F021F929460646D4F82E
:105518004C0215F042F9E3E7A12902001C0E020033
:105528002DE9F047D1F80C800646A8F50E7901461A
:10553800D9F84C0217461C46BDF820A0FFF75EFEBE
:10554800054640B91549164815F0CAF96FF0100418
:105558002046BDE8F087BAF1000F18D1012C19D800
:10556800387848B1012807D06FF005042946D9F8E2
:105578004C0215F012F9EBE7D8F800300BB13146C0
:1055880098472246394628461AF057FFEEE76FF04B
:105598000604EBE76FF00C04E8E700BFA12902005E
:1055A8001C0E020008B50349034815F099F96FF07D
:1055B800100008BDA12902001C0E02002DE9F04FC1
:1055C800D1F80C800546A8F50A790E4687B0014641
:1055D800D9F84C0217469B46FFF710FE044648B917
:1055E8001649174815F07CF96FF01006304607B0D9
:1055F800BDE8F08F4FF0010A00F111030193BDF8E7
:105608004030314600933A465B462846CDF808A01C
:1056180018F09CF8D8F80430064643B18DF814A069
:1056280000222946D8F80430049704A89847214650
:10563800D9F84C0215F0B1F8D8E700BFA12902004B
:105648001C0E02002DE9F74FCF680646A7F50A7928
:105658000146D9F84C0290461C46BDF830B0FFF719
:10566800CDFD054648B91549154815F039F96FF0CB
:105678001004204603B0BDE8F08F0BEB0403012BA8
:1056880018DC00F1110A224641460AEB0B001AF019
:10569800D4FE7B6843B101228DF804203146684668
:1056A8007B68CDF800A098472946D9F84C0215F038
:1056B80074F8DEE76FF00604F6E700BFA1290200E0
:1056C8001C0E0200F8B50546D0F84C02FFF72EFD77
:1056D800044630B92048214915F002F96FF00B0053
:1056E800F8BDD5F84C320021DB693C265A691AF01E
:1056F800CBFE2346012203F8202BC4E9053395F895
:105708003C110022052928BF052105F13F008A42E6
:10571800A36912D3E36195F87C210023052A28BFE9
:1057280005220C2605F5A17093420DD3D5F84C023D
:10573800214615F032F80020D2E706FB02F7C75DD4
:1057480001323B44A361E2E706FB03F1475CE169F0
:1057580001333944E161E7E71C0E0200BB2902006E
:1057680010B5D0F84C02FFF711FD044618B10349F3
:10577800034815F0B5F8204610BD00BFF629020011
:105788001C0E02002DE9F04FB1F8B8310446B3F50C
:10579800007F0D4689B000F25482D1F8BC31002652
:1057A800C0F83832D1F8C03103A9C0F8403241F608
:1057B80012038DF80C60ADF80E30FFF773FB42F65C
:1057C8004E23ADF80A3002AB0393C74B062104936E
:1057D800C64B03AA059304F50E7306934FF44033A2
:1057E800204607938DF80860FFF798FB4FF49872EE
:1057F800291D04F110001AF020FE94F83C31A2464D
:10580800052B28BF0523B3460193019B0AF13C07EA
:10581800B34200F2128104F5A076324605F59A7378
:1058280005F5BA7853F8041B434542F8041BF9D12F
:105838004FF0000994F87C31CB46052B28BF05238F
:105848000193019B4B4500F26B8104F5C07632460B
:1058580005F5DA7B58F8041BD84542F8041BF9D142
:105868004FF0000894F8BC21C246052A28BF05223B
:105878000192019B434500F29C8142F64B2300268E
:105888004FF48038D5F8B411ADF80A30C4F83012A6
:10589800DBF8041002AB04F50C720393944BC4F8C4
:1058A800341206920221204603AACDE904368DF867
:1058B8000860CDF81C80FFF731FB95F8D0315BB359
:1058C800012384F8483242F63323ADF80A3002AB9C
:1058D8000393884B04F5E077122103AA2046CDE90B
:1058E8000436CDE906788DF80860FFF717FB636882
:1058F8002C22013B84F8EC31D5F8C4313146C4F888
:10590800F03138461AF0C0FD7B4B03223946204659
:10591800C4F8E031FFF7D6FB95F8D131002B4DD014
:10592800012384F8493242F622230026ADF80A30D2
:1059380002AB0393714B04F5FA77CDE904364FF4C3
:105948008033122103AA204607938DF80860069732
:10595800FFF7E4FA63682C22013B84F82032D5F87B
:10596800C8313146C4F8243238461AF08DFD644BEC
:1059780003223946C4F814322046FFF7A3FB42F647
:105988003223ADF80A3002AB03935E4B0E21049329
:105998005D4B2046059304F50A7306934FF4403394
:1059A80003AA07938DF80860FFF7B8FA6368013B0C
:1059B80084F82832D5F8CC31C4F82C322B8803AAC5
:1059C80084F844321B0A84F84532AB78022184F803
:1059D8004632EB78002584F8473242F64A23ADF880
:1059E8000A3002AB0393494B2046CDE9043504F550
:1059F800117306934FF480338DF808500793FFF71F
:105A08008DFA42F64C23ADF80A3002ABCDE90335E6
:105A18003F4B0421059304F50F7306934FF40033AD
:105A2800204603AA8DF808500793FFF777FA204617
:105A380009B0BDE8F04F08F05FBF97F8058042F65F
:105A48004D2208F01508B8F1010F38BF4FF00108D2
:105A58004FF0000902AB03932E4B0AF1100A1221F2
:105A6800ADF80A20204603AACDE90439CDF818A0DC
:105A78008DF80890ADF81C90ADF81E80FFF74EFA2F
:105A88003C2000FB064062684946013ABA7087F834
:105A980004B02C227E7010301AF0F6FC1E4B5146D2
:105AA80047F80C3C48EA48022046FFF70BFB42F651
:105AB800081202AB0393194B204603A9CDE9043918
:105AC800ADF80A208DF808900697ADF81C90ADF84F
:105AD8001E80FFF7A1FAFA78BA460BEB02030136EB
:105AE8005FFA83FB91E600BF49A901002955000030
:105AF80017A80100F1A80100D3A70100A1A901007E
:105B0800E9A70100C55500004D560000FFA7010098
:105B1800A9A80100AD540000BDA7010033A80100E9
:105B280042F64D224FF0000A777902AB17F0150FB5
:105B38000393484B08BF47F0010717F02A0F049357
:105B4800454B08BF47F002070E21ADF80A20204652
:105B580003AACDE90536ADF81E708DF808A0ADF89A
:105B68001CA0FFF7DBF9626802AB013A327142F61A
:105B780008120393394B86F803B086F80190204643
:105B880007F0150703A9CDE9043AADF80A200696EF
:105B98008DF808A0ADF81CA0ADF81E70FFF73CFA10
:105BA800B27809F101090BEB02035FFA83FB0C36AB
:105BB80047E642F64D224FF00009777902AB17F01D
:105BC800150F0393264B08BF47F0010717F02A0F5C
:105BD8000493244B08BF47F002070A21ADF80A20B6
:105BE800204603AACDE90536ADF81E708DF8089059
:105BF800ADF81C90FFF792F9626802AB013A327176
:105C080042F608120393184B86F803A086F8018021
:105C1800204607F0150703A9ADF80A200696CDE936
:105C280004398DF80890ADF81C90ADF81E70FFF798
:105C3800F3F9B27808F1010852445FFA82FA0C3697
:105C480017E60A490A4814F04BFE6FF0790009B0CC
:105C5800BDE8F08F89530000195400005BA80100CB
:105C680059520000E952000081A80100372A0200B9
:105C78001C0E02002DE9F04F3C2606FB020A06FB2B
:105C880002068BB098469DF850301746019396F857
:105C98003E30026803EB830396F83FB002EB8309BA
:105CA800019B04469B450D460AF1100A56D100296E
:105CB80042D18B46D4F84C025FFA8BF114F05AFDAE
:105CC8000646C8B101224946406817F0F8FD70B190
:105CD8003C2303FB0743326893F840305569DAF8F0
:105CE80034001D4442462946019B14F082FE316867
:105CF800D4F84C0214F051FD0BF1010BBBF1030F6A
:105D0800D8D1002D56D01C22002103A81AF0BCFBC4
:105D18003C2303FB074797F83F300020ADF81830C5
:105D2800159B03A9CDE90498079309F067F905467F
:105D380028460BB0BDE8F08F01224946284617F0E7
:105D4800BEFD002839D02946D4F84C02FFF756FA90
:105D5800074630B91A491B4814F0C2FD6FF0150503
:105D6800E6E796F8401040695B4642460144DAF897
:105D7800340014F03EFE1C22002103A81AF084FB14
:105D880096F83E30226803EB830302EB830296F811
:105D98003F3003A9ADF81830159B2846CDE90428F3
:105DA800079309F02BF939460546D4F84C0214F04C
:105DB800F4FCBDE76FF03C05BAE76FF00C05B7E7F8
:105DC800A12902001C0E02000449431E0F3013F8DB
:105DD800012F8A5C83421A70F9D17047702A020039
:105DE800F0B50746264E8DB001AD0C460FCE0FC557
:105DF8000FCE0FC596E8070085E807003846002F44
:105E080039D0002C39D0381F0246214610344B783F
:105E18000D781B0443EA0563CD7804312B4311F850
:105E2800025C8C4243EA052342F8043FEFD1042187
:105E3800144C8A07036916D1C3F30742A55C1A0EEE
:105E4800A25C42EA0562C3F30725655DDBB2E35C49
:105E580042EA054242EA032221F0030330336B444D
:105E680053F82C3C534050F8042F013153402C294F
:105E78000361DED101200DB0F0BD2046FBE700BF75
:105E8800E00F0200702A02002DE9F04F0027036896
:105E98009DB003934368DFF8B0A104938368DDE9FC
:105EA80003460593C36806930369DDE905BE0793B6
:105EB800436908938369DDE9072C0993C369984608
:105EC8000A93099B0193CD590CAB2DBA5AF8049B40
:105ED800DD514FEAF223A94483EAB213019D83EA14
:105EE80072634B4425EA020502EA0C0985EA0905B2
:105EF8002B44434486EA0B054FEA743888EAB40811
:105F0800254006EA0B0985EA090588EAB458A84439
:105F1800043703EB0E05402F4344DE46DDF80480CA
:105F280000937FD14FF0100A464B0B9351460AF16C
:105F3800010A1CAB0AF00F0703EB870757F8403C30
:105F480001F00F094FEAB34801F10E070931029336
:105F580088EAF31801F00F011CAB03EB810103EB96
:105F6800890907F00F0751F8401C03EB870759F818
:105F7800403C57F8407C1944029B4FEAF74E88EAA8
:105F8800D3088EEA774E8EEA972E414471444FEA41
:105F9800F52E0B9B05EA02088EEAB51E2CEA0507CA
:105FA8008EEA756E87EA0807774453F804EF49F8D4
:105FB800401C77440F440B930199009B39444FEAE6
:105FC800733E84EA06078EEAB30E1F4004EA060809
:105FD8008EEAB35E87EA08077744BAF1400F01EB0F
:105FE8000B0E0F44B346CDF804C023D1039B009990
:105FF8003B440360049B0B444360059B234483603C
:10600800069B3344C360079B73440361089B2B447E
:106018004361099B134483610A9B6344C3611DB0B8
:10602800BDE8F08FB346CDF804C026469446009CE0
:106038002A4648E7944626462A46009C7546009715
:1060480074E700BFB41502007815020010B50446C5
:10605800C8B17022002114F0F3FC0B4B0B4A0C4919
:10606800C4E900230B4B0C48C4E902130B4BC4E9E9
:10607800040301200A4BA36103F17453A3F523031E
:10608800A3F69243E36110BD85AE67BB67E6096A74
:1060980072F36E3C3AF54FA57F520E518C68059B02
:1060A800ABD9831F014810F04DBF00BF781602001E
:1060B80038B5044618B90F4B0F485B6898476168B4
:1060C800B1F5683F10D0B1F5680F0DD00B4DA9425E
:1060D8000AD011F46861206807D00146084819F011
:1060E8003FFC00232360656038BD14221AF0CCF908
:1060F800F9E700BFF4070020702B02002C5F5CA9B1
:106108006835002008B560B34368B3F5683F0ED022
:10611800B3F5680F18D0144A934220D000684FF0A6
:10612800FF324FF0FF330FF03FFE58B115E0012268
:106138000368D3E8EF1F002903D1C3E8E02F002844
:10614800F7D10AD1002008BD0368084A1B7803F577
:10615800807352F82330002BF4D00548F3E7054844
:10616800F1E76FF4E040EEE72C5F5CA90000035014
:10617800E98FFFFFEA8FFFFF08B520B34368B3F547
:10618800683F09D0B3F5680F13D0114A93421DD068
:1061980000680FF0CDFD14E000220368D3E8EF1F7C
:1061A800012903D1C3E8E02F0028F7D109D0094815
:1061B80008BD00210368084A1B7803F5807342F87C
:1061C80023100020F4E76FF4E040F1E70348EFE71D
:1061D8002C5F5CA9E98FFFFF00000350EA8FFFFFE7
:1061E80010B5044618B91D4B1D485B68984763688D
:1061F800B3F5683F2FD0B3F5680F2CD0194A9342F6
:1062080019D1236803BB4FF0FF324FF0FF3321460B
:1062180015480FF0A9FC08B923681BB90F4B1348A0
:106228005B6898471422002120681AF02DF94FF472
:106238006863636008E0B3F5683F0DD83A2B03D074
:1062480040F6BA629342DED1206819F0D0FB636849
:1062580043F03A03636010BD054AF3E7F4070020F2
:10626800702B02002C5F5CA968350020962B020079
:106278003A00003A08B5064940231422054819F0A7
:1062880061FBBDE808400449044810F0CDBE00BFDA
:10629800683000206835002080160200941602003D
:1062A8002DE9F84F80460C4600AF002965D0D1E9AA
:1062B8000012E9468AB0A3686D464FF0050A2E46DB
:1062C8003148C5E90723C5E9050146F810AF0023A1
:1062D80032464FF421512D48FEF78EF8D4E90312C7
:1062E800CD466369AD462A48C5E90723C5E90501D6
:1062F800C5F810A0002332464FF421512348FEF779
:106308007BF8CD46E3690121224A204814F051F870
:10631800264600254FF00A0ADFF884B0E946D6E998
:1063280008E0D6E90A138EB06A46C2F81CE005F107
:10633800010EC2E908E0A81CC2E90A01E91CC2E989
:1063480005B5C2E90C1342F810AF002345F240012D
:106358000E480435FEF750F8102DCD4606F110060C
:10636800DCD1236E01210C4A084814F022F8A369F5
:1063780001210A4A054814F01CF8214640460FF04E
:106388005FFABD46BDE8F88FC32B0200EC0E020091
:10639800F22B0200212C0200732C0200822C020036
:1063A800302C020030BFFFF7FDBF00BF114B124A6F
:1063B8002DE9F041D518013DB5FBF3F5DFF8448030
:1063C8005D430E4B074608EB0304013CB4FBF3F4B2
:1063D80003FB04540E1B304609491AF02EF87019B5
:1063E80042460021083E1AF04FF87E6704F1080083
:1063F800BDE8F0810100000000000000040000007A
:10640800A40F020008000000044B996898698842AC
:1064180003D003494FF080520A607047BC3D00200A
:1064280004ED00E070B52A4C06460D4629482A4975
:1064380014F05CFFA36ADB0647D52648274914F009
:1064480055FF1120A36A1C0704D52248244914F0DB
:106458004DFF12201E4CA36A990712D521491D48E9
:1064680014F044FF636BA26A120609D501211E4A83
:10647800184813F09EFF1EB1A36A23F08003A3629D
:106488001320134CA36ADE0704D51248174914F0E9
:106498002DFF1420A36A9C0604D50E48144914F055
:1064A80025FF15200A4B9A6AD10658BF9A6A9A6A3C
:1064B800920642BF5A6A22F400525A629A6A42F01D
:1064C800FF029A6200232B7070BD1020BAE700BF4C
:1064D80000ED00E0EC0E0200B02C0200C62C020019
:1064E800F92C02000C2D0200242D02003A2D020086
:1064F800592D020010B5244C2449254814F0F6FE05
:10650800A36A99013ED52248224914F0EFFE1E20C5
:10651800A36ADA0104D51E481F4914F0E7FE1F20BC
:10652800194CA36ADB0204D519481C4914F0DEFE95
:106538000220A36A1C0304D51548194914F0D6FE95
:106548002120114CA36A590304D51148154914F0A8
:10655800CDFE2220A36A9A0304D50D48124914F0EF
:10656800C5FE2320084CA36ADB0304D508480F495D
:1065780014F0BCFE2420A36A6FEA03436FEA1343B6
:10658800A36210BD1D20C3E700ED00E0882D0200C6
:10659800EC0E0200A02D0200B32D0200CD2D02004A
:1065A800F72D0200152E02003A2E0200542E02008A
:1065B80070B5294C06460D462848294914F096FE20
:1065C800A36AD9043CD52548264914F08FFE172024
:1065D800A36A1A0504D52148234914F087FE182018
:1065E8001D4CA36A9B0512D51C48204914F07EFE59
:1065F800A36BA26A100409D501211D4A174813F09C
:10660800D8FE1EB1A36A23F40043A3621920124CDA
:10661800A36A590504D51148164914F067FE1A20D3
:10662800A36ADA050ED50D48134914F05FFE1B2046
:10663800094A936A43F47F43936200232B7070BD29
:106648001620C5E7A36A9B04F2D504480B4914F049
:106658004DFE1C20ECE700BF00ED00E0EC0E020050
:106668007F2E0200952E0200F92C0200A62E0200B1
:10667800BF2E0200D42E0200EF2E0200592D020078
:106688002DE9F0419CB0624B0546D3F80480002602
:1066980000AFC8F3080486F31188BFF36F8F02F0C8
:1066A8007F43B3F17F4F07D102F00C03082B12D1BF
:1066B8005849594814F01AFE002635460023FB7144
:1066C800E31E092B00F28380DFE803F00A797C7669
:1066D80081818181817F10074CBF0D460126EDE73E
:1066E8004E494D4814F002FE0023494CFB71E36A01
:1066F8009A0705D54A49484814F0F8FD002432E0C5
:10670800E36A002B01DA4749F5E7E36A5B00F5D550
:106718004549414814F0EAFD6369AA6943F4807366
:106728006361BFF34F8FBFF36F8F636932F8022C39
:1067380023F480736361BFF34F8FBFF36F8F4DF600
:1067480002739A4208D0A36ADBB243B30120F91D51
:10675800FFF768FE044606E02B680121334A2E48FD
:1067680013F027FE2C68FB79ABB96822294607F19C
:10677800080019F062FE7B6A002E44D0C3F30802B9
:1067880022B96FEA53236FEA43237B62204607F15D
:106798000801FFF785FD7037BD46BDE8F081A36AA3
:1067A80013F47F4F04D00120F91DFFF701FFD1E753
:1067B800A36AB3F5803FA1D3FFF79CFECAE7002088
:1067C800F91DC5E70020F91DEFE7194993E7194AB4
:1067D80018F4F87FE8468AB0174B18BF13466A4684
:1067E8001649103CC2E905134FF400731384144B87
:1067F800D46142F8103F00234FF411510648FDF7C9
:10680800FBFDC5467AE723F4FF7323F00103BCE7D9
:1068180000ED00E0352F0200EC0E0200602F0200B0
:10682800772F0200982F0200A62F0200C52F020022
:10683800E12F02001C2F0200072F02000530020082
:1068480004000001044B5A6942F010025A615A6967
:1068580042F480625A61704700ED00E0EFF308806F
:10686800EFF3098101B57246FFF70AFF01BD00BFCA
:10687800002080F31488BFF36F8F002080F30A880C
:1068880080F30B8800F002FE00200E490860BFF379
:106898004F8F0D4880F3088800F03EF8202080F3E1
:1068A80011880A484FF40061401880F30988EFF313
:1068B80014800221084380F31488BFF36F8F00F01F
:1068C80027F9000094ED00E0B89D002078900020A2
:1068D800BFF34F8F0549064BCA6802F4E0621343C1
:1068E800CB60BFF34F8F00BFFDE700BF00ED00E0B6
:1068F8000400FA05002318460649D1F89020C2F38F
:106908000722934200DB7047C1F89830C1F8A00015
:106918000133F6E700ED00E010B572B6002484F309
:106928001388FFF7E7FF23464FF0FF300C4A03F1C7
:1069380020010133102B42F82100F8D100234FF039
:10694800FF30074A03F160010133102B42F82100A0
:10695800F8D162B6BFF34F8FBFF36F8F10BD00BF82
:1069680000E100E0084B9B6883420BD1EFF30583FD
:1069780043B1064B5A6842F080525A605A6A22F470
:1069880000425A6219F021BBBC3D002000ED00E036
:106998006FF00A01084A9368D967084998674B68F5
:1069A80043F080534B60002383F31188BFF36F8F4C
:1069B8009368D86F704700BFBC3D002000ED00E031
:1069C80025498A6882F8C1E04FF030001044EFF39F
:1069D800098C80E8F01F1EF0100F03D102F180002F
:1069E80080EC108A202080F31288BFF36F8F1B4F32
:1069F8004FF000668A698A603E604FF0740414198B
:106A08002068174C206092F9C1E0906F00239367CB
:106A180080F311881EF0100F03D00023E1EE103A26
:106A280003E002F1800090EC108AEFF3148323F066
:106A3800040383F31488BFF36F8F02F1300090E8EA
:106A4800F01F8CF3098802F1000004B514F056FC1D
:106A5800BDE8044070470000BC3D002004ED00E0A4
:106A6800843500201EF0040F0CBFEFF30880EFF30D
:106A78000980816911F8021C0229FFD001B514F0C0
:106A88002AFC01BD40B2002807DB01234109034A63
:106A980000F01F00834042F82130704700E100E019
:106AA80040B200280CDB01220649430900F01F0010
:106AB8008240203341F82320BFF34F8FBFF36F8FFD
:106AC800704700BF00E100E0054B420953F822205F
:106AD800012300F01F0003FA00F01040704700BFC8
:106AE80000E100E040B2002801F10101ACBF00F173
:106AF8006040064B4FEA4111C9B2ABBF00F5614097
:106B080000F00F0080F800131954704714ED00E0EE
:106B1800144A08B5144B22F07F029A60BFF34F8FD6
:106B2800BFF36F8FD3F8882022F47002C3F888204F
:106B3800D3F8882042F4A002C3F888204FF04042DE
:106B4800C3F83422BFF34F8FBFF36F8F0023E1EEFA
:106B5800103A0EF029FF0FF0EFFE00F0AFF80EF03C
:106B68006DFF00BF0000000000ED00E042F8203C8F
:106B7800009B0D4942F81C3C019B21F0010142F8A1
:106B8800183C029B42F8081C42F8143C4FF08073F2
:106B980042F8043C002383674FF47D43203A0265A2
:106BA800C0F8C030704700BFD12E0000114B9B6861
:106BB80083421BD1EFF30580C0B94FF02002EFF3F9
:106BC800118182F31288BFF36F8F1A7B22F00202C1
:106BD8001A73EFF3148323F0040383F31488BFF3C9
:106BE8006F8F81F31188BFF36F8F70476FF01500B7
:106BF800704700BFBC3D00200023E1EE103AEFF3E0
:106C0800148323F0040383F31488BFF36F8FBFF357
:106C18006F8F0A4B446F9860094B1C60436E83F377
:106C28000B88104681F30988002163B681F3118827
:106C3800BFF36F8F00220023FCF746F9BC3D00200C
:106C480084350020014910220A60704710ED00E0E9
:106C580072B6404080F31188BFF36F8F01B500F022
:106C680013FB00280AD0BFF34F8F30BF00BF00BF0F
:106C780000BF00BF00BF00BF00BF00BFBDE80140AC
:106C880062B6BFF36F8F704772B6494081F31188BF
:106C980001B500F0F9FA00280AD0BFF34F8F20BFE2
:106CA80000BF00BF00BF00BF00BF00BF00BF00BFE4
:106CB800BDE8014080F3118862B6704700232021A7
:106CC8000348C2180133452B82F80013F9D17047E5
:106CD80000E100E001B5EFF30580A0F110004FEAF4
:106CE800C0000449014409C99847BDE80140024968
:106CF80008470000A00A0200116400001FB5094CF3
:106D0800094A23460121094800F00AF900230393A0
:106D1800074B0121E41A01A80193029400F00AF933
:106D280004B010BD0000072000000020A4160200D7
:106D3800B00C002010B50C7A0B6804F01F0223F089
:106D48001F031A43CB68640923F01F03054943EA6C
:106D5800440343F00103C1F89800C1F89C20C1F82E
:106D6800A03010BD00ED00E0072810B508D90121BA
:106D78000346054A054813F01CFB6FF0150010BDCB
:106D8800FFF7D8FFFBE700BF1C300200CC0E020063
:106D98002DE9F04F8946144606464FF00008514D3C
:106DA80085B0C84527DAD6F804A0BAF1000F44D058
:106DB800BAF11F0F17D91AF01F0F14D1D6F800B067
:106DC8001BF01F0F0FD1584614F09CFA07460AEB28
:106DD8000B00013814F096FA874210D06FF01507AF
:106DE800414A3B4601E04346404A0121404813F0EE
:106DF800E0FA6FF01504204605B0BDE8F08F17F1F2
:106E0800160FEDD0BC42EBDDC5F89870D5F89C1094
:106E1800C5F89870D5F8A03021F01F0143F01F0B7A
:106E2800D6E900321A44994202F1FF3A1DD1D345FE
:106E380007D13146F8B214F06EFA08F101080C36A1
:106E4800AFE73146C5F89870D5F89C3022F01F029C
:106E580003F01F031343C5F89C30E0B214F05BFA4B
:106E680010F1160FC5D0441CE7E7C5F89870D5F89F
:106E7800A020013B23F01F0302F01F021343D34558
:106E88003146E0B2C5F8A030E8D014F044FA10F169
:106E9800160FAED0C5F89870D5F89C209DF808302C
:106EA8000BF1FF3B62F304038DF80830D5F8A030EE
:106EB8009DF808205B0863F347128DF80820D6E98F
:106EC80000321344009323F01F035B44A3EB0A032F
:106ED800013023F01F036946C0B20393FFF744FF54
:106EE800BEE700BF00ED00E065300200423002005E
:106EF800CC0E02000522044BC3F89420BFF34F8F39
:106F0800BFF36F8F704700BF00ED00E0BFF35F8FE6
:106F18000022024BC3F89420704700BF00ED00E048
:106F280010B5034C2278FFF733FF207010BD00BF67
:106F3800515000202DE9F74F294D8A4606464FF05B
:106F48000008AB46274FD0451BDAD6F80490B9F1B4
:106F5800000F3FD031680846019114F0D3F9019928
:106F6800044609EB0100013814F0CCF984424FF0D3
:106F780014021D4B08D002FB08F36FF015024BF802
:106F8800032003B0BDE8F08F14F1160F2C60F8D081
:106F98001978A142F5DD02FB08B0C7F89840C7F898
:106FA8009840D7F89C4000F10801007B64F3040086
:106FB8000871D7F8A0000C79400860F347140C71E9
:106FC800D7F89C1021F01F016960D7F8A01021F0B4
:106FD8001F01296108F1010814350C36B3E700BF19
:106FE8008835002000ED00E051500020F0B53A4D02
:106FF80087B02C68082C6CD80020FFF787FF374B28
:10700800374AC3F8C02084420DD1364D01A82C70F0
:10701800FDF774FC00240646334FA6420AD1FFF759
:1070280069FF002053E0696801EB0011FFF782FE59
:107038000130E8E70199200101EB0413DA683A40CE
:10704800B2F5001F22D0B2F5800F2CD0B2F5801F08
:1070580036D15A689B680958013B22F01F00034447
:107068000120844623F01F0340EA4C10CDE9022199
:107078008DF8100002A928780593FFF775FE0028FF
:1070880023DB2B78013401332B70C6E75A689B68E1
:107098000958013B22F01F0003444FF0020C012065
:1070A80023F01F03E0E75A689B680958013B22F068
:1070B8001F0003444FF0000C022023F01F03D3E706
:1070C80001210A4A0A4813F06BF96FF0150007B05E
:1070D800F0BD4FF0FF30FAE7B016020000ED00E017
:1070E800AAFF4400515000200000F0FF8830020041
:1070F800CC0E020008B5024B1B689847002008BD5B
:107108009C350020034B044A1860937843F002032F
:10711800937070479C350020FC040020F0B587B0C0
:1071280007460E4614460021102268461D4619F0EF
:10713800ABF902238DF80230054B2A4621466846F2
:10714800CDE90476019310F069F907B0F0BD00BFEE
:1071580051B3010008B5044811F04AFE404080F3DD
:1071680011884FF0020002DFB930020008B5064965
:10717800064821F00701C1F1005202F5E02212F0A1
:1071880099F8002008BD00BFE7D20020A0350020F4
:1071980000F01F0240090DD001280DD1094B03EB67
:1071A8008203D3F8002222F0E04242EA0171C3F8D8
:1071B80000127047044BF2E70023803253F8223064
:1071C800FFDE00BF002884500025845038B5012414
:1071D800134B144DC3F8004502230321C5F8D036DC
:1071E8000020FFF7D5FF20460321FFF7D1FFC5F8A0
:1071F80004472146C5F804492120C5F8004BFFF78C
:10720800C7FF21462020FFF7C3FF21460B20FFF7C9
:10721800BFFF21460A20FFF7BBFF002038BD00BF93
:10722800001000500040005007B50DF1070017F09E
:10723800BBFB114B98421CD14FF480620F4B104995
:10724800C3F8B8254FF40062C3F83C259DF8070041
:1072580017F096FB0B499DF8070017F08CFB0120EF
:107268009DF8073098400CF015FA002003B05DF83F
:1072780004FB6FF00B00F9E70000AD0B00A0025013
:107288002CA0025028A10250052370B5144D154EAC
:107298002C780134B4FBF3F303EB8303E41A17F0FF
:1072A80058FB114A137823B156F82430C01A07281E
:1072B80014D94FF05023D3F8141141B10021C3F869
:1072C8001411D3F814312C700CB9012313702C78D5
:1072D80017F03FFB46F82400012070BD0020FCE7B2
:1072E80053500020AC3500205250002048B1054BC7
:1072F800054A1B68B3FBF2F35843044B43F0010300
:10730800184770472C07002040420F0080100200E9
:1073180070B5049CC4F3072630460BF0DFFEE5B2D7
:107328000146284617F038FB00220120074BA40B22
:1073380004F0FC041A51A8400CF0B2F930460CF0E5
:1073480001F82846BDE870400CF09EBA80A00250B3
:1073580073B501A80CF092FA264B984247D10BF06E
:10736800D3FF041E0ADA9DF804000CF08DFA0121FF
:107378002346214A214813F01CF835E040F607035C
:107388001F4D8DF80540AE68ADF806307468019B56
:1073980014B96FF05704EAE708212846194AA047AC
:1073A800041EE4DB3369002BF3D0012208212846B0
:1073B8009847041EDBDB01209DF8043098400CF050
:1073C80069F99DF805009DF804509DF8076017F0CD
:1073D800ABFA0146284617F0D3FA0B4BB60045F036
:1073E80000459D51002CC2D1204602B070BD6FF0FF
:1073F8001204BCE70000AD0BDB3002000C0F0200EA
:107408003C0A02001574000080A102502DE9F341E6
:10741800144683681B690BB100229847C4F30726FA
:1074280030460BF063FE0546304617F07DFA4FF004
:107438000008E7B20146384617F0B2FA104B220EA0
:10744800920043F8028030460BF048FE0D4A4FEA9E
:10745800943C0CF0FC0C47F0004342F80C30014619
:10746800384617F088FA084B05F132020093304687
:1074780043460194520017F060FA02B0BDE8F0816B
:1074880080A1025080A00250197300000BF0DABFEF
:107498001022174B70B5C3F840244FF47F03D3F87C
:1074A8003021D3F83431072A1BD1023B032B02D8F1
:1074B800104AD35CABB14FF05024012600250520BB
:1074C800C4F81866C4F8145617F053FA3046C4F8CE
:1074D800146617F04EFAC4F81456C4F8185600206B
:1074E80070BD4FF050230022C3F81426F7E700BF01
:1074F800003000500C3102000E4B402928BF4021BB
:1075080070B51D460C4C4618B04203F1020304D175
:10751800002305F81130074870BD02781209A25CF3
:1075280003F8022C10F8012B02F00F02A25C03F8FA
:10753800012CE9E7725000208831020030B5037849
:107548008BB0044607AD032B21D8DFE803F0021AFD
:107558001C1E12492846F9F78BFB059563781E21F6
:107568000493A3780E4A0393E3780E480293237991
:10757800019363790093A3790FF024FE09480BB0B7
:1075880030BD0949E6E70949E4E70949E2E70A2184
:107598002846084A0FF016FEDFE700BF4331020015
:1075A80065310200545000204A3102005131020076
:1075B8005B310200334F0200F7B5054616461F46F9
:1075C8001E4CD4E8AF3FDA071DD538B901211C4A53
:1075D8001C4812F0E5FE6FF0010015E001A912F059
:1075E800CDFF19490246284618F079FF0028F2D144
:1075F800D4E8AF3FC3F3C0051B0707D50221134AE0
:10760800104812F0CDFE002003B0F0BDD03C0E2291
:1076180021463846B04706280BD801210C4A0948AC
:1076280012F0BEFE0E222946204618F02DFFA57343
:10763800E9E70723B0FBF3F0A073E4E7D0000020EC
:10764800A03102004C0E020058310200C131020084
:10765800E53102002DE9F04188B0DDF838809C79E9
:107668005D791E79DF7893F802C093F801E01B7802
:10767800B8F1000F0ED0CDE90638CDE904CE134697
:10768800CDE90267CDE90045084A0FF09BFD08B037
:10769800BDE8F081CDE905E3CDE9037C1346CDE9EA
:1076A8000156034A00940FF08DFDF0E70A320200FC
:1076B8002E32020010B5FDF7F3FA044628B1012175
:1076C8000346034A034812F074FE204610BD00BF6B
:1076D8004F3202004C0E020070B504461E46154695
:1076E8008CB0A2B129B10A4602A8042111F005FB09
:1076F80002A900912B462246242103A8FFF7AAFFDE
:107708003146109A03A8FDF765F90CB070BD034621
:107718002421044A03A80FF055FD0028F0DA6FF081
:107728001500F2E77432020007B50B4B0B489A7B41
:10773800C2EBC202009200221146FFF7CDFF0346BA
:1077480038B10121064A074803B05DF804EB12F08E
:1077580030BE03B05DF804FB000000205831020081
:107768007A3202004C0E020030B5044615468DB040
:1077780092B129B10A4602A8042111F0BEFA02A961
:1077880000912B462246242103A8FFF763FF03A894
:1077980012F0CCFE0DB030BD03462421044A03A8E4
:1077A8000FF010FD0028F2DA6FF01500F2E700BFC5
:1077B8007432020007B5009313460A46014603488F
:1077C800FFF78AFF03B05DF804FB00BFAB4C020073
:1077D8000A4601460148FFF7C7BF00BFAB4C02008D
:1077E80007B5009313460A4601460348FFF774FF9E
:1077F80003B05DF804FB00BFA54C020007B5009379
:1078080013460A4601460348FFF766FF03B05DF8D2
:1078180004FB00BF8A4B020007B500220346009113
:1078280003481146FFF758FF03B05DF804FB00BF9B
:107838001F4B020008B502480EF086FC002008BD68
:107848000C050020F8B5194DD5E8AF3F13F0010F2E
:107858002E4628D015F8C23CA5F1D0078BB901F007
:10786800A5FD044630B10121114A124812F098FDD5
:107878002046F8BDBB7B23B901F0F2FD0446002881
:10788800F1D1D5E8AF3F5A0701D401F071FAD6E833
:10789800EF3F23F48032C6E8E12F0029F7D1DB035C
:1078A80001D5FFF7C7FF0024E2E700BFD0000020A2
:1078B800953202004C0E020007B5009313460A46A3
:1078C80001460348FFF708FF03B05DF804FB00BF5B
:1078D800495102000A4601460148FFF745BF00BF6B
:1078E8004951020030B50024094D0A4B85B028469D
:1078F8000293039418F0F9F902AB284600934FF469
:10790800A3620A2304490EF025FC204605B030BDC9
:1079180090170020C8320200506C00200146014830
:107928000EF08EBC90170020014601480EF0B8BC3E
:1079380090170020037830B5012B13D0022B27D0E5
:107948007BB90A46184B03F1100453F8045BA342B1
:1079580042F8045BF9D11B78137043884B731B0AF8
:107968008B7330BD0A46104B03F1100453F8045BC7
:10797800A34242F8045BF9D11B7813704368C3F340
:1079880007224B731B0CCB731B0A8A730B74E8E733
:1079980000F1100350F8042B984241F8042BF9D158
:1079A80003780B70DDE700BFD1320200012838B53B
:1079B80005460CBF0648074816F055FC044620B19A
:1079C80001210C3016F0B7FC2576204638BD00BFE3
:1079D800FC0B00204C0B00200246002070B50B4623
:1079E8000A49D1E8EF4FC1E8E50F002DF9D124B9D4
:1079F800BDE870400120FFF7D9BF01212082217620
:107A080004F10C0016F097FC204670BD40010020E0
:107A180070B504460F2C0D461046194605D80D2C96
:107A28000DD9BDE87040FFF7D7BF132C07D10C481C
:107A380016F019FC044638B90024204670BD0246E9
:107A48000B4645B10748F3E701210C3016F073FCEB
:107A580001232376F1E70120BDE87040FFF7A6BFB8
:107A6800800C0020D00B0020C36802211B78024A3A
:107A7800024813F066BD00BFEA320200040E02009D
:107A880038B5C368B3F801401B7893B90F21204675
:107A980003F04EF8054668B96FEA045003236FEA0D
:107AA8001050084A32F8021B09B922F8020C013BAF
:107AB800F8D138BD012102F02FFF2846BDE8384033
:107AC80014F092B9FC3F00202DE9F041C5682E78EA
:107AD800CEB9B5F801700F21384603F029F80446ED
:107AE80038B93B46BDE8F0410121084A084813F07F
:107AF80028BDEB783146037302F00EFF2046BDE83F
:107B0800F04114F071B9BDE8F08100BF12330200F2
:107B1800040E020010B5C3680121B3F801402046E5
:107B280003F006F838B92346BDE810400121044A9D
:107B3800044813F006BDBDE8104014F055B900BF65
:107B480038330200040E020010B5C36801211C88F6
:107B5800204602F0EDFF38B92346BDE81040012168
:107B6800034A044813F0EDBCBDE8104014F03CB9DA
:107B780038330200040E0200012110B50C3016F053
:107B880024FCBDE8104003780121024A024813F0A2
:107B9800D8BC00BF5C330200040E0200014610B5D9
:107BA800084816F067FB0849084818F071F8031EE2
:107BB80006DABDE810400121054A064813F0C1BCA9
:107BC80010BD00BF4401002080050020401900209E
:107BD8007E330200040E02000121024A024813F01B
:107BE800A3BC00BF9B330200040E020070B5C56839
:107BF8000121B5F80160304602F09AFF044638B911
:107C08003346BDE8704001210B4A0C4813F099BC7B
:107C18002B783BB9D5F80330C0F8AD30D5F807302C
:107C2800C0F8B130201D4FF4805113F07FFC20467E
:107C3800BDE8704014F0D8B838330200040E0200D2
:107C48000B46B0B50D8A00AF04462946D868FFF741
:107C580053FC8AB06A46094BC2E90750C2E90534A9
:107C680040F202439384064B42F8103F00234FF43E
:107C780032510448FCF7C0FBBD46B0BDB533020025
:107C880005000001040E020037B502EBC30393425E
:107C980004D103B0BDE83040FFF7D2BF144614F852
:107CA800085B854211D10B8A54789C4207D901217F
:107CB8000090074A074812F086FB03B030BD08461B
:107CC800536803B0BDE8304018472246DFE700BFDD
:107CD800D7330200040E020010B5012104460C300F
:107CE80016F073FB2146BDE810400C23014A0078CA
:107CF800FFF7CABF7017020073B53D4816F0D0FAF7
:107D08000446002871D0017E012945D0032969D194
:107D1800038A032B02D8374A012141E004210C30A1
:107D280016F053FBFF23428806886376238AC6F33E
:107D38000B009A42608309D0012100922E482F4AF5
:107D480012F041FB204609F0CDFA12E00F2102F0B3
:107D5800EFFE054610B9638B294ADDE702F028FFDC
:107D680021466076320B284602F0A4FC284614F01F
:107D78003BF8244BD3F84431002B36D02249234812
:107D880017F086FF031E30DA0121214A1A4802B093
:107D9800BDE8704013F0D5BB038A012B04D81D4AF7
:107DA800154813F0CEFBCDE702210C3016F00DFB81
:107DB8000546007813F08DFB83070CD440F69B230F
:107DC800154A1649164811F0B6FB404080F3118851
:107DD8004FF0030002DF06232146124A2878FFF7F6
:107DE80053FFAFE70B46104A96E702B070BD00BFDD
:107DF80044010020F9330200040E02001A34020084
:107E08003E340200000000208005002040190020B8
:107E18007E330200603402007C340200B034020079
:107E2800DE34020040170200FB3402002DE9F04363
:107E380083B0064602AF907A8846144609F0A8F93E
:107E48003D4D85421AD0A47AE846204609F0A0F9AB
:107E58008AB002AA394BC2E90740C2E905360623AF
:107E6800556242F8103F00234FF442513448FCF762
:107E7800C3FAC5460437BD46BDE8F083204609F07D
:107E88008FF94FF00C092F4D09FB00504388B3427E
:107E98000DD0204609F084F909FB005043880221DF
:107EA8000093294A3346264812F08DFAE2E7274E16
:107EB800D6F8400120B109F015FA0023C6F8403180
:107EC800204609F06DF90C2606FB00504368ABB15B
:107ED800B8F1000F12D1204609F062F9012106FB22
:107EE80000504268D2E90003127A03F01F06B1403D
:107EF8005B09DAB100EB830013F018FB204609F0A8
:107F08004FF90C2606FB00508368002BB2D02046A0
:107F180009F046F9704305F80080204609F040F959
:107F280006FB0055A8680DF0EDFFA3E7C94300EB79
:107F3800830013F014FBE1E7540C00200F35020016
:107F4800040E0200C0350020443502000000002065
:107F580038B5042104460C3016F037FA4578017814
:107F680022464088FFF762FF25B1BDE83840024845
:107F78000DF0C8BF38BD00BF2801002070B503212F
:107F880004460C3016F021FA40F635420578B0F870
:107F98000100E36890421B7806D1BDE870400221D9
:107FA800074A084813F0CDBA22461946FFF73EFFA4
:107FB80025B1BDE8704004480DF0A4BF70BD00BFF6
:107FC80077350200040E0200280100202DE9F84F41
:107FD8000123D0F80C80018A98F8004000AF03EB29
:107FE80084038B427DD96D468AB06A46C2E907315F
:107FF80005233E48C2E9050442F8103F00234FF428
:1080080021513B48FCF7F8F9AD46BD46BDE8F88F6D
:108018005B460121374A364813F093FA013598F840
:1080280000309D42F1DA08EB8503B3F801B00F2167
:108038005846B3F8036002F07BFD04460028E7D0F9
:1080480000F1280B16B34FF02003EFF3118283F3EE
:108058001288BFF36F8FE3696BB1013BE36182F371
:108068001188BFF36F8F204602F0EAFA013E0DF047
:1080780049FFB6B2E6E7636963B982F31188BFF3D3
:108088006F8F012152461A4813F04EFA204613F01A
:10809800ABFEC3E7A16918688B42606108BFA061A5
:1080A80082F31188BFF36F8F4FF02002EFF3118135
:1080B80082F31288BFF36F8FDA68E261C3F80C901D
:1080C800C3F80090626A4AB9C4E9083381F3118899
:1080D800BFF36F8F58460EF037F8C4E7136063623A
:1080E800F4E70025DFF810A0A94698E7AD350200AF
:1080F800040E0200D7350200F335020073B5C568D7
:108108000121B5F80160304602F012FD044640B97D
:1081180033460121284A294802B0BDE8704013F0CF
:1081280010BA2B78061D1A2B19D1C378012B2AD126
:108138004FF48061304613F0F9F942050FD4D4F8B2
:10814800A03069460093D4F8A8302046019314F073
:1081580051FA204602B0BDE8704013F045BE2B78B6
:108168008BB9B5F80330A4F89E30B5F80530A4F8FB
:10817800A430B5F80730A4F8A6306FF48071304603
:1081880013F0EDF914E0D6E8AF3FDB05F5D52B7811
:10819800202BF2D194F8AC30002BEED0013B84F8C0
:1081A800AC304FF42032002304F158000EF072F87E
:1081B800204602F01FFDCCE738330200040E02000F
:1081C80010B5C1E900239DF808300C460B7208F081
:1081D800E7FF0C22024B02FB00335C6010BD00BFBE
:1081E800C03500202DE9F0474FF0FF324FF0FF3344
:1081F800064617480F4616F036F84FF000080446B2
:1082080000F10C0A0121504616F095F8204684F832
:10821800188008F0C5FF4FF00C090E4D09FB0050FF
:108228004680204608F0BCFF09FB0050C0F80880D3
:10823800204608F0B5FF09FB005503215046C5F854
:10824800048016F07CF8068087702046BDE8F08729
:10825800540C0020C03500202DE9F0410746154692
:108268000C4688B021B9FFF7BDFF0446002854D05A
:1082780002AE01220021304617F057FC204608F0D4
:108288008FFF0C23DFF8BC8003FB0080866020464C
:1082980016F01FF80146244816F019F84FF4A022EA
:1082A800304600230DF054FE064688B140F24B13C9
:1082B8001E4A1F491F4811F03EF9324639461E48EA
:1082C80011F039F9404080F311884FF0030002DFC4
:1082D800204608F065FF0C23584318F80060A6B143
:1082E80002213B46154A1648009612F06CF82046C3
:1082F80008F0F8FF092E13D00D2E0CBF6FF00B00FD
:108308006FF0040008B0BDE8F08115B12C600020C2
:10831800F8E7204608F0E6FFF9E76FF06800F1E7B4
:108328006FF06E00EEE700BF4C0100207C340200C5
:108338000A360200DE340200133602003F3602001D
:10834800040E0200C035002073B506460D4642F201
:108358002F00002101AAFFF77FFF044638B1012151
:10836800084A094813F0E0F8204602B070BD0198A9
:10837800C368B3F801203280B3F803302B8008F0CB
:10838800B1FFF1E75B360200040E0200F7B5144BAB
:10839800054693F995300C46002B1DDA14B9204692
:1083A80003B0F0BD082C4FF0000142F2180001AAFA
:1083B800264628BF0826FFF74FFF0028F0D1019F67
:1083C8003246F9682846013118F037F8384608F07F
:1083D80089FF3544A41BE1E76FF08500E0E700BFA3
:1083E800000000202DE9F04788B08E4BB0F80190CE
:1083F800198849F470429142054602AF1BD059884A
:1084080091421AD09988914219D1022200214FF045
:10841800010A23F8121000F0DFFE2C7894B13C2CEE
:1084280005D023460221804A804813F08AF818377D
:10843800BD46BDE8F0870022E8E70122E6E74FF0F5
:10844800000AE8E7EB7805F10408012B08BF784B30
:10845800404608BF93F8694013F037F8414648B3DF
:1084680007F1100013F026F805F1110107F10900D2
:1084780013F070F801233B72EB78012B28D04046AB
:10848800FFF75CF86C4688B002AA6A4BC2E905306F
:108498004FF400739383684B42F8103F00234FF466
:1084A800E2516248FBF7A8FF1321A546484613F09E
:1084B8006FF8BCE7204613F0EDF9014607F110000C
:1084C80013F041F8414607F1080013F03CF8D3E7F0
:1084D800574E052296F8690007F1100102F0DAFC00
:1084E800044640B90422554996F8690002F0D2FCC6
:1084F80004460028C3D020460022B5F8013007F111
:10850800100120F8883B13F01EF8B5F81730A4F8CE
:108518009E30B5F81930A4F8A430B5F81B30A4F88B
:10852800A630EB782273012BE37011D107F1080113
:1085380004F18F0013F007F805F10B0104F197001F
:1085480013F008F8D6F8E4305B0601D501F09AFB81
:108558000721204602F0E0F9BAF1000F03D001210B
:10856800204602F0D9F9204613F074FC637B072BF0
:1085780051D1231DD3E8AF3FDD0420D4E3781BB1EC
:1085880096F8D83018071AD5022142F21600FFF7DC
:1085980029FE0546002842D002210C3015F0CFFEF6
:1085A800238800220380294642F21600FFF754FE72
:1085B800034620B10121224A1C4812F0C2FF96F856
:1085C800D930D9070DD5022300211A46204600913B
:1085D80013F017F8034620B101211A4A134812F084
:1085E800B0FF96F8D8309A0615D5D6F864319B684E
:1085F8009B0710D5B91D381DFFF7A6FE58B92046B0
:10860800FA88B98812F0DFFF034620B101210E4A2B
:10861800064812F096FF204613F0E6FB07E76FF0D6
:108628006803C7E7FC3F00207B360200040E020007
:1086380000000020943602000300000129310200E6
:10864800B0360200D1360200E836020070B4C178B4
:10865800012923D103780BBB124A92F8D930DB06E3
:108668001CD592F824301BB192F84330A3B90B46BD
:10867800C3EB431125315C01114400F11C0550F88E
:10868800046BA84241F8046BF9D1E41A012300886D
:108698002244088082F8243070BC704770BCFFF711
:1086A800A1BE00BF0000002000B5C16889B00B78EA
:1086B80001A88DF80030B1F801300431ADF801306F
:1086C80011F8013C8DF80330B1F80730ADF81730D8
:1086D800B1F80930ADF81930B1F80B30ADF81B30EE
:1086E8004B7B8DF81D3012F02EFF07490DF10B0062
:1086F80012F030FF0DF1110012F02CFF6846FFF761
:10870800A5FF09B05DF804FB3D31020029289ABF96
:10871800014B185C092070477039020070B5C368B6
:108728000F21B3F801601D78304602F001FA0446C3
:1087380038B93346BDE870400121174A174812F08E
:1087480000BF65B12846FFF7E1FF294602462046EB
:1087580002F0F8FA2046BDE8704013F045BB867871
:10876800012EEFD108F02EFA204612F0C4FE0028A0
:10877800E8D10520FFF7CAFF05210246204602F08E
:10878800E1FA3146064A054812F0CEFE0521204698
:1087980013F069FBDEE700BF12330200040E02008B
:1087A800043702002DE9F041C6680F21B6F80170C0
:1087B8003578384602F0BCF9044638B93B46BDE87E
:1087C800F04101211B4A1C4812F0BBBE65B1284686
:1087D800FFF79CFF29460246204602F0B3FA2046DE
:1087E800BDE8F04113F000BB8278F378012AC37228
:1087F80005D00020FFF78AFF00210246ECE70BB105
:1088080008F0E0F9204612F076FE0028F1D10520A4
:10881800FFF77CFF05210246204602F093FA01216A
:10882800064A054812F080FE0521204613F01BFB7E
:10883800D5E700BF12330200040E0200043702001D
:10884800024BD3F864315B69184700BF0000002071
:1088580038B505460C4619B9FFF7C4FC0446C8B13B
:1088680040F635439D420FD12046FFF7E9FF054604
:1088780040B1034601210948094A12F062FE204628
:1088880008F030FD284638BD2146064815F01FFD82
:108898000025F7E76FF06805F4E700BF040E020053
:1088A8002A3702004C0100202DE9F0410446458B8F
:1088B800477E807A08F06CFC6169064649B1637AA4
:1088C800DA0704D4436A20461B689B68984700234C
:1088D80063612146304617F01AF9244B93F8843027
:1088E8009B0641D5384602F0C3FC044638B93B46DE
:1088F800BDE8F04102211E4A1E4812F022BE437B09
:10890800073B012B09D91B4802211B4A12F00CFE18
:108918002046BDE8F04113F067BA13F065FA052167
:1089280040F63540FFF75EFC044630B9BDE8F0413B
:108938000121124A0F4812F0F7BD00F10C0701217E
:10894800384615F0FCFC012604210670384615F05F
:10895800F6FC002305808670C3702146BDE8F0410F
:1089680040F63540FFF774BFBDE8F08100000020F5
:108978004C370200040E020075370200A1370200CE
:10898800F0B5C56801212F8887B0BCB2204602F037
:10899800CFF8064640B923460121264A264807B0A3
:1089A800BDE8F04012F0CDBD02ACD5F80220D5F8F4
:1089B800063001946989009115F058FA40B31221E4
:1089C80042F21A00FFF70EFC054648B901211B4A7E
:1089D800194812F0A9FD304613F006FA07B0F0BDA9
:1089E80012210C3015F0ABFC0346224623F8027B1B
:1089F80006AF144603CCBC4218605960224603F106
:108A08000803F6D1294642F21A00FFF721FFE2E7F0
:108A1800022142F21B00FFF7E5FB04460028D5D0EF
:108A280002210C3015F08BFC2146078042F21B0016
:108A3800EBE700BF38330200040E0200C43702001F
:108A480073B5C368D9789A781E8842EA0122ADF8CE
:108A5800002059791A79B4B242EA0122ADF802200D
:108A6800D9799A79204642EA0122ADF804201A7A87
:108A78005B7A012142EA0323ADF8063002F058F888
:108A8800054658B901211C4823461C4A12F059FDD5
:108A98000221204612F001FE02B070BD694602F0C4
:108AA800E9F838B91E21204612F0F7FD284613F0E0
:108AB8009BF9F1E70E2142F22000FFF793FB0446F1
:108AC8000028F3D00E210C3015F039FC0023068065
:108AD800C0F80A30BDF8003021464380BDF80230A6
:108AE8008380BDF80430C380BDF80630038142F2AC
:108AF8002000FFF7ADFED9E7040E0200383302006C
:108B08002DE9F84F484FDFF84C8107F11409FB684D
:108B180048466FF39433FB6001F0ACFE451C4FF000
:108B2800FF324FF0FF3329463F480EF00BF960B192
:108B380040F6183342463D493D4810F0FCFC4040A1
:108B480080F311884FF0030002DF374EDFF8F4B0EE
:108B580015B90DF03DFEDAE7F368C3F38633022B4F
:108B680051D9042B59D1337B002B4FD1002200233C
:108B7800304815F07DFB044660B940F6AA2342460A
:108B88002D492B4810F0D7FC404080F311884FF056
:108B9800030002DFDFF8C0A04FF0FF324FF0FF33D1
:108BA80026480DF0D5F9DAF840215AB1244A0121B6
:108BB800244812F0B9FCDAF8400108F093FB0022CF
:108BC800CAF84021204615F084FBCAF84001204627
:108BD800FFF736FE0346B0B101211B4A194812F0CF
:108BE800B0FC16480DF08EF9204608F0D9FA0C2290
:108BF800164B1F2102FB003022464088FFF716F96A
:108C0800204608F06FFB1436013DA1E7012BFAD18D
:108C18003069383802F074FAF5E7022158460C4AF0
:108C280012F08FFCEFE700BF1C0500200A36020097
:108C3800DE3402004C01002074510200280100209B
:108C4800DB370200040E02002A370200C03500207C
:108C5800F63702007C340200000000202DE9F041C4
:108C6800044600F10C06304615F0BFFBB4F810803E
:108C78000546B8F1010F0AD843460121184A194898
:108C880012F05FFC2046BDE8F04108F02BBB3046EF
:108C9800022115F09AFB0746007812F01AFCC20769
:108CA80006460CD440F6CA630F4A1049104810F023
:108CB80042FC404080F311884FF0030002DF052397
:108CC80021460C4A3878FEF7DFFFB307DAD5636927
:108CD800A4F8108013FA85F5E560BDE8F08100BFBF
:108CE80060340200040E02007C34020017380200CF
:108CF800DE3402001817020038B5037E0446012B43
:108D080005D0032B11D1FEF749FF002038BDC368F9
:108D1800187812F0DEFBC207054602D52046FFF799
:108D28009DFFAB07F1D52046EDE70121044A054830
:108D380012F007FC204608F0D5FA6FF01500E5E7B9
:108D480030380200040E0200084A0346D2F86401D3
:108D580030B9D96839B1596929B1C2F86431704755
:108D68006FF0770070476FF0150070470000002023
:108D78000421014812F0DABBD000002010B5F7F743
:108D880087FF034B1B6813B1BDE81040184710BD9F
:108D98003836002070B5364D0646D5F8643188B0AF
:108DA8004BB90121334A344812F0BEFB6FF012046C
:108DB800204608B070BD6FF0020105F1D00012F036
:108DC800CEFB012112F0B2FBC3074ED4FEF772FCB2
:108DD80004460028ECD1294B1E60012205F5947049
:108DE800114616F0A2FE05F5A67016F079FE0022CF
:108DF8000023CDE906236FF008034FF48062CDE924
:108E08000243CDE900441E4B1E4904941E480CF051
:108E180017FF1E491C4816F0CFFD1D4816F065FFC8
:108E28006FF0070340F698021A49194800940DF0AC
:108E380091F91949164816F0BFFDD5F86431DB6879
:108E48009847044630B103460121144A0A4812F0F3
:108E580078FBADE726B908B0BDE87040F7F718BF52
:108E680005F1C0000DF070F9A2E76FF077049FE7F5
:108E7800000000202F390200040E020038360020BE
:108E8800098B00006871002078180020483902001A
:108E980040190020687500204E390200543902003C
:108EA8000048704746200200F8B506460024094DE0
:108EB800AF7BE3B29F4202D86FF0010007E029467A
:108EC800304612F014FC0735631C08B12046F8BD83
:108ED8001C46EEE70000002037B504460D46B9B140
:108EE8002846164912F003FC90B929461448C4EBE9
:108EF800C404204412F00AFC124812F0F5FB4307A0
:108F080003D5FEF797FC12F077FA002003B030BDC6
:108F1800684612F0C1FA0028F8D16846FFF7C4FF86
:108F28000028F5DA064BC4EBC4006946184412F071
:108F3800EDFB002DE0D001462846DBE7303102008A
:108F480000000020D0000020064BD3E8EFCF4CF4FF
:108F5800004CC3E8E2CF002AF7D1037A1943017223
:108F6800704700BFD00000202DE9F34100210446DE
:108F78000622084601F08EFF054648B12046022128
:108F8800FFF7E2FF284602B0BDE8F04112F02CBF1F
:108F98008DF807000DF10701324800F045FE9DF8F5
:108FA800075035B102212046FFF7CEFF02B0BDE8D9
:108FB800F08129462C4800F037FE284612F0EAFBDB
:108FC8002A4D064690B101210346294A294811F045
:108FD800F0F995F8213113B1012012F0DBFB0021E3
:108FE800254802B0BDE8F04100F01EBE95F82131D9
:108FF80095F820219A420CD2013B85F82131237A39
:10900800024623F0040302201C49237207F0B6FE2F
:10901800DFE7072142F22800FFF7E4F804F101082E
:10902800074628B90121164A124812F068FBD0E712
:1090380007210C3015F083F9414612F067FB3246E0
:10904800394642F22800FFF707F90028EAD195F8D7
:109058002131013B85F82131237A23F0040323725F
:10906800B7E700BF7DB801004DB80100000000203F
:10907800DF3902002C0E0200CDB7010087B70100CE
:109088000C3A0200F7B5002104460622084601F012
:1090980001FF054648B120460121FFF755FF284644
:1090A80003B0BDE8F04012F09FBE8DF8000069469D
:1090B8003E4800F0B9FD9DF800602EB10121204620
:1090C800FFF742FF03B0F0BD394D3146394800F093
:1090D800ABFD95F821314BB1304612F05BFB28B15E
:1090E800354A0221354812F00AFB1DE095F8212186
:1090F80095F820319A4221D10221314A2F4812F0A5
:10910800FEFA002242F229001146FFF7A5F810B135
:109118002C4A0121E6E795F82131013385F8213100
:10912800237A43F004032372012012F033FB002159
:10913800254803B0BDE8F04000F076BD2246671C24
:10914800394612F82A0B12F0E8FA064608B11F4A07
:10915800DFE795F82131013385F82131237A43F08F
:109168000403237295F8A1305B0701D4184AB8E7C5
:109178003946684612F0CAFA0123082142F24E0025
:109188008DF80730FFF72EF8044660B108226946CB
:109198000C3015F0DAF83246214642F24E00FFF75D
:1091A8005BF80028C0D00B4AB3E700BF7DB80100C8
:1091B800000000204DB80100313A02002C0E0200D8
:1091C800563A0200873A0200CDB70100A73A0200DA
:1091D800C73A0200F13A0200084BD3E8EF2F22F415
:1091E8000041C3E8E01F0028F7D1130404D500228A
:1091F8000220034907F0C2BD704700BFD00000201D
:109208007FB90100002307B50549CDE900036A4687
:10921800022007F0B3FD019803B05DF804FB00BF1E
:10922800F7B70100034610B470B10B4991F820411B
:1092380091F821210CB1944209D2013281F82121FF
:109248001A7A42F004021A725DF8044B70475DF80E
:10925800044BFFF717BF00BF00000020034610B4FF
:10926800A0B10C4C94F8201194F8212131B10131AE
:109278008A4204DC5DF8044BFFF776BE12B1013A6E
:1092880084F821211A7A22F004021A725DF8044B3C
:10929800704700BF0000002070B50D460446C0B1FD
:1092A800204912F024FAA0B92378012B04D1A3791C
:1092B80003F0C003C02B07D001211B4A1B4812F042
:1092C8001EFA6FF0150070BD2046FFF7EDFD00286F
:1092D80021DA002DF5D1164DAB7B022B1ED005F1FE
:1092E800D00012F001FAC30707D4002CE9D02046B9
:1092F8000C4912F0FCF90028E3D1AE7B2146731C1F
:109308003046AB73FFF7E8FD08B93046DBE7AB7BC7
:10931800013BAB73D7E76FF07700D4E76FF00B0032
:10932800D1E700BF303102000C3B02002C0E0200D6
:1093380000000020F7B5044638B9174A022117483B
:1093480012F0DDF9002003B0F0BD002141F2090060
:1093580001AAFEF781FF064608B1114AEEE7019F10
:109368000622FD680F490135284617F0A8F828B1EC
:10937800062228460C4917F0A2F818B9384607F013
:10938800B1FFDFE72946601C12F0BBF938462670AA
:1093980007F0A8FF0120D6E73A3B02002C0E020096
:1093A800533B02003D3102003731020007B56846E1
:1093B800FFF7C0FF044B987318B169460020FFF708
:1093C8008BFD03B05DF804FB00000020F7B51F4BD0
:1093D800054693F8BC300E46DB0708D41C4A022128
:1093E8001C4812F08CF90024204603B0F0BD00217F
:1093F8004FF6094001AAFEF72FFF034608B1164AA7
:10940800EDE701981627C26854780232B44228BFA3
:1094180034469C4209DC07F065FF002CE4D10221A8
:109428000E4A0C4812F06BF9DEE7114607FB0356AB
:1094380002F1140C51F804EB614546F804EBF9D13C
:109448000988013331801632E3E700BF00000020AD
:10945800713B02002C0E02009D3B0200BD3B020046
:1094680070B5154D8EB0AC7B2CB9022103A8FFF75F
:10947800ADFFA873C0B9002108460EB0BDE8704022
:10948800FFF70ABF03AB06FB02310DF1050012F02E
:1094980038F90123104601A98DF80430FFF71CFDA7
:1094A800013410B10EB070BD1626AB7BE2B2934208
:1094B800E8D80020F6E700BF000000202DE9F041C1
:1094C80090460E461D46024650B14BB13103047812
:1094D80010D5730708D501212A4A2B4812F00FF935
:1094E8006FF01500BDE8F08112F024FA0028F9D1D8
:1094F800012341E0F70730D5244FB8F1000F13D00E
:10950800B0060AD4C4EBC403FB5C012B13D02B7048
:10951800B20620D543F002030BE097F8D83059067D
:10952800F0D46FF08500DDE7C4EBC403FB5C012BCE
:1095380001D02B700FE0072101FB047110460131A7
:1095480012F0B5F90028CDD1C4EBC4043B5D2B70F3
:10955800B8F1000FDCD10020C4E773070ED50B4E1D
:10956800C4EBC407F35D012BE3D1072111FB0431E0
:10957800314412F09CF9F35D2B70B3E712F0DAF97D
:10958800B6E700BFE63B02002C0E020000000020F8
:109598002DE9F04F9846002314461D468FB00390DE
:1095A8000191161D002256F8330007E054F83310D5
:1095B80001EBC2014978013202310D449042F5D1E4
:1095C80001339845EED1039BFB2D03F1100008D918
:1095D800072112F0F1F90546002878D06FF00A004B
:1095E8009FE00C2112F0E8F910B91F2D28BF1F25A4
:1095F80005F1040901985FFA89F1FEF7F3FD0746C2
:10960800002800F01D8149460C3014F098FE4A46A7
:109618000646002116F038FF04EBC8034FF0000897
:1096280006F1040B02930023D4F800A06268934269
:1096380014D3029B0834A342F5D1039B86F8038018
:109648005B78002233700323394673700123019835
:10965800B3700FB0BDE8F04FFEF7FEBD9AF80120D9
:1096680008F1020081188D429AF800C013D2BCF1AB
:10967800090FA5EB000201D1002A0ADC724801217A
:10968800724A10F08DFE384607F02CFE6FF0150078
:1096980047E04FF0080C5FFA82F909F101010BF875
:1096A800081008F10101C9B20BF801C0DAF804107A
:1096B8005BFA80F0049309F1020916F0BEFE049BE0
:1096C800C1445FFA89F801330AF1080AAEE7014696
:1096D80010220AA816F0D8FEA94629462B4640F2C1
:1096E8007265CDE90848002256F839000AE054F8B6
:1096F800391001EBC201497802310B44AB42C5D89D
:10970800012101328242F2D109F10109C845EAD1A9
:1097180001B10D9301234FF0000804930D9D1DB96D
:1097280028460FB0BDE8F08FFB2DAA4628BF4FF0A2
:10973800FB0A0AF104060198F1B2FEF753FD029004
:1097480000287DD031460C3014F0F9FD0026834600
:10975800039B5FFA8AF25B780592037080F80280B7
:10976800031D0A990B9A54F83100BDF830C000EB7C
:10977800C200407804EBC107023084450BD17868F9
:109788000132824208BF0131ADF8308006BFCDF802
:109798002C800A910B920A9A914515D00B9954F88E
:1097A800322012EBC10C0FD0BDF8307098190FBBE6
:1097B80001279CF8012001329A550136F6B2059A24
:1097C800ADF830709642CCD3049BAD1B002B32D041
:1097D800002D0CBF03230123DDE9010100228BF8D2
:1097E80003608BF801300D95FEF736FD002898D1FF
:1097F800049093E7012F06D112F831200136022791
:109808000270F6B2DBE79CF80120AAEB0601D21B36
:1098180002328A4228BF0A46DCF804C0B91E6144F5
:109828000793069216F009FE069A079B17443244DE
:10983800BFB2D6B2C3E7B5FA85F35B095B00CBE7E5
:109848006FF068006DE700BFB40D02000B3C02002A
:10985800F8B504690646456844B140F201432B4017
:109868003ED005F48263B3F5806F39D015F4806378
:1098780002D115F4F84F33D11A4BAB4330D01A4FFD
:109888003078BB7B83422BD9C0EBC0000722174935
:10989800384416F014FEA8B115F0010306D197F864
:1098A8006A20082A02D8B2689F2A19D915F0300F01
:1098B80009D0ACB1EA060AD405F46035B5F56030D4
:1098C80018BF0120F8BDEB0601D4002CF4D1D6E96D
:1098D80002239A4204D81F2A02D9B3F5804FEBD944
:1098E8000020EFE7000604000000002030310200ED
:1098F800072208B50349093016F0E1FD003818BF02
:10990800012008BD30310200F8B5154B0678044631
:109918000D4683F86960FFF7EBFF70B930461149CF
:1099280001F03EFA044610B96FF00B00F8BD0421AF
:1099380000F0F2FF00202C60F8E704F1090739462F
:10994800304601F06FFA40B92078394601F028FA1C
:1099580004460028E8D00521EAE76FF01500E5E79E
:10996800000000202931020038B504460D46FFF7F3
:10997800BFFF0346207873B90422094901F08AFA27
:10998800044660B10573002100F0C6FF2046BDE81B
:10999800384012F029BA052204F10901EEE738BD72
:1099A80029310200F8B500210E4812F005F80446E6
:1099B80020B10D4812F000F890B90124582202FB9A
:1099C80004F60A4F0021F519284616F05DFD06F148
:1099D80010000021384412F01CF86C702846F8BDBD
:1099E8000D46FBE7381A0020901A0020281A00209C
:1099F8002DE9F74FD1F810A00746BAF100040E463A
:109A080042F236004FF01901934618BF0124FEF7C1
:109A1800E9FB8146002800F0028119210C3014F07E
:109A28008EFC05461922002116F02EFD716822468B
:109A38003846396505F10A03FFF740FD044600285A
:109A480040F0BC8007F10900BAF1000F00F0BA80BD
:109A5800316911F0C2FF304612F074F87B78804605
:109A68002B70B368EB70C3F307221B0C2A716B7160
:109A7800F368C3F30722AB711B0CEA712B72706891
:109A880011F08BFF0023AB747F23EB740123687202
:109A98002B75736803F44063B3F5806F14BF01231B
:109AA8000223AB757368D80442BF03232B75AB75CB
:109AB800736883F48064C4F3802459044FEA04145F
:109AC80048BF44F040049A0444BF44F02004A4B2C0
:109AD800DB0544BF01232B76736813F0010F03F4F1
:109AE800007100F08C8044F0010292B2BAF1000FCC
:109AF8006FD011B9BBF1000F66D044F00304A4B2D3
:109B0800DB064CBF44F0040244F00C02316992B207
:109B180005F10B00A24611F060FF14467378494620
:109B2800A5F8014042F23600EB7501AAFEF794FB56
:109B38000446002842D1019807F11005C36893F93B
:109B480001303B7607F0CEFB0121284611F061FF7A
:109B58006FF0080111F036FF000758D46FF4804108
:109B6800284611F02FFF08F1FF335A425A410821C5
:109B7800284611F039FFA8F102014A424A41284615
:109B8800092111F031FF72680A21284602F001020A
:109B980011F02AFF0B212846CAF3400211F024FFD6
:109BA80072680D212846C2F3800211F01DFF726809
:109BB8000C212846C2F3802211F016FF204603B07C
:109BC800BDE8F08F174944E7B8F1020F95D0144665
:109BD80096E758050DD444F00304A4B269B9BBF163
:109BE800000F0ED1B8F1020F0BD0BAF1000F87D1D8
:109BF80003E051B144F00304A4B2A2468EE7002961
:109C0800EDD044F00204A4B2EFE71446E7E7384683
:109C1800F91C11F04CFE0028A0D00446CEE76FF0E6
:109C28006804CBE73031020070B504460D460A4897
:109C3800002111F0C1FE10B129460848A0470021B3
:109C4800074811F0B9FE28B129462346BDE87040FF
:109C58000448184770BD00BF381A0020281A002091
:109C6800901A0020801A002010B5054C206A30B1E7
:109C78006FF00101103011F0A5FE0023236210BD22
:109C88000000002073B5334B1E6A002E3DD006F14C
:109C980010050E21284611F08FFEB0B30721284683
:109CA80011F08AFE88BB0A21284611F085FE60B3B0
:109CB800304601A9FFF728FE38BB3046FFF718FEEB
:109CC8000E210246284611F077FE80F00104E4B226
:109CD8000A212846640011F06FFE08B144F001041F
:109CE8000D21284611F068FE08B144F0040421460D
:109CF80030460DF10303FFF7E1FB044638B10121BB
:109D08000346154A154810F054FB02B070BD3046A2
:109D1800012111F069FF019E28B9304602B0BDE863
:109D2800704012F061B82146304600F0F5FD6FF43E
:109D38008041284611F046FE0446304612F054F899
:109D48006304E2D50E21284602B0BDE8704011F048
:109D580060BE00BF000000203F3C0200B40D0200BE
:109D6800F8B504460F461646134BD3E8AF3F5B07DA
:109D780019D5FFF76DFDC8B1FFF714FE0546C0B150
:109D880023782146002203704761FFF731FE04461D
:109D980038B16FF0010105F1100011F013FE2046F3
:109DA800F8BD3560FBE76FF00A04F8E76FF01504BB
:109DB800F5E76FF00B04F2E7D00000200023F0B5C0
:109DC80000F1100785B005460E4638460721039373
:109DD80011F0F2FD002855D10A21384611F0ECFDAA
:109DE800C8BB002E41D132460621384611F0FCFD91
:109DF8000A21384611F0E0FD38B90D21384611F036
:109E0800DBFD10B9284611F095FD284611F08AFEB1
:109E180058B10221384611F0CFFD034628B9024651
:109E280001460090284611F012FF324601212846CB
:109E380011F098FE044608B30121144A144810F0A2
:109E4800AFFA039D75B12846002100F065FD28464C
:109E580011F0CAFF06E0284603A9FFF755FD04469E
:109E68000028BED0204605B0F0BD338823B9B278AB
:109E7800003A18BF0122B7E70122B5E70398002886
:109E8800E6D1EFE76FF07704ECE700BF243C02006F
:109E9800B40D02002DE9F04FC76885B097F801901E
:109EA800B9F1010F6CD84FF0580B19FB0BFA5B4D49
:109EB8000AF110062E440021304611F07DFD0028DD
:109EC8005ED07B8805EB0A084046019311F08FFEAF
:109ED8000721304611F070FD0BFB09FB00906FF075
:109EE8008001304611F06EFD4D4C15F80B3084F8AA
:109EF800693094F824304BB17A88E38C9A4205D1C2
:109F0800009B002B37D1002384F8243094F8433089
:109F1800002B3DD13B78002B48D10121019800F05E
:109F280007FE834600284ED16FF04001304611F0FD
:109F380049FD430611D5404611F013FDFFF74CF9D2
:109F4800582303FB09556B693BB11B682BB13A7960
:109F580040468DF80C2003A99847236A434559D1F8
:109F68000E21304611F028FD00284ED005B0BDE87E
:109F7800F04FFFF787BE04F12500FEF733FAC2E77A
:109F88000121284A284805B0BDE8F04F10F008BA6A
:109F9800B4F845207B889A42BCD1009B13B1234872
:109FA800FEF720FA002384F84330B3E70A2130464D
:109FB80011F002FD18B140463978FFF7D5FC3B781F
:109FC800002BB1D1A9E7582303FB09531B6D963029
:109FD8001A0355BF9BF808100AF10201C1EBC10131
:109FE800491958BF091911F0F8FC582303FB095304
:109FF8005B6933B15B6823B14046CDF80CB003A967
:10A008009847584611F0F0FE8EE705B0BDE8F04FCE
:10A01800FFF72ABE05B0BDE8F08F00BF281A002060
:10A0280000000020753C0200B40D0200440000202E
:10A038002DE9F043C56885B02C78012C11D8582734
:10A0480014FB07F91C4E09F110000021304411F0EF
:10A05800B3FC30B16743F3195B6953B905B0BDE888
:10A06800F0830121154A164805B0BDE8F04310F009
:10A0780097B99B68002BF1D00135284611F025FAD5
:10A088000DF10808294670B1404611F013FA58231B
:10A0980003FB04646369CDF804809B6801A906EB9F
:10A0A80009009847DAE7F05D11F0F4FB01464046F5
:10A0B80011F093FCEBE700BF281A0020753C020062
:10A0C800B40D020030B58DB0202104A8FEF75EF96A
:10A0D8000446E8B915F0D7FF4FF47A75A0FB0532AE
:10A0E80005FB0121DB0B43EA4143C90BCDE90231F2
:10A0F80008232022009308486B4404A911F087F82C
:10A1080030B90121054A064810F04AF96FF00404F5
:10A1180020460DB030BD00BFD81A0020893C02008F
:10A12800240E020007B508216846FEF72FF960B92A
:10A1380008226946084811F04AF848B90748012139
:10A14800074A10F02DF96FF0040003B05DF804FB26
:10A15800FFF7B8FFF9E700BFD81A0020240E020065
:10A16800A03C020038B50D46044698B191B10B4A9F
:10A1780011F066F8431C07D1FFF7A4FF48B9294638
:10A188002046064A11F05CF801280CBF00206FF049
:10A19800040038BD6FF01500FBE700BFD81A002097
:10A1A800402208B5034916F08AF9B0FA80F0400950
:10A1B80008BD00BF503D020070B5334B93F89C308A
:10A1C80003F00603062B08D00221304A304810F06D
:10A1D800E7F86FF08505284670BD002850D02D4E51
:10A1E800326872B1131F834207D102212A4A2848D4
:10A1F80010F0D6F86FF07705EDE75B680BB1043B1C
:10A20800F1E742607268031D336002B97360234C42
:10A21800D4E8EF2F42F02003C4E8E13F0029F7D14A
:10A2280012F0200201D00025D5E7D4E8EF3F23F053
:10A238001003C4E8E13F0029F7D1114642F2250096
:10A24800FEF70AF805460028EDD00121144A104807
:10A2580010F0A6F8D4E8EF3F23F02003C4E8E23F6B
:10A26800002AF7D134683CB154F8043C043C0BB1E3
:10A27800002098476468F6E70023C6E90033AAE798
:10A288006FF01505A7E700BF00000020C93C0200D9
:10A29800EC0D020040360020E83C0200D00000200F
:10A2A800043D0200044BD3E8AF3F13F0100F0348FE
:10A2B80008BF0020704700BFD0000020F3500020E6
:10A2C80070B5214E044633688B4237D01BB16FF00E
:10A2D8000F04204670BD1D4BD3E8AF2F9206F6D46D
:10A2E800D3E8AF3FDB062CD5316042F2260040218F
:10A2F800FDF778FF0546F0B140210C3014F01FF847
:10A30800234604F1400253F8041B934240F8041B0F
:10A31800F9D10022294642F22600FDF79DFF0446A6
:10A328000028D6D00023336002212346084A094872
:10A3380010F03FF8CDE76FF06804F3E76FF07704AB
:10A34800C7E76FF07C04C4E73C360020D00000204B
:10A358002E3D0200EC0D0200F8B5194BC568D3E894
:10A36800EF2F22F02002C3E8E12F0029F7D12A7845
:10A378008AB914496A1C05F1410052F8044B82421B
:10A3880041F8044BF9D1D3E8EF1F41F01001C3E8BD
:10A39800E21F002AF7D10C4E34686CB1094F043C17
:10A3A80023682BB12A78002A0CBF3846002098472A
:10A3B80064680CB1043CF3E70023C6E90033F8BD38
:10A3C800D0000020F35000204036002005490B68DB
:10A3D80033B1C26800200860117801B9501C1847D1
:10A3E800704700BF3C36002070B504460A4B1D6814
:10A3F80025B90A4D0A4EB54207D370BD2B6813B173
:10A408002046217B9847AD69F2E72B6813B12046B7
:10A41800217B98471C35EEE7883700204C0D020059
:10A42800840D02002DE9F04104464FF00008144F56
:10A438004FF02002EFF3118382F31288BFF36F8F7E
:10A44800216A29B983F31188BFF36F8FBDE8F081C2
:10A45800606A0A68814208BF6262226283F31188D7
:10A46800BFF36F8FD1E901563846C1E90188C1F8B9
:10A478000C8015F041FB002231462046A847D7E75B
:10A48800340B0020002270B50446D1E90156CA6099
:10A49800C1E90122054815F02FFB314620462B461D
:10A4A800BDE870406FF06D02184700BF340B002004
:10A4B8002DE9F047DFF86C811F46B8F804310446EF
:10A4C800002B08F584700E4608BF002015460022B0
:10A4D80000230BF03DFD002840F09B80002D77D035
:10A4E80005F10C0A5046B8F8049113F082FF48456C
:10A4F80068D9B8F8049156F80C1F4A46504613F02C
:10A5080024FF4946304613F058FF637BAE69072B9A
:10A518007CD14FF02003EFF3118283F31288BFF34D
:10A528006F8F002E5FD000233360A369002B57D1B3
:10A53800C4E905664FF0000982F31188BFF36F8FF5
:10A54800042105F10C0013F01BFF238807F0FD0719
:10A5580043EA073707802B8A043B438002232846B7
:10A568002B76FEF76DF9074648B3012103462A4AC0
:10A578002A480FF01EFF4FF02003EFF3118783F3F3
:10A588001288BFF36F8F002E3AD0314604F11400C1
:10A5980011F0C1FB87F31188BFF36F8F6FF00407C9
:10A5A800B8F804311E48002B08BF00200BF0AAFCA5
:10A5B8002EB1002331462046AB61FFF763FF3846D2
:10A5C800BDE8F087504613F014FF1FFA80F992E7B0
:10A5D8000022002304F1380013F04AFE054694E7F0
:10A5E8001E60A661A6E7A36933B103F10C09DB6815
:10A5F8000133C9F800309FE7E36904F11C09F7E764
:10A60800D9F80030013BC9F80030C3E76FF07F0785
:10A61800C6E76FF06807D2E72A370200C40D0200C8
:10A62800080100200000002008B50221024A034862
:10A638000FF0B6FE002008BD973D0200C40D0200D1
:10A648000448B0F8043100F58470002B08BF0020DE
:10A65800704700BF0000002038B5002204468A4237
:10A6680002D10024204638BD012004F1BC03D3E800
:10A67800EF5F002D04D1C3E8EC0FBCF1000FF6D159
:10A6880002D0C0340244EAE7002CEAD0BC22002100
:10A69800204615F0F9FE04F15800044915F02BFB8B
:10A6A800034904F1280015F0C6FADBE70DB00000F5
:10A6B8006BBD0100F7B5164604460D46FFF7B2FE1E
:10A6C800012E23D0022E50D123693BB130480121FD
:10A6D800304A0FF065FE204611F046FB25612169DE
:10A6E8000B8A012B51D9CA681288043292B293425C
:10A6F8004BD341D9012100922548274A0FF063FE28
:10A70800204603B0BDE8F04011F02EBB206940B9E7
:10A71800224A31461E480FF043FE204611F024FB22
:10A7280001E02F8A2FB9284603B0BDE8F04006F0B3
:10A73800D9BD0C3013F05DFE87420CD9184A31465A
:10A7480013480FF02DFE00222046216901F0C2FABD
:10A7580000232361E7E720692A8AE9680C3013F0AF
:10A76800F4FD284606F0BEFDB9E7012133460D4A3F
:10A7780007480FF01EFED0E7002301222046236180
:10A7880003B0BDE8F04001F0A5BA03B0F0BD00BFCA
:10A79800C40D0200C03D0200403E0200DD3D020043
:10A7A800FB3D0200223E02002DE9F3419846CB7A98
:10A7B8000646072B0D4617460BD808222648009256
:10A7C8000121264A0FF0FFFD6FF0150002B0BDE829
:10A7D800F081437B072B07D00121214A1E480FF047
:10A7E800DFFD6FF07F00F1E7002A30D016F08CF81B
:10A7F8001C4B1A581C4B9A421C4807BF00220023C6
:10A808004FF0FF324FF0FF330BF048FB044600B324
:10A81800737B072B0DD00221154A0F480FF0C0FD9E
:10A8280000232146C4E901331048E36015F064F9B8
:10A83800D7E70023C0E90178C360AC61002406F1C2
:10A84800380029462C7713F042FD2046BEE714460F
:10A85800F3E76FF06800B9E7C40D02005B3E020041
:10A86800803E020008000000182B0020340B002056
:10A878008F3E02002DE9F84F06460125224815F0C3
:10A88800B9FD0022012130461F4B15F089FD002734
:10A898004FF0140AAB461D4CDFF8789004F1BC0366
:10A8A800D3E8AF3F5BB1637B8BB96FF04001201DEC
:10A8B80011F04CFA43060AD5204611F05EFA01372A
:10A8C800032F04F1C004E9D12846BDE8F88F637B63
:10A8D800072BF4D1B9F80431002BF0D00AFB056836
:10A8E800D9F81021A36B4BB142B90221084B40465D
:10A8F80015F056FD013588F80CB0E0E70022042178
:10A9080004F13803F3E700BF90050020101C002075
:10A9180008010020000000202DE9F041467B044694
:10A928008E420D4600AF1CD1082E98BF774B6C465F
:10A9380088B094BF53F82630754B6A467549C2E90A
:10A9480005134FF400739383734B42F8103F0023B1
:10A958004FF4E4517148F9F74FFDA546BD46BDE8EF
:10A96800F081417326B98378082B01D011F028FAB9
:10A97800637B082B00F2C68001A252F823F000BFC7
:10A988002BAA0000ADA9000065A9000065A9000078
:10A9980065A9000065A9000065A90000EBA90000F1
:10A9A80065A900004FF000085D4D05F584764FF06D
:10A9B8002002EFF3118382F31288BFF36F8FE269ED
:10A9C800002A7AD0013AE26183F31188BFF36F8FCE
:10A9D800B5F80431002B14BF304600200BF092FA72
:10A9E800E5E7A378042BB9D004F1380015F078F81E
:10A9F80000214C480CF002FA0023C4E91433E37830
:10AA0800012BABD1A3784FF42032012B08BF0323CD
:10AA180004F1580008BF84F8AC3000230BF03AFC6E
:10AA28009CE7A378042B03D1204611F0DDF995E7C4
:10AA3800082E93D801A353F826F000BFB5AA00004A
:10AA480069AA0000A7AA000031AA000031AA0000E4
:10AA5800A7AA0000A7AA0000B5AA0000B5AA00008E
:10AA68002046FFF7DFFCA378012B0AD104F1580533
:10AA7800284615F04CF910F00C0F02D0284615F0B6
:10AA880048F90434D4E8EF3F43F04003C4E8E23F18
:10AA9800002AF7D1002123480CF0B0F95EE7237BA8
:10AAA800002BC1D02046FFF79FFCBDE72B461E4A6E
:10AAB80002211A480FF07DFC50E7616921B983F340
:10AAC8001188BFF36F8F49E7A0690A68814208BF00
:10AAD800A261626183F31188BFF36F8F4FF0200288
:10AAE800EFF3118382F31288BFF36F8FCA68E261B4
:10AAF800C1F80C8083F31188BFF36F8F2046FFF7EE
:10AB0800C1FC65E7094A2B46D2E700BFE0170200FF
:10AB1800B53E0200BF3E020003000001C40D020062
:10AB28000000002090050020D03E0200E73E020011
:10AB380070B5024605460E460A48032111F068F929
:10AB4800044610B90024204670BD83781E42FAD10D
:10AB580002212B46044A05480FF02BFC204611F031
:10AB680043F9EFE7101C0020033F0200C40D020068
:10AB78002DE9F04706460F46904600254FF0C009DC
:10AB8800DFF828A009FB05A011F01AF9044620B146
:10AB980083781E4206D111F027F90135032DF1D132
:10ABA800BDE8F0874146B8472046F4E7101C00206E
:10ABB800034BC01A034B80115843C0B2704700BF03
:10ABC800101C0020ABAAAAAA38B50D4608490028CF
:10ABD80008BF084613F047FB044618B9BDE83840DB
:10ABE800FFF722BD691D0C3013F0A5FB204638BDC8
:10ABF800780B0020F8B504460430D0E8AF3F9B0539
:10AC080011D5B4F89E30B4F8A0209A420BD8B4F805
:10AC1800A2209A4207D3D4E929239A4203D16FF498
:10AC2800007111F093F8104B1D6825B90F4D104FA6
:10AC3800BD420CD3F8BDEE683EB12046B4F8A6304C
:10AC4800B4F8A420B4F89E10B047AD69EDE7EE68FB
:10AC58003EB12046B4F8A630B4F8A420B4F89E104B
:10AC6800B0471C35E4E700BF883700204C0D0200D0
:10AC7800840D02002DE9F041074608460C4610F005
:10AC8800EBFC054618B900252846BDE8F081134BB2
:10AC98001E6846B9124EDFF84C804645F4D2B368B8
:10ACA80083B91C36F9E7B3680BB9B669F1E72146F1
:10ACB800384698470028E6D0204610F0CDFC0028FA
:10ACC800F3D1E0E72146384698470028DBD02046F4
:10ACD80010F0C2FC0028E4D1D5E700BF8837002077
:10ACE8004C0D0200840D02002DE9F041C3780446A2
:10ACF80073B900F19606104B04F188071D6855B921
:10AD08000E4D0F4F04F18808BD420CD3BDE8F08109
:10AD180000F18F06EFE72B691BB13A463146204612
:10AD28009847AD69EBE72B691BB14246314620468F
:10AD380098471C35E8E700BF883700204C0D020013
:10AD4800840D0200F8B5437A04468372164611F062
:10AD5800B0FB0C4B1D6825B90B4D0C4FBD4208D3F9
:10AD6800F8BD6B691BB132462046617A9847AD69D8
:10AD7800F1E76B691BB132462046617A98471C356A
:10AD8800ECE700BF883700204C0D0200840D02005C
:10AD9800024B1A6818608261704700BF883700202C
:10ADA80038B505460C460B480321FFF755FC80B122
:10ADB80005722368C0F88830A388A0F88C30A3797E
:10ADC80080F88E300123437283728370024BC0F87F
:10ADD800A03038BD101C0020180028002DE9F041D3
:10ADE8000746884600250E4E304610F0E9FF044617
:10ADF80020B18378012B0AD010F0F6FF0135032D1E
:10AE080006F1C006F0D100242046BDE8F081424694
:10AE1800394611F094F80028F6D12046ECE700BF37
:10AE2800101C0020B0B500AF0D46FFF7D7FF044651
:10AE380010B32846FCF782FB637B6D46082B98BF4E
:10AE48000E4A8AB094BF52F823300D4B6A46C2E9C5
:10AE580007030C4B0C4953620C4BC2E9051442F82A
:10AE6800103F00234FF442510948F9F7C5FA20462C
:10AE7800AD4610F0B9FF0120BD46B0BDE017020095
:10AE8800B53E0200010302041A3F02000500000259
:10AE9800C40D02002DE9F04706460F4690460025EE
:10AEA8004FF0C009DFF844A009FB05A010F088FFA7
:10AEB800044620B18378012B06D010F095FF0135A8
:10AEC800032DF1D100240DE037B13A46314611F097
:10AED80036F808B92046F0E7637B4345FAD1237A70
:10AEE800B342F7D12046BDE8F08700BF101C002010
:10AEF80010B5837802460B70C3784B70037A8B7059
:10AF0800437B0020023BDBB2062B8CBF0346214C5F
:10AF1800C87798BFE35C10460B77537A4B7710F0ED
:10AF2800D9FF88779378012B31D102F188038B60A0
:10AF3800137A1948C3EBC30303444B60D47802F176
:10AF4800960302F18F0014B11C4603462046C1E95E
:10AF58000303B2F89E308B82B2F8A430CB82B2F8E9
:10AF6800A6300B83D2F8B83023B15B7BD80644BF38
:10AF78000123CB77D2F8B83013B15B7B9B0601D4A1
:10AF8800002010BDCB7F43F00203CB77F8E76FF0CA
:10AF98001500F6E7D23F02000000002038B504464D
:10AFA80008460D4610F058FB38B3154B93F8D830C7
:10AFB800990707D4E37873B129462046BDE838409D
:10AFC80011F018BB94F8AD309A07F3D5231DD3E8D8
:10AFD800AF3F5B05EED42946204610F0D2FF58B9A2
:10AFE8002B88A4F8A0306B88A4F8A230AB88A4F80A
:10AFF800A830EB88A4F8AA3038BD6FF01500FBE73D
:10B0080000000020F7B510F84B3C0446A0F15806A4
:10B01800FBB9304611F010F92F4B1D684DB92F4D73
:10B028002F4FBD420DD3304603B0BDE8F04010F0BD
:10B03800DBBE6B681BB1304614F84C1C9847AD69F1
:10B04800ECE76B681BB1304614F84C1C98471C356C
:10B05800E7E710F8563C012B1FD1A0F154056FF417
:10B068000071284610F072FE81051ED5A36C694652
:10B078000093236D30460193FFF790FF034670B9A4
:10B088006FF48071284610F061FED5E8EF3F43F079
:10B098008003C5E8E23F002AF7D103B0F0BD114AAA
:10B0A800022111480FF085F9EFE74FF428130F4AF2
:10B0B80069463046CDE90023FFF770FF034640B9E3
:10B0C800D5E8EF3F43F48073C5E8E23F002ADCD0BF
:10B0D800F6E7074AE4E700BF883700204C0D020076
:10B0E800840D0200533F0200C40D0200180028001E
:10B0F800783F020001460148FFF766BD280C002092
:10B108002DE9F047437B05465BB96FF040010430F9
:10B1180010F01CFE430604D52846BDE8F04710F0A1
:10B128002CBE05F1380014F0FCFC044660B94FF45D
:10B138006673344A344935480EF0FDF9404080F3CF
:10B1480011884FF0030002DF204613F0C2F8DFF841
:10B15800C090028AB9F8043104469A42027F07D89F
:10B1680032B9022321462846FFF7A2F9064632E003
:10B1780017464FF0000A228AB9F804319A4204D8D7
:10B188000123002223770323ECE74FF0FF334FF02E
:10B19800FF320020FFF7AEFF6B7B8046072B06D0FF
:10B1A80006F0A0F82046BDE8F04706F09BB8C0F8C6
:10B1B80018A080F81CA0637F0246437721463B46CF
:10B1C8002846FFF775F90646B8B107F0010740466B
:10B1D800277706F087F8204606F084F805360ED162
:10B1E8000023A6692046A36106F07CF83EB13146EB
:10B1F8002846BDE8F047FFF745B90127BBE7BDE89A
:10B20800F08700BFA23F020074510200DE34020042
:10B21800000000200B4B58B11A6862B902693AB9AC
:10B2280002685AB942684AB982683AB942692AB981
:10B238001860002070476FF0770070476FF01500B6
:10B24800704700BF9437002068B10023C360074BE4
:10B2580000F10C02596819B9C3E9002200207047AF
:10B268000A605A60FAE76FF0150070478C370020C3
:10B27800022806D8044B00EB400003EB801010F0C6
:10B288009FBD0020704700BF101C002070B50C48FF
:10B2980014F026FC00240B4D094E29463046013493
:10B2A80014F02AFC142C05F11005F6D102F064FA0A
:10B2B80005F028FD044608B900F09AFB204670BD49
:10B2C800340B002048360020044B18780130C0B2F7
:10B2D800012838BF01201870704700BF3351002083
:10B2E80070B5D0F8E020044600F1B8032AB115F093
:10B2F8000BFB1A490958914225D0184604F1E80178
:10B3080014F01BFDA06C18B105F0ECFF0023A3643A
:10B3180004F1300500220023284612F0A9FFB0B935
:10B3280004F1980600220023304612F0A1FF0546DA
:10B3380080B9D4F8800028B105F0D4FFC4F8805053
:10B34800A4F8845070BD184614F0E3FCDAE705F061
:10B35800C9FFDFE705F0C6FFE4E700BF080000000B
:10B3680010B504460021102215F08EF82146BDE8DC
:10B378001040014814F0C0BB1C0B002008B5034660
:10B388000121034A03480FF014F8002008BD00BF4C
:10B39800444002003C0E02000628F8B505460F4658
:10B3A8000D4816464FF000034FF480324FF0040169
:10B3B80018BF0020FFF708FC044620B92846BDE85E
:10B3C800F840FFF7DBBF04210C3012F0B8FF05701E
:10B3D800477046802046F8BDA40B002010B5C38AEC
:10B3E80004460BB94023C382E28A6168402A1346A7
:10B3F80028BF402302339BB22383096951B9013224
:10B408009A4207DB0221084A084810F079FE238B8C
:10B41800023BE38201231C34D4E8EF2FC4E8E13F68
:10B428000029F9D110BD00BF6C4002003C0E02009B
:10B43800002310B5044643628362C36200F12C0204
:10B44800D2E8EF1FC2E8E03F0028F9D104F130004C
:10B4580014F046FB04F150000249BDE8104014F016
:10B468004ABC00BF33C3010080B500AF88B06A464C
:10B47800074BC2E90530032342F8103F00234FF47D
:10B48800C2510448F8F7B8FF6FF00B00BD4680BD05
:10B49800A04002003C0E02000B4B1A6842B1D3F8E0
:10B4A800102122B1D3F820225AB1FFF7DDBF0122C3
:10B4B8004FF4887000FB0233044A00205A600B6086
:10B4C80070470222F4E700BF501E00202418020033
:10B4D800014B1860704700BF98370020F8B56E46DA
:10B4E80000AF88B0A0F1B80450F8B85C6A460F4BBA
:10B4F800C2E90534032342F8103F00234FF4C25138
:10B508000B48F8F779FF2846B546214610F063FE48
:10B51800204610F077FE94F8B4100122284610F067
:10B52800AEFD04460028F4D1BD46F8BDC740020070
:10B538003C0E02002DE9F04F06460D46904685B0B8
:10B5480000F12C07384610F0D8FDB8B3431ED7E8F1
:10B55800EF2F824203D1C7E8E13F0029F7D1F1D1AB
:10B5680005F10C09484612F040FFB5F810B0338DCC
:10B578000BEB08029A42029023D8484612F035FF96
:10B5880008F109039BB298421BD36B68CBB9B8F199
:10B59800000F06D0284610F06AFD81B2484612F026
:10B5A800F7FE284612F095FE044600283FD1D7E85A
:10B5B800EF3F0133C7E8E23F002AF8D16FF00A0AEB
:10B5C80073E0A87A05F0E4FD7368DB68002B53D0BC
:10B5D800304698470446002853D009210C3012F011
:10B5E800AAFE04F10C0AB8F1000F06D0284610F0A4
:10B5F8003EFD81B2504612F0B9FE504612F0F9FEF7
:10B60800338DA3EB0803984244D2504612F0F1FE62
:10B6180083B22A8AE9689A4228BF1A46504603929A
:10B6280012F093FE039A4846114612F0C6FEA54250
:10B63800B4F810903068B18CAB6901D02A8A5ABB33
:10B648000093244B224610F012FE824638B3D7E806
:10B65800EF3F0133C7E8E23F002AF8D1204605F062
:10B6680041FE1AF1690F20D16B69029AA5F810B052
:10B6780013FA82F3EB60A1E70022002312F0F3FD36
:10B68800A8E7002200230421FFF79EFA04460028B9
:10B69800A7D18CE79BB2BCE700930F4BD2E73846A3
:10B6A80010F02BFD28B1A9EB080A504605B0BDE8FB
:10B6B800F08F06F11001D1E8EF3F23F00103C1E854
:10B6C800E23F002AF7D17368DB69002BEBD03046E4
:10B6D8009847E8E797C5010081C5010070B50446A1
:10B6E800FFF7F2FD0E46042201461620FFF754FE2E
:10B6F800054600283BD10121284A294810F000FDC1
:10B7080004F11006D6E8EF3F43F00203C6E8E23F33
:10B71800002AF7D1D4F8800028B105F0E3FDC4F879
:10B728008050A4F88450A06C18B105F0DBFD00230C
:10B73800A36404F1300500220023284612F098FD86
:10B7480078B904F1980500220023284612F090FDEC
:10B7580050B96368DB6903B331462046BDE87040E1
:10B76800184705F0BFFDE6E705F0BCFDEBE704F17F
:10B778001C03D3E8EF2FC3E8E16F0029F9D10421B6
:10B7880005F10C0012F0DBFDA38A468003802946F0
:10B798002068BDE8704010F0FABD70BDD7400200C7
:10B7A8003C0E020070B58B8A05460C462BB9402129
:10B7B800284610F016FFF0B9A182002104F1100309
:10B7C800D3E8EF0FC3E8E61F002EF9D1A160696D39
:10B7D80004F10803D1B9C5E9143314492560E260BE
:10B7E80004F1B80014F087FAA38A403B9BB23F2BC0
:10B7F8000FD9012009E0013189B28029D8D10C483C
:10B8080001210C4A10F07CFC002070BD0B606B65B8
:10B81800E3E7094904F1880014F00DFA04F19800EF
:10B8280014F05EF9012384F8B030E2E7E5B40000D3
:10B838003C0E0200F5400200A3C6010073B50546A0
:10B84800164C174EB44201D302B070BD2846636847
:10B8580001A9984700281FDB0199238828468B8275
:10B868008B84A268FFF79EFF0028EDD001984368FB
:10B878001B6803B19847019B1033D3E8EF1F41F0D1
:10B888000101C3E8E21F002AF7D101984368DB6988
:10B8980013B100F1100198470C34D3E7280D0200CA
:10B8A8004C0D02002DE9F8430A9E90461F46324689
:10B8B8004B6881460D469847041E11DA14F10C0FA7
:10B8C80021D014F10B0F07DA14F1860F37D00D349D
:10B8D80037D00B20BDE8F8830134FAD10720F9E707
:10B8E800346863685B692BB90121174A174810F05F
:10B8F80007FCEEE7AB78484684F8B530144A31685F
:10B90800FFF750FF08B90420E4E72046FFF790FD51
:10B91800BDF8203020462385BDF82410A4F82480E3
:10B92800E78410F005FC2046FFF758FD03222B881A
:10B938000020A4F8B230336883F8B020CAE70220A8
:10B94800C8E70620C6E700BF194102003C0E020006
:10B95800E9B20000054A0346106830B130F8082CF7
:10B9680008389A4201D08068F7E770479C37002072
:10B9780010B54368014613B96FF0150010BD008873
:10B9880040B1431EFE2BF7D8FFF7E4FFA8B16FF0D4
:10B998006F00F3E780242046FFF7DCFF60B1013435
:10B9A800A4B2B4F5807FF6D10E4802210E4A10F0F9
:10B9B800A7FB6FF07C00E1E70C808B78042BDBD8C9
:10B9C8000BB901238B7000238B60084B01F108022F
:10B9D800596819B9C3E900220020CFE70A605A6004
:10B9E800FAE700BF3C0E02003B4102009C370020F2
:10B9F80070B50A4814F074F80025094C074E102257
:10BA08000021204614F040FD01352146304614F04F
:10BA180073F8142D04F11004F1D170BD1C0B002033
:10BA2800A43700202DE9F0470D46914680460028AE
:10BA38003DD000293BD00E687EB3531EFE2B4FF03D
:10BA480000041ED82746DFF86CA03046FFF7F0FC4C
:10BA58003046FFF7C3FC524631464046FFF7A2FE88
:10BA6800C0B10137052FA6F8B29004D055F8276069
:10BA78003C46002EE9D139462846BDE8F04710F08B
:10BA8800B3BC6FF0150605EB8404A54207D1304618
:10BA9800BDE8F0876FF00B06F5E73746EBE754F89B
:10BAA800041D0029F1D0404610F095FBEDE76FF03A
:10BAB8001506ECE7E9B2000030B50D46D0F8801065
:10BAC800044685B0084610F0D2FA83B203B10B8B56
:10BAD8002A8A12FA80F0B4F8842090420ADD2E4AAD
:10BAE80001212E4810F00CFB204605B0BDE830407F
:10BAF80010F0AABD01330B83294B002202930023C7
:10BB0800CDE900230394EA68298AD4F8800005F077
:10BB180005FC2B8A80B2834201D0224AE0E7D4F8A0
:10BB28008050284610F0A3FAB4F8843098420BD21B
:10BB380004F11C0010F0E1FA60BB0121204605B0B9
:10BB4800BDE83040FFF7CABD0023C4F88030A4F830
:10BB58008430636829465B6920469847031E10DADB
:10BB680013F1770F16D00D4801210F4A0EF021FC72
:10BB7800204610F069FD284605B0BDE8304005F0C4
:10BB8800B1BB94F8B030032BF5D101212046FFF763
:10BB9800A5FDF0E705B030BD5A4102003C0E020099
:10BBA800F9C001006E41020082410200F7B5044667
:10BBB8000E4600F11C03184610F09FFA002877D0B3
:10BBC800421ED3E8EF1F814203D1C3E8E52F002DC1
:10BBD800F7D1F0D1338A228B93420BD902210092FC
:10BBE8003548364A0EF0EFFB204603B0BDE8F0407A
:10BBF80010F02ABDD4F8802032B13146204603B077
:10BC0800BDE8F040FFF758BF012B05D802212C4AA8
:10BC1800294810F075FAE7E706F10C0012F0DDFB91
:10BC2800E38A0546834202D2264A0121F0E7636887
:10BC38001A691AB320469047C4F8800008B9224A06
:10BC4800F3E7A4F884500C30378A12F0D2FBEF1BCC
:10BC5800B8420DD9338AE81A238B591E0144B1FB27
:10BC6800F3F189B20029C8D02046FFF737FDC4E7B1
:10BC7800D4F880000C3012F0BCFBEDE75B6931466C
:10BC880020469847031E08DA13F1770F12D00121D6
:10BC98000E4A09480EF08DFBA6E794F8B030032B46
:10BCA80008D10121204603B0BDE8F040FFF716BDDA
:10BCB800074ABAE703B0F0BD3C0E02008941020012
:10BCC800A2410200B8410200CB41020082410200B9
:10BCD800ED41020070B50B8A0546032B0C4616464B
:10BCE80005D80121254A264810F00AFA10E0042157
:10BCF80004F10C0012F069FB4188284610F071FC31
:10BD0800054650B91F4A0B461D4802210EF051FB4B
:10BD18002046BDE8704005F0E5BA838A403B9BB2F7
:10BD28003F2B26D816B390F8B030042B02D1164A10
:10BD38000221D8E7103010F0E0F9830701D5134A43
:10BD4800F6E7B5F8B2302146803B9BB27F2B03D98A
:10BD58002846FFF72BFFDBE705F1980012F0B7FA4A
:10BD680005F18800BDE870400AF0EEB910F06CFCEF
:10BD7800CEE7436821465B699847C9E70A42020053
:10BD88003C0E020027420200534202007E4202009B
:10BD98002DE9F04F01F10C0395B08B4604AF054631
:10BDA80004211846FB6112F010FBBBF810304288E2
:10BDB80006469A4206D00092B24A0121B2480EF0D5
:10BDC80002FB06E0447844B9B04A0121AE4810F0BD
:10BDD80097F94437BD46BDE8F08F0278511E1929FE
:10BDE80000F2EA83DFE811F09201E803E803E803D0
:10BDF800E80305015E01E803E803E803E803E80354
:10BE0800E803E803E803E803E803E8031A001E0070
:10BE1800A6006B01980182024F03BF03012BD8D8FB
:10BE28009B4AD2E7092B2E68DBF80C2001D8994AE7
:10BE3800CBE7B2F804A01389BAF1160FB2F8029052
:10BE4800B2F806B0B2F80080FB6102D9BBF1160F58
:10BE580004D8914A5346CDF800B0AEE70A222146ED
:10BE68001520FFF799FA05460028B2D00A210C30B0
:10BE780012F065FA002304460360436003814046DC
:10BE8800FFF768FD804600283FD0737A82789A428F
:10BE980006D8A9F140033F2B18D94FF0090807E04D
:10BEA800012B03D830460FF0FEFF88BB4FF0050882
:10BEB8000023A4F808802A4605213046009310F094
:10BEC800D6F958B3284605F00DFA82E749463046B8
:10BED80010F049FBF862F0B907F12C030293FB69F3
:10BEE8004146CDE900B34A4653463046FFF7DAFCEF
:10BEF80080460028DCD1FB6A9A8A22801A8BA280AD
:10BF0800DA8A6280DB69E380D2E74FF00208CFE784
:10BF18004FF00808CCE74FF00A08C9E7B8F1000F5E
:10BF28007FF457AFF86A43681B68002B3FF451AFA2
:10BF380098474EE7092B2E68DBF80C2001D8574AA2
:10BF480043E7D388B2F802A0B2F80490FB611589E0
:10BF5800B2F800B025F008030BB1052D0DD1002271
:10BF68002146304610F08BF8804658BB0121234605
:10BF78004B4A45480EF01DFA2BE701222146304670
:10BF880010F07DF880460028F0D0B83013F0C1FEDC
:10BF9800002288F8B420082D1CD035BB032288F86D
:10BFA800B020D8F80420A8F824B0A8F826A0A8F84B
:10BFB800289012680AB1404690474046F96910F047
:10BFC800B7F806E7B83013F0A4FE0022052D88F86C
:10BFD800B420E0D12946404610F0C8F800283FF4C4
:10BFE800F8AE4146304610F0F6F8404610F00AF92F
:10BFF800EFE6032B2E68DBF80C807FF618AF30468F
:10C00800B8F8001010F058F8054630BB98F803202F
:10C0180098F80230214643EA0223BB85B8F800307D
:10C0280006220120FB85FFF7B7F9044600283FF4F4
:10C03800D0AE00F10C080221404612F080F902232C
:10C04800457003700422404607F12C0112F07DF977
:10C058002146304610F09BF9BBE621460422072012
:10C06800FFF79AF9044600283FF4B3AE04210C30D8
:10C0780012F065F9AB8A0380AB8C4380284610F038
:10C08800C1F8E5E7B04202003C0E0200D1420200CE
:10C09800F24202000E430200304302005A430200FB
:10C0A8007C430200032B2868DBF80C2001D8924A55
:10C0B8008BE6518810F000F8002897D189E6032B09
:10C0C8002868DBF80C1001D88C4A7EE64A88098873
:10C0D80010F049FA044608B9894A76E62C3010F07F
:10C0E8000CF81044B0F5803F08DB0121854A8648EA
:10C0F80010F006F8204610F0A7FA6AE62046114626
:10C1080010F016F8204610F000F862E601222146E9
:10C1180028680FF0B4FFCFE7D5F800800025072B7B
:10C12800C7E908553D8522D80121784A76480FF09D
:10C13800E7FFA946AA460C264FEA490221461820DD
:10C148000832FFF729F9DFF8D4B10446002840F097
:10C158008A80DBF80030002B3FF43BAE5B68002B95
:10C168003FF437AE524631464046984731E60821FB
:10C17800F86912F02AF9BBF810300A2BC3F3470903
:10C188000AD90121624A60480FF0BAFF4FF0050949
:10C19800AA460C260025CFE74388B0F800A03B61EB
:10C1A8008388FB60C3887B603B693F2B02D9FB68AF
:10C1B8003F2B08D8FB68012100933B69554A524838
:10C1C8000EF001F9E5E75046FFF7C4FB7861002857
:10C1D80046D098F8093082789A4230D82E4607F12E
:10C1E8002003BB6007F12C03BB61BBF81030012BA7
:10C1F800A2D9F86912F0F1F8A0F140039BB23F2BE5
:10C20800024627D80146404610F0ADF9BB691860D0
:10C2180020BB02937B6840460193FB680093D7E9F3
:10C228000431FFF73FFBB0B9BB691D68AB8ABA6838
:10C2380022F8023BBB69BA600433BB61D5E7012B26
:10C2480001D90526A6E740460FF02DFE0028F8D0B4
:10C25800082671E7092006460023E8E70A20FAE7DE
:10C2680002267D6968E700F10C0318460821FB6186
:10C2780012F065F80022FB69026042602DB12A8B3A
:10C288004280EA8A0280EA698280C6804FEA4902CF
:10C29800184607F1200112F058F80023224605211C
:10C2A800404600930FF0E3FF0546B0B9DBF80030D5
:10C2B8000BB15B68ABB907F1200407F12C064D45BB
:10C2C800BFF687AD34F8023B2BB156F8250043681A
:10C2D8001B6803B198470135F1E7204605F002F8DD
:10C2E80037E75246314640469847E4E7072B2D6822
:10C2F80016D8094A69E500BF9D430200C2430200FF
:10C30800E34302000F4402003C0E02000E43020009
:10C3180020440200424402006F4402009837002083
:10C328000821F86912F051F8038800227B614388DC
:10C3380021463B618388FB60B0F8069028460FF0E1
:10C348009EFE60B3B0F8B230BB61B9F10A0F00F2DB
:10C358009280012340F2116203FA09F3134240F07C
:10C36800858013F4907F00F08680002221462846BD
:10C378000FF085FE0646A0B90026B0469B4B1B6809
:10C38800002B3FF426AD1C68002C3FF422ADBB699E
:10C3980042460093494633462846A04719E5B86106
:10C3A800D3E706F1B80013F0B4FC494630460FF065
:10C3B800DDFE00283FF40DAD284631460FF00BFF97
:10C3C80030460FF01FFFD0E70AF1B80013F0A1FCC8
:10C3D800BBF81020012A14D80121854A85480FF09E
:10C3E8008FFE284651460FF0F6FE50460FF00AFF22
:10C3F8000022214628460FF042FE82460028E3D15B
:10C40800BCE7F86911F0E9FF08F1010801465FFA95
:10C4180088F80028E5D0284610F0A5F860B1514604
:10C42800B86028460FF0D7FE50460FF0EBFEBA680A
:10C43800104610F009F9DBE703227B698AF8B0207F
:10C44800AAF826303B69DAF80420AAF824108AF8FA
:10C45800B400AAF8283012680AB1504690475046EE
:10C46800F96801360FF064FEF6B2C1E70026B0465F
:10C47800BEE70FF0C7FE0122214628460FF0FFFD58
:10C488000028F6D178E7032B2E6801D85A4A9CE495
:10C498000421F86911F099FFB0F802A0BAF13F0F32
:10C4A8005BD9B0F80090B9F13F0F34D9BBF8103020
:10C4B8000A2B52D80025A846BBF81030012B0AD801
:10C4C8001DB1B8F1010F4CDC002507F12C0BA84574
:10C4D80037D1002520E0F86911F07FFF014630468A
:10C4E80010F041F800283AD0C38C07F12C02994586
:10C4F8001ED26D468AB004AAC2E9073905233F490E
:10C50800C2E9051042F8103F00234FF42151394881
:10C51800F7F772FFAD460125214602221A20FEF7E1
:10C528003BFF022104460C3011F009FF05808FE51E
:10C53800038D42F82800534588BF012508F10108FA
:10C54800BAE75BF825004368A0F82690A0F828A071
:10C558005B6A03B198470135B9E70425DCE7032591
:10C56800DAE70225D8E7012BD5F8008001D8244A5C
:10C578002BE40221F86911F028FF0026B0F800909A
:10C588000022214640460FF07AFD054600283FF478
:10C5980020AC05F1B80013F0BCFBB9F1000F01D1D4
:10C5A8002B8CEB826B682E8485F8B4605B6A002B59
:10C5B800E6D028469847E3E7022113460D48114A7A
:10C5C8000DF0F7FE0222012071782D68FEF7E4FED7
:10C5D800044600283FF4FDAB02210C3011F0AFFEF9
:10C5E8000023214603704370284633E5983700201E
:10C5F800944402003C0E0200B4440200DB440200F2
:10C60800FA4402002145020008B50B8A032B06D81C
:10C618000121044A04480FF073FD002008BDFFF70C
:10C62800B7FBFAE7494502003C0E02002DE9F34743
:10C638001F460368054691460C46D1F818800191BB
:10C64800002B5ED05B7B072B5BD110300FF055FDC4
:10C658008307C0F3400A57D4002200232C4809F06E
:10C668001DFC064650B902212A4A2B480FF048FD06
:10C678006FF06804204602B0BDE8F087C0F800A05B
:10C68800AB8CC0E902978380A061AB6C73B10024C6
:10C69800019905F130008B691C6011F018FE002229
:10C6A800002305F1500009F029FEE3E72A6B002A70
:10C6B800EDD105F12C000FF020FD0028E7D0284629
:10C6C80001A90FF0EDFD041ED4DA14F10B0F0BD104
:10C6D800019FBB691B683BB1394605F1300011F079
:10C6E800F6FDBB691C68C5E7012123460B4A0A48C9
:10C6F8000DF05FFE019B3046C3F81880FEF730FE50
:10C70800B8E76FF07F04B5E76FF06D04B2E700BFDC
:10C718001C0B0020674502003C0E02008545020004
:10C7280023281FD81A2804D8431E182B0ED90620F0
:10C738007047A0F11B03082B1ED8DFE803F0051D86
:10C748001B231D19251D05000320704701230F4ACF
:10C7580083401A40C2B90E4A1A40002A14BF012069
:10C768000620704700F07F03522B05D10020704748
:10C77800012070470520704710F0400F0CBF0620BD
:10C78800002070470420704702207047AAAA8A0236
:10C798005455450108B5437B072B06D002210C4AA6
:10C7A8000C480FF0B4FF002008BD04210FF019FF5A
:10C7B800034610B9084A0121F2E7022100F5887002
:10C7C8000FF09AFF08B9054AF5E753F8080CEBE7AC
:10C7D800AF450200BC0D0200BD450200D84502006D
:10C7E800A0F10801014813F0BBB800BFDC09002024
:10C7F80010B504460021142213F046FE2146BDE878
:10C808001040014813F078B9040B0020B0B503219B
:10C8180000AF054610F01DF8041E18DA28460FF080
:10C82800AEFBFAF78BFE6D468AB06A46094BD461B7
:10C83800C2E905304FF400731384074B42F8103FE8
:10C8480000234FF412510548F7F7D6FDAD46BD4613
:10C85800B0BD00BFF245020004000001BC0D02009B
:10C868002DE9FF414FF000084FF4205305460E46CE
:10C87800006802A9144617688DF80880ADF80A30D8
:10C888000EF0BCFDA0B142F60103286803A98DF89B
:10C898000C80ADF80E300EF0B1FD48B123691BB124
:10C8A8005A88B24200D25E80012004B0BDE8F0810F
:10C8B800616828680EF0A2FD10B100232361F3E738
:10C8C800E368A0681A786AB1B7F81EC0F98D038AC0
:10C8D8008C4594BFC3EB0C03C3EB0103934201DA0D
:10C8E8000020E2E704210C3011F029FD20610680C8
:10C8F800236929465E80074B01940093384600233C
:10C90800A26810F060F80028EADB2069003818BF38
:10C918000120CAE7DBC801002DE9F34700F58C7850
:10C928008F6906460D46CB6840460221D7F800902D
:10C938000FF0E2FE50B901214C4A4D480FF0E7FED6
:10C948006FF01504204602B0BDE8F0871A78022A75
:10C9580005D1B28D042A02D06FF08504F2E7304683
:10C968000FF0D0FE00283BD0042140460FF0C4FE53
:10C97800014610B16FF00A04E4E71878D228EBD02A
:10C98800FFF7CEFE012819D0D8E8EF3F43F0100397
:10C99800C8E8E23F002AF7D13E60EB68083618780D
:10C9A800FFF7BEFE052810D9324A3B4629463046D5
:10C9B800FFF73CFE041E0CDB0024C3E706F1180059
:10C9C8000FF09AFE0028DFD1D4E72B4B53F8202034
:10C9D800EBE704214046C7F8009010F0B4F8B1E73F
:10C9E8001B78D22B12D133682946186811F0D1FA76
:10C9F800044658B10121214A1D480FF088FEA86954
:10CA0800FFF7F6FE284604F06DFC9BE705F10C00E5
:10CA180011F0EBFCB5F810A03E60336880461C6846
:10CA2800EB6804211878FFF77BFE052898BF144BA4
:10CA38002A4694BF53F82030124B204600970FF037
:10CA480016FC04460028B7D010F1690F04D1012163
:10CA58000D4A07480FF05BFE6B69A5F810A013FAA2
:10CA680088F3EB60C7F800906CE700BFD845020078
:10CA7800BC0D02008BC70100741802003B4602007F
:10CA88005C180200EDCF01004E46020000B50246D8
:10CA980013F03AFF0B4606490858064988420648EB
:10CAA80004BF002200235DF804EB09F0F7B900BFCA
:10CAB80008000000182B0020040B00202DE9F74384
:10CAC8000D46C38BC18D01328B4228BF0B469A425B
:10CAD80007460AD9022100922248234A0DF073FC26
:10CAE8000024204603B0BDE8F0832846FFF718FE6F
:10CAF800022814D0042812D04FF0FF384FF0FF3925
:10CB0800002142464B4608460FF0AEFB044658B992
:10CB180001212B46154A13480DF04BFCE0E74FF472
:10CB280070284FF00009EBE740464946FFF7AEFF93
:10CB3800064640B902210E4A0A480FF0E8FD204691
:10CB480004F0D0FBCCE704F10C080B21404611F0AF
:10CB5800F2FB376001214046A66111F0F0FB057039
:10CB6800BFE700BFBC0D020071460200444002004E
:10CB7800964602002DE9F74317680546884600687F
:10CB880051681446BE680EF039FC8146002842D12F
:10CB980030469522294610F058FE0646207540B1C9
:10CBA800E3681B780BB184F81490002003B0BDE84B
:10CBB800F083A06811F091FB02210C3011F0BFFB4B
:10CBC800164B2061A0F80080009301943346294653
:10CBD8003846A2680FF0F7FE002807DA10F1FF0FB9
:10CBE80032BF0E204042C0B22075DEE72369002B19
:10CBF800DBD0A0680FF066FDFB8BFA8D9A4294BFDC
:10CC0800C0EB0200C0EB0300E3681B78984294BFB6
:10CC180000200120CAE70120C8E700BFDDC60100E7
:10CC280010B5B0F8623090F86610042B17D1B0F840
:10CC38006430042B13D10023A0F86230A0F86430CC
:10CC480080F8663059B100680FF003FE031E06DA5B
:10CC5800BDE810400121024A02480DF0AABB10BDF0
:10CC6800B5460200BC0D02002DE9F04F42F6010363
:10CC7800002591B0166880460F4600680BA9D6F8C3
:10CC8800089014468DF82C50ADF82E300EF0B6FBF7
:10CC9800002870D04FF42053D8F800000BA98DF865
:10CCA8002C50ADF82E300EF0A9FB38B1A3681BB19B
:10CCB8005A88BA4200D25F8001200EE061680846B7
:10CCC8000FF000FDF28BF38D9A4294BFC0EB020087
:10CCD800C0EB0300032803D8002011B0BDE8F08F93
:10CCE800084611F0FAFA054660680FF0EBFCF28B83
:10CCF800F38D05F10C0B9A4294BFC0EB020AC0EB0E
:10CD0800030A584611F075FB824537D260680FF068
:10CD1800D9FCF28BF38D9A4294BFC0EB0200C0EBB2
:10CD2800030070B96368987A04F032FA002200238D
:10CD380011F099FA05460028CED00146606811F036
:10CD4800DDFA00230093D8F80460102341464846D2
:10CD580002AAB047061E0EDB227CE068B2422BD046
:10CD680001460BA80EF078FB60B9237C144A022117
:10CD780014480DF01EFB0023A3609DE7584611F0F0
:10CD880038FBCEE7F2B202A906A80EF065FB10B98F
:10CD98000D4A3346EBE706A90BA80EF02FFB002837
:10CDA800E9D100230421637405F10C0011F0C7FADE
:10CDB800A0600780A3687EE702A913F080FBEEE776
:10CDC800E8460200BC0D020007470200F0B583B038
:10CDD800436A04460D4600AF7BB10022A3F5B47345
:10CDE8007B601968A14202D10132042A20D0D3F80D
:10CDF800683113B1A3F5B473F2E70026391D002298
:10CE0800002327487E6008F0AFFE0146A0B12368E2
:10CE18006C4688B06A462349C2E90513032342F8E1
:10CE2800103F4FF4C45133461F48F7F7E5FAA546BB
:10CE380000200C37BD46F0BD7B684FF4B872184629
:10CE480013F022FB194AC26000F5907012F048FEF8
:10CE58007B6803F58C73D3E8EF2FC3E8E15F002903
:10CE6800F9D17B681C60636A7D681BB904F10C000A
:10CE780012F036FE626A05F5B473C5F86821A26A35
:10CE8800636202B9A36278680FF03CFC7B6818B152
:10CE980040221846DA83CCE71722DA85F9E700BF83
:10CEA800DC09002026470200BC0D0200AC0500206A
:10CEB8002DE9F04182B000AF05460E46002200235E
:10CEC8001F48391D08F050FE0446B0B16C4688B0C2
:10CED8006A461C4BC2E90535032342F8103F00237C
:10CEE8004FF4C2511848F7F787FAA5466FF00B04BC
:10CEF80020460837BD46BDE8F08113F005FD134B09
:10CF0800D7F804801A58124B21461A6008F1040019
:10CF1800642213F0B9FAC8F8005078680D49C0E9DE
:10CF28000144C0E90944303012F0E5FE2146786832
:10CF3800FFF74CFF0028D9D008303060D8E700BF91
:10CF4800C00900204B470200BC0D02000800000089
:10CF5800743A002049D7000010B5044600F58873DC
:10CF6800D3E8EF1F41F00401C3E8E21F002AF7D11C
:10CF7800A4F108000FF0CDFB04F59870034912F0F6
:10CF8800BAFE2068BDE8104002F04AB9C1D90000D5
:10CF98002DE9F3470B8A04460E46076843B9012179
:10CFA800384A39480FF0B3FB002002B0BDE8F087DB
:10CFB800012106F10C0011F008FA7B7B0546072BCE
:10CFC800F2D154F8083C002BEED0002203782F4F02
:10CFD800A4F1080817F832004FEAC20A984207EB92
:10CFE800C2010DD191F80290B9F1010F20D10021B1
:10CFF80004F588700FF0B8FF28B3254A0221D0E75E
:10D0080001320E2AE6D102211F48224A0DF0D1F939
:10D0180029780846FFF784FB0028C5D00528C3D027
:10D028000029C1D00623002240460FF003FEBBE7CB
:10D03800B9F1050F07D1012104F588700FF094FFAD
:10D0480008B1154ADAE75744338A7A789A420BD9F5
:10D058002A78012100920C48104A0DF0B4F9B9F170
:10D06800010FA1D1042309E07B6831464046984767
:10D07800B9F1010F034697D1002895D029780029E6
:10D0880092D0D0E770470200BC0D0200941802004D
:10D09800A54702008B470200C1470200E047020093
:10D0A800F0B51E4603680D460039044618BF012135
:10D0B80087B01868174610F089FC48B9052104F5AF
:10D0C8008C700FF051FF002848D0002007B0F0BD49
:10D0D800002E45D018220021684613F0D5F967BB09
:10D0E800236831461B68304600930023ADF81230A0
:10D0F8000C9B1C4A0393BDF834308DF80850ADF8EA
:10D10800103001238DF814306B460FF097FB9DF813
:10D118001430E3B1002FD8D0019B9869FFF768FB62
:10D12800019804F0DFF89DF81430002DCDD0324678
:10D13800294620460FF07EFDC7E7002239462046E3
:10D14800FFF7BCFC01900028CAD11120BEE7019965
:10D158000029BAD020460FF05DFDB6E71220B5E7EA
:10D168000120B3E7E3C70100F8B50F461646FFF7FD
:10D1780011FBB8B1446ABCB1A4F5B47024680CB111
:10D18800A4F5B474731C194638B1C28DC58BAA4274
:10D1980028BF2A469A4209D274B902210B4A0C4880
:10D1A8000DF007F90020F8BD2046EBE73246394676
:10D1B800BDE8F840FFF782BCD4F868510DB1A5F579
:10D1C800B47520460B462C46DFE700BFFF47020038
:10D1D800BC0D0200F8B50D46002106464FF470223A
:10D1E800002308460FF040F8044640B901212B46B9
:10D1F800144A15480DF0DDF800242046F8BD3046E5
:10D208000FF080FA04F10C07002814BF0B21092144
:10D21800384611F090F84FF470200021FFF736FCE3
:10D2280040B90221094A08480FF071FA204604F073
:10D2380059F8E1E706600121A061384611F07FF84E
:10D248000570DAE744400200BC0D02009646020071
:10D258002DE9F0410E8A0446043EF6B2022E084635
:10D268008CB001D0102E6BD104210C3011F0ADF828
:10D278000DF1080805884788011D324640460EF022
:10D28800EBF800285ED0002D39D00026002F35D0CD
:10D29800BD4234D84FF42053404601A98DF80460AC
:10D2A800ADF806300EF0AAF868BB1422002107A8D2
:10D2B80013F0EAF8012211212046FFF78BFF0990AD
:10D2C80000283BD001210C30CDE9074811F037F890
:10D2D80000230A90394603701B4A0B93284607AB74
:10D2E8000FF0ACFA0A9B1B781BBB099B9869FFF7E8
:10D2F8007FFA099803F0F6FF0A2301E03D4601236F
:10D308002A4610210EE042F60103404607A98DF88F
:10D318001C60ADF81E300EF071F80028C5D010233F
:10D328002A46194620460FF085FC00200CB0BDE8BF
:10D33800F081204609990FF06DFCF6E71120F5E71A
:10D348000420F3E70E20F1E769C800002DE9F04357
:10D35800036804460D4685B00121186810F036FBB5
:10D3680050B9052104F58C700FF0FEFD00283BD163
:10D37800122005B0BDE8F08310220021684613F0A2
:10D3880083F8002221212046FFF724FF029068B38A
:10D398004FF00108DFF85890009405F10C072B8A2C
:10D3A800012B04D8204602990FF034FC1CE03846C3
:10D3B80011F013F86B464A46014606468DF80C8074
:10D3C8000FF03CFA9DF80C30002BE8D0029B9869CE
:10D3D800FFF70EFA029803F085FF32462021204617
:10D3E8009DF80C300FF026FC0020C2E71120C0E7A2
:10D3F800BDCC01002DE9F043036804460D4685B015
:10D408000121186810F0E2FA50B9052104F58C7072
:10D418000FF0AAFD00283BD1122005B0BDE8F0832B
:10D4280010220021684613F02FF800220F21204611
:10D43800FFF7D0FE029068B34FF00108DFF858906C
:10D44800009405F10C072B8A012B04D82046029979
:10D458000FF0E0FB1CE0384610F0BFFF6B464A4671
:10D46800014606468DF80C800FF0E8F99DF80C305F
:10D47800002BE8D0029B9869FFF7BAF9029803F0ED
:10D4880031FF32460E2120469DF80C300FF0D2FBBA
:10D498000020C2E71120C0E777CC0100F0B51D4697
:10D4A800036804460E4685B001211868174610F037
:10D4B8008DFA40B9052104F58C700FF055FD70BB4D
:10D4C800122005B0F0BD8DB310220021684612F07D
:10D4D800DBFF002239462046FFF77CFE029038B376
:10D4E800BDF828302946ADF80430012328468DF8C8
:10D4F8000C30104A6B4600940FF0A0F99DF80C30E0
:10D508007BB1029B9869FFF773F9029803F0EAFE72
:10D518002A46314620469DF80C300FF08BFB002040
:10D52800CFE7204602990FF075FBF8E70120C8E71E
:10D538001120C6E777CC01002DE9F0410D8A044699
:10D54800043DEDB2022D08468CB001D0102D50D10B
:10D5580004210C3010F039FF0DF1040806884788C3
:10D56800011D2A4640460DF077FF002843D096B1AA
:10D5780087B1B7420FD3182200210DEB020012F039
:10D5880083FF012209212046FFF724FE089060B995
:10D59800112007E03E4601233246082120460FF0BD
:10D5A80049FB00200CB0BDE8F08101210C30CDE929
:10D5B800064810F0C4FE0023099003700A23394678
:10D5C8008DF82C30304606AB0C4A0FF037F99DF831
:10D5D8002C304BB1089B9869FFF70AF9089803F0BB
:10D5E80081FE9DF82C30D7E7204608990FF012FBF2
:10D5F800D7E70420D6E70E20D4E700BF7DCB000094
:10D608002DE9F0430F460446062187B007F10C00C8
:10D6180010F0DBFE0588B0F802808288D7F80C90FD
:10D62800C5B10023B8F1000F13D0454512D88DF8C5
:10D6380000308DF804304FF42053684601A9ADF846
:10D648000220ADF806300DF0D9FE064660B10A2377
:10D6580001E0454601232A46062120460FF0EAFA52
:10D66800002007B0BDE8F0830146142201A83F7CE2
:10D6780012F00AFF324607212046FFF7ABFD029061
:10D68800F8B10A2341468DF81530284601AB0E4AF9
:10D69800CDE9036901948DF814700FF0CFF89DF867
:10D6A80015304BB1029B9869FFF7A2F8029803F076
:10D6B80019FE9DF81530CEE7204602990FF0AAFA18
:10D6C800CEE71120CDE700BF71CC00007FB5CB6855
:10D6D80004461D885E888DB17EB1B5420ED81022F1
:10D6E8000021684612F0D0FE002205212046FFF7EF
:10D6F80071FD019058B9112007E0354601232A46EB
:10D70800042120460FF096FA002004B070BD6B4645
:10D7180031462846094A00940FF090F8029B43B915
:10D72800019B9869FFF764F8019803F0DBFD0A2371
:10D73800E5E7204601990FF06DFAE5E717C9010002
:10D7480013B5044690F8301050F8300C0FF0F5FC83
:10D7580010F10C0F09D0002807DA94F830300221B4
:10D768000090034A03480CF02EFE02B010BD00BF23
:10D778001A480200BC0D020070B5134812F0B0F947
:10D788000024124D104E29463046013412F0B4F9E7
:10D79800142C05F11405F6D10D4C00F003FF208878
:10D7A800FEF7D8F8844209D02046FEF7E1F8031EB8
:10D7B80004DA0121074A08480CF0FBFDBDE8704077
:10D7C8000648FDF785BE00BF040B0020E4380020A2
:10D7D800A005002047480200BC0D02008C1802007A
:10D7E80013B50B460021024613F08EF801910D493E
:10D7F8000C680D4909580D488C4208BF002201A940
:10D8080008BF134608F0B0F9014640B9019B1C2235
:10D81800184612F039FE0346184602B010BD002320
:10D82800FAE700BF743A002008000000140A00203C
:10D8380010B5836804463BB19869FEF7D9FFA06824
:10D8480003F050FD0023A3602146BDE810400148C5
:10D8580012F086B8140A00202DE9F347044600F5B3
:10D868009C700E4617461D4612F053FAD4F81C0158
:10D8780058B90221164A17480EF049FF20680FF0E0
:10D88800F7FA002002B0BDE8F087134B4FF000080C
:10D89800984202D1C4F81C81F0E7D0F80490C0F88F
:10D8A8000480D4F81C01D0F818A0FFF7C1FF206845
:10D8B800C4F81C810FF0DCFAB9F1000FE1D0206840
:10D8C800CDF800A03B46324629460068C847D8E74D
:10D8D8006A480200BC0D0200783A00202DE9F041A8
:10D8E80050F8084C05468CB0002C60D000F5B0719B
:10D8F80004F124000FF00EF9A5F1080705F58C785E
:10D9080000220023404610F0B3FC064670BBD5F851
:10D9180014312BB1024601460E233846FFF79CFF0F
:10D928000023022145F8083C05F588700FF00BF933
:10D93800636A002B3BD102A904F1300012F0FDF913
:10D9480004F10C0700220023384610F091FC06462B
:10D9580098B96668C6B921461648266012F000F8DC
:10D9680028680CB0BDE8F04101F02CBDB069FEF7A5
:10D978003FFF304603F0B6FCC2E7B069FEF738FF58
:10D98800304603F0AFFCDDE7A26833689642636077
:10D9980008BFA360776837B1B3690E2100930023ED
:10D9A80020681A46B8473046FFF742FFD1E70CB067
:10D9B800BDE8F081C00900202DE9F04192B0A0F542
:10D9C8009C731B6806AF064618680EF0D8FA0378F1
:10D9D80004463D1D032B3BD8DFE803F002343638FC
:10D9E8001E492846F3F744F9A3790595627807F1AB
:10D9F80010080492A2781E210392E278404602920F
:10DA08002279019262796C460092154A09F0DAFB94
:10DA180088B006AA134BC2E905384FF40073938304
:10DA2800114B42F8103F00234FF4E2510F48F6F72C
:10DA3800E3FCA6F59870A546FFF750FF3037BD46C2
:10DA4800BDE8F0810A49CCE70A49CAE70A49C8E7AC
:10DA58000A212846094A09F0B5FBC5E74331020007
:10DA6800653102008148020003000001BC0D02007C
:10DA78004A310200513102005B310200334F02008B
:10DA8800F8B506460F460024094D15F8013CB34287
:10DA980007D1294638460FF005FD10B10548204446
:10DAA800F8BD1034402C05F11005EED10020F7E741
:10DAB800DD3A0020DC3A0020F8B506460F4600247F
:10DAC800094D15F8013CB34204D1294638460FF0F8
:10DAD800E9FC30B90C34302C05F10C05F1D10020EB
:10DAE800F8BD02482044FBE7812100208021002066
:10DAF800F8B506460F460024094D15F8013CB34217
:10DB080007D1394628460FF0CDFC10B1054820440E
:10DB1800F8BD0C34302C05F10C05EED10020F7E7E8
:10DB28000F4000200E40002010B518461446074943
:10DB38001022A047041E07DA23460121044A05489B
:10DB48000FF0E8FC204610BD0024FBE7F021002080
:10DB5800A2480200F40D0200102110B50648F9F79A
:10DB68005BFE034630B1BDE810400121034A04487A
:10DB78000FF0D0BC10BD00BFE0210020C348020058
:10DB8800F40D02002DE9F041054600260C4CDFF8A3
:10DB980034802746621C6DB9414610460FF082FC5E
:10DBA80028B90136042E04F11004F2D100273846B2
:10DBB800BDE8F081284621780EF0C1F9F0E700BFF2
:10DBC800DC3A002030310200F8B506460B4F4C1CF9
:10DBD80001F11F056EB12246304614F8011C0EF003
:10DBE800AEF908B1601EF8BD0A34AC42F2D100208B
:10DBF800F9E7394620460FF055FCF2E730310200CC
:10DC08000246014610B5042311F8010B0832F9F752
:10DC1800D1FD034630B1BDE810400121024A034856
:10DC28000FF078BC10BD00BFE9480200F40D0200F7
:10DC3800022110B509480FF057FC084007D10849E0
:10DC4800084A0B88084CA24202D300B10B8010BDD1
:10DC58005068083203449BB20120F4E71C3B0020C3
:10DC68003E400020840D0200A40D02002DE9F04181
:10DC780006460F4690460DF02EFD50B33946304605
:10DC8800FFF71AFF054678B90446134A10460FF005
:10DC980043FCC0B90C225443104A601C3946104456
:10DCA8000FF063FCA5181655012105F1080001FACB
:10DCB80008F10FF019FCBDE8F0414FF400420023D1
:10DCC800074808F01BBB0134042C02F10C02DDD11B
:10DCD800EAE7BDE8F08100BF88210020802100200C
:10DCE800B021002070B5204B144682689A420FD1AB
:10DCF800A568C66875B92279304621680FF0DAFB45
:10DD0800024628B1194901300FF02FFC1570158112
:10DD1800012070BDE0680028FBD02B888B420AD018
:10DD2800F6D2E068A36801380433E060003818BF11
:10DD38000120A360EDE725682279294630460FF0D7
:10DD4800B9FB024660B9304608490FF0B3FB0246FA
:10DD58000028E6D0294601300FF007FC237913701C
:10DD6800A3685B881381DCE7C1E100003031020061
:10DD78002DE9F04180460F4616461D46FFF7B8FECE
:10DD8800044680B91549FFF7B3FE044630B9BDE82B
:10DD9800F0410121124A13480FF082BB394600F8BE
:10DDA800018B0FF0E2FB228963896AB973B9268176
:10DDB8006581214611F8010B0DF08DFC40B120461C
:10DDC800BDE8F041FFF71CBF964203D39D42EFD850
:10DDD800BDE8F0819D422681EBD9E9E730310200A8
:10DDE80005490200F40D020010B5FFF781FE044654
:10DDF80070B1014611F8010BF9F7EAFC034620B1AE
:10DE08000121044A04480FF085FB20460FF0B4FBBB
:10DE1800002010BD24490200F40D020070B500F185
:10DE2800880504462946007A0DF055FC0346294624
:10DE3800207A53B1FFF7D8FF034668B1BDE87040B8
:10DE48000121064A06480FF065BBFFF751FE18B1DD
:10DE5800BDE870400FF090BB70BD00BF41490200A3
:10DE6800F40D020008B50121034A04480FF018FB1D
:10DE78006FF0150008BD00BF57490200F40D0200FD
:10DE88001FB519464FF428131046064ACDE9022358
:10DE98000823BDF8182000936B440FF081FB05B0F0
:10DEA8005DF804FB1800280008B513468168074A86
:10DEB800914209D11A791968C0680FF0FBFA18B1B4
:10DEC8000023036043600381012008BDC1E1000015
:10DED80070B50B4B164682689A420ED1C5686C1C09
:10DEE8001F35204631680FF0DDFA18B120467168F9
:10DEF8000FF03BFB0A34AC42F3D1012070BD00BFE8
:10DF0800C1E1000038B514460B4B82680D469A42B1
:10DF18000FD122792168C0680FF0CCFA48B1D4F843
:10DF2800C83004EB83021581018901335181C4F89B
:10DF3800C830012038BD00BFC1E100004FF4A47211
:10DF48000023014808F0DAB97822002008B5042136
:10DF580008480FF0C9FA6FF0020106480FF0CFFA2F
:10DF680004480FF0D9FAC30701D5FFF7E7FF0020EF
:10DF780008BD00BFA8220020024608B507490130A5
:10DF88000FF0F3FA00230C3202F8043CD2E8EF1F3A
:10DF9800C2E8E03F0028F9D108BD00BF30310200D7
:10DFA80037B504460D46FFF76BFD0246C0B1037A4C
:10DFB8000C308DF804300FF0AFFA022300F00100A6
:10DFC8008DF8050001AA29462046F9F709FC034601
:10DFD80020B10121034A04480FF09CFA03B030BD78
:10DFE8000346F0E763490200F40D02002DE9F0470B
:10DFF80084B08A4690469946044600AF58B9012134
:10E00800384A39480FF04CFA6FF015052846103792
:10E01800BD46BDE8F08707F108010DF0C9F90546CE
:10E0280098B16D4688B06A46304BC2E905344FF462
:10E03800007393832E4B42F8103F00234FF4E251B4
:10E048002948F6F7D9F9AD46DEE72046391D0CF028
:10E0580095FA786820B30A22294609F0DFF80128E2
:10E06800034605D90121234A1F480FF053FACBE78D
:10E07800C6B2304607F10801FFF73AFD044630BB47
:10E08800BAF1000FC2D01C49FFF732FD044648B967
:10E0980001211A4A14480FF003FA6FF00B05B5E78F
:10E0A8002E46E6E700F8016B07F108010FF05DFA6C
:10E0B80004F1080104224846C047041EA6DA234694
:10E0C80001210F4A08480FF025FA25469EE7BAF1C4
:10E0D800000FEDD1C0F800A0C0F804A0C0F808A057
:10E0E80094E700BFA0310200F40D02008C49020041
:10E0F80003000001A849020030310200C3490200B0
:10E10800A24802002DE9F047284B164682680746C8
:10E118009A422BD1C568EB8B43B34FF000086C1CB7
:10E1280005F11F09B4F807309BB12246304614F8B0
:10E13800011C0DF004FFE0B9214614F8010CFCF7AE
:10E148004DFE30B1437B072B08BF4FF001080DF09F
:10E158004BFE0A344C45E5D1B8F1000F06D12B6AC5
:10E16800A5F81E8013B14146384698470120BDE8FE
:10E17800F08706F1880A5146307A0DF0ACFA78B982
:10E188000B4B9D4202D13046FFF748FE2046094915
:10E198000FF0EBF9002304F8013CA4F80730D8E7A6
:10E1A800514620460FF0E1F9D3E700BFC1E1000076
:10E1B80020060020303102002DE9F0471F46BDF847
:10E1C800203006468846D1F80C90002B4ED17B1E95
:10E1D800012B4ED8012F4946157818BF1588FFF72F
:10E1E800F3FC0446B8B915B93846BDE8F087494686
:10E1F800FFF7EAFC044638B91F4802211F4A0FF00E
:10E208004FF96FF01000F0E706F1880101300FF0C8
:10E21800ACF9337A2370D9F82430DBB9B4F808A004
:10E228002581B9F81E30AB4203D0494640460FF06D
:10E23800B9F8AA4505D00022307A06F18801FFF71F
:10E2480015FD002DD0D10E49601C0FF08EF92570F8
:10E258002581C9E72A464146304698470028C4DB4D
:10E2680001380128DAD96FF00D00BEE76FF006001B
:10E27800BBE76FF00C00B8E7F40D0200E5490200B7
:10E288003031020038B505460C460F4801210FF021
:10E298002BF910F0010F0D4B0AD11D835C830A483E
:10E2A8000FF03AF9830709D4BDE83840FFF746BEB6
:10E2B800198B5A8BA94202D89442EFD838BD9442A0
:10E2C8001D83ECD9EAE700BFA822002058220020CD
:10E2D800F8B500250A4C0B4F661C394630460FF03E
:10E2E800E1F8014630B920460FF0F5F931462078BB
:10E2F800FFF756FE0135042D04F11004ECD1F8BDEA
:10E30800DC3A0020303102002DE9F0411F46BDF80B
:10E3180018300646012B904635D83B44012B3D4624
:10E3280034DCFFF72FFC044668B9FFF72BFC0446E2
:10E3380048B90221184A19480FF0B2F86FF01005D1
:10E348002846BDE8F08197B10023217A98F800208B
:10E3580021FA03F0C70703D522FA03F0C00718D53E
:10E368000133032BF4D102F007021143217206F1A5
:10E378008801601C0FF0F9F8337A012120462370D8
:10E388000FF0B9F9DCE76FF00605D9E76FF00C0577
:10E39800D6E76FF01205D3E7FF490200F40D02003B
:10E3A80010B56FF0020104460E480FF0A8F80D48AA
:10E3B8000FF0B2F8C20704D5002200230A4807F07C
:10E3C8009DFF20460EF096FF58B12046FFF7DAFB76
:10E3D80038B1037ADB0704D5BDE8104001210FF0FE
:10E3E8008AB910BDA822002078220020F8B56FF065
:10E3F800080117480FF083F84FF4A472002315485A
:10E40800F9F792FA0026144C144F651C3946284631
:10E418000FF048F8B0B9237ADB0713D52946FCF783
:10E42800DDFC054620B10EF07AFF28460DF0DCFC35
:10E438006FF0020104F10C000FF061F80021204692
:10E448000FF059F90136042E04F11004DDD1F8BD9E
:10E45800A822002000220020DC3A002030310200EF
:10E468002DE9F04784B08A4690469946044600AFA5
:10E4780058B90121424A43480FF012F86FF01505C8
:10E4880028461037BD46BDE8F08707F108010CF0B3
:10E498008FFF054698B16D4688B06A463A4BC2E987
:10E4A80005344FF400739383384B42F8103F002330
:10E4B8004FF4E2513348F5F79FFFAD46DEE72046BB
:10E4C800391D0CF05BF8786800B30A22294608F079
:10E4D800A5FE0128034605D901212D4A29480FF038
:10E4E80019F8CBE7C6B2304607F10801FFF7C8FABA
:10E4F800044698B9FFF746FB044648B90121254A66
:10E5080020480EF0CDFF6FF00B05B9E72E46EAE77D
:10E5180000F8016B07F108010FF027F8BAF1000FB6
:10E528002AD0022239464846C047061E07DA334633
:10E538000121194A13480EF0EDFF3546A0E73B7854
:10E54800022E237209D00221144A0E480EF0A8FFA9
:10E55800002120460FF0CFF892E77B78012B05D9F0
:10E5680031460F4A07480EF0D5FFF1E7204603F081
:10E5780001010FF0B0F883E72046FFF7FDFC7FE7C5
:10E58800A0310200F40D02008C49020003000001D2
:10E59800A84902002B4A0200A24802004D4A020084
:10E5A800A14A020008B5012112480EF09DFFC307D9
:10E5B8001FD4FFF73DFB1049104811F09CFB0023C6
:10E5C8004FF4A4720D48F9F7A9F90D490D4811F057
:10E5D80092FB02210C480EF087FF0C490C4811F001
:10E5E8008AFB0C48FCF730FEBDE808400A48FCF7F7
:10E5F800CFBB08BD1C3B002027D80100002200200B
:10E60800BDED000078220020A8220020B3DA010026
:10E61800B0210020F0050020D405002003462DE994
:10E62800F04148B1008A38B901244FF0140C11495F
:10E63800DFF844E0714501D3BDE8F081D1E9007607
:10E64800BB4204D30CFB0672143A93420ED93444ED
:10E65800A2B214460831EDE70CFB0578434507D014
:10E6680001356219B54292B2F6D1F2E70025F8E712
:10E678001046E1E7840D0200A40D02002DE9F04FD9
:10E6880089B09946BDF8483004460F4690461BB9F4
:10E698004FF6FF73ADF84830314B1B88A34230D298
:10E6A800BDF84830ADF81E302E4B1D687DBB09B053
:10E6B800BDE8F08F69685144A14220D289B28A46E8
:10E6C8000835294B9D42F5D3EAE7149B2868049343
:10E6D800139B2246039312ABCDE901930BFB060073
:10E6E8003B46CDF800800EF01AFF0028DFD0013637
:10E6F8006B680AEB0601B34289B2E6D8DFE7002669
:10E70800F6E74FF0010A4FF0140B184DD9E74FF018
:10E71800140A083D0DF11E0BAE68BEB96B689E4227
:10E7280019D22868149B0AFB0600018A0493139BDC
:10E738002246CDE902B3CDE900893B460EF0EFFE53
:10E748000028B4D00136E9E70026E7E756F8083C88
:10E758001B8AA342F8D8AD68002DA8D0083DDBE796
:10E768003E400020203B0020A40D0200840D020042
:10E7780010B50024C8B069461CAA04A8CDE9004415
:10E78800CDE902440CF0AFFA30B9134A012113481D
:10E798000EF086FE48B010BD4FF6FF710120104AFA
:10E7A80004AB0FF031F80F4804A90CF031FB08B99D
:10E7B8000D4AEBE721460B4B03F11002187812F8CB
:10E7C800014D0131082903F8014B1070F6D10748B3
:10E7D8000EF08AFEDEE700BFF24A0200F40D0200E6
:10E7E80003D40100E02100200B4B0200A8220020E6
:10E7F8002DE9F04118490446A1F1300015461E469E
:10E80800BDF8187011F099FA14480EF085FE01074A
:10E8180005D4FFF7ADFFFFF75BFDFFF79DF9204635
:10E82800FFF7B0F968B1037ADA070AD500F10C04EA
:10E8380020460EF071FEC30703D4022120460EF0D5
:10E8480053FE10233A46069331462846BDE8F04168
:10E85800034B0EF0A5BE00BF30220020A8220020E6
:10E86800E021002010B51B480EF056FEC0F3C00092
:10E8780080F0010408B9FFF77BFF16480EF04CFE44
:10E88800034614480EF048FEDA0622D5830606D55C
:10E89800FCB1FFF71DFDBDE81040FFF75DB9202171
:10E8A8000C480EF021FE10220B49881811F007FEC3
:10E8B80048B90A4811F02DFABDE810406FF001017F
:10E8C80004480EF01CBE4FF6FF710120FFF7DAFC7A
:10E8D800DFE710BDA8220020E021002078220020D8
:10E8E80008B5102103480EF0FFFDFFF7BBFF00201D
:10E8F80008BD00BFA82200202DE9F74F0446624852
:10E908000EF00AFEC1070ED560480EF005FE42075C
:10E9180009D401215E4A5F480EF0C2FD6FF0150070
:10E9280003B0BDE8F08FFFF783F923680025186866
:10E938004FF4C05369468DF80050ADF802300CF022
:10E948005DFD10B96FF07700EAE7236801A9186840
:10E9580041F601038DF80450ADF806300CF04EFD79
:10E968000028EFD04C4D07F0FBFE2B682768B4F861
:10E978000490ABB9494A1688002F5DD1002204F1F2
:10E988000803A2606A68002A5ED1C5E900333E48E0
:10E998000EF0C2FDC30767D407F0F6FE0020BFE7FC
:10E9A8006B68002B6DD053E90232142101FB02334E
:10E9B80033F8046C002F45D1002EDFD023681F8A5E
:10E9C800B742DBD829680029E1D00022A1F1080369
:10E9D8001868008AB84240D904F10803002A36D0E2
:10E9E8009168A1600029CDD09360D0E7398A69B9D0
:10E9F800711C89B239820E4609F1FF3914371FFAA2
:10EA080089F9B9F1000FF1D14646D5E7B142F2D8FC
:10EA180001AB5A460846CDF804A00EF0F5FE019B5E
:10EA280043B101213B8A1E4A1A480EF073FD07F0D4
:10EA3800ABFE73E73146DEE798464FF0000ADFF891
:10EA480064B0DEE7B046F8E713606B609FE76A687A
:10EA5800A1602B60002A9AD1F7E79868002896D021
:10EA68001A46A0F10803B3E71421D4E9002301FBF7
:10EA78000323108A33F8041CFFF704FCFFF7B6FCE5
:10EA88008AE71B68FFDE00BF1C3B0020A82200208D
:10EA9800244B0200F40D0200203B00203E400020E1
:10EAA800664B0200A7D301002DE9F047B8B000AFCC
:10EAB8000C46164636493A46D7F8000198460BF0F8
:10EAC80039FD38B9FFF7CEF981464846E037BD46EB
:10EAD800BDE8F0873D68391D28460BF04FFD3DB96C
:10EAE80001212C4A2C480EF0DBFC6FF015043CE0A9
:10EAF800786868B10A22002108F090FB01280346D3
:10EB080005D90121254A24480EF004FDEDE7C0B2DD
:10EB180007F1080A3875514628460CF049FC814629
:10EB280098B16C4688B06A461D4BC2E905354FF46A
:10EB3800007393831B4B42F8103F00234FF4E251BC
:10EB48001548F5F759FCA546CFE7C7F810A0E4B17A
:10EB5800C022404607F12001B047041E07DA2346C9
:10EB68000121114A0C480EF0D5FCA146ADE7A408D6
:10EB780007F12003C7E906344FF6FF7101200B4A5D
:10EB880007F110030EF040FE9FE72346F2E700BFAF
:10EB9800874B0200A0310200F40D0200A8490200D0
:10EBA8008C49020003000001A2480200EDDC0000CD
:10EBB800002307B50193FFF731FD411C89B20846D0
:10EBC800034A01AB0EF020FE019803B05DF804FB88
:10EBD800D9D601002DE9F04715468946942269687F
:10EBE80006460EF032FE804648B10221304A3148CE
:10EBF8000EF056FC4FF0FF352846BDE8F08702229C
:10EC0800304669680EF05BFE38B902212A4A294865
:10EC18000EF046FC6FF01505EEE73046E97D0EF084
:10EC2800A3FB0028F6D04FF470200021AF8AFEF72E
:10EC3800D7FD02370446A8B11D21204B47613A464B
:10EC48004174C0F80C80436085613046FEF78CFA49
:10EC5800074650B917480221194A0EF021FC2046F0
:10EC6800FEF7E6FD6FF00B05C6E7EB7D4246414631
:10EC780007F10C0A0EF071FB022150460FF05FFB02
:10EC8800804628F8029BA98A50460FF058FBAA8AAA
:10EC98002969404611F0D1FB21463046A7600EF0A5
:10ECA8000CFB05460028A7D02046FEF7C1FDA3E7C8
:10ECB8008E4B0200F40D0200A44B0200D1D30100D8
:10ECC800CF4B020030B504468BB037480EF024FC19
:10ECD80042070D4661D514B1637B072B60D1686884
:10ECE8000590FFF79BFC2A68ADF818003AB305A910
:10ECF80002912E4900230191012100914FF6FF71E5
:10ED08000593FFF7BBFC059B1BB96FF001000BB027
:10ED180030BD6B60059B04A9186800238DF810307E
:10ED280042F60303ADF812300CF068FB70B9059891
:10ED3800C3689B799B0605D46FF01500E7E70028A8
:10ED4800E8D1E2E70EF019FDADF81800BDF818009B
:10ED58003CB1012301462A462046AB75FFF73AFF2E
:10ED6800D5E76FF07F0307930223ADF8203042F612
:10ED78000213ADF8123005ABAC7502930C4B4FF68D
:10ED8800FF710193012304AA0093234609958DF886
:10ED98001040FFF773FC0798B9E76FF00A00B6E771
:10EDA8006FF07F00B3E700BFD0000020F7D3010069
:10EDB800EDF0000073B5044650F8083C00F130054A
:10EDC8006FF00101A0F12006284601930EF097FB91
:10EDD8000E4B002044F81C3C0D4B314644F8183CBF
:10EDE80001AB44F8103C042324F8080C24F8060C62
:10EDF80024F80C3C04F8090CFFF764FF18B9022149
:10EE080028460EF071FB02B070BD00BF2C1902003D
:10EE1800A9E300002DE9F84F904614683F4B82683B
:10EE280005469A4200AF75D1D0F80C9009F1010659
:10EE380009F11F0AB6F80730F3B13246204616F832
:10EE4800011C0DF07CF8B8B14FF4957229462046A4
:10EE58000EF0FBFC30B3032812D1EB4688B06A46AB
:10EE68002F4BC2E9053542F8100F00234FF4C45167
:10EE78002C48F5F7C1FADD460A365645DAD149E09D
:10EE8800052820460CBF4FF0030B4FF0020B0DF086
:10EE980054F8834506D998F804305B45ECD288F8D5
:10EEA80004B0E9E7494628460EF07CFA1E4B99451E
:10EEB80030D1207A04F18801FEF71AFE054648B3DE
:10EEC80003890BB943892BB32046FBF771FE2B89C5
:10EED800164A22F82030698902EB800359801823EA
:10EEE8001349144D03FB001300B202EB80021A61B0
:10EEF800042200EB40005D600F4D01EBC00120468D
:10EF08009D609A82FFF7DEFE20B101210B4A054879
:10EF18000EF0C6FA0120BD46BDE8F88FC1E1000039
:10EF2800F64B0200F40D02002006002002400020EB
:10EF3800943A00202C1902001BD701000A4C020049
:10EF48002DE9F843144688469422616805460EF078
:10EF58007CFC40B125480221254A0EF0A1FA4FF069
:10EF6800FF30BDE8F8830122284661680EF0A7FC4F
:10EF780038B902211F4A1D480EF092FA6FF01500A9
:10EF8800EFE72846217E0EF0EFF90028F6D0A28997
:10EF98001B2128460232FEF7E7F8064638B913481F
:10EFA8000221154A0EF07CFA6FF00B00D9E700F148
:10EFB8000C09022148460FF0C2F9074627F8028BD0
:10EFC800A18948460FF0BBF9A289A168384611F01B
:10EFD80034FAD4E904123046237E0EF0BEF93146E5
:10EFE8002846BDE8F8430EF02AB900BFF40D020028
:10EFF8008E4B0200A44B0200274C020030B5044699
:10F008008BB035480EF088FA42070D465DD514B12D
:10F01800637B072B5CD168680590FFF7FFFA2A68C5
:10F02800ADF818003AB305A902912C4900230191C3
:10F03800012100914FF6FF710593FFF71FFB059B18
:10F048001BB96FF001000BB030BD6B60059B04A9C4
:10F05800186800238DF8103042F60303ADF812301B
:10F068000CF0CCF970B90598C3689B79DB0605D418
:10F078006FF01500E7E70028E8D1E2E70EF07DFB26
:10F08800ADF81800BDF818002CB101462A462046F4
:10F09800FFF756FFD7E76FF07F0342F60212079398
:10F0A8000123ADF8122005AA02920D4AADF82030CE
:10F0B800CDE900324FF6FF71234604AA09958DF871
:10F0C8001040FFF7DBFA0798BDE76FF00A00BAE7D0
:10F0D8006FF07F00B7E700BFD0000020F7D3010032
:10F0E800EDF000002DE9F84F1446474B8268814641
:10F0F8009A4239D1D0F80CA0444B9A451CD100262D
:10F10800434D444F394628460EF0CCF978B90722CA
:10F11800294615F8010CFBF7BDFE40BB23692946BB
:10F128001A6915F8010C53881288FEF721FE01367A
:10F13800042E05F10C05E5D10AF101070AF11F0BB0
:10F14800B7F80720A3899A420BD1394617F8010C62
:10F15800FBF744FE054620B1437B072B0AD00CF091
:10F1680043FE0A375F45EBD14FF0010849E00CF048
:10F178003BFEDCE7DAF8283023B14946984708B95E
:10F188002846ECE79422494628460EF05EFB804666
:10F1980028B10221204A21480EF082F9F0E7A3891C
:10F1A800022B15D1B7F8073013F0020604D1284610
:10F1B8000CF01AFEA660D4E728462269A188FFF75A
:10F1C80009FD0646B8B92269937D01339375EEE7C8
:10F1D800012B05D028460CF007FEC4F80880C0E7CC
:10F1E800B7F8073013F00106E1D028462269A18854
:10F1F800FFF7A6FE064628460CF0F6FD002EA66090
:10F20800AFDA4046BDE8F88FC1E1000020060020D3
:10F218000F400020303102008E4B0200F40D020036
:10F22800012370B500F188058EB004460390294685
:10F23800007A8DF810300CF04EFA90B1227A52B361
:10F2480002AE0421304609F058FD00962421134AE5
:10F2580005A82B46F8F7FEF905AA10461049F5F758
:10F2680019FC4FF6FF7101200E4A03AB0EF0CCFAE1
:10F2780020460CF062FE9DF81010884209D2204604
:10F288000CF030FE034620B10221074A07480EF071
:10F2980041F90EB070BD0092D8E700BF8A4B02005A
:10F2A800B1EA00001DEE0000504C0200F40D02000F
:10F2B800F8B505460E461746064B1C684CB154F87F
:10F2C800043C043C1BB13A463146284698476468DA
:10F2D800F4E7F8BD283B002037B5012504464FF672
:10F2E800FF7100906B462846084A8DF804500EF0CE
:10F2F8008BFA002120460EF069FB20B94FF6FF710A
:10F308002846FEF7BFFF03B030BD00BF1DEE00006A
:10F31800002330B5B5B001918DF808003393044649
:10F3280001AB0D4601204FF6FF710C4A0EF06CFA46
:10F33800339B83B19B0003AA20462946F8F75EFA5F
:10F34800044628B103460121054A06480EF0E2F8B2
:10F35800204635B030BD1A46EEE700BF0DDF00008D
:10F368007C4C0200F40D02002DE9F34100F18808FD
:10F37800CDE9001204460F46007A414616460CF0C5
:10F38800AAF905466B464FF6FF7101200C4A0EF0AC
:10F398003BFA1DB14146207AFFF7BAFF3946207A79
:10F3A800FEF76EFB40B1314601300EF0DEF81DB1BC
:10F3B8004146207AFEF7F4FD02B0BDE8F08100BFB7
:10F3C800D9DE000073B5044603464FF6FF710120ED
:10F3D800184A04F188060EF017FA3146207A0EF022
:10F3E8002EFB3146207A0CF076F950B1237A4FF68D
:10F3F800FF718DF8043001206B460F4A00960EF01D
:10F4080003FA2046FEF7BEFB054688B13146207A4E
:10F418000CF061F928B9284602B0BDE87040FEF743
:10F42800ABBD3146681C02B0BDE870400EF09DB817
:10F4380002B070BD0DE10000B1DE000001460023FE
:10F44800074A10B5141DE0180EF051FB08B19818C2
:10F4580010BD03F50E73B3F5D56FF4D1F8E700BF0F
:10F46800B0220020084B00F50C701A68074BD0E852
:10F47800EF1F994204D1C0E8EC2FBCF1000FF6D180
:10F48800D0E8AF0F704700BF94370020B0220020AB
:10F4980008B5FFF7E7FF0346C8B1D0E9001221B964
:10F4A800002A0CBF0320022010E032B1836813B990
:10F4B800094B1B7833B9042008E00749087828B1BC
:10F4C8009B6833B9003A18BF0122500008BD0320D9
:10F4D800FCE70120FAE700BF3451002008B50121FC
:10F4E800024A03480EF001FB002008BDB64C02009A
:10F4F800540E02000221024A02480EF0F6BA00BF7A
:10F50800D14C0200540E020037B513460022009277
:10F5180004460D460A46D0F8F00006210CF0A7FE76
:10F5280060B1693004D10121074A08480EF0DDFABC
:10F53800284603B0BDE8304001F0D4BE204603B0F1
:10F54800BDE830400EF019BB4E460200540E0200D2
:10F5580038B50546F022002110F096FF102105F17C
:10F568002700FAF7FFFD044648B9052128460EF0A2
:10F578000DFBFAF797FE034B1860204638BD0824A8
:10F58800FBE700BF303B002038B50446051D0821C5
:10F5980028460EF0FBFA084904F15700FAF790FEE6
:10F5A80048B1082128460EF0C9FA04480121044A46
:10F5B8000EF09BFA082038BDA1DF0100540E0200AE
:10F5C800EA4C020073B5047A0546022C23D844B1EC
:10F5D80090F8DC30D0F8D840DC4004F0010444F066
:10F5E8008004032128460EF0E1FA0646D8B110211E
:10F5F8000C300EF0A4FE009013482346006805F175
:10F60800270205F157010EF0B8FD044680B13046D7
:10F6180001F068FE07E0032C08D0234601210B4ABD
:10F628000B480EF096FA082002B070BD0024D8E707
:10F63800024631462846FFF767FF281D21460EF08F
:10F648007DFA2046F0E700BF303B0020034D020062
:10F65800540E0200F8B50446FFF704FF251D0646C0
:10F668000E2128460EF043FA70B94C4B2022196837
:10F6780004F1570010F023FF30B90221484A4948E5
:10F688000EF033FA082034E00C2120460EF08EFAF2
:10F6980007460028F6D040210C300EF050FE3F4BB4
:10F6A80002461B68014603F1200053F804CB83424D
:10F6B80041F804CBF9D1203203F1200153F8040BAF
:10F6C8008B4242F8040BF9D1002239462046FFF755
:10F6D8001BFF237A052B58D8DFE803F003380C0307
:10F6E8005754042120460EF051FAFFF76BFF00280B
:10F6F8003BD0F8BD2046D4F8F070FFF7B3FE0421E4
:10F70800064604F1D800FAF72DFD0028BAD1D4F83E
:10F71800D830254A84F8DC00B3FBF2F102FB113340
:10F72800C4F8D83056B1336843B10B2128460EF0DF
:10F738002DFA38463368D4F8D81098470321204664
:10F748000EF024FA0E210EF021FA0EE020460321D5
:10F758000EF01CFA0E210EF019FA28460A210EF0B6
:10F7680015FA7368D4F8F0009847284607210EF078
:10F778000DFA0820FFF762FE68B92046BDE8F84098
:10F78800FFF702BF04212046DDE70121074A0548AB
:10F798000EF0DFF976E70020ABE700BF303B002032
:10F7A8001F4D0200540E020040420F00034D02009C
:10F7B80038B504460D46FFF755FE04F157000246DA
:10F7C800EB6803F1200153F8045B8B4242F8045BB9
:10F7D800F9D104F1770203F1200153F8045B8B425D
:10F7E80042F8045BF9D1FAF7DBFC40B9154B1D6808
:10F7F8001DBB201D06210EF0C9F928461CE00E216C
:10F80800201D0EF0C3F9D4F8F050D5F8B83033B94C
:10F81800287A05F1880101F08BFAC5F8B800D5F807
:10F82800B830002BE2D0DA8902F02402002ADDD0B9
:10F838005B7B9B07DAD4032038BD2046BDE83840FF
:10F84800FFF708BF303B00202DE9F047044690B091
:10F858000CAD10220021284610F016FE237A052B45
:10F8680034D8DFE803F0060303063323D4F8D8308E
:10F878000C93D4F8F03004F1470204F1C707CDE93E
:10F88800017204F1370803F1960204F12709009286
:10F8980041464A468F3304F1970001F0C7FBF0B1A7
:10F8A800454A012145480EF020F914E0D4F8E43027
:10F8B800002BDED02E4603F110073246186859682F
:10F8C800083303C2BB421646F7D1D2E701213C4AAE
:10F8D8003A480EF03EF9082010B0BDE8F087D4F899
:10F8E800F03008AE03F18F029633019304F111034F
:10F8F8000292009342462B464946384603960EF03C
:10F9080061FC08B12F4ACCE7237A052B0ED1D4F835
:10F91800E01011B30B46AC4601F1100E62461868B0
:10F928005968083303C273459446F7D1D4F8F030C8
:10F938000DF1100A03F196028F33019304F10A03C3
:10F94800029200934A462B4641463846CDF80CA011
:10F958000EF038FC30B11C4AA3E71022284610F0FC
:10F9680093FDE3E71022514604F1B70010F0A7FD1C
:10F9780000BB0D2120460EF019F907460028AAD031
:10F9880010210C300EF0DBFC32460346164603CE3F
:10F99800AE4218605960324603F10803F6D10022DE
:10F9A80039462046FFF7B0FD201D01210EF0EEF884
:10F9B800002091E70B208FE73A4D0200540E020019
:10F9C800034D02004F4D0200724D020038B5134B33
:10F9D80005461B78E3B101F00F042846FFF758FDF0
:10F9E8000F4B03281B780CBF04F00B0444F00404ED
:10F9F80005F50D70D0E8EF2F013203D1C0E8E13FE3
:10FA08000029F7D1D0E8AF3F2BB144F0010038BD51
:10FA180001F00704E1E704F0FE00F8E734510020A4
:10FA2800310900202DE9F3410D460446D0F8F06075
:10FA3800FFF718FDD5F80C80074698F80330073B08
:10FA4800092B03D9062002B0BDE8F081D6F8B830FA
:10FA58005BB1251D0F2128460EF049F880B92046D4
:10FA6800FFF776FD60B1C0B2EDE7307A06F18801A4
:10FA780001F05EF9C6F8B8000028EAD10820E2E7EC
:10FA880001236372D8F800302046C4F80A30B8F869
:10FA98000430E3810223237498F80210FFF796FFDD
:10FAA800E0742046FFF7F4FC10236074237598F87F
:10FAB800043003F00303637598F8053003F001037D
:10FAC800A375E37C1B070DD598F80230180709D5F4
:10FAD800052128460EF05AF8637D03F0020363758A
:10FAE8000023A375052128460EF001F8002851D0FF
:10FAF800A24B1B78A374E37C990607D598F80230CB
:10FB08009A0603D5142128460EF040F8E37CDB075B
:10FB180042D598F80230D8073ED50D2128460EF078
:10FB280035F8A37D032184F8E830637D284684F8FE
:10FB3800E9300EF02BF8052198F800800DF0D7FF7A
:10FB480070BBB8F1040F4BD8E37AA27C1340D907F5
:10FB580044D4217BE37C194311F0040111D02046E1
:10FB6800FFF796FC864B08EB8808984418F80010B5
:10FB7800042906D1D4F8F030DB78002B14BF01211A
:10FB8800022121722046D6F8B8100DF0B6FF48BB06
:10FB9800032058E77B4BACE700236375A375C0E7E8
:10FBA800237BE07C03EA0002120706D5E27A94F888
:10FBB80012C042EA0C02D207E3D4B8F1040F0FD8FE
:10FBC80043EA000111F00401DBD02046FFF760FC96
:10FBD8006D4B08EB88084344195CD2E70621D0E74F
:10FBE8000021CEE7D4F8F0309B7A032B38D026D802
:10FBF800013B012B3FF642AF052128460DF077FF68
:10FC0800002840F0A6802046FFF72CFC0746204637
:10FC1800D4F8F080FFF726FC08F18801064698F82A
:10FC2800080001F021F9237AF0B1427BD2071BD5F5
:10FC3800D3B90121554A56480DF057FF1EE7042B4A
:10FC48007FF41CAF237D627B934228BF1346102BA1
:10FC58007FF4F8AE052128460DF049FF002897D01B
:10FC6800237A002BC8D193E7062B5ED8DFE803F090
:10FC780018552D5D5D5D0400002E5CD0F368002BE7
:10FC880059D000230A212846ADF804300DF07EFF34
:10FC9800F368D4F8F00001A99847237A002B4CD1D7
:10FCA8000F2128460DF023FF002846D1002F44D00D
:10FCB8007B69002B41D028460A210DF067FF7B693C
:10FCC800D4F8F00098470020BDE604210DEB0100B0
:10FCD800FAF748FA00287FF4D1AE019B2D4AB3FB0E
:10FCE800F2F102FB113301934EB133683BB10B21A2
:10FCF80028460DF04BFF4046336801999847019B11
:10FD0800C3F3072284F847301B0C84F849301B0AD8
:10FD180084F8482084F84A30BFE728460A210DF0C5
:10FD280035FF404673689847B7E701211A4A1848D3
:10FD38000DF00FFFA2E6022085E6032120460DF014
:10FD480025FF0E210DF022FF02B0BDE8F0410DF0B5
:10FD58004CBF237A73B90F2128460DF0C8FE48B965
:10FD680047B17B6933B128460A210DF00FFF3046B1
:10FD78007B69A7E70C212046E4E700BF3651002045
:10FD88008A5002003551002071500200964D020041
:10FD9800540E020040420F00034D020038B50446DD
:10FDA8000E49A0F1F00500F588700FF0A4FF284671
:10FDB8000DF0A6FF0A4A04F5A073D3E8EF1FC3E8C5
:10FDC800E02F0028F9D14FF0FF3304F5A274D4E8EE
:10FDD800EF2FC4E8E13F0029F9D138BD9D0B0100A0
:10FDE800B022002080B500AF88B06A46074BC2E950
:10FDF8000530032342F8103F00234FF4C251044852
:10FE0800F4F7FAFA6FF00B00BD4680BDC34D02004F
:10FE1800540E020010B40F4AD2F8F03053B1D2F8A1
:10FE2800283333B1D2F8603593B15DF8044BFFF74E
:10FE3800D9BF01234FF40E704343074CD018F03359
:10FE4800C0F8F4401A4400205DF8044B0A6070477B
:10FE58000223EFE7B0220020581A02002DE9F041F2
:10FE68000B46064600AF0D2104300DF040FE78B376
:10FE7800DD68D6F8F030022003F188084246197A86
:10FE88000EF01EF90446C8B94046F7F757FB6D4611
:10FE980088B06A46114BC2E905304FF4007393836A
:10FEA8000F4B42F8103F0F4823464FF4E251F4F746
:10FEB800A3FA0820AD46BD46BDE8F0812B462A349A
:10FEC80005F1100253F8041B934244F8041BF9D1BE
:10FED800304609210DF05AFE0020ECE7E84D0200FB
:10FEE80003000001540E02002DE9F0410B460646BE
:10FEF80000AF0D2104300DF0FAFD78B3DD68D6F8B7
:10FF0800F030042003F188084246197A0EF0D8F838
:10FF18000446C8B94046F7F711FB6D4688B06A46F3
:10FF2800114BC2E905304FF4007393830F4B42F82D
:10FF3800103F0F4823464FF4E251F4F75DFA0820CA
:10FF4800AD46BD46BDE8F0812B461A3405F11002D6
:10FF580053F8041B934244F8041BF9D13046072197
:10FF68000DF014FE0020ECE7E84D0200030000014C
:10FF7800540E020070B5061DCD6804460B213046AC
:10FF88000DF0DCFD2B4604F1170205F1100153F8C2
:10FF9800040B8B4242F8040BF9D1052130460DF0D1
:10FFA800A6FD20B92046BDE870400DF01FBF237A9A
:10FFB800012B09D0022B13D1204604210DF0E6FDB8
:10FFC800BDE87040FFF7FEBA0A2130460DF08FFDFC
:10FFD8000028F1D0304600210DF0D8FD002070BD7A
:10FFE80003480121034A0DF0B4FD0820F7E700BFDC
:08FFF800540E0200034D02004B
:020000021000EC
:100000002DE9F041044688B00E46FFF72FFA04F1BF
:10001000370805464246F36803F1100153F8040B14
:100020008B4242F8040BF9D1271D052138460DF00B
:1000300062FD002848D1D4F8F03004F1470603F1FE
:10004000960204AD8F3301920093414630460295EB
:1000500004F1100304F109020DF071FEE8B9102259
:10006000294604F1170010F02EFA00286DD12B4616
:10007000D4F83700D8F804102A4603C3D4F8270070
:10008000D4F82B1003C3294630460BF011FE40B1C3
:100090005A4A01215A480DF02CFD082008B0BDE84D
:1000A000F081334608AE2A4603CAB242186059604E
:1000B000154603F10803F6D1012138460DF06AFD1B
:1000C00020460DF0B0FDE9E7237A052B00F28D8084
:1000D000DFE803F0191F1F038B6104AB494900934C
:1000E0004246096804F1270304F1570001F00AF8B9
:1000F0000028D2D10A2138460DF04CFDAB68049996
:10010000D4F8F00098470D2120460DF043FD102152
:10011000D3E794F8DC20D4F8D8303A49D34004AD82
:1001200003F0010300954246096843F0800304F19F
:1001300057000EF026F808B1334AAAE710222946E4
:1001400004F1170010F0BFF908B10420A6E703215D
:1001500020460DF01FFD0DF066FD00289ED194F89D
:10016000DC300133DBB2142B84F8DC3009D10D21F3
:1001700020460DF00FFD102138460DF00BFD00203C
:100180008CE7102104F12700F9F7F0FF003818BFC1
:100190000120C00082E7102104F12700F9F7E6FFF3
:1001A00000287FF47AAF35B3EB6823B3174BE27ABC
:1001B0001B88D207ADF81030A37C03F0010312D4E2
:1001C000002B14BF012303238DF811300023384680
:1001D000C4E938330C210DF0DDFCEB68D4F8F000F5
:1001E00004A99847CBE75B00EEE70121084A0448E1
:1001F0000DF0B3FC51E7022050E700BF024E0200B1
:10020000540E0200303B0020174E0200481002003E
:10021000034D02002DE9F743C6780446012E05D0B0
:100220006FF01504204603B0BDE8F0830DF09EFC8E
:100230000546002800F0AC80071D042138460DF06B
:100240005AFC002840F0A780032138460DF053FCEB
:1002500010B16FF00F04E5E7314638460DF04BFC66
:100260000028F6D12846FFF701F9D5F8F030064608
:100270009B7A032B42D032D8013B012B48D90B216A
:10028000201D0DF038FC0028CAD1D4F8B83083B94D
:1002900004F1880632462020217A00F08DFDC4F852
:1002A000B80030B932460420217A00F085FDC4F848
:1002B000B800D4F8B830002BB2D0DA8912F0240F8D
:1002C000AED0A17A022923D9587BC007A8D503292B
:1002D0001ED09206A4D51B7B102BA1D118E0042BB5
:1002E000CDD12846FFF7D8F8032804D1002EC6D078
:1002F000F368002BC3D0294B1B7807E02846FFF793
:10030000CBF8032804D1002EB9D0F368002BB6D067
:10031000D4F8B8303BB12846FFF71EF9804670B1DB
:100320006FF068047EE7207A04F1880100F004FD94
:10033000C4F8B8000028EED16FF00B0472E70B216F
:1003400028460DF037FC06460028E9D001210C3084
:100350000DF0F9FF092181462846FFF73BFB434694
:1003600089F80000324620460621CDF800800BF0C7
:1003700082FF044618B1304600F0B8FF52E7384615
:100380000F210DF007FC012128460DF003FC49E781
:100390006FF07F0446E76FF0040443E73451002018
:1003A000F8B5D0F8F0400646D4F8B830051D002B5B
:1003B00033D10221404A41480DF09BFB0721404BBD
:1003C0005F5CD4F8B8304BB11B7B002B5DD1D4F807
:1003D000B8000DF08DFE0023C4F8B8300221284685
:1003E0000DF089FB48B9072F94BF364B1F213A46C1
:1003F000204698BFD95DFAF7A9FC032128460DF0E5
:100400007AFB68B3304B1B6853B31D6805B10C3DD4
:1004100053F8083C002B41D143E081BB0D21284615
:100420000DF069FB074620B1D4F8B80008B100F020
:10043000E9FD254B1B689BB11D6805B10C3D53F8C8
:100440000C3C13B13946204698474DB12B46ED6818
:100450001B681DB10C3D002BF4D1F7E7002BF1D147
:1004600030460DF051FC637B072B24D1627AA37ACE
:100470009A4220D02046BDE8F840FFF7CBBE0139B4
:10048000C9B20E299BD909279BE7022128460DF006
:1004900032FB00289BD1A1E70C3D23B13946204611
:1004A0009847002DDCD02B46ED685B68002DF3D11A
:1004B000002BF3D1D4E7F8BD304E0200540E0200F9
:1004C00062500200515002008C370020031DF7B526
:1004D00006460F46184602210DF00DFB044620B1DA
:1004E000B6F8E840B4FA84F46409032118460DF024
:1004F00002FB88B139463046FFF752FFCCB10221EA
:100500001A481B4A0DF0F5FA0521D6F8F0000BF059
:10051000AEFC002003B0F0BD012118460DF0EBFA4F
:100520000028E7D10F2118460DF0E5FA0028E1D1A7
:10053000E4E7052130460DF03DFB054690B1012171
:100540000C300DF000FF0770009423462A46062168
:10055000D6F8F0000BF08FFE0028DAD0284600F025
:10056000C5FED6E76FF06800D4E700BF540E020066
:100570005A4E02002DE9F3410B8A04460E4643B958
:1005800001212D4A2D480DF0B4FA002002B0BDE83B
:10059000F081012106F10C000DF01BFFA4F1F00524
:1005A000EC3C0746042120460DF0A5FA3B7828B123
:1005B000234A022121480DF0D0FAE6E70E2B01D99B
:1005C000204AF6E7DFF88C8058F833204AB9022138
:1005D0001D4A1A480DF0C1FA07212846FFF776FF99
:1005E000D3E7194628460DF06CFB3B7860B9022131
:1005F0001248164A0DF0B1FA032120460DF07BFA9D
:100600000028C2D00821E8E708EBC301328A097943
:10061000914208D001210093084813460C4A09F082
:10062000D6FE0A21D9E73146284658F83330984794
:1006300001460028A9D0D0E7B24E0200540E0200B5
:10064000CD4E0200FE4E0200204F02003A4F020043
:10065000E0470200801A020038B50F4B186018B945
:10066000BDE83840FEF74ABF0C4805F04FFC0025B6
:100670000B4C0621201D0DF03EFA38B12046FEF746
:10068000EDFF014610B12046FFF720FF0135032D95
:1006900004F50E74EDD138BD303B0020EC0A00208B
:1006A000B02200202DE9F04782B090F8E930D1F86F
:1006B0000C8023F0020380F8E930D0F8F06098F85D
:1006C0000030044600AF06F18809BBB398F8063045
:1006D00003F0C003C02B31D04046F6F733FF6E461F
:1006E00088B06C464FF4007A2546564BDFF864819B
:1006F000C4E90530A4F81CA045F8108F00232A4651
:100700004FF4E2515048F3F77BFE4846B546F6F702
:1007100019FFA5464D4BA4F81CA0C4E90530C4F848
:100720001080494800232A464FF4E251F3F768FE4F
:100730000A20B5460837BD46BDE8F0870722414686
:1007400048460FF0C0FE68B14146307A00F090FB99
:10075000054638B1014620460DF0D3F928B32846A6
:100760000DF0C6FC0D21201D0DF0C5F9002858D054
:100770004A460220317A0DF0A7FC0546B8B9484632
:10078000F6F7E0FE6C4688B06A46314BC2E90530A8
:100790004FF4007393832F4B42F8103F4FF4E25114
:1007A0002B462948F3F72CFEA5460820C2E7F3782C
:1007B0008BBB06F196031878012821D19A7902F0B3
:1007C000C002402A1CD1D3F80120C5F83A20B3F862
:1007D0000530EB8796F8883093B196F88E3003F0A9
:1007E000C003C02B0CD01C493A46C7E90098FAF761
:1007F000C3F9681C41460DF0B2F93046FAF778FAB1
:100800002846F8F703FD48B10F480221134A0DF0BE
:1008100070F903208EE706F18F03CCE72846F8F73E
:1008200005FD94F8E9305B0703D50A2120460DF059
:10083000B1F9B4F8E81009B100207BE72046FFF7D2
:10084000AFFDF9E7554F0200540E0200D34F0200EE
:10085000E84D020003000001E7DC0100694F0200DF
:100860002DE9F0410B460446D0F8F05000AF0D21C1
:1008700004300DF040F960B305F18808297A42464A
:100880000420DE680DF020FC0546C8B94046F6F7A6
:1008900059FE6C4688B06A461A4BC2E905304FF4DF
:1008A00000739383184B42F8103F18482B464FF4BF
:1008B000E251F3F7A5FD0820A546BD46BDE8F0814D
:1008C000324632F8023B0383D6F8023003615368A4
:1008D000436194F8E93023F0010284F8E9209A0793
:1008E00008D5082120460DF055F9B4F8E81029B1D3
:1008F0000020E2E75B07F8D50A21F3E72046FFF77F
:100900004FFDF5E7E84D020003000001540E020020
:100910002DE9F0410E460446D0F8F080FEF7A6FD22
:10092000F6680121054633780F48104A271D0DF05F
:1009300014F90A2138460DF0C4F938B16DB92046D2
:100940003178FFF72DFD0020BDE8F0810B213846FE
:100950000DF0B7F90028F1D1F1E72B69002BEED0AB
:1009600040469847EBE700BF540E0200A44F020038
:100970002DE9F04F89B00546A0F1EC060446884603
:1009800000AF0121304655F8F0990DF09AF938B3CF
:10099000B8F1000F19D0032130460DF0ACF8F8B1D2
:1009A0004046F7F7B7FE0138C0B208288CBF0024D4
:1009B000724B4FF0020198BF1C5C30460DF0EAF814
:1009C00021462846FFF7ECFC0AE099F80B303BB1D2
:1009D000032130460DF08FF830B928460DF094F918
:1009E0002437BD46BDE8F08F052130460DF083F871
:1009F000B8B114F8083C1A0707D514F8073C1B07D0
:100A000003D5112130460DF0C5F814F8083C23F049
:100A1000080304F8083C14F8073C23F0080304F822
:100A2000073C14F8073CD80725D5062128460DF0C9
:100A3000B1F8022130460DF0ADF82368D3F8B88044
:100A4000B8F1000F1FD103F18800F6F77BFD6C466B
:100A500088B06A464A4BC2E905304FF4007393836D
:100A6000484B42F8103F4FF4E25143464648F3F7F3
:100A7000C7FCA546B4E7990701D50821D6E75A0770
:100A8000D7D50A21D2E705210DF035F888B914F839
:100A9000083CDB070DD523681A21381DD3F8B88030
:100AA000F9F764FB824648B1384A012136480DF017
:100AB00020F834F8081C002992D182E70621284644
:100AC0000DF078F8814608B9314AEEE710210C3074
:100AD0000DF039FC98F80C20391D83460FF0B1FC5D
:100AE00098F80C000F2805D8C0F110025146584460
:100AF0000FF0CEFC494600222846FEF709FD0721EB
:100B000028460DF057F8814608B9224ACDE70A2158
:100B10000C300DF018FC034607F1140203CAC3F8A9
:100B20000200C3F80610BA8B494628461A801A4AB2
:100B3000FEF7EEFC30460D210CF0DDFF07F1140648
:100B40000028B6D0012140460DF0CEFA3B1D08F139
:100B50004A0C1A4603CAB242CCF80000CCF8041082
:100B600013460CF1080CF4D1334603CBBB8BC8F809
:100B70004000C8F84410A8F848309AE759500200DD
:100B8000C64F020003000001540E0200DB4F0200BA
:100B9000F64F02001D50020097E0010010B5044618
:100BA0000121084A08480CF0A4FFA4F500700821B0
:100BB000FFF7F6FBA4F5FE700421BDE810400CF031
:100BC000E9BF00BF45500200540E02002DE9F84372
:100BD00000AF04460CF0CAFF054670B3061D0321A2
:100BE00030460CF088FF40B3D4F8B80008B10DF0DF
:100BF0007FFA04F188094946207A00F09DF8804682
:100C0000C4F8B800E0B94846F6F79CFC6C4688B0DA
:100C10006A463B4BC2E905304FF400739383394B6E
:100C200042F8103F4FF4E25137484346F3F7E8FBF0
:100C30000821A5462846FFF749FCBD46BDE8F883D4
:100C40000E2130460CF057FF28B1D4F8B820537B62
:100C500043F0020353732A7AD4F8B810032A4B7B6B
:100C60003AD8002A3FD0D4F8B820537B43F0010390
:100C700053732B7D697BD4F8B8208B4228BF0B4679
:100C80003046137305210CF036FFD4F8B8305A7B88
:100C900090B342F010020D2130465A730CF02BFF36
:100CA0000028CAD02021D4F8B8000DF01DFAD4F8DD
:100CB000B83005F147021A33573552F8041BAA42DF
:100CC00043F8041BF9D10023D4F8B8201361536111
:100CD000D4F8B8201383B0E7053A012A03D843F0CB
:100CE00020034B73BFE723F020034B73D4F8B820E5
:100CF000537B23F00103BBE722F010025A739CE7F9
:100D0000E84D020003000001540E020008B5074B35
:100D1000074893F89C3003F006039A1F534253414F
:100D2000044A1370F9F74CFA002008BD00000020B7
:100D3000640600203451002070B50F4C064614F8AC
:100D4000013B0D46834204D1072220460FF0BBFB36
:100D500068B1072209490A480FF0B5FB48B904F801
:100D6000016C2B682360AB88A380AB79A371024828
:100D700070BD0020FCE700BF343B00203031020092
:100D8000353B002010B40B461146054AD489044275
:100D900003D010465DF8044B18475DF8044B7047CC
:100DA000343B002008B5002202200249FFF7EAFF89
:100DB000002008BDC5E00100F8B50C4C07462046F0
:100DC000E3890D463B4011464FF0000610F8012B19
:100DD00007D0954203D107220FF075FB18B13046BA
:100DE00000E01846F8BD2046FCE700BF343B002079
:100DF000F8B50B780646012B0C4601D00020F8BD53
:100E00008B7903F0C003402BF8D1164D00232946FF
:100E1000EF8911F83A2BBF0704F1010006D5B24261
:100E200004D106220FF04FFBD0B10023EA892978C4
:100E300002F00202002BE1D1002ADFD0B142DDD165
:100E4000671C394608480AF08EFA01230028EDD0C5
:100E5000D4F80130C5F83A30B4F80520034B9A8035
:100E60000048CCE7343B00205E3B00206E3B002076
:100E700010B5074C2378834208D10722601C0FF07D
:100E800022FB00280CBF2046002010BD0020FCE7FC
:100E9000343B0020F0B59BB01446064602AF50B973
:100EA00001214F4A4F4809F07FFA6FF01505284697
:100EB0006437BD46F0BD5022184607F11001A04727
:100EC000041E06DA2346484A0121464809F075FA0D
:100ED000EBE7304607F108010AF06EFA054698B1D3
:100EE0006C4688B002AA414BC2E905364FF4007344
:100EF00093833F4B42F8103F00234FF4E2513948AF
:100F0000F3F77EFAA546D0E73046391D09F03AFBE3
:100F10007868B0B10A22294606F084F90128034610
:100F200001D9344AD0E7C0B22CBB014607F1080210
:100F30003F20FFF741FF30B15C2221460FF0A8FAB5
:100F4000B5E72846F0E707F10800F6F7FBFA6E462A
:100F500088B002AA284BC2E905304FF4007393838E
:100F6000234B42F8103F4FF4E45123461D48F3F75A
:100F700047FAB5469BE707F10801FFF7DDFE064695
:100F8000C8B907F10800F6F7DDFA6C4688B002AA86
:100F90001A4BC2E905304FF400739383144B42F8A7
:100FA000103F4FF4E25133460E48F3F729FA6FF041
:100FB0000B05A5467BE7502C0BD050230121009355
:100FC0000F4A2346074809F002FA30460DF090F820
:100FD0006BE7224607F110010C300FF032FA66E79A
:100FE000A0310200340E0200AA5002008C49020017
:100FF00003000001A8490200C9500200EC500200A1
:101000000B5102000246014610B5502311F8010BA6
:101010000C32F6F755FC044628B101210346034A79
:10102000034809F0CAF9204610BD00BF295102004B
:10103000340E02002DE9F0479AB01646DDE92397F9
:101040000CAA84468A4690461D462C4B03F1300E6E
:10105000144618685968083303C473452246F7D10B
:1010600018681B79614620602371202204A80DF0C6
:1010700052F86B462022224804A90DF064F8044679
:10108000C0BB102251460DF135000DF044F810227E
:1010900031460DF145000DF03EF8294611F8013BAF
:1010A00006220DF156008DF855300DF034F82299D6
:1010B000062211F8013B0DF15D008DF85C300DF05A
:1010C0002AF84B463522414668460DF03CF8044666
:1010D00080B948460DF029F8012335228DF83030CB
:1010E00041463B4668460DF02EF8044610B9384696
:1010F0000DF01BF820461AB0BDE8F0874A10020038
:101100005651020070B50E461D46144698B0014671
:10111000202204A80CF0FFFF202231460CA80CF07E
:10112000FAFF1022294614A80CF0F5FF10222146E0
:1011300068460CF0F0FF6B465022184604A90DF0EB
:1011400002F840B9039B054A1BBAB3FBF2F102FB5C
:1011500011331C9A136018B070BD00BF40420F00DD
:1011600070B541690446867A0A4D59B1437ADB0766
:1011700006D42C2303FB06535B6A1B689B689847C5
:10118000002363612C20214606FB0050BDE870401F
:101190000EF0C1BC4C0B00202C22024B02FB003095
:1011A000704700BF4C0B00202C21827A054B01FBBD
:1011B00002339A6A1B7F801A1B3323F00303B0FBB0
:1011C000F3F070474C0B002038B52C24827A094B81
:1011D00004FB02335B6A0C685B681A68944294BF34
:1011E0000C600A60D3E90054FFF7DEFF05FB004006
:1011F00038BD00BF4C0B00202DE9F04385B00546FB
:10120000684690461C4603910EF043FFDDE90067F7
:101210004FF02003EFF3118983F31288BFF36F8F30
:101220006B8B002B41D02A8B9A4225D900220023B8
:10123000284604F037FE0446F0B189F31188BFF365
:101240006F8F039B002B41D032463B4668460EF021
:1012500044FF2C21A27A234B204601FB02335B6A18
:1012600003A91B681D68DDE90023A847606170BB06
:101270002046FFF775FF24E0698B4B1E6B8389F3D3
:101280001188BFF36F8F2B7F2A8BAC6A1B3323F03F
:101290000303521A02FB0344124B134AEB1A9B102E
:1012A0005343A3722B7FE372CBE789F31188BFF31B
:1012B0006F8F23464246284604F0F4FD044600287A
:1012C000BFD10024204605B0BDE8F0836361002350
:1012D0000122636022812382039A63696282E36050
:1012E000F0E700BF4C0B0020A38B2EBA70B52C2565
:1012F0000B4C00B970BD037A4668013BDBB2037248
:10130000002BF7D1C3604360837A05FB03431B6A5C
:1013100013B198473046ECE7FFF722FFFAE700BF2A
:101320004C0B00202DE9F84F07460E469046054627
:1013300029466D68002DFBD14FF02C0ADFF864B010
:1013400001F10C0420460DF058F886421AD32046CD
:101350000DF053F81FFA80F941464A4620460CF03A
:10136000F8FFB6EB09064D44C84417D00C9B63B197
:10137000DDE90A010D9A9847014678B138460CF02C
:10138000C1FFDDE71FFA86F9E6E7B87A3146DDE905
:101390000A2300FB0AB0FFF72FFFEDE72846BDE860
:1013A000F88F00BF4C0B002010B5027E0446022AC5
:1013B0000CD0042A09D0BAB10C490D480DF027F819
:1013C0002046FFF793FF002010BD0522114604F1CF
:1013D0000C000CF0EDFF228AE1680648F2F75EFA95
:1013E000021EEDDA0449E8E70122EFE78751020027
:1013F0000C0E0200903B00209751020010B50648E9
:10140000F7F7A6FC041E04DA2246044904480CF04F
:10141000FEFF204610BD00BF041B0200AF510200BA
:101420000C0E0200014804F071BD00BFBC0A002090
:1014300010B51248F2F7A4F9044648B110F1780F3C
:1014400006D002460E490F480CF0E1FF204610BDC1
:101450000D4A0E490948F2F7D3F9044610B1024685
:101460000B49F0E74FF4004200230A4804F074FDF2
:1014700004460028EAD002460749E4E7640A02006D
:10148000D95102000C0E02006C060020903B002097
:1014900009520200BC0A00202D5202002DE9F04F33
:1014A000074600780C46042885B001F1FF3309D0C7
:1014B000052800F09580022840F0B980032B6ED8F3
:1014C0005F4A02E0012B07D85E4A01215E4805B061
:1014D000BDE8F04F0CF099BF7B783E2B3BD1FB78F9
:1014E000022B36D00D2B36D13B79012B33D1B7F8F7
:1014F0000550C5F30015B7F80130033CB4EB132FCA
:10150000ADF80C302CD145B34FF000084FF0000976
:10151000DFF858B1DFF830A142464B4629469DF826
:101520000C00F6F779FA064610B300F10C0502221A
:1015300003A928460CF00DFF28460CF05EFF8442FC
:101540001ED9012100902346404A3F4808F03FFF42
:1015500040E00125CFE70025CDE74FF4A028D5E7EF
:1015600001213B4A38480CF050FF05B0BDE8F08F30
:10157000002DFAD15A46022150460CF046FFCBE727
:101580002246F91C28460CF0E4FE05F0EDF8304642
:10159000F7F7B6FB05B0BDE8F04F05F0F9B800224B
:1015A00000230320F6F706FA0646B8B1D7F8013053
:1015B00000F10C050422284603A903930CF0C9FE90
:1015C000BDF80E30053C9C4229D0224A01211E481C
:1015D0000CF01BFF3046FFF789FEC6E71E4A74E792
:1015E000032B01D81D4A70E700220023F6F7E2F929
:1015F000064690B1D7F8013000F10C0504222846C8
:1016000003A903930CF0A5FEBDF80E30053CC3F30F
:101610000D039C4203D0124AD8E7124A55E72846E8
:101620000CF0EBFE84428CD82246791DAAE70246D4
:101630000D49054805B0BDE8F04F0CF0E8BE00BF0D
:10164000EA5202004D5202000C0E0200C752020084
:101650006E52020023530200095302004553020058
:101660007E53020064530200A05302009252020013
:1016700010B5002000F054F8044618B9BDE8104039
:10168000FFF7D6BE0246034903480CF0C0FE2046D1
:1016900010BD00BFB45302000C0E020010B50E487E
:1016A000F2F7D0F8044630B102460C490C480CF071
:1016B000AEFE204610BD0B48F2F782F8044610B18A
:1016C00002460949F2E70CF0A7FE04460028F0D0D4
:1016D00002460649EAE700BF903B0020D9530200CA
:1016E0000C0E0200640A0200045402002854020096
:1016F000002210B5114640F60340F6F7B1FD04464E
:1017000018B9BDE81040FFF7C9BF024602490348B7
:101710000CF07DFE204610BD4F5402000C0E02005E
:101720001022044B0020C3F840244FF05023C3F88C
:101730001406704700300050084B70B5C31A0D46B0
:1017400007499B1004465943402206480CF087FE87
:101750002B4601462046BDE870401847AC3B0020B0
:10176000B76DDBB6EC090200402373B50B4C009358
:10177000041B0B460D460A49A41061430646094A5C
:1017800009480CF098FE011E05DA30462B4602B0DF
:10179000BDE87040184702B070BD00BFAC3B0020F0
:1017A000B76DDBB621E50100EC0902002DE9F84335
:1017B0000022012106460520F5F798F9114801F0AD
:1017C00079FF114B984219D101F084FF00244FF0AA
:1017D0001C090C27DFF834803569414609FB0450A9
:1017E00007F015FE002807DB012307FB04551C4406
:1017F000042CAB67F0D10020BDE8F8836FF0040043
:10180000FAE700BF451801000000AD0B1C1B0200E9
:1018100001460C2300224B4370B50848C4187833A6
:101820001844D4E91C5622670CF006FE2DB132464E
:101830002B46BDE870400248184770BDAC3B002005
:10184000EC090200062812D8DFE800F0040F11119D
:10185000110D0B00064B986F10F0070007D1FFF732
:10186000D7BF0220FBE70320F9E70120F7E7704725
:10187000AC3B002008B54FF02003EFF3118183F358
:101880001288BFF36F8F124A136843F00200106092
:10189000DA0708D481F31188BFF36F8FBDE80840E1
:1018A000012001F02FBF4FF05023D3F80C24D3F8C0
:1018B0000C34DB07EED507480CF0BEFD81F3118830
:1018C000BFF36F8FBDE808400020FFF7A1BF00BF46
:1018D0004C3C0020243C00207FB500220123CDE9B0
:1018E000022304ABCDE90433094A6B46CDF800D09E
:1018F000CDF804D00CF00DFE002805DB4FF480423B
:101900000023684604F028FB07B05DF804FB00BF25
:1019100059E5010010B54FF02003EFF3118483F374
:101920001288BFF36F8F074A136823F00201DB07A9
:10193000116002D401200DF0EEF884F31188BFF39A
:101940006F8F10BD4C3C00202DE9F041012207466D
:101950003749D1E8EF3FC1E8E02F0028F9D133B98A
:10196000344935484B60CB608A6007F063FD7B1ECD
:10197000012B2BD8012F07D14FF05023D3F81C3463
:1019800003F00303022B21D00EF014F80546F8B93A
:101990002A4B1B78E3B14FF0502302220646C3F8CE
:1019A00008234FF05024DFF89880D4F81824D4F896
:1019B0001834D20316D503F00303022B01D0012FF4
:1019C00010D175B386F31188BFF36F8FBDE8F08136
:1019D0004FF02003EFF3118683F31288BFF36F8F6C
:1019E0000125DEE7C5B13046F5F752F9D4F81835D0
:1019F000DBB2012BD9D1D4F80421002AD5D00022A2
:101A0000C4F80421D4F804210222C4F818252022A5
:101A1000C8F88021A360C8E70021212004F05EFF00
:101A2000E4E74FF050230222C3F80423CEE700BFBF
:101A3000A83B0020983B0020C83B002049510020D3
:101A400000E100E008B507480DF0F2FE38B10648A5
:101A5000F5F75CFB0448F1F71DFA002008BD6FF0B4
:101A60001200FBE7280A02006D1A01000A2838B5A7
:101A70000446074D04D1AB680D2128465B689847A2
:101A8000AB6803485B68E1B29847204638BD00BFA9
:101A9000280A020000F1744000F5A6000A289ABF47
:101AA000024B33F910006FF00F007047E41E020084
:101AB000024B0B6001231360704700BFF41B020050
:101AC00000487047741B02000268154BFF2A08BFCC
:101AD0004FF0FF32C3F824254268FF2A08BF4FF0B9
:101AE000FF32C3F828258268FF2A08BF4FF0FF3273
:101AF000C3F83025C268FF2A08BF4FF0FF32C3F891
:101B000034250269FF2A08BF4FF0FF32C3F8382599
:101B10004269FF2A08BF4FF0FF32C3F83C257047E7
:101B200000B00250054B994206D14FF0FF324FF002
:101B3000FF33303004F010BA704700BF0000AD0B27
:101B400030B50D46416885B0B9B1D1E9001384685C
:101B5000ACB1D4E900249CB193B19C4209D15C1C86
:101B6000092C03780FD90221114A1248009408F079
:101B70002EFC6FF0150005B030BD0B46E7E722469E
:101B800001331C44ECE78DF8083040F20113ADF846
:101B90000A30002302A88DF809408DF80C308DF82A
:101BA0000D5002F08FFD05B0BDE83040FFF772BF69
:101BB000E1540200F40E02002DE9F04F91B04368A9
:101BC00000AF5D6B81460021284607F128020CF02A
:101BD0002CFE041E7FDBBB6A2A681979186800F0A6
:101BE000A3FF041E77DB002201212B20F4F77EFFE8
:101BF00001254FF05023C3F8B855D9F804A0D9F8FF
:101C000010205046774902F03DFDFFF743FF041EC8
:101C100057DB754E4FF000080FCE07F128040FC4B4
:101C200096E80300AB2307F1040B84E80300C7F830
:101C30000480CBE901883B716C4B07F12800D3F895
:101C4000242507F11006D2B23A61D3F82825D2B282
:101C50007A61D3F83025D2B2BA61D3F83425D2B242
:101C6000FA61D3F83825D2B23A62D3F83C35DBB208
:101C70007B62FFF729FF284602F07AFD01463046D5
:101C8000FFF722FF5A4B99422AD141465846FFF7A7
:101C900057FF041E15DB23200DF0C5FD03229F23F3
:101CA000C7E90A887A614146C7F810B087F828303A
:101CB0003E6307F12800FFF743FF041E4FF00302C5
:101CC00011DA4FF050230222C3F8B82502F06EFD5E
:101CD00008B102F059FD20464437BD46BDE8F08FFB
:101CE0006FF00404EDE759460AF130000EF0EBFB0B
:101CF000044610B36C468CB06A4697F804C07E79EF
:101D0000BD799AF830009AF831109AF83230D362DF
:101D10000823DFF8F8E0C2E90765C2E905ECC2E98B
:101D2000090142F8103F44F2400143463148F2F7BE
:101D300067FBA5466FF01204C3E7D9F80420537F70
:101D4000023B012B05D9157F033D012D8CBF0025DA
:101D500001250CF00AFCB0F1000807DA0121434626
:101D6000254A244808F029FB4446AAE75FFA88F28E
:101D7000C8F380184545A4D00023012182F0400219
:101D8000BB623F6179613B6387F82810FE6207F10F
:101D900028003B803A70FFF7D3FE041E07D10CF0F9
:101DA000E4FB041E04DB14F00104F8D189E788DAAF
:101DB000124A134B002D18BF13466D468AB06A466F
:101DC0001049D461C2E905134FF4007313840E4B1C
:101DD00042F8103F00234FF411510648F2F710FB70
:101DE000AD466EE75FE501000C10020000B0025046
:101DF0000000AD0BF40E02003C550200FF3E020055
:101E0000045502004C550200040000010A5502006E
:101E10002DE9F74F0B460F46804614464668C1F33E
:101E20000B012AB96FF01506304603B0BDE8F08FFC
:101E3000C2F30B0252EA0105F4D1002B03DBF16A75
:101E40001A198A4206D90121304A3148009408F013
:101E5000BEFAE7E70CF0D3FB2846D8F804900CF064
:101E60009FFB0646D0B9DFF8B8A0D9F82C309C42C9
:101E700018D10CF0E1FEA34605462946D8F810001B
:101E8000FFF750FE554534D1B4EB0B045F44ECD161
:101E900001200CF085FB002E08BF064640460CF0E2
:101EA00094FBC1E7B4F5803F09D3BBB253B93946BF
:101EB000012002F085FC4FF4803B0546DDE7B4F5D8
:101EC000805F09D3C7F30B0030B9394602F078FCC4
:101ED0004FF4805B0546D0E701213B460D4A0C4894
:101EE000009408F074FA0C49D8F81000FFF71AFEB5
:101EF000094D07483B460121084A009408F067FA5B
:101F00002846FFF7C7FD0646C2E700BF5D55020041
:101F1000F40E0200A75502000400AD0BC5550200E7
:101F20000000AD0B2DE9FF470E4607461D469046C3
:101F30004168A2B19BB1042B01D9AB070FD116F0B8
:101F400003040CD1002E03DBCA6A731993420CD927
:101F500001213346384A3948009508F038FA6FF0C5
:101F60001504204604B0BDE8F08738460CF047FB66
:101F700020460CF015FB044630B101200CF010FB9C
:101F800038460CF022FBECE7032D1CD83246042126
:101F900003A80CF04EFE044601463869FFF7C2FD67
:101FA000274B9C4234D12A46414603A80EF049FAF9
:101FB0003246042103A80CF039FE04460146386974
:101FC000FFF7B0FD24E008F06043B3F1005F02D1F9
:101FD00018F0030F2BD0DFF868A0042DA94628BF06
:101FE0004FF0040941464A4603A80EF02AFA324649
:101FF000494603A80CF01AFE044601463869FFF76B
:1020000091FD544504D1B5EB0905C8444E44E4D1D3
:102010002046FFF73FFD044601200CF0C1FA0546BB
:1020200038460CF0D2FA002C08BF2C4699E732460D
:1020300029464046BFE700BFE3550200F40E020008
:102040000000AD0B2DE9F04F82460E461C4690462F
:1020500087B082B1002B00F08F800029426803DB3B
:10206000D26A0B4493420BD901213346434A444878
:10207000009408F0ACF96FF0150007B0BDE8F08FE0
:10208000754205F003050CF0BAFAA54228BF2546B3
:10209000D8F1000303F0030308F0030758BF5F42C1
:1020A0007F4207F00307A74228BF2746631BE41BB4
:1020B00024F0030423F00309A145C8BFA14603F09F
:1020C000030BC8BFA3EB040BB9F1000F19D008EB49
:1020D000070372194946184603930CF0AAFD0446FB
:1020E0000146DAF81000FFF71DFD264A944238D168
:1020F000BD4206D0039B4A46194608EB05000EF088
:10210000ADF9ADB1C5F104070421F21B04A80CF030
:1021100090FD04460146DAF81000FFF703FD194B65
:102120009C421ED104AB2A464046D9190EF089F9CB
:10213000BBF1000F1ED0721908214A4404A80CF00C
:1021400078FD04460146DAF81000FFF7EBFC0D4B72
:102150009C4206D109EB05005A4604A940440EF002
:1021600070F950460CF031FA204607B0BDE8F04F48
:10217000FFF790BC034CF4E718467EE72D560200AB
:10218000F40E02000000AD0B024B0B600123136044
:10219000704700BF503C002000487047101C0200F0
:1021A00007B50346054A00910548012108F00FF9DB
:1021B0006FF0150003B05DF804FB00BF8C56020001
:1021C000740E020010B50122064811460DF0B1FC54
:1021D0000CF029FD044C20600CF022FD6060002012
:1021E00010BD00BF583C0020503C0020F7B50E4603
:1021F00014460CF015FD2146054630460CF016FA43
:10220000374660B3B6FBF5F305FB136323B9B4FBA4
:10221000F5F305FB13434BB13346134A00941348BF
:10222000012108F0D4F86FF0150002E0A54202D9B0
:10223000002003B0F0BD4FF0FF324FF0FF330C48E9
:1022400003F08AFE0CF0ECFC0546384601F098FFDE
:10225000641B2F44F9D1064803F058FEE8E7054A0D
:1022600033460094DBE700BFA9560200740E02005B
:10227000583C00208C560200F7B50E4619463046F1
:1022800017461C460CF0D2F950B93346174A009451
:102290001748012108F09BF86FF0150003B0F0BD5E
:1022A00046EA040515F0030503D0124A33460094AC
:1022B000EEE7A4B14FF0FF324FF0FF330E4803F0CA
:1022C0004BFE24F00304A54205EB060009D10B4A9E
:1022D000D2F80034DB07FBD5074803F017FE0020D7
:1022E000DCE7795901F06AFF0435ECE78C5602000F
:1022F000740E0200C8560200583C002000900350A3
:10230000F0B5406801F01F04057B87B044EA45142E
:102310000569002D63D0B2F5001F00F1100506D14C
:10232000214628460CF077FC002007B0F0BD0027BE
:10233000B2F5800F01AE0197776039D1B3F1007F1C
:1023400014BF052304238DF804300023CDE9046372
:102350000393836823FA01F111F001011AD1B2F15C
:10236000A07F17D104F01F03620903F180032AD074
:10237000012A3AD11E4A52F82330DB070AD40DF164
:10238000030632462146284601F0EEFC194B9842DE
:102390001BD002962146284603AA01F0A1FB164B4A
:1023A00098421FD101222146284601F043FDBBE798
:1023B000B3F1C06F05D0B3F1007F14BF0123022336
:1023C000C1E70323BFE70D4AD5E73146284601F0B0
:1023D0002BFD094B9842DCD06FF00B00A5E76FF0A6
:1023E0008500A2E76FF015009FE751F82330FFDE6C
:1023F000002884500400AD0B0000AD0B0025845074
:1024000038B545682B69B3B11035284601F0FCFC9E
:10241000044680B90146284601F0C0FC084B9842AA
:102420000BD122462846074901F098FC2246052197
:102430000D20F4F75BFB002038BD6FF00400FBE7D4
:102440000000AD0B492401004209034670B502D0DB
:10245000012A17D070BD0D4E326951680029F9D09C
:10246000012503F01F030C689D400029F2D08A6803
:102470002A4002D030464B6898472CB12368214649
:102480001C46F2E7024EE7E72346F8E7140A02008B
:10249000000A02002DE9F04340F206354668D006F6
:1024A00048BF0320337B02EA050558BFC2F3401042
:1024B00087B001F01F07B5F5837F144647EA43173D
:1024C0008DF8030043D00FD8062D18D007D8B5B12A
:1024D000022D3ED06FF0150007B0BDE8F083B5F5D2
:1024E000807FF7D101250AE040F20222954232D0E6
:1024F000B5F5407F31D0B5F5007FEBD10225220341
:102500002DD5012372688B409360326982BB07F03E
:102510001F037F092AD0012F77D13E4A02EB8302A5
:1025200084F48033D2F80012C3F30043C4F3404470
:1025300044EA430421F4706144EA800421F00F016D
:1025400044EA05230B43C2F800320020C4E7072504
:10255000D5E70425D3E70525D1E70325CFE76303B6
:1025600041BF012372688B40D360CEE72A4AD5E78A
:102570001036394630460DF1020201F0F5FB14F435
:10258000403F80460CD1394630460CF042FB234B8D
:102590009845DAD130469DF8021001F03FFCD4E7AF
:1025A0004FF0000901AB3946304603AACDE90439A2
:1025B000CDE90199CDF80C9001F092FA174B9842B1
:1025C00088D114F4003315D09DF8033084F480349E
:1025D000C4F300448DF80E3039464B46304603AA0A
:1025E0008DF80C508DF80D4001F036FB0B4B9842E6
:1025F000CDD06FE7CDE9043339460DF10303304602
:1026000003AA039301F06CFAF0E7803352F8233009
:10261000FFDE00BF00288450002584500000AD0B71
:1026200008B5CA0743681BD4C1F3420102290AD086
:1026300003290CD001290ED14FF0CC721B68002069
:10264000C3F8242508BD4FF0C8621B68F7E74FF0B8
:102650007F621B68F3E70121034A044807F0A4FEE8
:102660006FF01500EEE700BF235702008C0E02004A
:10267000F8B5446800AFE369054606699847206AE3
:102680000CF0B1F800281FDB33462046124A04F153
:10269000080102F071F9114B984217D06C4688B0CE
:1026A0002B686A460E49C2E905134FF40073938301
:1026B0000C4B42F8103F0C4800234FF4E251F1F765
:1026C0009FFE6FF00400A546BD46F8BD204602F00F
:1026D000AFF90020F8E700BF292701000000AD0B8B
:1026E00035570200030000018C0E020070B54468EB
:1026F00023682046D3F80855D3F80C6502F0A8F9F2
:102700003146284602F040FC0546206A0CF06BF882
:10271000204602F08DF9034B9D4214BF6FF00F006D
:10272000002070BD0000AD0B0378012B08D0022BF8
:1027300008D04BB9054B0B6301F1180003F0E6BB61
:10274000034BF8E7034BF6E7034BF4E70000AD0B50
:102750000100AE0B0200AE0B0100AD0B2DE9F04FF6
:102760008DB002AF7A6014221D46D0F804B0D0F8C4
:102770001080BBF8183006460C46B8180021D8F86F
:1027800034A0BB600DF084FE7D754FF0FF324FF03A
:10279000FF33404603F0E0FB08F11803FB604FF005
:1027A000000900220023F86803F0D6FB4D467B6841
:1027B000994501D300243FE0207A020700F1AB8065
:1027C0007B6809F101099945D4F800E00AD2830732
:1027D00008D4237D80EA030202F0010203F004031F
:1027E0001A4307D025B90EF06043B3F1005F36D02D
:1027F000002300E001236268B96805EB020C8C45F8
:102800001ED96C468CB0316802ABDA61BA684348B5
:10281000C3E9082140F203521A851A46C3E90505A7
:102820003F4B42F8103F00234FF451513D48F1F720
:10283000E7FDA5466FF01B04404603F067FB23E06D
:10284000C10706D471460AEB05003B600DF0F9FDA7
:102850003B6862682A4495B2002B47D1CDB9002568
:1028600023683B626368227ABB6102F0010139751B
:10287000BBF82410994210D22B4A0091294801211B
:1028800007F0A5FD6FF01B0420462C37BD46BDE8C0
:10289000F08F2B46C7F820A0E5E782F00202C2F3D2
:1028A00040025846520107F1140102F0EFF81F4BA5
:1028B000984205D00B3398420CD16FF00F04BBE760
:1028C0004FF480420023F86803F046FB28B13046FD
:1028D000FFF70CFF6FF00404AEE7D8F83030134A6E
:1028E0009342F7D1237ADB0702D400250C345EE74C
:1028F0003B6A9A45F9D1234608E0A91AD8688DB2F7
:102900001AFA81F13B600DF09CFD3B685A680C3B64
:102910009542F2D2E9E76FF085048DE75557020042
:10292000060000018C0E0200205802000000AD0BD2
:1029300010B504460269A2B0C2F880001F49002009
:1029400001F0A0FB002201212A20F4F7CFF86468EF
:102950008422002101A80DF09BFD6368B3F5803F40
:1029600004D30221164A174807F01EFD2368B3F569
:10297000803F04D30221144A124807F015FD0023BA
:102980000120219301AA61680432D940C90744BFDC
:1029900000FA03F142F8041C2168D940C90748BF76
:1029A00000FA03F103F1010348BFD163102BEAD110
:1029B00001A801F07FFB002022B010BDA52A010074
:1029C0007E580200C40E0200AA58020038B50F2932
:1029D0000C4605693CD843681B68CB40DB0737D5FC
:1029E000D5F88430CB4003F001031AB9EBB96FF08E
:1029F00077002CE0002BFAD155F8213023B90221C1
:102A0000154A164807F0D0FCD5F8843013B92A20AF
:102A1000F4F73CF80122D5F88430A2401343C5F8FE
:102A20008430E0B201F066FB0AE0C8B201F06AFB54
:102A30000122D5F88430A24023EA0203C5F884308D
:102A4000D5F8843013B92A20F4F72EF8002038BDC9
:102A50006FF01500FBE700BFD6580200C40E02005D
:102A600038B505460C4622B102210C4A0C4807F045
:102A70009BFC0F2C0ED86B685B68E340DB0709D525
:102A800001230020A400E4B204F1A04404F528349A
:102A9000236038BD6FF01500FBE700BF0659020048
:102AA000C40E020070B5D1F880600F2804460D46B0
:102AB000736803D81B68C340DA0704D402210E4AA6
:102AC0000E4807F071FCD5F88430E340DB0704D4EE
:102AD00002210B4A094807F067FC05EB840255F810
:102AE00024503DB121463046AC46BDE8704000233D
:102AF000126C604770BD00BF21590200C40E020075
:102B00003D590200036803F01F025B09026004D014
:102B1000012B034818BF002070470248704700BFD0
:102B200000288450002584502DE9F04F1546824638
:102B3000DFF88C81DFF88C9185B000EB8101514585
:102B400003D1002005B0BDE8F08FDAF80030C3F300
:102B50004322082A03F07F0400F2AC807F2C4FEA66
:102B6000134308BF4FF0FF3418F80270222B00F215
:102B7000A480DFE803F012191F22252B22A2A2A2B3
:102B8000A23B67A2A2A2A2A2A2A2A2A26A7F82855F
:102B9000A2A2A288909396999C00C5F80C45601C4F
:102BA0005DD10AF1040ACAE7C5F81445621CF8D0E1
:102BB00000265DE0C5F80845F1E7C5F81045F5E7E2
:102BC000631CC5F80845ECD0002604E0661CC5F877
:102BD0000C45E6D001264FF0010B03A80394FFF744
:102BE00091FF039B0BFA03F3C36008E0C5F80845A7
:102BF000002FDBD1631CD4D000260627B346DAF8B9
:102C0000003003A803F40052002A1CBF01264FF035
:102C1000000B01930394FFF775FF039A019B00EBF0
:102C20008200D0F80022C3F3C1143B0243EA8403BC
:102C300043EA0B0302EA0902134343EA4603C0F8DE
:102C40000032AEE7C5F80C45D2E7C5F86045601C18
:102C5000DAF80030A5D0C3F38033002BBAD00126B8
:102C600003A80394FFF74EFF039B06FA03F3836068
:102C7000B346C4E7C5F86445E9E7C5F86845E6E743
:102C8000C5F86C45E3E7C5F82445621C89D00126E8
:102C90004FF0000BB3E7C5F8284580E7C5F830458D
:102CA000F3E7C5F83445F0E7C5F83845EDE7C5F872
:102CB0003C4574E76FF0150044E76FF0850041E78D
:102CC00073590200F0F0FCFF2DE9F74306464FF080
:102CD0000008002201210820F3F708FF0820F3F77D
:102CE000D5FE776835693C684146C4F800852E609A
:102CF000D7F80C9001AA48460BF097FD00283FDB5F
:102D0000019BD9F8002019791868FFF70DFF0028FA
:102D100036DB6B7AD6F810C0012B03D0032B2DD1F4
:102D20004FF01008AB7A032B28D195F80BE0BEF1D9
:102D3000000F02D0BEF1010F20D1297A012922D043
:102D4000022924D0D1B90A466B687068B3F5164FD2
:102D5000006800F0898037D8B3F5165F00F08780EF
:102D60001FD8B3F5966F00F0848012D8B3F5967F24
:102D700000F08280B3F5167F00F081806FF085004F
:102D800003B0BDE8F0834FF480720E21DCE700222F
:102D9000FBE7B3F5166F75D0B3F5965FEED15E4BDA
:102DA0003EE0B3F5E14F70D007D8B3F5615F6ED068
:102DB000B3F5964FE2D1594B32E047F612294B4515
:102DC000DCD14FF400032BE0B3F5613F61D013D8A1
:102DD000B3F5963F60D009D84DF6C0294B455DD07C
:102DE000B3F5614FCAD14FF46B0319E0B3F5E13F7E
:102DF000C4D14FF0EB7313E0B3F5612F51D009D874
:102E0000DFF838914B454FD0B3F5E12FB6D14FF0F5
:102E1000E86305E0DFF828914B45AFD14FF08053D0
:102E2000C0F82435736848EA01081B6842EA0E02BC
:102E300042EA0802C3F86C250CF10403D5E901014C
:102E400083E803007B6899073DD505F1180000F081
:102E500019FD334B98422AD032480121324A07F0FB
:102E6000A3FA6FF004008BE74FF41D03D8E72F4B54
:102E7000D6E74FF49E23D3E74FF4A033D0E74FF4C7
:102E80001C33CDE74FF41D23CAE7294BC8E7294B74
:102E9000C6E74FF06C73C3E7274BC1E74FF46503F8
:102EA000BEE74FF07063BBE74FF08063B8E7287E62
:102EB00004F10C0204F590710BF06BFD01202B7EE8
:102EC000984000F0EBFB0823C4F800353B7A53B977
:102ED000C4F81031D4F810316B69C4F834350123CB
:102EE000C4F8383523607B6800209A075CBF4FF434
:102EF0008073C4F804337B68DB0644BF4FF480035F
:102F0000C4F804332B69C4F844350123C4F84805D8
:102F1000A360E36034E700BF00B0130000A04E00E0
:102F20000000AD0B140F02007C5902000050270076
:102F300000C0750000F03A0000903A0190D0030004
:102F400040420F00F8B504460D4607690CF032FD0B
:102F5000B0B92E4B1B789BB1642660680BF093FCD4
:102F600000BB01200BF009FD013EF6D1002121201C
:102F700003F0B4FCF0E786F31188BFF36F8FF5E739
:102F80004FF02003EFF3118683F31288BFF36F8FA6
:102F9000606831460BF077FC90B986F31188BFF377
:102FA0006F8FEDE74FF02003EFF3118683F3128864
:102FB000BFF36F8F606831460BF065FC0028DAD0F4
:102FC0003B691D70626838691368C3F844050120C5
:102FD000C3F848050020C3F82001D3F82051C3F8F6
:102FE00058015268D3F85801D20608D50820626803
:102FF0001268C2F800054FF48002C3F804230122CE
:103000009A6081F31188BFF36F8FF8BD495100209A
:103010000123834070B5DC430B4AD2E8EF1F01EA7D
:103020000405C2E8E65F002EF7D14FF480328240FB
:103030000648C0F80823BFF35F8FBFF36F8F0B42C2
:1030400014BF0120002070BD183D00200050015029
:1030500070B40E4922F07F46D1E90034D01AC3186B
:1030600044F10004C1E90034A6F50013B3F5400FA4
:1030700009D2074B1B681A0A1B069C19054B42F123
:103080000005C3E9004570BC03F030BD782900207D
:103090001C3D002080290020D9B101230D4A834026
:1030A000D2E8EFCF4CEA030CC2E8E1CF0029F7D118
:1030B0004FF48033084A8340C2F80433074BD3E807
:1030C000AF3FC340DB0742BF4FF40012044BC3F8CD
:1030D00000217047183D002000500150103D002095
:1030E00000E100E0C3B202489B001844704700BFF3
:1030F00040510150024B00F5A87053F82000704772
:10310000005001500D4B1868010A0006BFF35F8F95
:103110000B4BD3F80435181841F10001B3F5801FAB
:103120000AD2084BD3E90023904271EB030303D288
:1031300010F1807041F10001704700BF1C3D00207C
:1031400000500150802900202DE9F04F85B016462F
:103150001F4604469DF840A0FFF75AFF0190FFF775
:10316000D1FFB04271EB070352D23B4B301A67EBF1
:103170000101984271F100014DD2384B03EB041369
:10318000D3E902239F4208BF964258D04FF48038BB
:10319000334908FA04F8204626F07F4BC1F84883EB
:1031A0000BF0BAFB4FF00309584604F15005AD008F
:1031B000ADB205F1502504F5A87305F580350293ED
:1031C000029A20F07F4341F82230C1F84483D1F8BD
:1031D0000435244AC01A033820F07F4090422ED98B
:1031E000286868B1D1F80435A3EB0B0020F07F40CC
:1031F000B0F5000F039322D920460BF08DFB039B03
:10320000BAF1000F07D109EB030009F10109D7E773
:10321000BAF1000F09D06FF0150520460199FFF7AC
:103220003BFF284605B0BDE8F08F01230E4AA340BE
:10323000D2E8EF0F1843C2E8E10F0029F8D107499F
:103240000E982301C8500F9B01EB04120025C2E920
:1032500002675360E1E700BF0100800058290020A9
:1032600000500150FDFF7F00103D00207FB500257C
:103270004FF0FF304FF0FF314FF480321C4C1D4BAC
:103280000226C4F80833C4F848331B4BC4F8085569
:10329000C3E90201C4F80423C3E906014FF4003373
:1032A0004FF40012C4F80433144B0121C4F8046332
:1032B0001520C3F880212A46F3F718FC1520F3F7F0
:1032C000E5FB01230322A36023600D4B28461A600F
:1032D0000C4B0D4A1E600D4BCDE9015500930023A8
:1032E000FFF732FF3046FEF72FFB284604B070BDD3
:1032F0000050015003000F005829002000E100E0B9
:10330000183D0020143D0020FFFF7F0051300100D8
:1033100070B501240C4B186890B1B0FA80F0C0F180
:103320001F0004FA00F1C943D3E8EF2F02EA0105B8
:10333000C3E8E65F002EF7D1C240D207EBD570BDDF
:103340006FF00B00FBE700BF143D00200123054A8E
:103350008340D2E8EF0F1843C2E8E10F0029F8D10B
:10336000704700BF143D002030B5431C124C85B09F
:1033700005D08442A8BF0446012CB8BF0124FFF742
:10338000C1FE0E4B0C4DD3E90013401AB0F5000FEF
:103390000FD22218AA4228BF2A46002052180849F4
:1033A000CDE90100009143F10003FFF7CDFE05B028
:1033B00030BD2A46F1E700BFFFFF7F0078290020DB
:1033C0005130010008B5FFF79DFE024B1B68C01A83
:1033D00008BD00BF78290020012310B5074C152037
:1033E0006360F3F761FB4FF40012054BC4F8083338
:1033F000C4F84833034BC3F8802110BD005001507E
:1034000003000F0000E100E008B5F0F715FF0448E5
:103410000121044A06F0C8FF0020F3F75DFA00BF5F
:103420006C0E0200B55902004FF47F03D3F830212F
:10343000D3F83431072A05D1023B032B02D8024AC4
:10344000D05C704700207047DA59020008B5FFF7DA
:10345000EBFF58B1694BD3F8202A3AB90D21C3F8D4
:10346000201A0121C3F81C19C3F81C290022D3001B
:1034700003F57F03D3F80013013107D0D3F800130D
:103480000132D3F80433202A0B60F0D1FFF7CCFFD0
:10349000002840F0AA80FFF7C7FF40B1584B594AB7
:1034A000C3F830254FF050230122C3F858254FF4BC
:1034B0007F03D3F83021D3F83431072A09D1023BF6
:1034C000032B06D8504AD35C1BB100224F4BC3F8E4
:1034D0004C25FFF7A9FF50B14FF05023D3F800243B
:1034E000D10742BF0022C3F81421C3F818214FF4BA
:1034F0007F03D3F83021D3F83431072A09D14FF0B4
:103500005023D3F80024D20744BF6FF00102C3F860
:103510000024FFF789FF18B16522384BC3F80C2748
:103520004FF47F03D3F83021D3F83431072A16D172
:10353000364BD3F82034002B11DA4FF050230322FE
:10354000C3F8182501229A60D3F80421002AFBD081
:103550000022C3F804210122DA60C3F818254FF4D1
:103560007F03D3F83021D3F83431072A23D1023B2B
:10357000032B02D8264AD35CEBB17E221F4B204995
:10358000C3F80C27C3F83C297F23224AC2F818311C
:103590000023C1F8043EC1F8083E01F54821C1F8F6
:1035A0001031C2F82431C2F82C3102F5FF1202F5B5
:1035B0008052C2F8A032184B1849D3F88C2042F43C
:1035C0004062C3F88C200868154AC2F84405C969EE
:1035D000C2F84C15D3F8882042F47002C3F8882052
:1035E000BFF34F8FBFF36F8F08BD2922034BC3F882
:1035F0000C270322C3F83C274DE700BF00400050D2
:10360000009003504400EFBED65902000020035042
:10361000D25902000020005000ED00E00080FF00C1
:103620000060005030B50468ACB1B4FA84F30122F4
:10363000C3F11F03DBB29A4024EA0202D0E8EF5F35
:10364000A54204D1C0E8EC2FBCF1000FF6D1EAD1BD
:1036500002480B7030BD0248FCE700BF0000AD0B14
:103660000200AD0B10B50368CB40DB0710D401237B
:103670008B40026843EA0201D0E8EF4F944204D144
:10368000C0E8EC1FBCF1000FF6D1F2D1014810BD2B
:103690000148FCE70000AD0B0400AD0B014BC3F883
:1036A0000405704700700150014BC3F808057047CE
:1036B00000700150044B1A7922B9012218601A7166
:1036C0000248704702487047203D00200000AD0BC3
:1036D0000C00AD0B08B50A4B1B6833B10520F3F79E
:1036E000F7F910B90520F3F7D1F94FF05023012273
:1036F000C3F81825C3F81425C3F8802508BD00BFFA
:10370000203D002010B5032845D8DFE800F018025E
:10371000554F00224FF480730121002003F1502304
:1037200018601C68012402F150221460284A1268B3
:10373000002A47D04FF05023C3F804132BE04FF07A
:103740005023D3F81814D3F81824C90312D502F063
:103750000303022B05D0012B02D000200BF02AF925
:1037600001234FF050220221C2F8183508224FF4ED
:103770008273D2E7D3F81424D207F1D5D3F81C24EE
:1037800002F00302013A012AE7D8114A12681AB17D
:103790000222C3F8042310BDD3F80421002AFBD071
:1037A0000022C3F80421D3F80431F4E718224FF4BF
:1037B00090734FF48071B0E720224FF492734FF46E
:1037C0000071AAE71A68002AFCD018601B68E2E7BB
:1037D000203D00204FF0502310B5D3F8002152B106
:1037E0000020C3F80001D3F800210122C3F8082308
:1037F000234B1B6898474FF05023D3F8042182B124
:103800000022C3F80421D3F80421D3F81824D3F8F4
:103810001824022102F00302012A28D1C3F8181546
:103820009A604FF05023D3F8202162B10022C3F8F0
:103830002021D3F820214FF48072C3F80823104BC5
:1038400005201B6898474FF05023D3F82421AAB1D4
:103850000022C3F82421D3F824214FF40072C3F8C6
:103860000823074B0620BDE810401B681847C3F823
:103870000813034B01201B689847D2E710BD00BF17
:10388000203D002001460148FFF7CCBE3007002054
:103890000123044A83400146C2F808350248FFF775
:1038A000E1BE00BF0070015030070020036803F044
:1038B0001F025B09026004D0012B034818BF0020DF
:1038C00070470248704700BF00288450002584508C
:1038D000034A4309D35C00F01F001844C0B270478C
:1038E000DE59020070B50546FFF7F2FF0C4C0830B8
:1038F00034F810300E46DA0508D5C3F3432304EB41
:10390000C302284654F8333052689847A3682BB155
:1039100031462846E268BDE87040184770BD00BFD8
:103920003407002008B5FFF7D3FF034B083033F806
:103930001000400B08BD00BF3407002008B5FFF79A
:10394000C7FF034B083033F81000C0F3400008BD38
:103950003407002008B5FFF7BBFF034B083033F8EE
:103960001000C0F3401008BD34070020034611F0DA
:10397000010010B5CCB20BD1A207C4F340000DD5A5
:10398000074A106A58601062003818BF012005E02D
:1039900004490A6A1A600A62002AEDD010BD00BF0D
:1039A000002884500025845010B5FFF791FF124A7B
:1039B000083032F81030D9051CD5C3F3432123F465
:1039C000F85322F81030002002F10E0434F8023FC0
:1039D00013F4807F03D0C3F3432399420AD001300C
:1039E0003028F3D1002342F831300448BDE81040BC
:1039F000FFF738BE10BD00BF34070020AC07002021
:103A0000F0B5054600200126044607468C420BD13E
:103A1000114BD3F87C2132B10022C3F87C21D3F8BA
:103A20007C3140F00040F0BDE3B29B0003F58072B2
:103A30009B0806FA03F31D420BD002F1A04202F5E7
:103A40005042D2F800C0BCF1000F02D017601268DB
:103A500018430134DAE700BF00D00050F7B506463E
:103A60000846FFF735FF1A4F00F1080537F8153003
:103A70000C46DB072AD530460BF0A7F82046FFF7A7
:103A800069FF58B12046FFF74DFF0022316800B2B0
:103A900001EB8003C3F81025C3F810252046FFF77B
:103AA00083FF002301A827F815300194FFF7FEFEDD
:103AB000019B00EB8300D0F80022064B134043F03B
:103AC0000203C0F80032044803B0F0BD0348FBE72E
:103AD00034070020F0F0FCFF0000AD0B0400AD0B3C
:103AE0002DE9F0431646804685B00846FFF7F0FE04
:103AF0000D463168044609B32846FFF71FFF18B189
:103B00002846FFF727FF10BB00230DF10F02CDE978
:103B100000338DF80E308DF80F3028460B460DF12E
:103B20000E010AF0FAFF484A04F1080132F8113098
:103B300023F0020343F0010322F8113073687BB3D2
:103B400028461F785968FFF7F9FE10B1E9B13F48E0
:103B500029E03D4A04F1080032F8103023F0200338
:103B6000DB04DB0C22F8103079B1032FEFD8716839
:103B7000D1F804E0D8F800109EF800C001EB8C01E9
:103B8000A7B9C1F81075C1F810752F4A04F10801E2
:103B900032F8113023F01C0343EA870322F8113076
:103BA000B3683BBB2A4805B0BDE8F083D1F810E507
:103BB00043EA4C332EF0030EC1F810E5D8F800109C
:103BC00043F0200301EB8C0EDEF8101522F81030C4
:103BD00021F44F3121F44071CEF810152902DEF89E
:103BE000108501F47C5141EA074141EA0801CEF811
:103BF0001015CAE72846D3E90067FFF7D5FE002E67
:103C0000D0D0114DD5E90023964203D19F4201D176
:103C1000002209E00F480DF10F01FFF703FD0C4BE7
:103C20009842C0D19DF80F2005EBC20308345F60B5
:103C300035F8143045F8326043EA422343F4807388
:103C400025F81430AEE700BF340700200400AD0BA8
:103C50000000AD0BAC0700202DE9F0430C46804678
:103C600085B0204611461D46FFF732FE064629B3B1
:103C70002046FFF763FE18B92046FFF76BFE18BB1E
:103C8000334F06F1080937F8193013F01C0F02D032
:103C90004B78012B18D001238DF80F3000234A1CDC
:103CA000CDE9001320468B1C0DF10F010AF035FF02
:103CB00037F8193043F0030327F81930002D44D0AA
:103CC0002046FFF73BFE18B9224805B0BDE8F08357
:103CD000002295F800C0D8F800301D4F03EB8C038C
:103CE000C3F81025C3F8102506F1080237F81210A2
:103CF0004FEA8C0E21F02001C904C90C27F81210DC
:103D00006E7816B3D8F80000AD787044D0F810354E
:103D1000360423F4991323F4F853C0F81035230222
:103D200003F47C5306F440362D05D0F810E53343F8
:103D300005F480152B4341EA4C3143EA0E0341F070
:103D40002001C0F8103527F812100348BDE700BF66
:103D5000340700200400AD0B0000AD0B014BC3E99C
:103D6000021270473407002010B508461446FFF7CA
:103D7000F1FD50B10846FFF7ABFD054B083033F8B5
:103D8000103004485B0B237010BD0348FCE700BFF4
:103D9000340700200000AD0B0400AD0B70B5174ECA
:103DA000054696F880403CBB2146602206F1100093
:103DB0000CF06EFB21462D68306F884212D1002333
:103DC00045F30730C5F87C31D5F87C31F2F75EFE5B
:103DD0004FF00043C5F804330123094886F88030CA
:103DE000B36770BDCBB29B0003F580727C2B04BF20
:103DF000AC50AB580131E0E70248F2E7340700204D
:103E00000000AD0B0C00AD0B034B93F880000038A5
:103E100018BF0120704700BF340700200148FFF79A
:103E200021BC00BFA80700200148FFF7FBBB00BF73
:103E3000A807002073B5054608460C461646FFF74E
:103E400089FD00B30846FFF779FD0146D8B9204641
:103E5000FFF768FD04B2A4000346286804F58072E9
:103E60008150296882582144D1F8102542F001027E
:103E7000C1F810252EB10122296802FA03F3C1F816
:103E8000043302B070BD2046FFF722FD0E4B083010
:103E900033F81030C3F38203042B11D0052B11D05B
:103EA00001A80194FFF702FD019A0369D34003F0D2
:103EB0000103991C204602B0BDE870400AF076BEAE
:103EC0000321F7E70221F5E7340700202DE9F04F41
:103ED000684BDFF8AC81D3F80403D8F87010C0B297
:103EE00089B040F00040FFF78BFD051E2FDAC24677
:103EF00000235AF87C1F06A8CDE90633FFF736FDEC
:103F00004FF0000B5C4B0DF118090193019A12F868
:103F1000013B0192DA081AF8022003F0070322FAA3
:103F200003F3DA071CD409F10409BBF1000F14D024
:103F3000D8F870104FF00040FFF762FDD8F87C1001
:103F400006A8FFF713FD0028DAD125F0004501246B
:103F5000002D76D109B0BDE8F08F4FF0010BD5E709
:103F6000464B5B440293D9F800100029DBD091FA4C
:103F7000A1F1B1FA81F1029B1C7841EA4414204678
:103F8000FFF7A6FC083038F81070C808BB08039388
:103F9000012319F8002001F0070103FA01F122EAD8
:103FA000010209F8002005A80594FFF77FFC059A97
:103FB000039B803250F82220C7F382065B07374606
:103FC000C2F3014222D520463946D6B2FFF78AFC19
:103FD00005A80594FFF76AFC059B803350F8233051
:103FE000C3F301439E4207D1002120460AF0DEFDC3
:103FF000314620460AF0DAFD05A80594FFF756FC85
:104000000122059B02FA03F30362ACE7022A0CD1FA
:10401000032120460AF0CAFD06F00503012BEBD16F
:1040200039462046FFF75EFCE6E702212046039270
:104030000AF0BCFD032EF3D0039A032ADCD1022E32
:10404000EDE795FAA5F3B3FA83F304FA03F29B00C4
:1040500003F1A04303F55043D3F81005D3F810152E
:10406000C0F30520C1F3014125EA0205FFF73AFC40
:104070006EE700BF00D00050EE590200EE5902007A
:104080003407002070B5084C0E462379154643B915
:104090002A20F2F7FBFC0123044823712660A56067
:1040A00070BD0348FCE700BF283D00200000AD0BB9
:1040B0000C00AD0B002330B50D4A50F8234003F53A
:1040C000A2710133102B42F82140F6D10023084A97
:1040D00000F13C0103F5B27451F8045F0133102B79
:1040E00042F82450F6D1D0F88030C2F8043330BD05
:1040F00000A002500123024A8340C2F804337047F3
:1041000000A002500123024A8340C2F808337047DE
:1041100000A00250F8B5012600270B4B0B4DD3F839
:104120000C4304B9F8BD94FAA4F0B0FA80F006FA92
:1041300000F324EA0304064B82009F502B68002BF7
:10414000EFD0A9689847ECE700A00250283D002076
:1041500000A102500022034BC3F88425C3F80425B4
:10416000704700BF00900350044AD2F80034DB07C8
:10417000FBD50160BFF35F8F704700BF0090035015
:1041800008B5C0F30B0383B90222094BC3F8842599
:10419000C3F804254FF0FF320260D3F80024D207A1
:1041A000FBD5FFF7D7FF034808BD0348FCE700BF76
:1041B000009003500000AD0B0A00AD0B012208B5C2
:1041C000054BC3F88425C3F80425FFF7CDFFBDE8F0
:1041D0000840FFF7BFBF00BF00900350002201213D
:1041E000054B83F83820054BC3F808131961C3F851
:1041F0000025C3F800217047343D002000B0025074
:1042000070B5104D6C6B9CB14FF47A735C430A230C
:10421000B4FBF3F40C4ED6F8003163B995F839309D
:104220004BB90A200AF0A9FB013CF4D1074870BD44
:104230004CF25034EEE795F83930002BF6D10448B3
:10424000F5E700BF343D002000B002500700AD0B81
:104250000000AD0B10B500220124084BC3F8004547
:10426000C3F800211C6038B1FFF7CAFF044B984225
:1042700003D1044B83F83840014810BD00B0025010
:104280000000AD0B343D002070B500F06044B4F187
:10429000005F5CD184075AD12F4C94F83050012D27
:1042A00005D09D4255D194F83850002D51D00026AC
:1042B0002A4D022B0BBFC5F81025C5F80425C5F8FB
:1042C0001405C5F808050CBFC5F81815C5F80C1578
:1042D00084F8396026680CBF08250425BEB994F817
:1042E00038306BB100221D4B05F1A045C3F8002109
:1042F000012305F52C352B60BDE87040FFF780BF2A
:104300000120FFF7A7FF164B9842EBD170BDA668BE
:1043100026B1E0606161E2611248F7E784F830306D
:104320000123A2610D4AA0602161C2F80061C2F8B8
:10433000043394F8382002F0FF0012B9FFF78AFF27
:10434000EAE705F1A04505F52C352B60E4E70648C2
:10435000DCE70648DAE700BF343D002000B0025039
:104360000700AD0B0000AD0B0A00AD0B0B00AD0B51
:10437000084B9A685A621A699A629A69DA62DA682C
:104380009A6032B15A691A61DA699A610022DA6078
:1043900070477047343D002000F01F0340090FD0E4
:1043A00001280FD10A4A02EB8302D2F80002094B1E
:1043B000034043EA012343F00203C2F8003270478E
:1043C000054AF0E70022803352F82330FFDE00BFB9
:1043D00000288450F0F0FCFF0025845010B50E4BEF
:1043E0000238D3F83C26D3F83836072813D8DFE84C
:1043F00000F0110F0D0B0A080604100EC871100C06
:104400008871100A48710A711A0ECA701A0C8A70E3
:104410001A0A4A700B7010BD00B00250023807280B
:104420001FD8DFE800F02927251123211F04CB79AD
:104430001B068A7943EA02434A7943EA02230A794E
:1044400013430E4AC2F83C36CB781B068A7843EAFF
:1044500002434A7843EA02230A781343074AC2F820
:10446000383670470023E4E70023E5E70023E6E75A
:104470000023EBE70023ECE70023EDE700B0025058
:104480000268154BFF2A08BF4FF0FF32C3F82425FE
:104490004268FF2A08BF4FF0FF32C3F82825826820
:1044A000FF2A08BF4FF0FF32C3F83025C268FF2A49
:1044B00008BF4FF0FF32C3F834250269FF2A08BF56
:1044C0004FF0FF32C3F838254269FF2A08BF4FF08A
:1044D000FF32C3F83C25704700B0025030B5194D8B
:1044E0008DB006AC0FCD0FC495E8030084E803003F
:1044F000154906A8D1F82435DBB20093D1F8283548
:10450000DBB20193D1F83035DBB20293D1F8343508
:10451000DBB20393D1F83835DBB20493D1F83C35E4
:10452000DBB20593FFF7ACFF0023C1F80031012394
:104530000B60D1F80031002BFBD06846FFF7A0FFDD
:104540000DB030BD2410020000B0025070B590F8DC
:10455000293004461BB190F82A20002A3CD160681B
:10456000FF2800F08580A168FF2900F08180E268C3
:10457000FF2A7DD025690E2D7AD1112878D11229F4
:1045800076D10D2A74D16269FF2A01D00F2A6FD12A
:10459000A269FF2A01D0102A6AD1BBB903211120D8
:1045A000FFF7FAFEA068FFF7F7FEE068FFF7F4FEFA
:1045B0002069FFF7F1FE6069FF2801D0FFF7ECFEEC
:1045C000A069FF2802D00321FFF7E6FE94F82A3005
:1045D00013B9201DFFF754FF636A264E264D7363FF
:1045E00094F8293086F83A300123C5F80833FFF7EC
:1045F00075FF2368C5F84035A37F617F227F9B014B
:1046000043EAC1031343E27F43EAC213C5F84435CA
:1046100094F82320D5F844352ABB43F44033C5F839
:1046200044354FF4C063C5F84036D5F8002694F8F9
:10463000203022F07F4222F0FF02134394F8212021
:1046400043EA026394F8222043EA426394F8232069
:1046500043EA0273C5F80036336813B12B20F2F732
:1046600015FA064870BD23F4003343F48033D6E7CF
:104670000348F7E7343D002000B002500000AD0BC6
:104680000400AD0B38B50C4C94F8305095B9C4E922
:10469000001248B900230122C4E90233074884F814
:1046A000302084F8383038BDFFF750FF034B984274
:1046B000F9D1EFE70248F6E7343D00200000AD0BEA
:1046C0000C00AD0B2DE9F843DFF8A090074699F8F0
:1046D00030008846012814463DD199F838301F4EE5
:1046E0006BB301231E4DC5F80833FFF7F7FEB8F191
:1046F000000F2BD14FF0000889F83980C5F80081F0
:10470000BB787A781B0343EA02233A781343FA789A
:1047100043EA42333A7943EA82337A7943EAC2334D
:10472000C5F83436FFF76CFDB0420CD0C5F80081F7
:104730001CB121467878FFF751FE0A4804E0FFF7E4
:1047400089FDB042CDD10548BDE8F883414678786F
:10475000FFF764FECEE70448F6E700BF0700AD0BA5
:1047600000B002500000AD0B0B00AD0B343D00203B
:10477000034B93F838300BB9FFF76CBD0148704715
:10478000343D00200C00AD0B08B5054B93F83030DC
:10479000012B03D1FFF722FD024808BD0248FCE7C8
:1047A000343D00200000AD0B0B00AD0B034B93F824
:1047B0003000003818BF0120704700BF343D002092
:1047C00038B511F0030539D11E4B1A68D2B193F8F0
:1047D0003040012C34D11C4AC2F81C150421C2F807
:1047E000200583F8395083F83010C2F80051C2F820
:1047F000044393F8383003F0FF00EBB9FFF72AFDCC
:10480000124818E0104CC4F81C15C4F8200583F8B1
:10481000392093F8383043B10023C4F80031012324
:10482000E360BDE83840FFF7EBBC0120FFF712FD65
:10483000074B9842F0D138BDD460E1E70548FAE76C
:104840000548F8E7343D002000B002500000AD0BF1
:104850000700AD0B0A00AD0B0B00AD0B10B5224BE2
:10486000D3F8002192B10022204CC3F8002194F823
:10487000381094F8302071B90121032A84F83810D7
:1048800005D0042A05D0022A00D1996010BD5960D4
:10489000FCE7D960FAE7032A19D0042A19D0022AC2
:1048A00004D1012384F82030FFF762FDA36813B917
:1048B000012384F8303094F8393003F0FF0013B945
:1048C000D4E900319847002384F82030DEE7022342
:1048D000E8E7032284F82020D3F81C256262D3F88D
:1048E000203584F82830E1E700B00250343D002044
:1048F00030B500F01F04400911D0012811D10B4838
:1049000000EB8400D0F80052094C1B0243EA8202FB
:104910002C4042EA41012143C0F8001230BD054855
:10492000EEE70023803453F82430FFDE0028845063
:10493000F0F0FCFF0025845010B4CC7B8A6803683B
:104940002CB9D1E90041C3F80845C3F80C15C3F8E8
:104950002425282203795343064AD35833B10068EB
:104960005DF8044B40F30730F2F790B85DF8044B64
:10497000704700BF703D00202DE9F843074690F8CE
:104980000490282000FB09F0254D0C462E1896F8BF
:10499000221000293FD1B1602A50736086F825109B
:1049A00086F824103CB394F80E8086F82780A3681C
:1049B000B3F17F6F2DD32368222B25D16368232B7E
:1049C0002BD10B26B8F1000F0BD133460322414601
:1049D0002068FFF78DFF3346032241466068FFF7EA
:1049E00087FF282303FB0953627B2146384683F85F
:1049F0002620FFF7A1FF282303FB095501230948BF
:104A000085F82230BDE8F883232B06D16368222B7A
:104A1000D6E70626D6E70448F4E70448F2E700BFE5
:104A2000703D00200000AD0B0C00AD0B0400AD0B81
:104A3000062103680279C3F800152821034B01FB06
:104A40000233022283F82220704700BF703D00200D
:104A5000282102790B4B01FB023300219960026887
:104A60000948C2F80803D2F8000220F4BC50C2F88A
:104A70000002C2F80015012283F8241083F82220D6
:104A8000704700BF703D002002029C012DE9F84FE5
:104A900028239046002290F80490AE4D046803FB52
:104AA000095383F823204B680E4633B1CB6803F0DB
:104AB0006043B3F1005F40F085813378023B012B06
:104AC00006D8336903F06043B3F1005F40F07A81A8
:104AD000A14BC4F80833282303FB095393F824108F
:104AE00001F0FF0239B19B68DFF878B2C4F80433F3
:104AF0005846BDE8F88F18F0140F0CBF01210021B3
:104B000083F82410317809EB890783F82010717835
:104B100005EBC70783F82110F168D9607168196146
:104B200031695961B168C3F81C809961C8F30011FB
:104B300083F825107378C4F88835C4F86021D4F858
:104B40006031C4F84821D4F84831C4F82421D4F89D
:104B50002431C4F80421D4F8043118F0010318BF3B
:104B60000123C4F8503518F0020318BF0123C4F81C
:104B700040353378032B00F2A480DFE803F0799905
:104B800062024FF48073C4F80032D7E90323C4F8FB
:104B90004425C4F848350123A3604FF48011204612
:104BA0000AF090F80028F8D1D7E90523C4F8442585
:104BB000C4F8483528234FF4802203FB09539A6038
:104BC000DFF8A4B1282202FB09F218F0080AAB585A
:104BD00005EB020013D13178032910D0012940F0F0
:104BE00086802160002B6FD0282202FB09F27168B9
:104BF000AA5821B9002A00F0BB8001226261282254
:104C000002FB09F2A918AA58002A00F0B18018F096
:104C1000040F1CBF00228A6018F0400F06D1282222
:104C200002FB0952916841F002019160282202FBC7
:104C30000952916841F4007191609268C4F80423AC
:104C400056E7D7E90323C4F84425C4F84835D7E923
:104C50000523C4F83425C4F838354FF48453C4F818
:104C60000032012323622823022203FB0953A6E713
:104C700018F0200FD7E90323C4F8442514BF4FF4DC
:104C800080724FF40072C4F848354FF0280315BF06
:104C9000C4F80022C4F800224FF48022022214BF7C
:104CA00003FB095303FB09539A600123236287E73F
:104CB000D7E90323C4F83425C4F838354FF48053BA
:104CC000CDE7DFF8A8B07DE7026902B96161234949
:104CD000DFF88CA0204609F0F5FF012210F4007FD8
:104CE00018BF626110EA0A0F1C49F3D07CE701216A
:104CF000A160002B7FF478AF006918B3184B1AEA53
:104D0000030F7FF471AF2046144909F0DBFF10F464
:104D1000007F8246F2D04FF08071204609F0D2FF2A
:104D2000D4F8001280B111F4007003D10122824640
:104D300022626261CB05E1D54FF48021204609F063
:104D4000C1FF04E06161D9E70122226262614FF094
:104D5000000AD3E7703D002002029C010202040019
:104D6000020004000B00AD0B0000AD0B0400AD0B06
:104D7000282101FB09550021D4F8C424C4F8C42417
:104D800085F824108AB11149114B12F0010F14BF9C
:104D90008B469B46013112F0020F18BF8B4612F072
:104DA000040F0C4A18BF9346A2E618F0400F7FF498
:104DB0009FAE3946204609F043FF054A002808BF48
:104DC000934695E6DFF810B092E600BF0000AE0B08
:104DD0000100AD0B0200AE0B0A00AD0B70B55D4DCE
:104DE000022186B0284609F06DFF4FF40071064697
:104DF000284609F067FF584CD8B1E6B9A3684FF0D0
:104E00008071C5F808330223A360A3682846C5F85B
:104E1000043309F057FF18B1D5F800329B0503D4CD
:104E200001224C4B1A625A61012384F8233006B0E8
:104E300070BD002E58D0E5696E060AD494F8233070
:104E40003BB94549434809F0FBFE80F0010084F876
:104E5000230015F0040525D13E4B94F82520C3F816
:104E60006051D3F86011C3F85C51D3F85C1112B1F2
:104E700094F823205AB10022C3F80022A260374AD6
:104E8000C3F808234FF40072354BC3F88021238CFC
:104E9000ADF80430E36804932369029363690593D2
:104EA000A36903932B4AD2F8C4349807C2F8C434D8
:104EB0004AD459074AD4DA074AD494F823309B00DD
:104EC000DBB28DF8003094F825300BB984F824302B
:104ED000E3695B0703D594F82330002BA7D0D4E90E
:104EE000003168469847A2E74FF48021284609F030
:104EF000E9FE94F82030ABB994F8253053B94FF45B
:104F00000072C5F80032A360144BC5F80833144B87
:104F1000C3F8802100238DF8043094F821308DF8F7
:104F20000530B7E74FF40073C5F8003240F20223B2
:104F3000A36003F1CE73C5F80833A368C5F8043342
:104F40000123AB602B6272E70123BAE70223B8E7C3
:104F50000323B6E700900050703D002002029C0140
:104F600000E100E0036803F01F025B09026004D067
:104F7000012B034818BF002070470248704700BF4C
:104F80000028845000258450F7B5064609F0C4FE79
:104F9000084609F0C1FE01A80196FFF7E3FF0C46A1
:104FA00040F20D61019B2B4D00EB8300D0F80032E5
:104FB00001942B400B43C0F8003201A8FFF7D2FF49
:104FC000019B012700EB8300D0F800322B400B43FC
:104FD000C0F80032042009F0D0FC092501A8019492
:104FE000FFF7C0FF019A0369D340DB0714D401A87F
:104FF0000196FFF7B7FF019B013D07FA03F3C3607A
:10500000042009F0BAFC304609F086FE042009F0BD
:10501000B4FC15F0FF05E1D101A80194FFF7A2FF50
:105020000123019A9340C360042009F0A6FC2046A6
:1050300009F072FE042009F0A0FC01A80194FFF71A
:1050400091FF019A03690448D34003F00103C01A99
:1050500003B0F0BDF0F0FCFF0100AD0B2DE9F04115
:105060000E4617460C4D55F8184FAC4203D16FF061
:105070001200BDE8F081314654F8440CA4F1440814
:10508000EBF7F0FD30B9C7F800804046BDE8F041CD
:1050900009F042BF2468E8E7983D002010B5D0E948
:1050A00009124A60416A00F124031160C0E9093322
:1050B0004368044603B19847054B1A78062A05D978
:1050C0005B681BB10720226802499847002010BD89
:1050D000983D0020F05902002DE9F04107460D46A9
:1050E0000B4E56F8084FB44202D16FF001000AE0AF
:1050F000394654F8240CA4F12408EBF7B3FD20B989
:105100001DB1C5F80080BDE8F0812468EBE700BF61
:10511000983D002010B5044600B30068F0B1037854
:10512000E3B10021FFF7D8FFD8B104F11C03C4E9B3
:1051300007330D4B04F12402D96803F10800DA604B
:10514000A16260620A601A78062A05D95B681BB101
:105150000720226805499847002010BD6FF0150010
:10516000FBE76FF01000F8E7983D0020F2590200CD
:1051700010B5036893B11B7883B18368012B0DD8F8
:10518000084B00F144014360074BDA6903F118044E
:10519000826444640020D961116010BD6FF0150075
:1051A000FBE700BFB8070020983D00200E4B10B56C
:1051B00004462022002118460BF06AF9226842605A
:1051C0000246217902F8081BC0E9022200F1100210
:1051D000C0E9042200F11802C0E906222046BDE819
:1051E000104000F00FB800BF983D002008B500F057
:1051F00011F8BDE808402022002101480BF048B911
:10520000983D002008B50248FFF784FF002008BD44
:10521000B80700200148FFF741BF00BFB8070020D2
:105220000EB4431E062B33B588BF0020094B05ACD6
:1052300054F8045B53F82010074803F0DDFD2146C5
:1052400028460194EDF72CFE02B0BDE8304003B0D3
:10525000704700BF1C1D0200525702002DE9F04F9D
:1052600087B017469B460446DDF840A000284BD087
:10527000056A35B12D6825B1AC4607B0BDE8F04FE1
:105280006047A36A9F4242D80026BE4203D1002055
:1052900007B0BDE8F08F182303FB06F8D4F82C9074
:1052A000A26909EB08052B1D0593CAB968696968ED
:1052B0000368B5F80CC0C91AAB680CF1030E5D1E8B
:1052C00005EB0C155B4205EB4E051D4005EBCC03D1
:1052D00085680633A94228BF4FF0FF3109F0E9FD88
:1052E00059F8083020460293236AB1B29B6A0193B1
:1052F0005AF8263000935BF82620059B09F053FEF0
:105300000028C5D10136C0E76FF01500C0E701489D
:10531000BEE700BF40F4FFFF10B5044690B1028D18
:1053200043899A4209D0084B1A78032A05D95B6849
:105330001BB142680549042098472046BDE810404B
:105340000BF074B810BD00BF983D00209D5A0200BC
:1053500030B544898C4212D9436A013C5D882C40A7
:1053600003EBC40359609A60BFF35B8F426A5388B2
:1053700001335380438D01334385002030BD014804
:10538000FCE700BF41F4FFFF70B4039E144658B120
:10539000006A48B143B1013406D0002E04DB846FAB
:1053A00014B1A44670BC6047014870BC704700BF90
:1053B0002DF8FFFF70B4039E144660B1006A50B12F
:1053C0004BB1013407D0002E05DBD0F8884014B172
:1053D000A44670BC6047014870BC70472DF8FFFFC1
:1053E00070B50C46114605461E460C4B202200297E
:1053F00008BF194620460BF088F8049B6662A3623A
:10540000059B2562E362069B23636A6804F134030B
:10541000C4E90D526B60A26B136070BDBE5A0200EE
:105420002DE9FF47DDF834900D4692461F460646AB
:1054300000286CD000296AD0B9F1000F67D001F1C3
:105440005808404609F018FF781C40D1AC6C05F1B3
:10545000480314F001040BD000240134802C54D0F4
:10546000620953F8222004F01F01CA40D107F4D486
:105470000121600953F8202004F5806704F01F041F
:10548000A1400A4343F820200E9B5246CDE90193E8
:105490000C9B3146009328463B46FFF7A1FF404650
:1054A00000F034FD347874B195F890405CB1B36A83
:1054B00001332ED10021304609F00DFF044610B112
:1054C000304609F0DFFE204604B0BDE8F087B7F5AE
:1054D000806FD9D3A7F580637F2B05F148010FD8E2
:1054E000580951F8204003F01F0324FA03F2D207B1
:1054F0000BD4012202FA03F3234341F82030C3E71F
:10550000054C404600F002FDDDE7044CF9E7024C93
:10551000D9E70024D7E700BF2DF8FFFF29F8FFFFE8
:105520002DE9FF478A46904603A90D9A05469946FC
:105530000AF0E0F80446D8B10C9E039BD5F8AC0005
:105540009E42A8BF1E4601688768611A33464A46D4
:10555000B94228BF4FF0FF3109F071FC23464246A3
:105560005146284600960AF065F804B0BDE8F08779
:105570000048FAE72EF8FFFF38B50446E0B100F125
:105580005805284609F036FFD4F8A0309B6953B976
:10559000D4F89440103C002C00DC084C284609F05C
:1055A00027FF204638BD012BF7D1D4F8A80009F019
:1055B0004BFEA0F11004EEE7014CF2E72EF8FFFFDE
:1055C0002DF8FFFF2DE9F0478AB00D46DDE912976F
:1055D00090461E46044620B9824F38460AB0BDE8C0
:1055E000F0870029F8D0002BF6D0942200210AF091
:1055F0004FFF012204F1580011460AF09AFA7A4B43
:10560000C4F8A050C4F870806C62A367774BE3675E
:10561000774BC4F88030774BC4F88430764BC4F8AD
:105620008830764BC4F88C30D4F8A030D3F818808A
:10563000B8F1000F6FD1002FCED097E8070004F12A
:10564000940383E80700D4F8A000036A1B69984715
:105650000023286100F001006B6184F89000B8F12C
:10566000000F6ED13B7A002B69D009F10C03C4F80E
:10567000B030B9F1000FAFD0D9F80820002A00F0FF
:10568000AE809B68002B00F0AA805D4B04935D4BBD
:1056900005935D4B06935D4B0793EB6A1B68C4F85B
:1056A000A430EB6A9B69C4F8A830002104F1B4036C
:1056B000C4E92D3306ABC4F8AC600093019102221B
:1056C000D4F8A00004ABFFF7C9FD0746002884D139
:1056D000D4F8A80009F053FDEB6A1B68DE62EB6AA0
:1056E0009B69DE62B8F1000F61D1C246D4F89830F0
:1056F0000993D4F8A4305B89534534D894F890309A
:10570000C4E90044002B59D1D4F8A0000421036A55
:10571000DB68984761E7B8F1010F94D1D4F8A00095
:10572000036A9B689847420606D5D4F8A00000217A
:10573000036ADB689847F1E74307EFD583E74B46F9
:1057400095E7B8F1010FB0D12E4B04932C4B059384
:105750002E4B06932C4B0793EB6A9B69C4F8A4303D
:10576000EB6A1B689FE74846D4F8981009F0B3FF2E
:105770000546C8B131680890411AB06800228142DC
:1057800028BF4FF0FF31D4F89830304609F091FB34
:10579000009501230022D4F8A40008A909F030FCE8
:1057A00018B90AF1010AA4E71948074615E794F861
:1057B0009030C4E90044002B3FF40FAF0023029364
:1057C000144B204601933523134A009304F108013A
:1057D000FFF706FEB8F1000F7FF4FFAE94E70C4F21
:1057E000FBE600BF2DF8FFFF21550100E1F30100AA
:1057F000F5F50100F5F6010035F6010001F40100B0
:10580000BF5A0200C55A020041F50100EFF3010042
:105810002EF8FFFF43F40100CB5A0200F0B5054615
:105820000E46174687B0074A03AC07CA84E807004C
:105830000C9A3146009228463A460194FFF7C2FE80
:1058400007B0F0BD3C1002002DE9F84304460D46B8
:1058500000AF4FF02003EFF3118883F31288BFF3FA
:105860006F8F0428294A98BF294BE9468AB0966869
:10587000117C98BF53F820306A4688BF254BC2E997
:10588000073140F2013324489384244BC2E90504D4
:1058900042F8103F00234FF431512148EEF7B0FD9C
:1058A000CD4645B1EB69C3F3080323B101211D4A7D
:1058B0001B4804F079FD2EB130460AF084F808B197
:1058C000037803B91848E9468AB06A46174BD06195
:1058D000C2E9053640F201331384154B42F8103FFC
:1058E00000234FF411510E48EEF78AFD2946CD46AC
:1058F0002046FDF789FD88F31188BFF36F8F30468E
:10590000F1F734F8BD46BDE8F88300BFBC3D002088
:105910003C1D0200CE5A0200E45A020005000001BC
:10592000EC0E02000C5B0200DC5A02002D5B020050
:1059300004000001104B70B553F82040013053F8BB
:105940002060A64200D870BDD4E9003595B153B1AE
:105950002846984738B10028B8BF4042FF28A8BF62
:10596000FF20EB681870EA68537843F00103537026
:105970000834E6E79847FBE7501D0200012208B50E
:10598000094B03201A70FFF7D5FF01F089FA0420B4
:10599000FFF7D0FF00F084F9EBF7A8FE034A137B72
:1059A00023F00103137308BD49510020502A002041
:1059B00008B50348034A0021121A09F044FF08BD44
:1059C000B00C00204C510020C82370B5174E0122A6
:1059D00003FB0066002386B0CDE904230F22019368
:1059E000CDE9023218234FF4A0720446104D11493C
:1059F00003FB005502FB00110F4B3046009500F0F1
:105A0000E5F8737B2C7423F0040373730B4B0134A0
:105A100003EBC4236B600A4BEE60D3E8EF1F013148
:105A2000C3E8E21F002AF8D106B070BD8829002023
:105A3000BC3D002078980020CFF90100789000202C
:105A4000B83D002080B50020B8B0FFF773FF2F4BA2
:105A500003F5006282F3088883F30A880024E023B8
:105A60002B4D2C4E85F82230EC772C766C76AC766C
:105A700085F820406B6A284F43F4E0236B6285F879
:105A80002340F0F7E3FEF1F7E1F84FF0FF33AB62AC
:105A9000EB62F1F7AFFAF1F735F9EEF73DFB40F2C3
:105AA000011306AD2846ADF82430CDE91F4401F0BE
:105AB000D9F9B56009F0BBFE0120FFF73BFF0220DA
:105AC000164DFFF737FF00F07FFE154BB5610593CC
:105AD000012314494FF48062CDE9034328463B4635
:105AE000CDE90144009400F071F806466A7B28462F
:105AF00022F004026A730AF098F92046FFF764FF67
:105B00003A4631462846F1F77BF800BF78900020EE
:105B100000ED00E0BC3D00207D590100502A00202E
:105B20008F5B0200B899002038B5064C064DAC4298
:105B300001D3002038BD2046D4E9011209F087FEC8
:105B40001434F4E7300A0020440A0020002038B55D
:105B5000054C064DAC4200D338BD204609F0E0FEAE
:105B60000028F9DB1C34F5E7C0090020300A0020CA
:105B700073B50C464FF02005EFF3118185F31288C1
:105B8000BFF36F8FC5685DB125602B68C360836903
:105B900001338361002081F31188BFF36F8F11E01F
:105BA00052EA030603D16FF00B002560F3E7CDE95D
:105BB00000230246083000F043FD18B9024B9B68F1
:105BC0005B69236002B070BDBC3D00202DE9F0434D
:105BD000984685B000F15803C0E91633109B0026A3
:105BE00003730423073222F0070543730F9B01EB75
:105BF00005090F4683734946C0E906668660C67389
:105C00000446F0F7D7FB0E9B073020F00700E06654
:105C1000C4E9197502930D9BA9EB000901930C9B34
:105C20004A460093394643462046F0F7A3FF054B0A
:105C300066659B6803B11B6F4846236705B0BDE8E6
:105C4000F08300BFBC3D0020F0B5002587B005956E
:105C5000109DDDE9127604950F9D044603950E9D77
:105C600002950D9D01950C9D0095FFF7AFFFB6F1D4
:105C7000FF3F08BFB7F1FF3F05D056EA070305D144
:105C8000204600F053FD204607B0F0BD3A463346AB
:105C9000024904F1180000F0B3FEF4E7E9FE010048
:105CA00070B5224C224D86B02646AE4204F1300437
:105CB0000AD300F059FD1D4C1E4EAC4220D306B055
:105CC000BDE8704000F064BD54F80C3C059354F8F6
:105CD000103C049354F8143C039354F8183C02937A
:105CE00054F81C3C019354F8203C009354E90A23D7
:105CF00054E90C01FFF76AFF54F8303C5E65D3E7C6
:105D0000D4E90A23B3F1FF3F08BFB2F1FF3F05D04A
:105D100052EA0301206803D100F008FD3034CCE7DB
:105D20003146183000F06CFEF8E700BFC80C0200E6
:105D3000280D0200E9FE010038B5836804466BB304
:105D4000194A926893422CD1C368012B03D9013BB5
:105D5000C360002038BD4FF02003EFF3118583F3BB
:105D60001288BFF36F8F0169806809F03CFE2046FE
:105D70000AF0D5F8A06058B190F90E2022610022F7
:105D8000C2670AF052F82946084800F0BDFCE0E777
:105D9000E06085F31188BFF36F8FDAE76FF01500CD
:105DA000D8E74FF0FF30D5E7BC3D00204A51002036
:105DB0002DE9F341044617461E464FF02003EFF34A
:105DC000118883F31288BFF36F8FC368334A7BB1A6
:105DD00080689168884219D057EA060318D188F381
:105DE0001188BFF36F8F6FF00F0002B0BDE8F08134
:105DF000916891F90E100133E36093682161A3600B
:105E000088F31188BFF36F8F0020EEE72169F2E776
:105E100091F90E1090F90E306FF07E029942A8BFF2
:105E200019469142B8BF11468B422EDD09F0DBFDC9
:105E3000054622464146CDE90076194800F000FCAF
:105E40000028E1D04FF02003EFF3118683F312888E
:105E5000BFF36F8FA068D0B1236821699C420AD03C
:105E60004BB193F90E309942A8BF19466FF07E03EB
:105E70009942B8BF194609F0B6FD40B1314608480D
:105E800000F042FC6FF00A00AFE70025D1E7002DDB
:105E9000F4D186F31188BFF36F8FF3E7BC3D002088
:105EA0004A51002037B511464FF02002EFF311851B
:105EB00082F31288BFF36F8F04689CB12368426835
:105EC00023F003039442036008BF4360012120468E
:105ED00009F0FEFD044685F31188BFF36F8F20465D
:105EE00003B030BD51EA0302F5D000F10802CDE95C
:105EF00000131046294600F0A3FB0028EFD1024B07
:105F00009B685C69EBE700BFBC3D002038B50446E8
:105F10004FF02003EFF3118583F31288BFF36F8FE7
:105F200009F0FDFF48B10022C26709F07EFF294653
:105F3000BDE83840074800F0E7BBD4E902329A4296
:105F400018BF01330221A36004F110000AF03BFAEC
:105F5000EDE700BF4A51002013B54FF02004EFF3E6
:105F6000118184F31288BFF36F8F846844B1013CC0
:105F7000846081F31188BFF36F8F002002B010BDE1
:105F800052EA030406D181F31188BFF36F8F6FF0DB
:105F90000F00F3E7CDE900230246024800F050FB72
:105FA000ECE700BF4A5100201FB50024084B4FF416
:105FB0008062029302AB009306494FF0FF3306481C
:105FC0008DF80C4000F0CAF8204604B010BD00BFA8
:105FD000975B0200B89D0020182B002070B5C368A5
:105FE0000546C3F340069B070C460DD50122002150
:105FF00004F1080009F09DFD00232360054B656056
:106000005A681AB9C3E90044304670BD14605C6038
:10601000FAE700BFE43D0020F8B5C36804469A07DC
:106020000F46C3F340062CD45B071AD40B680BB998
:1060300083680B60E368DD0742BFA36802263B600C
:106040003D6858BF0126002D3AD01F4B9B68AB42DC
:106050000AD0D5F8E030D807C3F3800214D46FF02B
:10606000120600233B6025E009F0A4FCD5F8E030DF
:106070000028F0D1D907C3F3C002F0D552B15B07B5
:1060800008D46FF00F06ECE7002AFAD1C3F3C0037F
:10609000002BF6D100232360D5F8CC3063B9C5E9D5
:1060A0003244284609F06FFDE36843F00403E360DF
:1060B0003B68A3603046F8BD1C60C5F8CC40F0E7F3
:1060C0006FF01506CDE700BFBC3D00202DE9F04183
:1060D000C368074603F00503002B0C4614BF4FF0BE
:1060E00001084FF000081ED08668D6F8C85025B1C8
:1060F000AF4201D02D68FAE701250021012204F109
:10610000100009F016FD2046104909F098FD9DB1D8
:106110003B68236073B9D6F8CC303BB9C6E932444A
:10612000304609F030FD4046BDE8F0811C60C6F8FD
:10613000CC40F5E73C60F3E7D6F8C8302360D6F8EA
:10614000CC30C6F8C840002BEAD1F0E7FBFB0100D9
:106150000146014809F0A0BD182B0020F0B5044607
:10616000002089B0C4E932000E9D04F1D000C4E9DA
:10617000340004F1D800C4E936001DB328790028A2
:1061800040F2011008BF0120C4F8E00000204FF0E9
:10619000FF364FF0FF37CDE90330CDE90100CDE9FF
:1061A00006672046084B0094FFF74EFD25B129688D
:1061B00011B1204609F004FC204609B0BDE8F040CA
:1061C00009F003BC0120DFE76112000030B50A4688
:1061D000044685B04FF02003EFF3118583F3128856
:1061E000BFF36F8FD0F8E03013F0060F1DD1B1B1BF
:1061F00043F00C03C4F8E030204609F0C4FC00234F
:106200004FF0FF3202934FF0FF332946CDE90023D0
:106210000C4804F1D80200F081FB05B030BDD0F885
:10622000C80048B143F00403E4E743F00401C0F8B8
:10623000E010002AE0D0DBE785F31188BFF36F8F11
:10624000EBE700BF4A51002037B5019008464FF0F8
:106250002001EFF3118481F31288BFF36F8FC168BF
:1062600011F00E0F16D153EA020508D101A9FFF76C
:10627000D3FE84F31188BFF36F8F03B030BD41F0BC
:106280000801C160019910308161034900F0B8FB39
:106290000120EEE70020ECE701FC01000146014887
:1062A000FFF7D2BF182B0020F7B50C4616461D4647
:1062B00001904FF02003EFF3118783F31288BFF3AF
:1062C0006F8F084609F050FC55EA060309D12046B5
:1062D00001A9FFF7A1FE87F31188BFF36F8F03B009
:1062E000F0BDE36804F1100043F00803E360019B94
:1062F0003246A36202492B4600F082FB0120EAE706
:1063000001FC010001460148FFF7CEBF182B002019
:10631000C3897F2B12D80A4B1B6863B1094B90F9D4
:106320000E201B689A4209DB437BDB0606D1064B35
:10633000C31A18BF012303F0010070470023FAE7D6
:10634000F43D0020F03D0020882900200122044B6C
:10635000C01A044BC0105843034B1A54704700BF77
:10636000002C0020ABAAAAAA4A51002070B50E4BFF
:106370000E4C1E7C054606EB460304EBC304204688
:1063800009F06BFE00220A4B28469A55FFF7C0FF22
:1063900048B1084B2046BDE870401A680649013AEA
:1063A000D31700F02DBB70BDBC3D0020002C002099
:1063B0004A510020F43D00204D63010038B50D4DD9
:1063C0002B4653F81C4F9C4200D004B9EC68AB68D4
:1063D00038B95A7BD20604D1A26912B9DA897F2A68
:1063E00005D89C4202D02046FFF7C0FF2346AB6190
:1063F00038BD00BFBC3D002070B590F90D200146AE
:10640000002A437B04DA03F07F03437309F0CAFCDC
:10641000154A4B7B104663F07F034B7350F81C3FCB
:10642000146A834208BF002323B9C1E90004216034
:1064300011620CE091F90E5093F90E60B5420ED046
:10644000AE420CDD5868C1E90030016059609068C7
:10645000BDE87040431A58425841FFF7AFBF9C4215
:10646000E3D01B68E0E700BFBC3D002070B490F9AA
:106470000D30427B002B29DBD30627D183692BBB50
:10648000134962F07F0242730A4652F81C4F94424D
:1064900018BF23460C6A23B9C0E9002420600862B3
:1064A0000CE090F90E5093F90E60B5420AD0AE425E
:1064B00008DD5A68C0E9003210605860002070BCE6
:1064C000FFF77CBFA342E7D01B68E4E770BC7047CE
:1064D000BC3D002008B590F90D200146002A437B01
:1064E00004DA03F07F03437309F05CFC044B986803
:1064F000431A58425841BDE80840FFF75FBF00BF4C
:10650000BC3D002070B515461C46064609F065FCEA
:10651000B4F1FF3F08BFB5F1FF3F08D02A4623463C
:1065200006F118000249BDE8704000F069BA70BD7C
:10653000E9FE0100002A2DE9F0410E460CBF1021B2
:106540000821437B044619420AD10B43DD0903F0BD
:106550009F0211D14273082914D00120FFF72EFFAA
:106560001E4B9B68A34232D1EFF305837BBB3046C1
:10657000BDE8F041F0F710BA03F01F03437309F0D0
:1065800011FCE8E7A36813B1204609F013FC04F1FD
:10659000180009F062FD4FF0000804F15807A56DDE
:1065A000BD4200D035B90120FFF708FF2046F0F7C3
:1065B00001FBD5E7284609F0FDFB05F1180009F0BD
:1065C0004CFD2846C5F87C80FFF750FFE7E786F3CF
:1065D0001188BFF36F8FBDE8F08100BFBC3D002084
:1065E00038B54FF02003EFF3118583F31288BFF322
:1065F0006F8F104B104A9C681068A04206D1FFF7BD
:10660000B5FE85F31188BFF36F8F38BD00211B7C69
:1066100011600A4AD35C002BF3D02046FFF778FEC6
:106620000028EED0637BDB0602D12046FFF7E4FEB4
:106630002046E4E7BC3D0020EC3D00204A5100200C
:1066400070B50C480C4D86680C462E601146DDE98D
:1066500004234FF02006EFF3118586F31288BFF371
:106660006F8F8068FFF74EFF2046BDE87040F0F75F
:1066700093B900BFBC3D0020EC3D0020F8B50446B6
:106680004FF02003EFF3118683F31288BFF36F8F6F
:10669000437B49B2DA0619D18569BDB903F07F039E
:1066A000437309F07FFB437B164A63F07F03437318
:1066B0001346817353F81C0F984218BF0546106AA1
:1066C0005DB9C4E900300460146211E00020A173D8
:1066D00086F31188BFF36F8FF8BD95F90E70B9423C
:1066E0000BD08F4209DD6B68C4E900531C606C60FD
:1066F0000120FFF763FE0120EAE7A842E1D02D6800
:10670000DEE700BFBC3D002049B9EFF3058030B99A
:10671000054B9A699B689A4201D0F0F73DB981F325
:106720001188BFF36F8F7047BC3D002010B54FF04C
:106730002002EFF3118482F31288BFF36F8F427B44
:10674000510704D484F31188BFF36F8F10BD22F07A
:1067500004024273FFF78AFE2146BDE8104001485B
:10676000FFF7D2BF4B5100204FF02003EFF3118110
:1067700083F31288BFF36F8F044B9A68D37B013B7E
:10678000D37381F31188BFF36F8F7047BC3D002036
:1067900010B54FF02003EFF3118483F31288BFF399
:1067A0006F8F084B00209A68D37B0133D373FFF7B8
:1067B00005FE84F31188BFF36F8FBDE8104009F028
:1067C000EEBB00BFBC3D0020024B03F11C02C3E93D
:1067D00007227047BC3D0020F8B54FF02003EFF3CF
:1067E000118583F31288BFF36F8F19498868437B43
:1067F00003F07F03437309F0D5FA08468B685A7B90
:1068000062F07F025A7350F81C2F0C6A824208BF54
:10681000002222B9C3E9000423600B620CE093F963
:106820000E6092F90E70BE420ED0B7420CDD516878
:10683000C3E900210B6053600120FFF7BFFD28462C
:10684000BDE8F840F0F7A8B8A242E3D01268E0E74C
:10685000BC3D002050EA01032DE9F04105460E46FB
:1068600003D1FFF7B9FF00202CE0831C71F1FF3347
:106870002ADB09F008FC2C184FF02003EFF31188F5
:1068800083F31288BFF36F8F114F124BB8681860F3
:10689000FFF720FEB86810492A463346183000F04A
:1068A000AFF8BA684046537B43F010035373F0F7D8
:1068B00073F809F0E8FB201A63EB0303012873F176
:1068C0000003D0DBBDE8F0816FF00104241AD3E7A8
:1068D000BC3D0020EC3D0020E9FE0100B1F1FF3F8E
:1068E00008BFB0F1FF3F08B506D1084B986809F022
:1068F000ACFA4FF0FF3008BDFFF7ACFF4FF47A73EE
:1069000080FB0303C00B40EA4340F4E7BC3D00209A
:10691000014B9868704700BFBC3D0020D3B5DDE94E
:106920000667089CCDE90067FFF78AFE1CB1034BA0
:106930009B685B69236002B0D0BD00BFBC3D0020F6
:1069400008B50648064A0749121A08F07EFFBDE856
:106950000840054A0549064808F077BF00000020B6
:10696000AC0C0020DC5B020000000000DC5B0200DD
:1069700000000020034B1B680BB9FCF723BD00206F
:10698000704700BFF83D002010B50E4B1C689C42BC
:1069900004D1FFF7EFFF6FF0004010BDFFF7EAFFF3
:1069A000002CF8D0D4E904321B1A62EBE072B3F188
:1069B000004F72F10001EEDA002AACBF1846002049
:1069C000EBE700BFE407002030B570B10B4B5B680C
:1069D00098420AD0036843B1D3E90421D0E90445C1
:1069E000121941EB0501C3E90421D0E9003213601B
:1069F0005A600023C0E9003330BD00BFE407002027
:106A0000B3F1FF3F08BFB2F1FF3FF8B504461D46A2
:106A100016465CD081604FF02003EFF3118783F3BB
:106A20001288BFF36F8F013275F1FF3324DA6FF0F4
:106A300001032C49D1E900209B1A4FF0FF3262EB91
:106A400000009E1B60EB0500012E70F1000301DACF
:106A500001260020C4E90460234ED6F800C0756802
:106A6000B44508BF4FF0000CBCF1000F0DD1C4E9D4
:106A700000652C6074601CE0FFF77CFF013645F177
:106A80000005361845EBE070E4E7DCE90420D4E9C2
:106A90000431934271EB000E1ADAD21ADCF804309A
:106AA00060EB0100CCE90420C4E900C31C60CCF811
:106AB00004403368B34206D09C4204D1FFF764FF20
:106AC0000021FCF751FC87F31188BFF36F8FF8BDED
:106AD0009B1A61EB0001AC45C4E90431C7D0DCF876
:106AE00000C0C1E7182C0020E40700202DE9F84F72
:106AF0004FF02003EFF3118783F31288BFF36F8FFA
:106B0000DFF8B8902B4E4FF0000A3060D9F8000043
:106B10004FF0000B484508BF0020274C3D46D4E904
:106B2000001E336888B3D0E904874FEAE37C43450D
:106B30007CEB070206DAB8EB030267EB0C07C0E94F
:106B4000042722E018EB01014EEBE873C0E904AB27
:106B5000C4E90013FFF738FF85F31188BFF36F8F87
:106B6000836898474FF02003EFF3118583F3128871
:106B7000BFF36F8F3368D9F80000A3EB08034845D3
:106B80002F463360CAD1D4E9001E59184EEBE37387
:106B9000C4E9001300243460FFF7F6FE2146FCF739
:106BA000E3FB85F31188BFF36F8FBDE8F84FFFF764
:106BB00017BD00BFF83D0020182C0020E40700207E
:106BC00010B54FF02003EFF3118483F31288BFF365
:106BD0006F8FFFF7CFFE0346054AD2E90001181870
:106BE00041EBE37184F31188BFF36F8F10BD00BFD9
:106BF000182C0020F8B504464FF02003EFF311875E
:106C000083F31288BFF36F8F026822B187F3118874
:106C1000BFF36F8FF8BDD0E90A36581C46F100016A
:106C2000022871F1000127D3012B76F10001BCBFCE
:106C3000012316465D1E46F1FF3609F028FA0130A1
:106C400041F10001401946EB0101012871F10001F9
:106C50003ADB09F01CFA013041F100016FF001024A
:106C6000401946EB01034FF0FF31121A61EB0303A9
:106C700020461849FFF7C4FE236B01332363236AC0
:106C800073B187F31188BFF36F8F2046236A98474B
:106C90004FF02003EFF3118783F31288BFF36F8F58
:106CA00054F8185FA542B1D0002DAFD0284609F0A6
:106CB000E7F80023EB6787F31188BFF36F8F28464F
:106CC000BDE8F84009F0B1B86FF001024FF0FF33B2
:106CD000CEE700BFF56B01002DE9F04105461C46EB
:106CE00090461F464FF02003EFF3118683F312887E
:106CF000BFF36F8FB4F1FF3F08BFB2F1FF3F05D183
:106D000086F31188BFF36F8FBDE8F081531C74F1D7
:106D1000FF3309DB012A74F10003BCBF0122002408
:106D200012F1FF3844F1FF37284609F096F9DDE902
:106D30000623C5E90A23002342462B6328463B4627
:106D40000149FFF75DFEDBE7F56B01002DE9F34735
:106D50001D46294B16469F68012387F8603087F847
:106D6000613052EA05030CBF0123002307F16002E2
:106D7000804609F05CFA81464FF02003EFF3118A58
:106D800083F31288BFF36F8F97F8604064B90146B0
:106D90005246404609F0EBF98AF31188BFF36F8F32
:106DA000204602B0BDE8F087002387F8603056EA3D
:106DB000050306D18AF31188BFF36F8F6FF00A04C1
:106DC000EEE75146CDE900650C4A0D48FFF738FC67
:106DD00004464FF02003EFF3118583F31288BFF3CD
:106DE0006F8F2A464946404609F0C1F985F311885C
:106DF000BFF36F8FD4E700BFBC3D0020EC0700203D
:106E00004B51002038B503464FF02002EFF31185B7
:106E100082F31288BFF36F8FC16001218160006827
:106E2000834206D185F31188BFF36F8F002420467B
:106E300038BDD0E9003213605A600023C0E9003346
:106E400009F06CFA294604460148FFF75DFCEEE7BD
:106E50004B5100200A460146014809F0D4BA00BF50
:106E6000300A0020014B0367704700BF300A002042
:106E700038B504460D4608F09DFD20B9064B9B68C9
:106E80001B6F0BB938BD054B2A4621461846BDE895
:106E9000384009F0B8BA00BFBC3D0020300A0020DD
:106EA000014801F0A9BF00BFA05B020010B50A4C69
:106EB00023681BB101232360002010BD00F0F2F80D
:106EC0000028F7D00138072803D8044B53F82000D6
:106ED00010BD034810BD00BFFC3D0020681D02002E
:106EE000FE8FFFFFBFF34F8F0549064BCA6802F4C0
:106EF000E0621343CB60BFF34F8F00BFFDE700BFDD
:106F000000ED00E00400FA0530B44FF0FE32002539
:106F10000B4B0C4C0C494968C3F80024C3F80424FB
:106F2000C3F80824C3F80C24C3F81024C3F81424AD
:106F3000C3F81824C3F81C24C4F8005530BC084713
:106F40000050845000408450F4070020024BD0E9E8
:106F50000012C3E900127047F407002010B5044680
:106F600050B1636813F0685F05D0064A934202D0BF
:106F700000236260236010BD034B04485B689847A0
:106F8000EFE700BF2C5F5CA9F4070020881D02001A
:106F9000C8B143680D4A934213D013F0685F0ED016
:106FA000012350E8002F194640E8001C9CF0000F18
:106FB000F7D1012AF5D0BFF35F8F00207047044856
:106FC0007047044870476FF4E04070472C5F5CA93D
:106FD000E98FFFFFEA8FFFFF034680B1426809494E
:106FE0008A420AD012F0685F05D0BFF35F8F00229B
:106FF00010461A60704704487047044870476FF4A1
:10700000E04070472C5F5CA9E98FFFFFEA8FFFFF2C
:1070100010B5044620B10023034A2360626010BD0E
:107020000248FFF771FFF6E73A00003AB01D020090
:107030002DE9F041174C4768066867608768C068AB
:10704000A760E06026600868134B144D186048681C
:10705000D5F818215860886812F0685F9860C86891
:107060000969D860196112D000230D4A05F58A70AC
:10707000C5F81431C5F8B831C5F81821C5F8BC21D8
:10708000B047236805F5DC70BDE8F0411847BDE85E
:10709000F08100BF10080020FC070020143E0020F3
:1070A0002C5F5CA908B500F011F830B900F010F8B9
:1070B00038B9054AC2F80C0A08BD00F037F80320B9
:1070C00008BD042008BD00BF005084500020704758
:1070D00010B5114800F048F800B110BD0F4800F09D
:1070E00043F80028F9D10E4C204600F03DF8002866
:1070F000F3D10C4B0C481C6000F036F80146002818
:10710000EBD100F02DF8044608B1204610BD00F088
:107110003FF82046FAE700BF500800204C08002046
:1071200048080020400800204408002008B508480E
:1071300000F024F8074800F021F8074800F01EF896
:10714000064800F01BF8BDE8084000F00BB800BF8F
:10715000500800204C080020480800204408002067
:1071600000207047704700BF08B5034B02681B68DA
:1071700010689847002008BD1008002008B5034B90
:1071800002685B6810689847002008BD100800205E
:1071900070B5094C094D2069AB68984718B1084B88
:1071A00008485B6898470021074AEB68116020692E
:1071B000BDE87040184700BFFC0700201008002001
:1071C000F4070020D41D0200103E00200CB430B59E
:1071D00089B005460C461C22002101A809F058F987
:1071E000022305958DF806300D4B029323462CB1F2
:1071F000B4F1004F28BF4FF00043013B1D440DAADE
:107200000C9901A80695009200F00CF914B1059BA9
:1072100000221A7009B0BDE8304002B0704700BFCC
:1072200001090200242AF0B5044601D8012A40D100
:107230002E4B162209F06CFB1A5001B10C60002095
:10724000F0BD2F463D4615F8010B2028F9D0A0F1DE
:1072500009060346042EF4D92B282CD02D282CD136
:107260000126BD1C7B78302B2DD1287840F02000E2
:10727000782824D132F0100021D16B782C461022CE
:1072800002350020392B82BF03F1FF3343F0200386
:10729000263B303B9A421AD9A0FB02040CB9C01815
:1072A00001D346F002062F462C4617F8013B3D4617
:1072B000E8E70746C6E70026D3E70026D3E7002A1B
:1072C00008BF0822DDE7002A08BF0A22D9E701B17A
:1072D0000C60F20748BF4042B307B1D5034B2222EE
:1072E00009F016FB1A504FF0FF30A9E70C00000020
:1072F0002DE9F04101260746B24201DCBDE8F081EC
:107300003B461F4613F8014B002CF7D0252CF8D133
:107310001C780237252CF3D00023DFF804819C462B
:107320001D461F2D18D8A4F1200EBEF1100F09D94B
:10733000A4F1300EBEF1090F1ED80A24202504FB4B
:1073400003E304E028FA0EFE1EF0010F06D017F842
:10735000014B002CE5D128E07F2D1CD8A4F1300E84
:10736000BEF1090FE9D9242C10D1BCF1000F46D091
:10737000B34246D00023EAE724F0040EBEF12A0F00
:10738000F8D06C2C09D145F08005E0E724F0040E1C
:10739000BEF12A0FEED06C2C22D06C2C1BD8682C9E
:1073A00023D06A2C28D04C2C26D0BCF1000FA5D0BD
:1073B000B445A1D144F020070B68A7F1650CBCF1DE
:1073C000020F01D9612F1ED1073323F007030833C1
:1073D00001360B608FE7742CB9D07A2CB7D0E4E774
:1073E0002C0648BF45F40075CDE7EC0548BF45F4D1
:1073F000007545F48075AAE745F42075A7E79C461B
:10740000B8E76324D6E7692C02D007D8632C03D0F1
:107410002F0601D5AC05D7D40433D9E7732CF6E792
:10742000892801002DE9F04F436893B0804601930D
:1074300083789807CDE9061216D50B4600250B92E6
:107440001F789FB1252F15D001330593414638464B
:10745000019B01359847002880F2458498F8023056
:1074600043F0040388F802304FF0FF35284613B08C
:10747000BDE8F08F5F789A1C252F0592E6D0002496
:107480002646A246A346BBF11F0F32D8A7F1200320
:10749000102B0AD8DFE803F02409092A0909091B7F
:1074A00009090922092709091900A7F13003092B45
:1074B0002DD92A2F39D154B90B9B1BF0400F53F80B
:1074C000042B0B9329D0164601E04BF0010B059BD2
:1074D00013F8017B0593002FD5D15BE04BF0020B35
:1074E0004BF0040BF3E74BF0080BF0E74BF0100BFD
:1074F000EDE7BBF17F0F3FD8A7F13003092BD8D8B8
:107500001BF0400F03D00A2202FB0636DFE70A22F7
:1075100002FB0A3A4BF0200BD9E7B2F1000AF9DA84
:10752000CAF1000A4BF0280BD1E72E2F05D11BF032
:10753000400F9BD14BF0400BC9E7242F1CD1002CEE
:1075400000F03F81079B1BF0400F0B930AD152467E
:107550000BA90698FFF7CCFE0B9B1A1DD3F800A0D1
:107560000B92B4E732460BA90698FFF7C1FE0B9BBE
:107570001A1D1E680B92AAE76C2F00F00F8100F213
:107580000681682F00F012816A2F00F017814C2FBE
:1075900000F0148134B1079B22460BA906980B9387
:1075A000FFF7A6FE002E47F02003B8BF2BF0400BDC
:1075B0000293A3F16503BCBF00261FFA8BFB022BCD
:1075C00040F20481029B612B40F07282FF431BF06A
:1075D000400F0CA84BF4C05407F0200314BF3146F1
:1075E0004FF0FF31A346049301270B9B073323F091
:1075F000070303F1080293ED000B0B92049A09F0C4
:10760000BEF8431C0646DDF83090DBB203937023CE
:10761000029309F10903122B0CD909F16303C62B5C
:1076200040F20D8109F2E73340F2CE72934294BFEB
:10763000032704279DF8342002F00C0312F0010206
:1076400040F018811BF0020F40F011811BF0040480
:1076500000F0F780002B40F0108120231BF4405FE6
:1076600022D1039A002E02F1480208BF01266A4483
:10767000133A039921B112F8011D302900F032812B
:107680001BF0100F039A18BF324619F1040FC0F215
:107690002E81B14580F22B814A454BF4005B40F3CB
:1076A000288109F10106961B1BF40052089200F094
:1076B000228129EAE974013403B10134002E00F07B
:1076C0002181721C1444A245CCBFAAEB04040024FF
:1076D0001BF0090F04D12C44A54240F0188100246E
:1076E0003BB118464146019B013598470028FFF6FB
:1076F000B5AE1BF4006F12D041463020019B984775
:107700000028FFF6ABAE049B41460235C3F178007A
:10771000019B00F0F80098470028FFF69FAE1BF091
:10772000080F05D12C44AC4240F0FD8025460024D2
:10773000089B002B00F0268129EAE97A7642A9EB22
:107740000A02039B0AF1FF3A6F1C0292934289BF1F
:107750000CAB3020D3185879564500F3ED804146E4
:10776000019B9847029A002802F10102FFF676AECB
:10777000BAF1FF3F09D141462E20019B0292984762
:107780000028FFF66BAEAF1C029A3D46D9E7742F76
:107790003FF49DAE7A2F3FF49AAEFBE61BF0800FCC
:1077A00018BF4BF4007B4BF0800B90E61BF4807FFE
:1077B00018BF4BF4007B4BF4807B88E64BF4207BB6
:1077C00085E626465446B346B24680E6FF431BF0A4
:1077D000400F07F0200308BF062604930B9B0733D6
:1077E00023F0070303F1080293ED000B029B0B92B9
:1077F000652B12D1711C00224BF4805BC9B2134679
:1078000011290CA84FF0020728BF112100F008FB36
:10781000DDF83090C3B20393FBE6029B662B05D1E3
:107820004BF4005B334601221121E9E7F1B200225B
:10783000652001291346029038BF0121E0E70227A5
:10784000F8E6002B3FF40AAFBAF1030F39DC9DF8DC
:107850003430A44E13F0080FA34B08BF1E46B146A8
:107860004F4619F8010BA0BBAE1B374485E023BB84
:107870002B23F3E61BBB2D23F0E62022BAF1040FE5
:1078800012DD1BF0080FAAF104040ED12C4441466E
:107890002020019B0135029298470028FFF6DEADBB
:1078A000A542029AF3D192B1002441461046019BB1
:1078B000013598470028CADAD0E52B22DEE72D22D1
:1078C000DCE71BF0080FAAF10304C0D1DEE7144681
:1078D000BDE7049B4146C01A019BC0B298470028EF
:1078E000BEDABBE503990139C9B20391C1E6561E60
:1078F000DAE60026D8E61BF4006F0CBF032405244B
:107900003C44D9E61BF0100F18BF0134DBE60993A5
:107910004146019B20209847002805F10105099B5D
:10792000BFF6DAAE9AE541463020019B0135984713
:107930000028BFF6F8AE91E5D1450AD19DF8353063
:10794000352B1DD805D19DF8343013F0100F08BF2A
:1079500031204146019B98470028FFF67FAD1BF080
:10796000100F0AD0BAF1FF3F07D1AF1C41462E20BD
:10797000019B98470028FFF671AD3D463C4436E236
:107980003120E6E79DF83500414631281EBF9DF8BD
:10799000343023F010038DF83430019B98470028D1
:1079A000FFF65CAD002E68DD41462E20019B984716
:1079B0000028FFF653AD4FF0010A039B4146D34622
:1079C0009A45B7BF0CAB302053445879019B984778
:1079D0000028FFF643AD0AF1010A5645EDDA0235FB
:1079E0005D44029B4146049A981A019BC0B2984795
:1079F0000028FFF633ADB9F1000F04DB4AD19DF842
:107A00003430DB0646D5C9F100092D204146019BE3
:107A100098470028FFF622AD042F3DD14FF47A7726
:107A20004146019B033599FBF7F606F13000C0B2E1
:107A300098470028FFF612AD07FB169964274146C8
:107A4000019B013599FBF7F606F13000C0B298476B
:107A50000028FFF603AD07FB16990A274146019B54
:107A6000013599FBF7F606F13000C0B298470028BF
:107A7000FFF6F4AC07FB169914E01BF0100F01D1D0
:107A80000135AEE741462E20019B0235984700287C
:107A9000A7DAE3E42B20B9E7032F05F10205CDD0E7
:107AA000012FDAD109F130006F1C4146C0B25FE707
:107AB000A7F16303122B00F2FF80DFE813F0170039
:107AC0005700FD00FD00FD00FD005700FD00FD001A
:107AD000FD00FD00FD001701F800FD00FD002C0079
:107AE000FD00B900D05B0200BB2702000B9B012404
:107AF0000CAF1A1D1B680B928DF830301BF0080F6D
:107B00002AD007EB04093E464E4527D1EF1B3744E8
:107B1000AAEB040431E70B9B1A1D0B921F68AA4BBA
:107B2000002F08BF1F461BF0400F384614BF3146D8
:107B30004FF0FF3108F0F9FC0446DFE74146202012
:107B4000019B98470028FFF689AC013EB442F5D36B
:107B50005544B246AD1BD4E75646F7E7414616F802
:107B6000010B019B98470028CEDA77E41BF0800FC9
:107B70000B9B35D01BF4007F2DD0073323F0070378
:107B800003F10802D3E900010B922BF01009002940
:107B90001FFA89F936DA404249F4806961EB410104
:107BA0000DF1300B0A235A4608F0CBFC19F0400FB8
:107BB000A0EB0B0B65D029F001025E4592B240F3B9
:107BC000B280002F00F0A98019F0100334469146CE
:107BD00026D002345CE01A1D18680B92C117D4E756
:107BE0001A1D1BF4807F19680B9201D10846F5E736
:107BF0001BF4007F19BF48B241F3C01108B241F332
:107C0000C031C2E750EA0103CAD11BF0400FC7D010
:107C1000002EC5D12BF0110B34461FFA8BF9B34659
:107C200040F2064319EA03031CBF013400232FE08E
:107C30002BF0100B0A231FFA8BFB1BF080040B9A0E
:107C400057D01BF4007115BF0732101D22F0070238
:107C50000B900FBF106802F108010B91D2E90001EF
:107C600050EA010252D12BF016091BF0400F1FFA07
:107C700089F94FD0002E4DD12BF0170B1FFA8BF93D
:107C8000B34619F0100352D0002F4ED10BF101046E
:107C900019F0080F5ED119F0010F06D0A2456DDD75
:107CA000AAEB040404EB0B06544622464DE04BF0CD
:107CB000100B10237827C0E7029B782B04D1C7F163
:107CC000780343F01003B8E741462520019B98470D
:107CD0000028FFF6C3AB41463846019B9847002871
:107CE000FFF6BCAB0235059BFFF7AABB08230027B4
:107CF000A3E7111D10680B911BF48071B0D01BF429
:107D000000711ABFC0B2214680B2A9E72BF0060B62
:107D10001FFA8BF90DF1300B45E729F011093446B4
:107D20001FFA89F97CE79146ABE75C4651E75C4670
:107D300076E7CDE9022341462020019B98470028A1
:107D4000FFF68CAB029A039B01329245F1DC2C1BAF
:107D5000A5181446EBB141463020019B98470028F6
:107D6000FFF67CAB67B901352F462E44F31B5B450C
:107D700021DC5D460CAE4DBB5F44C9E65E4694E730
:107D8000023541463846019B98470028ECDAFFF758
:107D900065BB40F2064319EA030FE5D019F0020F64
:107DA00005F10105414614BF2B20202019F4806FF6
:107DB00018BF2D20E7E741463020019B0137984747
:107DC0000028D3DAFFF74ABBD45B0200013D4146ED
:107DD000019B705D98470028CDDAFFF73FBB414615
:107DE0002020019B013598470028FFF637AB631B25
:107DF000002BF4DC77E700BF1FB502AB074A009306
:107E00004FF0CC3308F081FCDDE90201C00840EA04
:107E10004170C90805B05DF804FB00BFCDCCCCCCE7
:107E20002DE9F04F9DB055EC104BCDE90B122A46D1
:107E3000290D0D93C5F31303D20FC5F30A5507900F
:107E40008DED050A0A9275B922461A431BD13023DB
:107E50000126056043710A9B43F00203037130461B
:107E60001DB0BDE8F08F40F2FF7295424DD1059AEA
:107E7000002613430A9B079A14BF43F0080343F0FC
:107E800004031371EBE7059A4FEA83089A46B14D54
:107E900002F001020992059A48EA927897000122BD
:107EA0001646C5F1000B0892584600F017FAB5F1D6
:107EB000FF3FACBF8146A0F10109ABEB090B09EB19
:107EC00005035846069300F00FFA18A9A0F17D05A6
:107ED000584600F029FA14AB089AA9EB050501935E
:107EE00012AB02925146009318AA2B46059808F04F
:107EF0004FFBB9F1010F04460D4600F2D880099BF3
:107F0000002B40F0CB8001276FE0059A43F4801AE4
:107F1000A5F2354502F001024FEA8A080992059A56
:107F2000134348EA92784FEA82074BD140F2FE733E
:107F300019420CBF01260026002D3246B1DB28462F
:107F400000F0C6F90346032DC8BF013B184606934F
:107F500000F0CAF9069B7C3018A95D1B0544184641
:107F600000F054FA14AB18AA0598019312AB5146CD
:107F7000029600932B4608F00BFB069B04460D4629
:107F8000152B00F2888016AB734A384641460093A1
:107F90004FF0CC3308F0B9FB169B179A9B0843EAC5
:107FA000827303EB8303BB42DDE9129A0CD138469E
:107FB000414600F0A1F9069B83428CBF00270127B0
:107FC000002612E00126B7E7099B002B53D1013FA1
:107FD00048F1FF31B81B61F1000100F08DF9069BFB
:107FE000099F83428CBF002601260C9B002B40F08A
:107FF0009280DDF82CB04FF000084FF00A0ACDF85F
:108000002080CDF81480DDE91201FFF7F5FE149B06
:10801000CDE90E01184615991093FFF7EDFE0E9B62
:1080200081460F9A98420B461191934180F08D80C2
:1080300020462946FFF7E0FE0AFB09F3109AB8F143
:10804000000F14BF002707F001070AFB10480D4678
:10805000934214BF002606F001060E9B5FFA88F8D3
:10806000044612930F9BCDE91339119B1593089B7E
:1080700001330893C7E7B81C48F1000100F03CF950
:10808000069B83428CBF00200120B9EB00006AF1FF
:108090000002CDE9120200273E46A6E7129B012707
:1080A000139A013B42F1FF32CDE9123288E7B9F170
:1080B0003E0FF0D84FF0FF33A9F12000C9F12001A5
:1080C00003FA09F203FA00F023FA01F103FA09F3C3
:1080D000024327EA03070A4328EA020857EA080787
:1080E0000CBF012700276BE700FB02FC0133A1FB5B
:1080F000001262448C4275EB020CF5D2069A1344CE
:108100000D9A13440B9A012BB8BF01239A42A8BFC2
:108110001A4693466FE70A21002201230846E9E741
:108120000AFB03F00131A2FB0A230344944275EBDE
:108130000300F5D2594511DDBBF1000F02D154EA1D
:1081400005030BD00123059372E70A2200230121C6
:10815000ECE700BFCCFBFFFFCDCCCCCC7EB34FF027
:108160000A0A149B159918460F93FFF745FE0F9BBB
:108170000AFB00F281460E919A4220D1B8F1000F1D
:1081800014BF002707F00107DDE91201FFF734FEF5
:1081900010900F9120462946FFF72EFE0F9B0AFBF9
:1081A0001048109A04460D465FFA88F81292CDE9FD
:1081B00013390E9B1593089B01330893D1E7069B57
:1081C000089A13449946002F5BD0B8F1050F58D197
:1081D00014F001034BD1059A32B9DDE914239D4215
:1081E00008BF944260D0059B18194FF00A044FF065
:1081F00000024FF0010645F100012546A04271EB57
:10820000020754D2EBB1B3451BDA0C9B63B106EB0A
:1082100009030D9A1A4422EAE2730B9A9A42A8BF04
:108220001A46964293460CDD053009F1010906F124
:10823000FF364FF00A024FF0000341F10001E8F76A
:10824000A9FB5E450FFA89F9079BA8BF5E4636B2C7
:10825000B14406F1050809F1FF3798444FF00009D1
:10826000B1452BDB079B0A9A1F601A71F7E5059B46
:108270002BB9DDE914239D4208BF944209D00123A4
:10828000B2E7059B53B9DDE914239D4208BF944230
:1082900004D1099B002BF2D1002EF0D0B8F1040FCD
:1082A00094BF002301239FE74FF00408F1E705FB8B
:1082B00002F70136A4FB05423A449FE70A22002355
:1082C000E8F768FB303209F1010908F8012DC7E72A
:1082D000014B5843800C704741340100014B584317
:1082E000000D7047FB2E0B00024B5843C00C0130B1
:1082F000704700BF4F93120070B50346094A002033
:108300004FF0CC364FF0333506FB03F402FB01444B
:10831000A3FB023121449D4275EB010401D30130DE
:10832000F2E770BDCDCCCCCC1A232DE9F04FB0FBD9
:10833000F3FA334E03FB1A0389B004460D4606EBED
:108340000A1653B9D6E90023C1E90023D6E9020190
:10835000C5E9020109B0BDE8F08F2A4A02EBC30368
:10836000D3E9008904AB404649460093D6E902238D
:1083700008F0CBF906AB83460F46404649460093CA
:10838000D6E9002308F0C1F900238146DDE9066241
:1083900016EB0B0652EB070828BF012333B1049BF1
:1083A000059A013342F10002CDE9043220460391DF
:1083B000FFF79AFF07461A2000FB0AF0FFF794FF29
:1083C0003F1A3246434648460399009708F0B8F9E9
:1083D0000D4A4FEA141C640004F01E0352F82C40AE
:1083E000DC4004F003042418304641F10001DDE9CB
:1083F0000423C5E900414146009708F0A1F9A7E729
:108400005811020088100200F41D02002DE9F04FFF
:108410001A2700F11905DFF8E8A089B004460E46D6
:10842000B5FBF7F56F434FEA051B0AEB05153A1A42
:108430000AD1D5E90023C1E90023D5E90201C6E943
:10844000020109B0BDE8F08F2B4B03EBC203D3E967
:10845000008904AB404649460093D5E9022308F061
:1084600054F95AF80B206B68013ACDE9020106A9CC
:1084700063F1000340460091494608F046F98A46F8
:10848000029900238146DDE906526D18039952EBEB
:10849000010828BF012333B1049B059A013342F13F
:1084A0000002CDE904323846FFF71EFF074620469A
:1084B000FFF71AFF3F1A2A4643464846514600979F
:1084C00008F03EF90D4A4FEA141C640004F01E0344
:1084D00052F82C40DC4004F00304013424182846F0
:1084E00041F10001DDE90423C6E90041414600975E
:1084F00008F026F9A3E700BF88100200481E02001A
:108500002812020010EE102AF0EE407A22F000430A
:10851000B3F17E5F0CD19FED5C7ADFED5C6A20EEFB
:10852000077A00EE267AF0EE477AB0EE670A7047D7
:1085300001D900F071BAB3F17C5FF7EE006A0BD29B
:10854000B3F1485F50D29FED527A30EE077AB4EE25
:10855000E67AF1EE10FAE8DCB6EE007A9FED4D6AAD
:10856000F0EEE77A76EEE77ADFED4B5A67EE877A40
:108570009FED4A7A07EE876A9FED497A16EE277AD1
:108580009FED486A07EE276A9FED477A16EE277A35
:108590009FED466A07EE276A9FED457A17EEA57AAA
:1085A000DFED445A26EE276A47EE275A9FED427ABE
:1085B00015EEA77A47EE276AB1EEE77A3F49C6EE95
:1085C000265A8B423FD905EE877ADFED3D7A37EEAA
:1085D000077A37EE277ADFED2D7A77EEC77A002A11
:1085E000D8BFF1EE677AA0E720EE007ADFED2B5AD4
:1085F0009FED286A9FED285A07EE256ADFED285A7D
:1086000056EE075A9FED276A05EE876ADFED265A78
:1086100056EE075A9FED256A05EE876ADFED245A6C
:1086200057EE055A9FED235A26EE076A05EE875A44
:10863000DFED215A55EE075A45EE876A86EE267A17
:1086400047EE007A71E717EE103A37EE075A23F437
:108650007F6323F00F0306EE903A46EEE67A37EE9C
:10866000267A76EEA66A87EE876A9FED077ADFEDB7
:10867000157A77EEE66A36EE066A37EE467A15EE3A
:10868000257A37EE667AA8E72EBD3BB3DB0FC93FEC
:10869000CAF24971047F4F3A2EC69D3D08EF11384A
:1086A0004611243DA80A4E3E90B0A63EABAA2A3EF3
:1086B0006133303F2D57014039D119409999793FA5
:1086C0002EBD3B33DB0F493F10EE902AF0EE407A8F
:1086D00022F00041B1F1FF4F10B506D810EE100A9C
:1086E00020F00043B3F1FF4F04D977EEA07AB0EE4B
:1086F000670A10BDB2F17E5F03D1BDE8104000F003
:108700009FB9941704F0020444EAD0748BB9022C88
:1087100008D0032CEBD1DFED407A9FED407A77EE65
:10872000C77AE4E7DFED3E7A9FED3C7A77EE877A11
:10873000DDE739B9002802DADFED3A7AEDE7DFED5F
:108740003A7AF1E7B1F1FF4F2CD1B3F1FF4F1DD1D0
:10875000022CDFED327A0BD0032C10D0012C02D08A
:108760009FED327AE2E79FED327A77EE677ABEE7E5
:10877000B0EE087ADFED2D6A46EE877AB7E7B8EEFD
:10878000087ADFED2A6A56EE877AB0E7022CC9D064
:10879000032CC0D0012CDFED277A9FED277A47FE0E
:1087A000877AA4E7B3F1FF4FC4D05B1AB3F1F45F4B
:1087B0004FEAE35112DBDFED1C7A9FED207A77EE72
:1087C000C77A012C1AD0022C1FD0002C8FD09FED1D
:1087D0001C7A77EE877A9FED127AA0E7002A01DAF9
:1087E0003C3108DB87EEA00AB0EEC00A00F028F9A1
:1087F000F0EE407AE5E7DFED107AE2E717EE903A27
:1088000003F1004307EE903A71E79FED0D7A77EEA2
:10881000877A9FED037AA8E7DB0F49C06042A20D7B
:10882000DB0F4940DB0FC9BFDB0FC93FDB0F493FFF
:10883000DB0F49BF00000080000000002EBD3B336D
:108840002EBDBB3310EE102A22F00043B3F1FF4FD0
:1088500002D930EE000A70474FEAD27105D10029E3
:10886000DFED4D7A00FE270A70474C48824202DD58
:10887000002000F0C3B8002A05DA494A934202D921
:10888000002000F0ADB8474AF7EE005A934252D9A3
:10889000454A93424FEA810234D8444B1344D3ED06
:1088A000006A434B70EE666A1344C1F10102D3EDD6
:1088B000007A521A36EEE70A20EE007A9FED3D5A12
:1088C0009FED3D6A17EE056A9FED3C5A06EE075A8A
:1088D0009FED3B6A15EE076A9FED3A5A06EE075A7E
:1088E000B0EE406A05EE476AB0EE007A20EE065A16
:1088F00092BB36EE476AC5EE067A37EEC00A35EE11
:10890000C00A7047304BF0EE406A9FED307A134456
:10891000D3ED007A40EE077A9FED2D7AFDEEE77AEF
:1089200017EE902AF8EEE77A47EEC76A9FED297AAC
:1089300067EE877ABEE7B3F1505F0BD29FED267AE0
:1089400030EE077AB4EEE57AF1EE10FA02DD30EEA1
:10895000250A70470022AFE737EE467A12F17D0F05
:10896000B8BF643285EE076A77EEC67A77EEE67AAC
:1089700075EEE77A17EE903AB5BFDFED187A03EBA4
:10898000C25303EBC25300EE103ABCBF00EE103AE4
:1089900020EE270A704700BF000000001772B142A6
:1089A000B5F1CF421872B13E9115853FA41E020069
:1089B0009C1E02004CBB31330EEADD3555B38A38BC
:1089C000610B363BABAA2A3EAC1E02003BAAB83F65
:1089D0008071313FD1F71737CAF249710000800D1D
:1089E0009FED040A0028DFED047A40FE277A27EE87
:1089F000800A704700008000000080809FED040A1C
:108A00000028DFED047A40FE277A27EE800A7047BF
:108A1000FFFF7F7FFFFF7FFF08B52DED028BB0EEDC
:108A2000408A00F0E3F820B938EE080ABDEC028B6A
:108A300008BDDFED027A87EEA70AF7E70000000025
:108A400010EE102A22F00043B3F1A14F12D3B3F17C
:108A5000FF4F02D930EE000A7047002A9FED4F0AFF
:108A6000CBBFDFED4F7ADFED4F7A37EE800A37EE7E
:108A7000C00A70474C498B4211D8B3F1445F0BD206
:108A8000DFED4A7AB7EE007A70EE277AF4EEC77A15
:108A9000F1EE10FA00F381804FF0FF3315E0444906
:108AA000F0EEC07A8B424FD8A1F5D001B7EE007A34
:108AB0008B4241D877EEA76A002336EEC77AF0EEF4
:108AC000006A77EEA67A87EE270ADFED3A7A591C1C
:108AD0009FED396ADFED395A60EE006A26EEA67A1C
:108AE00007EE276ADFED367A46EE077A9FED356AA4
:108AF00007EE876ADFED347A46EE077A9FED336A38
:108B000007EE876ADFED327A57EE275ADFED317ACA
:108B100055EE877ADFED305A57EE875ADFED2F7A20
:108B200055EE877A67EE877A46EE267A67EE807A88
:108B30001FD130EE670A704777EEC76A012377EEE0
:108B4000877A86EEA70AC0E725498B420BD8F7EE55
:108B5000086A0223B7EE007A37EEE66A07EEA67AD5
:108B600086EE070AB1E7BFEE007A032387EE270AF5
:108B7000ABE71C49002A1C4801EB830100EB83038F
:108B800093ED007A77EEC77A77EEC07A91ED000A1E
:108B900030EE670AB8BFB1EE400A70476821A233D1
:108BA000DA0FC93FDA0FC9BFFFFFDF3ECAF24971D2
:108BB000FFFF973FD769853C59DA4B3D6BF16E3D1E
:108BC000356B883D6E2EBA3D2549123EABAAAA3EB2
:108BD00021A215BD95879D3D388EE33DCDCC4C3E01
:108BE000FFFF1B40C41E0200B41E020010EE103A2C
:108BF00033F000400DD0A0F50003B3F1FE4F0AD3CF
:108C0000421E074B9A4208D9A0F1FF4358425841EF
:108C1000704702207047042070470320704700BF50
:108C2000FEFF7F0070477047052103F020B9E8F789
:108C30006DBCE8F78BBC014640F2E73008B54FF455
:108C40007A72002300EBC1304914E7F7A3FEBDE8B8
:108C50000840FDF743BE2DE9F04706460D4617468E
:108C600098462BB34FF0000A98F8004093F8019013
:108C7000DB78A40004EB430498F802301C4444441D
:108C8000CA4509D339463046AC46D8F8042008F125
:108C90000803BDE8F047604714F8013B0AF1010AF8
:108CA000204648F82340E7F7EFFF01300444E7E7A8
:108CB0006FF01500BDE8F08770B500250246284624
:108CC000144614F8013B0BB9184609E098B18D42DF
:108CD00007D1702B04D0A3F140023A2A0BD8002010
:108CE00070BDA3F140063A2E05D853780135941C87
:108CF000002BE9D00020252B224608BF80F0010080
:108D0000DEE7F0B564230546042600200A2769B98A
:108D1000F0BD9A42B2FBF3F40CD2012B0AD048B951
:108D200003FB14220A24B3FBF4F3D2B2013EF0D1C8
:108D30002E70EDE7303405F8014BB2FBF3F403FB82
:108D40001422B3FBF7F301390130C9B2C0B2D2B279
:108D5000DBB2DCE7A0F13003DBB2092B02D8002044
:108D60000B707047A0F16103052B02D85738C3B2CE
:108D7000F5E7A0F14103052B01D83738F7E76FF08D
:108D800015007047F7B5054601F0010000EB5106EC
:108D90009E424FEA510703D90026304603B0F0BD8A
:108DA00058B128780DF10701FFF7D4FF0028F3DB55
:108DB0009DF80730013502F8013B01351744BA42EE
:108DC000EBD015F8010C0DF10701FFF7C3FF0028E8
:108DD000E2DB9DF807402401E4B2147015F8020BA1
:108DE000FFF7B8FF0028D7DB9DF807301C4402F8D6
:108DF000014BE4E7002070470FB407B504A951F810
:108E0000040B0191EAF74CF803B05DF804EB04B0F1
:108E10007047836800EBC101B3F5004F2CBF51F8D8
:108E2000220031F81200704700EBC1018068B0F5F4
:108E3000004F2CBF41F8223021F812307047012238
:108E400008B5FFF7E6FFD04008BD836800EBC1011D
:108E5000B3F5004F08D34B681AB143F001034B60E0
:108E6000704723F00103FAE74B881AB143F001037E
:108E70004B80704723F00103FAE753000122FFF70C
:108E8000D3BF8368B3F5004F34BF04230823C91A46
:108E9000081AC0087047B0F5004F34BF04230823F8
:108EA000481C0833A0EBD300B0FA80F0C0F11F00DB
:108EB00070472DE9F041174603220E460446FFF79E
:108EC000A8FF8642054607F104080AD10122E3689B
:108ED000BA4023EA0203E360002344F82830BDE8E7
:108EE000F081314602222046FFF793FF06462B46CB
:108EF00001460322204644F82850FFF795FF3346E9
:108F000029462046BDE8F0410222FFF78DBF70B52B
:108F10000D4686680446FFF792FFB6F5004F0146FE
:108F200001D3012809D03046FFF7B5FF2946024694
:108F30002046BDE87040FFF7BCBF70BD2DE9F0478B
:108F400005468068FFF7A7FF05EB800ADAF8109066
:108F500088460646B9F1000F1BD00327DAF8104007
:108F600028462146FFF76BFF404507D3324621468E
:108F70002846FFF79EFF2046BDE8F08703222146E2
:108F80002846FFF746FF013FCAF8100001D081458F
:108F9000E4D14FF0FF34EB680136B4401C40EAD016
:108FA00094FAA4F2B2FA82F2131D55F82340DEE7D8
:108FB0002DE9F04114460E460546FFF740FFA4EBAD
:108FC0000608371B0744424631462846FFF755FF3F
:108FD0003A4621462846FFF750FF434600222146E5
:108FE0002846FFF721FF21462846FFF728FF3B468A
:108FF000211800222846BDE8F041FFF715BF2DE9F2
:10900000F041164604460F46FFF719FF3146054664
:109010002046FFF714FF05442A4639462046FFF74D
:109020002CFF31462046FFF70AFF2B46311800225D
:109030002046BDE8F041FFF7F7BE2DE9F0410D46AF
:1090400086680446FFF7FBFEB6F5004F014601D3E4
:10905000012832D03046FFF71EFF04EB80010E6975
:1090600096B90122E36882401343E36002220D6156
:109070002B4629462046FFF7D7FE032229462046E5
:10908000BDE8F041FFF7D0BE022231462046FFF78F
:10909000C0FE0746034629462046FFF7C5FE0322C9
:1090A000334629462046FFF7BFFE39462B46204669
:1090B000FFF7BAFE02223146E1E7BDE8F081F8B5DC
:1090C0000C460546FFF7BBFE26180122314628460E
:1090D000FFF79FFEC3070CD431462846FFF717FF62
:1090E00021462846FFF7ABFE214622182846FFF707
:1090F00086FF002221462846FFF78BFE271A012211
:1091000039462846FFF785FE10EA020613D1394694
:109110002846FFF7FCFE214632462846FFF779FE37
:109120002246211A2846FFF76AFF21463246284682
:10913000FFF76FFE241A21462846BDE8F840FFF7E6
:109140007CBF38B571B1056800222846FFF799FE4B
:10915000044601462846FFF778FE2146BDE8384020
:10916000FFF7ADBF38BD70B5066809B9002070BD06
:10917000B368B3EBD10FF9D9B3F5004F34BF042373
:109180000823CC1D1C44E40821463046FFF7D6FED8
:1091900005460028EAD001463046FFF750FEA042BF
:1091A00009D92C44294630462246FFF701FF2146C3
:1091B0003046FFF742FF304601222946FFF745FEC1
:1091C000B368B3F5004F34BF0423082303EBC50392
:1091D0001844CCE72DE9F84306681446B26801F15B
:1091E000FF39B2F5004F34BF0423082319EA0109FF
:1091F0000F460BD0494239408B424F4628BF0B46A1
:10920000894654B900252846BDE8F8839942F8D824
:109210002146BDE8F843FFF7A6BFB2EBD40FF1D962
:10922000B2F5004F34BF04220822E11D3944C91AA7
:1092300011443046C908FFF781FE80460028E1D07E
:10924000B36809EBC005B3F5004F34BF042308230E
:109250001D4435447B1E1D44B5FBF7F57D43A5EB4E
:10926000090529463046FFF70CFE2C44073424F04C
:109270000704A41B804507464FEAE40408D20246CF
:1092800041463046FFF794FE41463046FFF7D5FE93
:1092900039463046FFF7D3FD3844844208D2394678
:1092A00030462246FFF784FE21463046FFF7C5FED2
:1092B000012239463046FFF7C8FDA4E7B2F5802FFA
:1092C0002CBF082304232DE9F0410026D21A8C1864
:1092D000CD1D25F0070524F00704641BE408056094
:1092E00021462046AC60EE60FFF7D5FD421D92009E
:1092F000013002F107074FEAD7073146A2F1100209
:1093000005F11000B8BF324607F0C2F83A463146C0
:109310002846FFF7B2FD3346324631462846FFF76E
:1093200083FDA4EB0708284631460122FFF78DFD97
:1093300042463946FFF7A1FD3B46324639462846AC
:10934000FFF772FD21462846FFF797FD4346324658
:1093500021462846FFF768FD214628460122FFF7EF
:1093600074FD3946BDE8F041FFF767BE038B13F08B
:10937000070305D10368002B0CBF002003207047B2
:10938000022B05D1408BB0FA80F040098000704775
:10939000012B05D10368002B0CBF0020052070476E
:1093A0000020704710B50C4600B111B96FF01500E0
:1093B00010BD081D00F096F80028F9D1A368032B12
:1093C000F6D9F3E72DE9F0410D4607461946281D69
:1093D00090461E4600F09AF8044638B1334642469D
:1093E00029463846A446BDE8F0416047BDE8F08113
:1093F00010B44FF02004EFF3118284F31288BFF30E
:109400006F8F41615DF8044B0121E9F77BBD38B5F1
:109410000C46054658B151B10B6843B14B6833B1A6
:109420001C22002107F034F800202C6138BD6FF0B9
:109430001500FBE770B505460E46FFF7B3FF041EA7
:1094400015DB4FF02003EFF3118283F31288BFF393
:109450006F8F4FF6FF716B8B2C8B8B4204F00704E0
:1094600007D182F31188BFF36F8F6FF00A04204693
:1094700070BD022C0CD101336B8382F31188BFF3D2
:109480006F8F0023224631462846FFF79BFFEEE709
:10949000062C14D8DFE804F004131313041A040094
:1094A000002333606B683BB9C5E90066ACB90221A3
:1094B0002846E9F727FDDAE71E606E60F6E782F3DB
:1094C0001188BFF36F8F6FF00404D0E782F3118827
:1094D000BFF36F8F6FF08504C9E782F31188BFF384
:1094E0006F8FC4E7034640B1426802F00302022ACC
:1094F00006D0032A04D0012A05D06FF0150070476A
:109500001A68002AF9D000209860704710B54268A8
:10951000034602F00302022A4FF00004816007D0E4
:10952000032A02D05C60002001E018685C6010BD76
:1095300018685C600028F6D0FDF764FCF3E70FB410
:1095400007B504A951F8040B0191E9F7A9FC03B090
:109550005DF804EB04B0704710B50369024613F0E0
:10956000080009D11368D4689C429BBF0120126A8D
:10957000E31AD31A0B6010BD00231846FAE713B59F
:1095800001A90446FFF7E8FF20B1019BE268013B17
:1095900013440193206A019BC01A013802B010BD28
:1095A00010B5044650182269236AD20702D5013B40
:1095B000184010BD984228BFC01AFAE710B50446FB
:1095C0000A46C168FFF7ECFF2369E06023F0080357
:1095D000236110BD38B50D46C2698B00016843F0A8
:1095E0000203044642F8213001682A46FFF7D8FFFB
:1095F000E3686168984208BF2369206008BF43F0B0
:1096000008032A46204608BF2361FFF7C9FF6060B0
:1096100038BD2DE9F74FC768C6699B4616F8273055
:10962000044603F00303022B884691464FF00003E3
:1096300006EB870A09D01360CBF80030236999073D
:1096400010D4002003B0BDE8F08F56F82710136047
:109650008908CBF80030F1D0FFF7B0FFE368A360D2
:109660000120EFE7A3695046984716F827300546D2
:10967000DA07E6D513F002031DD0B8F1000F03D0CE
:1096800041462046FFF7A6FF61682A462046FFF7BD
:1096900087FFD4E902319942606004D12A4620460E
:1096A000FFF77EFFA060A3682360E360236943F0B7
:1096B00008032361D4E7014620460193FFF77EFFAC
:1096C000E268A260B8F1000F04D02168E269019B52
:1096D00042F8213005EB0802CBF800202168204633
:1096E000FFF75EFF2369206043F00803236116F84B
:1096F00027306FF3000306F82730C9F800A0AFE762
:1097000070B504461546FFF74BFF2368834205D129
:109710002369216023F00803236170BDE269AB0077
:1097200043F0020342F8213061682A462046FFF7E1
:1097300037FF6060F1E738B5036904465B0706D57B
:10974000456AFFF71CFF85422CBF6562606238BD29
:1097500038B50D4604461C22002106F099FE002271
:10976000EB68A361AB6863612B68E3616B6862625D
:1097700023622A6923B1591E194208BF42F001022F
:109780002261012204F128000021BDE8384006F0E2
:10979000D0B92DE9F04F002587B00093036A044645
:1097A0008B420E469246A946039505953AD34FF053
:1097B0002003EFF3118B83F31288BFF36F8F059AA9
:1097C000D8462AB129462046FFF79AFF0023059381
:1097D00004A92046FFF7C0FE04990746B1422AD3E8
:1097E0002268E369204613F8221003EB820921F076
:1097F000030103F8221021683246FFF7D1FEE36827
:109800002060984212D0002788F31188BFF36F8F31
:10981000039929B162690AB1204690470023039356
:10982000002FC4D1484607B0BDE8F08F236943F04C
:1098300008032361E7E718B12046FFF7CBFEE3E713
:10984000009B5AEA03031AD0019106F0B3F801997C
:10985000A8B98BF31188BFF36F8F5246009B04F1B8
:109860002800FCF779FB4FF02003EFF3118883F316
:109870001288BFF36F8FB0FA80F77F09C4E72046E4
:1098800005AB03AA2568FFF7C4FE0746BCE770B521
:109890000446836908460D46984702464FF0200368
:1098A000EFF3118683F31288BFF36F8F2B78204676
:1098B00043F001032B706168FFF772FE6060204681
:1098C000FFF739FF86F31188BFF36F8F70BDF8B5CE
:1098D00004464FF02003EFF3118683F31288BFF3A1
:1098E0006F8F236913F0080FA36802D16268934257
:1098F00000D9226AD21AE1692AB986F31188BFF326
:109900006F8F002733E011F8232001EB830712F05B
:109910000300F2D0022803D151F82350AD0805D13D
:10992000D00712D43846A36998470546A1682A464D
:109930002046FFF735FE2946A0602046FFF73EFE91
:1099400086F31188BFF36F8FC3E742F0020201F87C
:109950002320A3693846A568984729460246204631
:10996000FFF71EFEA06086F31188BFF36F8F3846A5
:10997000F8BDF8B50446836908460D469847064683
:109980004FF02003EFF3118783F31288BFF36F8F3B
:109990002B786FF300032B7023699B0705D5E268D2
:1099A000E36903EB82039D421AD12B786FF34103E5
:1099B0002B70D4E90231994204D132462046FFF798
:1099C000EFFDA06031462046FFF7F8FD87F31188D0
:1099D000BFF36F8F04F12800BDE8F840FCF796BA9A
:1099E0002B6860F39F032B60F0E70269836812071E
:1099F00002D442689A4200D2026AD31A181E18BFD3
:109A000001207047704770B4066884890D0C16FAFF
:109A100081F105FB0411806A84682468A44670BC47
:109A200060470B6803F580330B60C0891A0CB0EBFC
:109A3000134F04BFA3EB02430B60704700F0B4BCAC
:109A40002DE9F04381460E4617461C46C36A89B08D
:109A50001D686D4205F020051CB9204609B0BDE81F
:109A6000F083AC42A04628BFA8466A46434631462A
:109A70004846FFF7C8FF0028F0D1424669463846FD
:109A800006F021FD20B9A4EB080446444744E3E76F
:109A90000120E3E7014610B507220446FF20E9F75D
:109AA00003F8E07110BD2DE9F0411C46C36A88B08F
:109AB0001D6807466D4205F020050E4668461146B2
:109AC0002A4606F0E5FC1CB9204608B0BDE8F08146
:109AD000AC42A04628BFA8466A46434631463846AF
:109AE000FFF7AEFF0028F0D1A4EB08044644EAE7F4
:109AF00038B5828903680D0C090C044602FB01315C
:109B0000806A2D0483689B68984750B9E26A2946A9
:109B10002046A3891279FFF7C6FF002818BF6FF00F
:109B2000050038BD0378012B81BF01F1FF31C91851
:109B30005B4219400846704770B50C46054608213F
:109B4000C06AFFF7EFFF072206462146FF20E8F72D
:109B5000ABFFE379834207D1AA896388901B8342D4
:109B60002CBF0020012070BD0020FCE738B5054661
:109B70000C46FFF7E1FFA0B1A08898B94FF6FF733C
:109B800022889A420DD10821E86AFFF7CBFF62884C
:109B9000AB899B1AB3FBF0F202FB1030B0FA80F0F5
:109BA000400938BD0020FCE7F7B504460D46C06A01
:109BB0000821FFF7B7FF0823074629682046FFF76B
:109BC00022FF0646002836D12B683B442B60A28931
:109BD00099B2D21B91422ED11A0C09BFE289A3F58A
:109BE000803102F1FF3203EB0241204608236A462E
:109BF0002960FFF708FFE8B9E36A1A796B4613F8A2
:109C0000011B8A420CD101300828F8D1636805E0B5
:109C10002B68BDF802201B0C1B0413442B600AE0C8
:109C200069462046FFF7A2FF0028F1D129462046C9
:109C3000E9F78EFA0646304603B0F0BD2DE9F04351
:109C4000074690461E4689B01BB9002009B0BDE802
:109C5000F0833C688389080C14FA81F100FB03143B
:109C6000FB6A1D686D4235400CD0B86A8368214696
:109C7000D3F804902B46C8470028E7D1761BE4D0E0
:109C80002C44A844202332464146684606F008FC8E
:109C9000FD6A0DEB06002A682979921B06F0F8FB95
:109CA000B86A2B688268214655686A46A847CDE79E
:109CB00010B50A46082341680446FFF7BFFF082194
:109CC0000246E06AFFF72EFF63681B1A63601046C6
:109CD00010BD4FF6FF7313B500220446ADF80030F7
:109CE0008DF8063083686846ADF80420ADF8023080
:109CF000FFF7D0FE69462046FFF7DAFF02B010BD3D
:109D00002DE9F04F082195B00446C06AFFF70AFF1D
:109D10000546636820461B0C1B0403A90393FFF749
:109D200080FEDDF80CB0A68906AA5E44761B0823E7
:109D3000314620460496FFF766FE021EC0F2A98057
:109D4000E36A06AA1979002312F8010B814240F058
:109D50008F800133082BF7D1A36862682B449A42A5
:109D60007ED259462046FFF7C3FE024691E0BDF879
:109D70001A30360C36041E44049608AA204604A95C
:109D8000DDF810A0FFF710FF0246002840F08180A8
:109D9000204608A9FFF7D0FE18B9019B9A45ECD1DF
:109DA000DAE7636805930AAA204605A9059EFFF72E
:109DB000FBFE024600286CD1BDF82820BDF82030FB
:109DC0009A4227D06268059B9A42ECD15645E4D16D
:109DD000BDF82430002BE0D0BDF822704FEA1A43C2
:109DE0001B041F44A36808A8ADF82230FFF752FEF9
:109DF000E36ABDF824901E68764206F02006B9F1A9
:109E0000000F0ED1204608A9FFF752FF0246002896
:109E1000C3D03EE020460AA9FFF78EFE0028D1D02D
:109E2000D4E74E45B04628BFC8460CAA434639463B
:109E30002046FFF7E8FD024658BB4346A1680CAA3E
:109E40002046FFF7FBFE41460246E06AFFF76AFE46
:109E5000A3680344A360E2B9A9EB08094744CEE72D
:109E60002046FFF736FF024600283FF47AAF10E0A5
:109E7000731B204606A90193FFF778FE00287FF4A4
:109E800076AF204604A9E9F763F9024600283FF4BB
:109E900074AF104615B0BDE8F08F00231A46E9F7FD
:109EA0002FBB13B500240094E9F702FC02B010BDEB
:109EB0000A46012100F078BA0369D3F8B00370476D
:109EC0006FF085007047084608B5114618B105F0D7
:109ED00023FA002008BD6FF00100FBE7084608B533
:109EE000114618B105F010FA002008BD6FF001000E
:109EF000FBE713B504460846216901F56B71D1E80B
:109F0000AF1F022909D15BB168B100931346D0E9B4
:109F10000912FBF74FFA02B010BD6FF00F00FAE71D
:109F20006FF04C00F7E76FF00100F4E72DE9F8431C
:109F30001C46DDE90853164698460F46006939B3BA
:109F40004AB344B36A1C43F10003022A73F10003CD
:109F500024D2226842B1D0F8B0339A4204D96FF0CB
:109F60000B002360BDE8F88305EA080909F1010345
:109F70005A425A412146384605F0D7F988B9B8F116
:109F8000FF3F08BFB5F1FF3FF0D06FF06800E9E791
:109F90006FF00100E6E76FF01500E3E76FF0850072
:109FA000E0E730600020DDE705F003BA38B50D4684
:109FB000044600F140012846E6F754FE30B1284639
:109FC00004F1B001E6F74EFE20B90120702303FB37
:109FD000004038BD0020FCE702F52C7102F530701E
:109FE00005F05ABED0F8F830A0F52C70003B18BF31
:109FF000012300EB8300D0F89C0205F037B9CB6851
:10A0000033B1C86883681B6813B100220969184717
:10A010007047FBF791BED0E8EF3FC0E8E21F002A8F
:10A02000F9D1704710B5436804691B68C4F8A833B8
:10A0300004F5D87005F0DFFC002104F56B70FFF724
:10A04000EAFF084610BD2DE9F34117460D4679B3E6
:10A050000B786BB3D0F8B040A4F5CE7814344FF041
:10A06000FF324FF0FF332046FBF7A2FE2A46404660
:10A0700001A9E9F76DFC019E2EB9204602B0BDE8AA
:10A08000F041FFF7C6BF58B12046FFF7C2FF3B467D
:10A090002A463146404602B0BDE8F041E9F736BCF9
:10A0A0002022294606F1400006F02FFA3766E4E741
:10A0B00002B0BDE8F081030103EB4003093323F054
:10A0C000030303EBC00348430330083320F00300CD
:10A0D0001844400070472DE9F84306464FF0010947
:10A0E0000569D0F8048005F56B77D7E8EF3F022BC0
:10A0F00003D1C7E8E29F002AF7D141D195F8643037
:10A10000002B40D195F8D430002B3CD12846D5F80F
:10A11000A81300F054F8044680BB7168366948699A
:10A1200083681B6943B3224689699847044628BB64
:10A1300006F5307649463046FCF748F8304605F5D6
:10A14000E476ECF713FC3046D8F8001000F074F811
:10A15000044698B90146E822304606F099F92146AE
:10A160004FF4E272284606F093F921463846FFF78D
:10A1700052FF2046BDE8F8836FF057040221F5E74F
:10A180006FF07704F5E76FF00F04F2E710B50846BB
:10A19000029B114652B993F864202AB9012218464D
:10A1A00083F86420E9F7C0FC002010BD9A6E546863
:10A1B000002CF9D0DA6EA047F6E705F0FAB838B50A
:10A1C0000D46044660B1E03005F01FFB0DB10020E4
:10A1D00038BDC4F89C51C4F8A051C4F8A451F6E7A6
:10A1E0006FF01500F4E70268D2F8E03013B1D2F84E
:10A1F000DC10184770477047836913B9D0F888306E
:10A2000019707047012070478369012B04D1D0F881
:10A2100088301878C0B270470420704738B5C41D24
:10A22000E400204606F009F9054618B1224600214F
:10A2300006F02EF9284638BD38B5044630220021F4
:10A2400006F026F91822002104F1BC0006F020F9DE
:10A250001822002104F1A40006F01AF9D4F8D8005D
:10A26000FBF75AF8D4F8D400FBF756F8002304F1B2
:10A270003400C4F8A03004F079FDFAF7B7FFE36EBC
:10A2800004F140050BB128469847382200212846A2
:10A2900006F0FEF8002038BD03785B075FBF036857
:10A2A0004288C3F34A2303EB12105DBF173020F03E
:10A2B00007008008002070470020704704F04DBB65
:10A2C0000346D3E8EF0F421CC3E8E12F0029F8D181
:10A2D00070470120E9F7D8BE0020704770B5D2E979
:10A2E00001369B1B8B420C4615460AD313680A465F
:10A2F0000146981906F0A5F82046AB682344AB60E8
:10A3000070BD6FF01B00FBE770B50E461546194691
:10A310000446120D18B9BDE87040E9F7B5BE2BB17F
:10A320001030C5F34A23184406F08BF8C4E90056F0
:10A330002046BDE87040EAF72FB82DE9F3415F1CD5
:10A340004FEA8708064608F1170020F0070080084A
:10A350000C461546E9F7FAFE00238DF80470ADF8B7
:10A3600005308DF8073068B10346019AA8F1040161
:10A3700043F8102F2A46294452F8045B8A4243F8D6
:10A38000045FF9D100233146A20102F4E07242EAEF
:10A39000482222F07F4222F4700222F03F0202B0F3
:10A3A000BDE8F041FFF7B0BF07B50123019201AA54
:10A3B000FFF7C3FF03B05DF804FB07B5CDE9002349
:10A3C00002236A46FFF7B9FF03B05DF804FB1FB52F
:10A3D000CDE90123069B01AA03930323FFF7ADFFF9
:10A3E00005B05DF804FBF8B506460D4614461F4659
:10A3F000214628463A46B047241A0544F8D1F8BD0C
:10A4000010B542680446D2E9002381680068FFF76E
:10A41000EAFF002263681A6010BD38B54B68054634
:10A420001A68CB680C469A4202D10846FFF7E8FF4B
:10A430006368D3E8EF2F511CC3E8E01F0028F8D170
:10A44000A36800209D5438BD0A2838B504460D463F
:10A4500002D10D20FFF7E1FF29462046FFF7DDFF7F
:10A46000002038BD436800201B685B689961704715
:10A4700043681B681A68526853607047012143683B
:10A480001B685A6811771868FFF7BABF43681B68E2
:10A490001868EAF7E3B970B543680C461D686B6845
:10A4A0009869E9F7CDFD214603460F222868BDE8EB
:10A4B00070401847704770B54C680368A34201D2DA
:10A4C000012070BD8A682244934201D30020F8E73E
:10A4D0004E69D1E90325B54203D36FF00B038B61BD
:10A4E000F4E71B1B42F835304368086902EBC002F1
:10A4F00053600B6901330B61E2E72DE9FF41D1F8AD
:10A500000C80054640461F460C461646E6F7BCFB47
:10A51000BDF8283080B2CDE90180009332463B4639
:10A520002146284603F016F904B0BDE8F08100206A
:10A53000EAF78EBA00221146EAF750BA034610B580
:10A5400008460AB10021116053B1D0B1411E11F883
:10A55000010F80B113F8014BA04201D13D28F6D183
:10A5600000200EE0013313600AE03D2808D0B0FA65
:10A5700080F0400905E018782F28F6D1002AF1D1A3
:10A58000012010BD10B509B100230B6058B103467E
:10A590001A781C4601332AB13D2A03D02F2AF7D15D
:10A5A00001B10B60201A10BD0830704710B513467A
:10A5B00014460A4681880068FFF773FCA042A8BFD2
:10A5C000204610BD2DE9F04F97B004469A468946C3
:10A5D000019200297CD0DAB1BAFA8AF67609258F81
:10A5E00004F1080B0135ADB2A8466F1EBFB2B7F536
:10A5F000004F26D04A233946584603AAFFF751FC9C
:10A60000002807DA10F1020F08BFB8463D46ECE714
:10A610000126E4E700F158030DEB0300002303A932
:10A6200000F84C3C4846E6F71DFB0028EED126B367
:10A6300039465846FFF731FC002805DA17B0BDE867
:10A64000F08FBEB30020F9E705F57F513F31584642
:10A6500089B2FFF722FC0028F0DB238FBB42F1D147
:10A660002246013B22F8383F4FF40041022358466E
:10A67000E8F746FF00EAE070E0E7B846B8F5404F7B
:10A6800029D0238F04F10805434515D308F58041EF
:10A6900053462846019A89B2E8F732FF0028CDDBFD
:10A6A000002ECFD04846E6F7EFFA4A460346414629
:10A6B0002846DDE70126E1E7224602234FF4004168
:10A6C000284622F8388FE8F71BFF0028DEDAB5E7C6
:10A6D0006FF01500B2E76FF00B00AFE773B5C36B17
:10A6E00004460363C3B100F108063046E8F762FD93
:10A6F000054670B902234FF4004130460DF10602C1
:10A70000FFF7CFFB0028B4BF4FF40043BDF806307D
:10A710002387284602B070BD6FF01205F9E70246A4
:10A72000F0B500200125884200D1F0BD546805FA3B
:10A7300000F3D4E8EF6F46EA0307C4E8EC7FBCF10E
:10A74000000FF6D13342F0D00130ECE70A46012188
:10A75000FFF72ABE01234A0901F01F018B40DB43AA
:10A7600000EB8200D0E8EF2F1A40C0E8E12F00296B
:10A77000F8D17047FBF71CBBFBF7DEBA38B50D46C6
:10A7800004464FF0FF3280694FF0FF33FFF7F2FFCE
:10A7900004EBC50045681DB9A069FFF7EDFF284629
:10A7A00038BD0368994205D08368994202D0036995
:10A7B000994202D18069FFF7DFBF7047C368012962
:10A7C0009B6B02D123B1002018470BB10120FBE79E
:10A7D0007047C36801291B6B02D123B100201847C1
:10A7E0000BB10120FBE77047C36801291B6B02D145
:10A7F00023B1002018470BB10120FBE770471FB5BC
:10A8000004240294CC680194BDF81840009402F02E
:10A81000A1FF04B010BD30B5CC6885B0A588029505
:10A8200024680194BDF82040009402F093FF05B025
:10A8300030BD10B5CC6886B024788DF81440012462
:10A840008DF815400224029405AC0194BDF8204017
:10A85000009402F07FFF06B010BD10B5CC6886B042
:10A8600024788DF8144002248DF81540029405AC2C
:10A870000194BDF82040009402F06CFF06B010BDBA
:10A8800010B5CC6886B024788DF8144003248DF878
:10A8900015400224029405AC0194BDF820400094B8
:10A8A00002F058FF06B010BD70B51C46BDF8103060
:10A8B0001546CE6893B9012C13D8107820B1012821
:10A8C00002D06FF0050070BD736803B1984722464F
:10A8D0002946304605F0B5FD2046F4E76FF0060046
:10A8E000F1E76FF00C00EEE70A460221FFF75CBDCE
:10A8F0002DE9FF47CD680646A5F5E0750F460146F0
:10A90000D5F84C0290469946BDF830A0EAF77AFC9B
:10A91000044620B904B0BDE8F047EAF747BE082373
:10A920000293431C42463946CDE900A330464B46CC
:10A9300002F010FF06462146D5F84C02FFF731FF22
:10A94000304604B0BDE8F0872DE9FF47CD680646E4
:10A95000A5F50E750F460146D5F84C02904699466E
:10A96000BDF830A0EAF74EFC044620B904B0BDE8BB
:10A97000F047EAF71BBE01234246CDE90103394601
:10A980004B463046CDF800A002F0E4FE06462146D4
:10A99000D5F84C02FFF705FF304604B0BDE8F0875C
:10A9A0002DE9FF47CD680646A5F5FA750F46014625
:10A9B000D5F84C0290469946BDF830A0EAF722FC43
:10A9C000044620B904B0BDE8F047EAF7EFBD08231C
:10A9D000029300F1090342463946CDE900A330460F
:10A9E0004B4602F0B7FE06462146D5F84C02FFF76B
:10A9F000D8FE304604B0BDE8F08770B40D4611466D
:10AA00001A46034688B9284670BC05F01ABDE0080E
:10AA1000185C04F00706F040C00744BF085D2855E5
:10AA200001349442F3D370BC70470024F9E738B581
:10AA30000D46AB4211461C4604D81A4605F001FDEE
:10AA4000204638BD0024FBE705F022BDC30903EB17
:10AA5000430303EBC30383EA4000C0B27047CB78E3
:10AA60000278534003704B884278534043700A6821
:10AA7000837883EA122383700A68C3785340C370D3
:10AA8000CB79027953400371CB88427953404371AB
:10AA90004A68837983EA122383714A68C3795340F1
:10AAA000C371CB7A027A53400372427A4B89534086
:10AAB00043728A68837A83EA122383728A68C37A2C
:10AAC0005340C372CB7B027B53400373CB89427BE1
:10AAD00053404373CA68837B83EA12238373CA6833
:10AAE000C37B5340C37370471FB50278C37A8DF898
:10AAF000002042798DF80120827A8DF80220C27BF5
:10AB00008DF8032002798DF80420427A8DF8052013
:10AB1000827B8DF80620C2788DF80720027A8DF8A6
:10AB20000820427B8DF8092082788DF80A20C279AE
:10AB30008DF80B20027B8DF80C2042788DF80D20CB
:10AB400082798DF80E208DF80F3010236A46194651
:10AB5000FFF76DFF05B05DF804FBF8B50646087811
:10AB60000C46FFF773FF05466078FFF76FFFA2788A
:10AB700063785340E27853405D40684030706078BD
:10AB80002778FFF763FF0546A078FFF75FFFA378FC
:10AB90005F40E3785F407D4068407070637827785D
:10ABA000A0785F40FFF752FF0546E078FFF74EFFC1
:10ABB000E3785F407D406840B0702078FFF746FF43
:10ABC000627823785340A278534080EA0305E07806
:10ABD000FFF73CFFEDB24540F570F8BD70B5144687
:10ABE000054688B0002849D0002949D0002A49D01C
:10ABF00010230A4668461946FFF719FF21466846A2
:10AC0000FFF72DFF103401F1A0066846EBF7E0F8DE
:10AC10006846FFF769FF694604A8FFF79EFF01A990
:10AC200005A8FFF79AFF02A906A8FFF796FF03A958
:10AC300007A8FFF792FF1023684619460DEB0302A1
:10AC4000FFF7F5FE214668461034FFF708FFB442CF
:10AC5000DBD1EBF7BDF86846FFF746FF21466846B3
:10AC6000FFF7FDFE10236A4619462846FFF7DFFE70
:10AC7000684610220021FFF7E7FE012008B070BDF2
:10AC80000846FBE71046F9E70A4610B512F9103BF3
:10AC90000F30002BACBF0023872312F8014D83EA4D
:10ACA00044038A4200F8013902D01378DB09F4E743
:10ACB00010BD08B520B158220021FFF7C5FE0120C4
:10ACC00008BD10B5044688B110220021FFF7BCFE74
:10ACD000102204F130000021FFF7B6FE002300220D
:10ACE00063644FF480330120C4E9142310BD70B5B0
:10ACF00004460D46164610B311B358220021FFF743
:10AD0000A3FE29463046A664EBF76EF81022002118
:10AD10002046FFF799FE04F11005A26C214620465B
:10AD2000FFF75CFF21462846FFF7AEFF294604F1F6
:10AD30002000FFF7A9FF2046FFF7C3FF012070BDE9
:10AD40000846FCE72DE9F0410E461546044600286A
:10AD500060D0FAB100295DD0D0E9143253EA020183
:10AD600058D0013BD0F8448042F1FF32C0E91432A0
:10AD7000B8F1000F2CD0C8F1100708F13000BD4227
:10AD800020440AD22B4632462946FFF750FE636C18
:10AD90002B4463640120BDE8F0813B4632463946CE
:10ADA000FFF745FE0023103D636445443E44631EA7
:10ADB00004F10F0113F8012F93F830008B4282EA5F
:10ADC00000021A70F6D121462046A26CFFF706FF5A
:10ADD00004F10F07102D0AD8002DDBD02B46324688
:10ADE000294604F13000FFF722FE6564D2E7631EB6
:10ADF000711E13F8012F11F8010FBB4282EA000205
:10AE00001A70F6D121462046A26CFFF7E7FE1036F5
:10AE1000103DDFE70020BEE770B50C460546F0B1F7
:10AE200071B34A6C102A1BD11031631E013904F131
:10AE30000F0013F8012F93F83060984282EA06025F
:10AE400011F8016F82EA06021A70F2D12146A26C53
:10AE50002846FFF7C3FE2046FFF72BFF012070BDF9
:10AE600002F130000021C2F110022044FFF7ECFD96
:10AE70008022636C04F12001234483F83020D4E75E
:10AE80000846ECE7F8B50C4610B1F9B10AB9012053
:10AE9000F8BD00278D1800F12806836E5A1C8266C3
:10AEA00014F8011B03443F2A83F828100BD93146BC
:10AEB000EAF7EEFFD0E9083213F5007342F1000221
:10AEC000C0E908328766A542E7D1E0E70846DFE738
:10AED000F8B50C460546002854D0002953D08B6E97
:10AEE000D1E90821D800121841F10001C4E9082174
:10AEF0008022581C38282344A0664FF0000783F8AE
:10AF0000282004F128060AD9C0F14002394630440D
:10AF1000FFF79AFD31462046EAF7BAFFA766A06E12
:10AF20000021C0F138023044FFF78EFD236A31461C
:10AF30001ABA636A62661A0A84F8633084F8622077
:10AF40001A0C1B0E84F86030204684F86120EAF762
:10AF50009FFF2B1D211F243551F8042F0433100EA1
:10AF600003F8080C100C03F8070C100A03F8060C81
:10AF700003F8052CAB42EFD1204670220021FFF7E9
:10AF800063FD0120F8BD0846FCE770B51446054690
:10AF9000431E8818884212D1402CC4F1400688BF55
:10AFA000002604F1400032465C21284405F070FA86
:10AFB000324628193621BDE8704005F069BA0A7892
:10AFC00082F0360203F8012F11F8012B82F05C02A7
:10AFD00083F84020DEE7F0B50E4614460546CDB0B6
:10AFE000B8B141B34AB3402A00F1700713D810A892
:10AFF000EBF730F82246694610A8FFF743FF10A987
:10B0000034A8FFF765FF224631463846FFF7BDFFFB
:10B0100001204DB0F0BDEBF71DF82246314605F199
:10B0200090042846FFF72EFF29462046FFF750FFE1
:10B0300020222146E9E70846EBE71046E9E710B58C
:10B04000044640B1EBF706F84022204604F17001B7
:10B05000FFF718FF012010BD08B510B1FFF712FF70
:10B06000012008BD70B50E4614460546F0B12029F2
:10B070001CD1EAB11146FFF72BFF2046EAF7EAFFA1
:10B08000402204F1B0012046FFF7FCFE324629467B
:10B090002046FFF7F7FE21462846FFF719FF204616
:10B0A000F0220021FFF7D0FC012070BD0020FCE75A
:10B0B0001046FAE72DE9F74F04464FF0010B1F4603
:10B0C0000023884600F1F0063146914620228DF893
:10B0D0000630DDF830A08DF807B004F58875FFF76D
:10B0E0007AFF2046FFF7ABFF202229462046FFF7D4
:10B0F000B3FF5A4620460DF10601FFF7ADFFB8F148
:10B10000000F07D0B9F1000F04D04A46414620464F
:10B11000FFF7A2FF3FB1BAF1000F04D05246394603
:10B120002046FFF799FF224620213046FFF79AFF7D
:10B13000202231462046FFF74EFF2046FFF77FFFD3
:10B14000202229462046FFF787FF22462021284655
:10B15000FFF788FFB8F1000F3AD0B9F1000F37D0F0
:10B16000202231462046FFF736FF2046FFF767FFD3
:10B17000202229462046FFF76FFF01220DF107012B
:10B180002046FFF769FF4A4641462046FFF764FF25
:10B190003FB1BAF1000F04D0524639462046FFF7BE
:10B1A0005BFF224620213046FFF75CFF202231461C
:10B1B0002046FFF710FF2046FFF741FF20222946D7
:10B1C0002046FFF749FF224620212846FFF74AFF85
:10B1D00003B0BDE8F08FF7B50C4617460546B0B191
:10B1E000B9B1002620220021F030FFF72DFC2022EB
:10B1F000012105F58870FFF727FC284633463A46BB
:10B2000021460096FFF756FF0120C5F8306103B0D4
:10B21000F0BD0846FBE7F7B5089C054680B179B15B
:10B220001F2A0DD953B16CB10094FFF743FF4FF0C3
:10B23000FF330120C5F8303103B0F0BD0093F4E7CF
:10B240000020F9E72046F7E72DE9F7430D461446BD
:10B250008046D8B3D2B34B1EB3F5002F36D2D2F806
:10B260003031ABB3013BC2F8303102F1F00902F5E5
:10B270008877202249462046FFF7ADFE2046FFF79B
:10B28000DEFE202239462046FFF7E6FE2246202138
:10B290003846FFF7E7FE202D2E4628BF20264046E1
:10B2A00033463A463146FFF7C2FB202D38BF2025F2
:10B2B000203DB044DDD120462B462A462946009544
:10B2C000FFF7F8FE012003B0BDE8F0830020FAE7A5
:10B2D0004FF0FF30F7E7002008B5E7F721FF014600
:10B2E0000068EAF7E1BF08B5EBF760F8BDE8084091
:10B2F000EBF78EB80A460121FFF756B8002101206E
:10B30000EAF7D2BF436E83F30B88704740E800F33F
:10B3100013F4803FD8B208BF6FF01500704730B506
:10B320000C684B6885B00A894D890094013B24F074
:10B330001F04234402F01F0242EA451223F01F03B8
:10B3400069468DF808200393EBF712FD05B030BD78
:10B3500008B5D1E904319847002008BD08B5EBF7DE
:10B36000CDFE002008BD30B50546B1F8032087B0FA
:10B370004B79ADF808200C460D2200210DF10B0091
:10B380008DF80A3005F084F802AA1146284600F02C
:10B390008FFC10B1002007B030BD029B0322ADF836
:10B3A000043020461B0C01A98DF8063005F08BF8FF
:10B3B000B0FA80F04009EEE770B50D460021044672
:10B3C000FFF7E0F80D2818D1237B302B13D0312B59
:10B3D00013D1012305F8063B04F10C062A4620464A
:10B3E000012302210234FDF7CDFCB44205F1FF3503
:10B3F000F4D1002070BD0023ECE76FF01500F9E7F1
:10B400000020704710B50C46017822788AB08A4235
:10B410000FD06946ECF792FA204605A9ECF78EFAB0
:10B4200010220DF115010DF1010005F04CF80AB0E4
:10B4300010BD012A06D0022A07D072B9408863885D
:10B44000C01AF4E740686368FAE71022611C013013
:10B450000AB0BDE8104005F036B86FF01500E6E719
:10B46000042A0AD0102A0DD0022A4FF0000315D169
:10B4700003700B88438001207047012303700B6821
:10B480004360F8E7022300F8013B01F1100351F893
:10B49000042B994240F8042BF9D1ECE71846704789
:10B4A000012310B50621044600F8013BEEF75EFECD
:10B4B00018B9A37963F03F03A37110BD0B68036053
:10B4C0008B8883808B798371037823F00203037068
:10B4D00070470078C0F3400070470F2807D80D2848
:10B4E0000BD8052808BF032018BF02207047132877
:10B4F00003D01A2808BF0120F6E701207047D0F8D2
:10B50000B83083B15A7BD1070DD5D2060DD51B7B40
:10B51000102B14BF032304234372807A98428CBFFC
:10B520000020012070470223F6E70323F4E7704769
:10B53000FEF73ABF034610B5D3E8EF0F40EA010229
:10B54000C3E8E42F002CF7D110BDFEF736BF0B681F
:10B5500003608B8883808B79837170470B680360ED
:10B560008B8883807047D0E8EF3F0B40C0E8E23F14
:10B57000002AF8D17047C0F30723537000231070DE
:10B58000000C9070000AD070C1F30720090E1371EF
:10B5900050719371D171704770B506460D4640F2F7
:10B5A00006400321ECF722FE044668B103210C306B
:10B5B00002F0C9FE068085702146BDE87040002279
:10B5C00040F20640ECF74CBE6FF0680070BDF8B575
:10B5D00007460E4642F2220006211546ECF706FE0B
:10B5E000044678B106210C3002F0ADFE3B8846805F
:10B5F000038085802146BDE8F840002242F2220007
:10B60000ECF72EBE6FF06800F8BD2DE9F0478146DB
:10B61000884642F23200072117461E469DF820A0B8
:10B62000ECF7E4FD0546A0B107210C3002F08BFEDB
:10B63000B9F8003080F802800380C7700671A0F866
:10B6400005A02946BDE8F047002242F23200ECF79F
:10B6500007BE6FF06800BDE8F087C068ECF7FABF7E
:10B6600010B503884288934219D8052B17D9B2F533
:10B67000486F14D88388B3F5FA7F10D240F6764429
:10B68000C088A0F10A0189B2A14208D801339BB257
:10B690005343B3EB800F34BF0120002010BD0020C6
:10B6A000FCE770B506460D4642F221000321ECF797
:10B6B0009DFD044618B9BDE87040ECF791BA03212E
:10B6C0000C3002F040FE068085702146BDE87040D7
:10B6D00042F22100EDF7C0B840F2C230704708B521
:10B6E000F5F7C6FB18B1C089003818BF012008BDA6
:10B6F000D0E8AF0F7047072208B504F0E4FEB0FAB7
:10B7000080F0400908BDFEF74FBE0B6803608B88D0
:10B71000838070470B6803608B8883808B7983718B
:10B7200070470128F8B50F46144626D8272142F263
:10B730002700ECF75BFD054610B327210C3002F023
:10B7400002FE224606463946FFF7E4FFC31D04F118
:10B75000100152F8040B8A4243F8040BF9D110226D
:10B76000002106F1170004F093FE2946BDE8F840D9
:10B77000002242F22700ECF773BD6FF01500F8BD10
:10B780006FF06800FBE7037A02465B0705D50146C8
:10B790002A3211F8010BFFF7C4BF704738B50121F9
:10B7A000054642F22D00ECF721FD044658B129462A
:10B7B0000C3002F0D7FD2146BDE83840002242F2AD
:10B7C0002D00ECF74DBD6FF0680038BD10B400F1EE
:10B7D0001003D3E8EF2F22F40041C3E8E41F002C4C
:10B7E000F7D1130404D501215DF8044B00F000BA31
:10B7F0005DF8044B70472DE9F041D1F80480044610
:10B800000D4686B0B8F1000F1DD1037A5B071AD53B
:10B810000E68411C701CFFF76EFF2A361622414647
:10B820000746684604F034FE10226946304604F0AC
:10B830004AFE30B11022304604F12A0104F043FEE2
:10B8400000B107B16C6006B0BDE8F08100F11002F4
:10B8500008B503461046FFF74BFF01060DD5D2E8A9
:10B86000EF0F40F40040C2E8E10F0029F7D118467D
:10B87000BDE80840002100F0BBB908BD08B500F1E3
:10B8800010031846FFF734FF020606D51846FFF7E7
:10B890002FFF430644BF01230B7008BD012810B5DC
:10B8A0000C4606D819B1F5F7A3FA00B1441C20469E
:10B8B00010BD0024FBE770B50D460446C0B3B9B314
:10B8C00000F110021046FFF713FF83070ED4E01CAF
:10B8D000FFF71BFF0123A370D2E8EF3F43F00803FB
:10B8E000C2E8E13F0029F7D1002070BD072142F2F4
:10B8F0003500ECF77BFC0646E8B107210C3002F07E
:10B9000022FD6378294600F8013BFFF7FEFE002286
:10B91000314642F23500ECF7A3FC0028E5D1E01CEB
:10B92000854202D02946FFF7F0FE0123A370DBE732
:10B930006FF01500D9E76FF06800D6E713B504463D
:10B9400080B106216846EEF711FC48B99DF8053034
:10B95000694603F03F0320468DF80530FFF7ABFF43
:10B9600002B010BD6FF01500FAE71030D0E8EF3FDD
:10B9700023F01003C0E8E23F002AF7D17047037AB2
:10B98000D90704D523F001030372EDF74FBC9907E3
:10B9900004D523F002030372EDF764BC7047002066
:10B9A0007047034610F4004F0CBF07200620DA034F
:10B9B00048BF00F005009B0348BF00F0FB00704744
:10B9C000D0E8AF0F084100F001007047034610B502
:10B9D000D3E8EF0F00EA0102C3E8E42F002CF7D10F
:10B9E00010BD0B6803608B8883808B7983717047EF
:10B9F000012310B403FA01F104464AB1D4E8EF3F41
:10BA00000B43C4E8E23F002AF8D15DF8044B7047CD
:10BA1000C9435DF8044BFFF7D9BF01238B40D0E841
:10BA2000EF2F1A43C0E8E12F0029F8D170472DE924
:10BA3000F04F87B09DF84C4007460E4692460021D5
:10BA4000102202A81D469DF844B09DF8488004F0DD
:10BA50001FFD44BBBBF1000F02D0B8F1000F15D1A0
:10BA6000CDE9026A012342F23701384602AAEDF716
:10BA700093FD40B9B8F1000F2AD107F1100002215F
:10BA8000FFF7CBFF002007B0BDE8F08F109B0295B9
:10BA90000393012342F23801384602AAEDF77CFDF8
:10BAA0000028EAD0EFE7EDF7FFF9814626BB7DBB22
:10BAB0004846E5F7E9F809228DF801008DF80020E5
:10BAC000CDF80490BBF1000F24D0B8F1000F21D0C5
:10BAD000109B022C02950393DBD10123CDF810D0EB
:10BAE00005932346D6E716F83210083901291AD9EA
:10BAF00001329245F7D1DAE70022FAE715F8321061
:10BB0000083901290FD90132109B9342F6D1CFE7B2
:10BB10000022F9E7012CCDE9026AA3D10223CDF876
:10BB200010D005949FE76FF01500ACE708B500F161
:10BB3000100309211846FFF743FF28B91846BDE84E
:10BB400008400821FFF73CBF022008BD436813F0FE
:10BB500008000AD05A0307D403F4C063B3F5806F1A
:10BB600014BF022001207047012070472DE9F041E9
:10BB700080460F4642F23900062186B01446ECF7A3
:10BB800035FB064688B300F10C0537B30121284682
:10BB900002F0E8FB0121284602F0E4FB284698F871
:10BBA000011002F0DFFBD4B12188284602F0E2FB4D
:10BBB000A178284602F0D6FB304608F1100203A90E
:10BBC00007230097ECF700FB0022314642F23900D0
:10BBD000ECF746FB06B0BDE8F0813946D7E72146D1
:10BBE000284602F0C7FB2146E3E76FF06800F1E763
:10BBF0000022FFF7BBBF203004F08FB838B50446F1
:10BC000004F11005FFF7F7FF6FF480412846FFF7B6
:10BC1000DDFE07212846FFF7D3FED8B16FF04001C3
:10BC20002846FFF7D3FE430604D52046FFF79DFEC6
:10BC3000EDF7D6FA0A212846FFF7C2FE18B1002117
:10BC40002046EDF795FE00222046BDE8384011461B
:10BC5000FFF78CBF38BD2DE9F043984600F1100383
:10BC600085B004460F4618460C21DDF83090FFF7EA
:10BC7000A7FE0B2105461846FFF7A2FE064645B172
:10BC800028B9B9F1000F04D06FF085000DE0002A4B
:10BC9000FAD12046FFF74AFF4346CDE90260394614
:10BCA0002046CDE90095FFF7C2FE05B0BDE8F08360
:10BCB000F0B50D461446B1B070B369B362B36E46C9
:10BCC0003246374600F1100313F8011D834202F893
:10BCD000011BF9D1314604A8EAF786F8E0B105F175
:10BCE000100313F8012DAB4206F8012BF9D13946A8
:10BCF000204604AAFEF772FF70B1631E04F1100221
:10BD0000073413F8011F12F8010D9C4218701170CE
:10BD1000F7D1002031B0F0BD6FF01500FAE7002236
:10BD200003680BB9184670478B4210D10B6842B9B3
:10BD300042680360914200D14360002301200B6000
:10BD4000704713604368994208BF4260F5E71A469E
:10BD50001B68E6E7034610B5D3E8EF0F00EA0102DF
:10BD6000C3E8E42F002CF7D110BD2838EEF75EBBF6
:10BD700010B50446006918B1F5F7B8FA002323613D
:10BD800010BD2DE9F0410446002704F138060023D8
:10BD90000022304602F070FA034650B92046FFF701
:10BDA000E7FF04F158000022BDE8F0410023FAF754
:10BDB000A9BA9D699F61F5F799FA002DE7D0294648
:10BDC0002046EEF763FBE0E710B500F1BC02D2E8D5
:10BDD000AF3F5BB1591CD2E8EF4F9C4204D1C2E89F
:10BDE000EC1FBCF1000FF6D1F1D110BD1846FCE7F5
:10BDF00000F1BC03D3E8EF2F013AC3E8E12F00299B
:10BE0000F8D140F201124188914204D1D3E8AF3F0A
:10BE10000BB9EDF73BBF70472DE9F84307460E46D7
:10BE2000904600244FF0C009B44203D100231846C5
:10BE3000BDE8F88309FB0470FFF7C6FF034658B15D
:10BE4000457B012D02D0073D012D03D81A884245BC
:10BE5000EDD01846FFF7CCFF0134E5E710B50446F6
:10BE6000EFF7F0FC2046BDE81040EEF7C1BA10B580
:10BE7000437B0446023B062B16D8DFE803F004158B
:10BE80001515090B0900017300212046EEF748FD46
:10BE9000002010BD0088FFF77FFB0028F9D1637BED
:10BEA000072BF5D10821F0E76FF07F00F1E710B51F
:10BEB0000446D0F8B80028B9207A04F18801F4F7D4
:10BEC000D7FF38B1E278C3892AB913F0210F14BF24
:10BED0000120002010BD13F0240FF8E70346C07ABC
:10BEE00018B1D3F8B80000B1007B704738B5437B78
:10BEF0000446072B22D10B0601F07F050FD5031D49
:10BF0000D3E8EF1F41F40061C3E8E21F002AF7D134
:10BF10002046A572F4F77EF968B9002038BD437A4F
:10BF2000AB42FAD2837AAB42F7D26FF400610430AD
:10BF3000FFF710FFECE7637AA372EFE76FF07F0083
:10BF4000ECE7407A704738B5037A04468B421546D1
:10BF500015D100F188010722284604F0B4FA80B117
:10BF6000E378072243B904F19601284604F0ABFABE
:10BF7000B0FA80F0400938BD04F18F01F5E70020E8
:10BF8000F9E70120F7E788307047F8B507460D4616
:10BF900042F213000E21ECF729F90646D0B10E212A
:10BFA0000C3002F0D0F904460E22002104F070FAA1
:10BFB0003B88314623802B88002263806B8842F2C5
:10BFC0001300A380AB88E380EB882381BDE8F840B1
:10BFD000ECF746B96FF06800F8BD10B5B0F89E20D8
:10BFE0000C880346944200F1040013D84C88944214
:10BFF00010D3B3F8A4408A8894420BD1B3F8A6407A
:10C00000CA88944206D16FF40071FFF7A3FE6FF067
:10C01000770010BDD0E8AF4FC4F3C012240604D59A
:10C02000BDE810401846EEF7BDBF0C88A3F8A0404D
:10C030004C88A3F8A2408C88A3F8A840C988A3F82C
:10C04000AA10D0E8EF3F43F40073C0E8E13F0029B5
:10C05000F7D11046DDE7136839B9416803608A42B9
:10C0600000D143600023136070470B6043689A421D
:10C0700008BF4160F6E70346002003B970471A8AFB
:10C080005B681044F9E738B50346006D0D4670B1A2
:10C090000021A0F1080494F8B400A84208D12AB104
:10C0A00004F1080203F15000FFF7D5FF204638BD28
:10C0B000A0680028FBD004F10801A0F10804EAE719
:10C0C000A1F140023F2A38B50B4613D8046D4CB19C
:10C0D0000021083CA58A04F108029D4204D1503099
:10C0E000FFF7B9FF204638BDA468002CFAD01146EE
:10C0F000083CEFE70024F5E7536810461B69184732
:10C100007047D0E8AF0F7047FEF74EB9B83003F074
:10C1100004BE014610B52C30FFF7F3FF58B10B6B8E
:10C120000BB98B6C3BB1BDE810400022002301F13C
:10C130005000FAF7E7B810BD034630B400F12C0206
:10C14000D2E8EF5F0D44C2E8E45F002CF8D103F1C0
:10C150001001D1E8EF2F42F00104C1E8E54F002DB6
:10C16000F7D1D20704D45B68DB690BB130BC184748
:10C1700030BC704710B5044654F8102B03462046D7
:10C18000FFF7BFFF400721D4052906D0082920D199
:10C19000527A012A20D8022107E0527A012AFAD9DC
:10C1A000022A11D0032A17D104211868FFF79EFE36
:10C1B000002808DBD4E8EF3F43F00403C4E8E23F83
:10C1C000002AF7D1002010BD0321EEE76FF07600C2
:10C1D000F9E76FF01500F6E76FF07700F3E710B4BA
:10C1E000036D0C467BB10021083B9C4203F1080221
:10C1F00004D15DF8044B5030FFF72DBF9B6813B19D
:10C200001146083BF1E75DF8044B704770B50446F2
:10C21000D0E9003523B16B6803B198470023236050
:10C22000002384F8B030A4F8B230E3680BB12046A4
:10C2300098472B6A1BB12046BDE87040184770BD77
:10C2400038B5006D30B150F8084904B1083CFFF72B
:10C25000DDFF04B938BDA5682DB12046083DFFF7C4
:10C26000D5FF2C46F7E72046BDE83840FFF7CEBFA4
:10C270000431EEF7ADBC2DE9F041144605460F46FA
:10C2800002F10C0004211E46DDF8188002F07CF853
:10C29000228A4780043A0280434632462146284695
:10C2A000BDE8F041EEF784BA2DE9F0410C6805468F
:10C2B00020469046FFF7DFFEEB8C08EB0007BB4201
:10C2C0000E4633DB238A1BB96368002B18BF1C465C
:10C2D000B8F1000F11D1022221462846EFF72EF9BE
:10C2E000002808DA10F10B0F04BFA369C3F800801F
:10C2F0003460BDE8F0811FFA80F8B84504DB2046C1
:10C30000F4F7F4FF4046F4E7208A18B9214602F01A
:10C310000AF80446002221462846EFF70FF90028C4
:10C32000E0DB08EB00021FFA82F8E6E76FF0790025
:10C33000DFE7F7B504460027A0F15006A0F120057D
:10C3400054F8080CE8B144F8087C0190836901A90D
:10C350001A883046FFF7A8FF031EF1DA0B33019865
:10C360000AD144F8080C4FF400420023204603B0E1
:10C37000BDE8F040F9F792BF03B0BDE8F040F4F734
:10C38000B5BF00220023284601F076FF0190002867
:10C39000DCD103B0F0BD002313B50A460C46009370
:10C3A0000521FFF768FF28B1204602B0BDE8104024
:10C3B000F4F79CBF02B010BDF7B51E4600230093F2
:10C3C00004460D46174600680A460521FFF753FF4D
:10C3D00028B1284603B0BDE8F040F4F787BF3A46DD
:10C3E000334604F1B80003B0BDE8F040F9F78ABF66
:10C3F0002DE9F8430D460446A0B399B3EEF768FF64
:10C400000A1D5200014692B206461720EEF7C8FFF9
:10C4100000F10C0907460821484601F094FF4FF04F
:10C4200000082368B3F8B2200280DA8A42801A8BAF
:10C430008280DB69C380A84509DB20684FF4A01225
:10C4400000233946FFF7B8FF0020BDE8F88354F811
:10C4500028304846998A83F8B46001F08BFF08F1D0
:10C460000108E8E76FF01500EFE738B50446EEF78E
:10C470002FFF0A22014684F8B4001420EEF790FF43
:10C480000546B8B10A210C3001F05DFFB4F8B230B6
:10C490004FF4A0120380A38A29464380E38A838055
:10C4A000238BC380E369038120460023FFF784FFC9
:10C4B000002038BD6FF00B00FBE770B5046D0E4631
:10C4C00086B0002C51D054F8085905B1083D04F14C
:10C4D0001003D3E8EF2F22F00401C3E8E01F002887
:10C4E000F7D1530707D59EB120682146FFF777FEA5
:10C4F0002046FFF78BFE63689B6813B131462046E8
:10C50000984795B3AB6803B1083B2C461D46DEE760
:10C5100094F8B4301BB323681B6DDBB13146083B84
:10C5200094F8B40093F8B42090420FD103F11002B4
:10C53000D2E8EFCF2CF0040CC2E8E0CF0028F7D10E
:10C5400006AA02EB810242F8143C01319B6813B148
:10C55000083BE5E7314601A8FFF74AFFCBE7204655
:10C56000FFF783FF0028C6D0BEE706B070BD006DA0
:10C5700028B1838B08388B4201D08068F8E7704778
:10C5800008B53AB98988FFF7F2FF18B1BDE808404D
:10C59000FFF7BFBD08BD2DE9F0411446D1E90267A0
:10C5A00005460846B1F80480EEF7DEFE3CB1D6B190
:10C5B0002246394628463346BDE8F04118474146F1
:10C5C0002846FFF7D4FF044668B143689B6903B16E
:10C5D00098471EB1002239462846B0472046BDE89C
:10C5E000F041FFF796BDBDE8F081006D28B1838969
:10C5F00008388B4201D08068F8E7704773B506466B
:10C60000EEF766FE0D46082201461220EEF7C8FE40
:10C610000446D0B108210C3001F095FE2B8822464B
:10C6200003806B8805214380AB888380EB88C380BF
:10C63000002330460093FFF71EFE054610B120464A
:10C64000F4F754FE284602B070BD6FF00B05F9E711
:10C6500038B503680446F3B1EEF73AFE042201460A
:10C6600084F8B4000620EEF79BFE0546B0B1042125
:10C670000C3001F068FEA38C4FF480320380A38A53
:10C680002946438000232046FFF796FE042300201E
:10C6900084F8B03038BD6FF07F00FBE76FF00B001F
:10C6A000F8E770B5A0F1880600F11004002200231D
:10C6B000204601F0E1FD054600B970BD304629462F
:10C6C000EFF778FA2846F4F711FEEFE7034600206B
:10C6D00003B970471A8A5B681044F9E710B5D4684B
:10C6E0000231237813B92170012010BD8B42FBD099
:10C6F000038A023B038200201061F6E706207047A0
:10C70000D0E8AF0F084100F001007047032100F5A9
:10C710008C70FFF7F5BFFDF747BE70B405686A6A15
:10C7200062B313680BB1A3F5B473A2F5B47400221D
:10C73000114601E0A3F5B473844207D0E68DE48B83
:10C74000B14238BF3146A24238BF22461C462BB107
:10C75000D3F86831002BEDD18442EFD1C38DC08B6B
:10C760008B4201D890420BD9824238BF024699428F
:10C77000286838BF194670BCF2F79EBD1146EDE738
:10C7800070BC70470838FFF7C8BF0846F0F734B8E8
:10C790002DE9F0411446054608468E688F88D1F889
:10C7A0000C80F0F729F804B92EB9BDE8F0814146B4
:10C7B0002846B0470134A3B29F42F8D8F5E710B538
:10C7C00008680C46D0F81C3133B14FF470220023B6
:10C7D00000F59C70F9F796FD2046BDE81040F0F793
:10C7E0000BB873B51446014605464FF495722068A0
:10C7F00001F02FF8207500BB237A2068ABB1A3F1BC
:10C800001802534253419B000193638A29460093C7
:10C81000AE68238AE268B047002808DB238A984282
:10C820000ED100230120237508E00223ECE710F16C
:10C83000FF0F05D34042C0B22075002002B070BD8A
:10C840000E20F9E71FB5CDE9012300231A46009316
:10C85000F1F718FF05B05DF804FB73B504460D460B
:10C86000EFF79CFFA8B380F86050012100F130057C
:10C870000DF10700EDF77AFC10B100238DF80730B9
:10C88000B4F8A430B4F89E404FF4004603FB0444CF
:10C8900040F6C4135C434FF47A73B4FBF3F49DF891
:10C8A000073040F2E73003F007031C44642C38BF24
:10C8B000642400214FF47A720023E4FB0601E4F7BC
:10C8C00069F802460B46284602B0BDE87040F9F709
:10C8D00019BD6FF07F0002B070BDD06804310378DD
:10C8E00013B90170012070478B42FBD00020916882
:10C8F0000B8A043B0B821061704708B50B4641B1AF
:10C90000FFF704FF10B1C3F3400008BD03F00100BE
:10C91000FBE70120F9E7F8B5936805460F46144692
:10C92000166863B9506801210C3001F00CFDA0605D
:10C930002B681B78002B14BF022301230370A3680C
:10C940001B78012B03D0022B1FD000201CE02B688A
:10C950001B78002BF9D1606804210C3001F0F3FC46
:10C96000E06007802A68E36852885A806168F28D27
:10C97000F38B088A9A4294BFC0EB0200C0EB03001D
:10C98000042894BF00200120F8BD2B681B78022BDF
:10C99000DBD1606812210C3001F0D5FCE06007802B
:10C9A0002B68E268591C0232113351F8040B99428A
:10C9B00042F8040BF9D16168F28DF38B088A9A4230
:10C9C00094BFC0EB0200C0EB03001228D9E72DE9A9
:10C9D000F04F044685B0104690469946FFF776FE24
:10C9E000E38BE28D8B46934228BF1346834240F28D
:10C9F0009380A3684046039301F073FC4FF0000A54
:10CA000006464046FFF762FEE28BE38D06F10C0717
:10CA10009A4294BFC0EB0205C0EB0305384601F013
:10CA2000ECFC854217D24046FFF750FEE28BE38DC7
:10CA30009A4294BFC0EB0205C0EB03058DBB98F88A
:10CA40000A00F4F7A9FB0022002301F010FC0646BF
:10CA500030B9574636E0384601F0CFFC0546EDE7E1
:10CA60000146404601F04EFC4046FFF72FFEE28DA6
:10CA7000E38B06F10C079A4294BFC0EB0205C0EBB2
:10CA80000305384601F0B9FC85421FD24046FFF746
:10CA90001DFEE28DE38B9A4294BFC0EB0205C0EB12
:10CAA0000305F168328ACDF80090DBF804700A447F
:10CAB00003985946ABB2B847071E0CDABAF1000F1B
:10CAC00018BF5746384605B0BDE8F08F384601F02C
:10CAD00094FC0546E5E70E9BB3B9394606F10C0018
:10CAE00001F031FC4046FFF7F1FDE38DE28BB944E4
:10CAF000934228BF13468342BA441FFA89F9A8D942
:10CB0000AF423FF47EAFA4E7394630460F9A0E9B02
:10CB100098470028E1D19CE70027D3E7002203686B
:10CB200003B970478B420FD10B683AB94268036072
:10CB3000914200D1436000230B607047136043684B
:10CB4000994208BF4260F6E71A461B68E8E70123EE
:10CB50008B40DB43D0E8EF2F1A40C0E8E12F0029DB
:10CB6000F8D1704710B50C460868012100F58C70AB
:10CB7000FFF7EDFF2046BDE81040EFF73DBE10B5D2
:10CB80000C460868002100F58C70FFF7E0FF204696
:10CB9000BDE81040EFF730BE10B58B690A46197C2E
:10CBA0000446FFF7AAFE28B12046BDE81040114612
:10CBB000EFF7B6BE6FF0150010BD2DE9F041044649
:10CBC0008868FFF783FDE38DE28B0D46934228BF13
:10CBD000134683421FD30027C4F81C11D1F80880E4
:10CBE0008F60F9F7C1FD41462046FFF7D5FF0646A5
:10CBF00040B1C5F80880C4F81C71F9F7C9FD30468A
:10CC0000BDE8F081E18DE38B2846994228BF1946A3
:10CC100000F06CFFF1E76FF07906F0E738B50446F5
:10CC20000D46EFF77DFE30B1294604F59070BDE862
:10CC3000384001F050BB38BD062070472DE9F04167
:10CC4000884617460121042205461E46EFF73AFFA3
:10CC5000044670B104210C3001F075FB80F80080AF
:10CC6000A0F80170C67021462846BDE8F041FFF7E4
:10CC7000D5BFBDE8F08173B500230546166814469C
:10CC8000B06829461373952200F0E3FD207380B944
:10CC9000CDE9000029463046A388A268FFF797FE39
:10CCA000002809DA10F1FF0F32BF0E204042C0B257
:10CCB0002073002002B070BD0120FBE72DE9F34195
:10CCC0000023074616681446B06839461373952248
:10CCD00000F0BFFD0546207308BBA068F18DF28B04
:10CCE000038A914294BFC3EB0103C3EB0203012B00
:10CCF00015DD02210C3001F026FBCDE90055804600
:10CD0000A38839463046A268FFF761FE031E0ADA9F
:10CD100013F1FF0F32BF0E235B42DBB223730020FF
:10CD200002B0BDE8F0810120A8F80030F8E738B57E
:10CD30000C461546EFF732FD38B1272D05D1A0F886
:10CD40006240BDE83840EFF76FBF38BD2DE9F041D4
:10CD50000F4615461E46BDF81880EFF71FFD58B167
:10CD6000B8F1270F08D1AD1BA0F8647080F86650A9
:10CD7000BDE8F041EFF758BFBDE8F08170B505465A
:10CD800086B00E46684602F0AFFE00240022002363
:10CD9000304601F071FA0246A0B90022002368462D
:10CDA00001F06AFA0146E8B904B328462146FFF7C4
:10CDB000F3FE054618B12146304602F0ACFE284687
:10CDC00006B070BD34B11146684601F084FA2246BF
:10CDD0001446DBE793692846197CFFF78EFD00288F
:10CDE000F1D0F5E7304601F076FAD6E76FF00105AD
:10CDF000E5E710B504211446FFF7B9FB082150F808
:10CE0000080CEFF7E7FF18B108302060002010BDD4
:10CE10006FF00B00FBE7F8B550F8084C0546A0F1A1
:10CE20000807042100F58870FFF791FE1CB3D5F8C0
:10CE300014319BB966688EB1A2683368964208BF08
:10CE4000A360314638466360FFF7B7FE002812DA68
:10CE500063683360A368666003B9A660384605F569
:10CE60008C71FFF78BFF30B1384604F10C01BDE83F
:10CE7000F840FFF783BFF8BD2DE9F843436A054644
:10CE8000002B4ED01E68A3F5B4770EB1A6F5B4768C
:10CE900000231C46984612E0BBB13846FFF736FC2B
:10CEA00081461846FFF732FC81450ED1002E38D05E
:10CEB000D6F868210AB1A2F5B47237461646D7F8FB
:10CEC0001C21002AF2D1002CE6D06C680CB93B463C
:10CED000ECE7A36838469B69197CFFF70EFD2368D1
:10CEE00040B922461C46F1E71360AB689C4208BF7C
:10CEF000AA6006E0002AF7D1AA686B60944200D1CC
:10CF0000AB6021463846C4F80080FFF756FE002883
:10CF100007DA6B682360AB686C60002BD7D1AC601C
:10CF2000D5E7BDE8F88338B5054608460021FFF788
:10CF3000E7FBE0B155F8083CCBB1D5F81421B2B904
:10CF40005C68A4B1996822688C4208BF9A60214647
:10CF50005A60A5F10800FFF730FE002807DA55F8FF
:10CF6000083C5A6822609A685C6002B99C6038BDCF
:10CF7000012310B503FA01F1D0E8EF3F43EA0102C3
:10CF8000C0E8E42F002CF7D1194214BF0120002083
:10CF900010BD37B50C46054601F10C0001F021FA31
:10CFA000228A03460192E268122100922846132247
:10CFB000F0F77AF803B030BD37B50C46054601F1FD
:10CFC0000C0001F00EFA228A03460192E26828461C
:10CFD000009200221146F0F767F803B030BD0868F0
:10CFE000C3689B690BB108301847704710B50C46F1
:10CFF0000AB9FFF7F4FF2046BDE81040EFF7FCBB8D
:10D0000070B505460E4614460AB9FFF7E8FF2246FA
:10D0100031462846BDE87040FFF7BABB70B50546FB
:10D020000E4614460AB9FFF7DAFF22463146284673
:10D03000BDE87040FFF7C3BB70B505460E46144609
:10D040000AB9FFF7CCFF224631462846BDE87040BA
:10D05000FFF788BD70B505460E4614460AB9FFF7BE
:10D06000BEFF224631462846BDE87040FFF787BD27
:10D0700007B5CA680C211388528800920D22F0F778
:10D0800011FA03B05DF804FB07B50022CB680A2152
:10D090001B8800920B22F0F705FA03B05DF804FB41
:10D0A0002DE9F0410B460546FFF730FB044608BB6F
:10D0B000DB681F88BBB2162B1ED90222032128462B
:10D0C000F0F78CF80646C8B102210C3001F03BF9AC
:10D0D0004FF04208314680F8008044702846FFF740
:10D0E0009DFD2846A5F81E80EF85FFF716FB20461C
:10D0F000BDE8F0810620FBE70420F9E70E20F7E702
:10D1000008B510B90022104608BDEFF747FB00280C
:10D11000F8D0436A002BF5D00022A3F5B47318466B
:10D12000FFF7F4FA30B1022103F58C70FFF7E8FA4B
:10D1300000B10132D3F86831002BE4D0A3F5B47309
:10D14000EDE72DE9FF41044610220E466846002116
:10D1500003F09EF92046FEF7F4FE012825D9731E40
:10D16000022B25D824B304212046FFF700FA6F468E
:10D17000002550F8088C08214046EFF72BFE78B1C7
:10D1800001350830AE4247F8040BF4D12722694636
:10D190002046EEF74BFC00EAE07004B0BDE8F081F9
:10D1A000002DF3D16FF00B00F7E74FF0FF30F4E7FD
:10D1B0006FF01500F1E70A8A0023C968F0F750BB49
:10D1C00070B5064650F8083C044656F80859002B3E
:10D1D00038D041B1D0F81431002B33D01B7CDA07A2
:10D1E00030D5052321E02846F2F77AF86B7A012B37
:10D1F00028D0D4F814512DB32B7CDB0722D5EB6853
:10D20000002BEED030466A69697CEFF75BFC044680
:10D2100050B1D5E90512EB68984768B1A069EFF7FE
:10D22000EBFA2046F4F762F80E2300223046BDE800
:10D2300070401146F0F714BB21463046EFF770FB03
:10D240000028EBD170BDF8B50D46EFF7A7FA0446FC
:10D2500040B9A869EFF7D0FA2846F4F747F86FF01D
:10D260007F00F8BD00F10C062946304601F033F886
:10D27000636A5BB11C68A3F5B4750CB1A4F5B47412
:10D2800031462846FFF77AFD034668B90020E8E7F3
:10D290002046FFF73BFA07462846FFF737FA874252
:10D2A0006FF0010307D11446002CEFD0D4F86821A9
:10D2B00022B90233ECD025461446E1E7A2F5B47258
:10D2C000F7E738B505460C46F9F74EFA2846EFF76A
:10D2D00065FA20B9F9F75CFA6FF07F0038BD0023DA
:10D2E000236083683BB9C0E90144FFF7C5FDF9F746
:10D2F0004FFA0020F2E71C608460F6E708B5FFF7FC
:10D30000FFFEB0FA80F0400908BD10B504464AB9E6
:10D31000012907D9FFF7F2FF20B12046BDE81040F0
:10D32000EFF778BA10BD10B5EFF738FA58B1446A84
:10D330004CB1A4F5B47404F58C700521FFF707FC1B
:10D34000D4F86841F4E710BD08B50421FFF74DF9A2
:10D3500030B1BDE80840052100F58870FFF7D0B96D
:10D3600008BD8069C0E902120122037482807047FF
:10D3700001F00303032B10B5044610D08B0710D522
:10D38000FEF7DFFD012808D92046FFF7B7FF80F040
:10D390000100C0B200F0010010BD0020FAE700203B
:10D3A000FAE70120F8E71060002070470B46098972
:10D3B0005A8A914238BF11469A8B914238BF114622
:10D3C000DA8B8A4203D0D9831B6A03B118477047AE
:10D3D00010B5029C0A46A3680BB121469847A37D6D
:10D3E000E268013BDBB2A37522B11BB92046BDE860
:10D3F0001040104710BD1060918000207047002041
:10D400007047F0B5076806463D78144689B0DDB927
:10D410007B88B3F5245F04D010D8A3F52053032BE9
:10D4200012D8ADF80A10022220460DF10A01FDF7CC
:10D4300089FC68B96FF01502A26506E003F5564352
:10D44000FF339BB2042B1ED90125284609B0F0BD3D
:10D450007B88022220460DF10A01ADF80A30FDF763
:10D4600071FC0028E6D00020009003AA1323314667
:10D470007768B847021EDFDB03A92046FDF762FC90
:10D480000028E1D1D6E7ADF80A10022220460DF1BE
:10D490000A01FDF757FC0028CCD07B880222ADF8AA
:10D4A0000A300DF10A01E8E7FCF77EBF072208B554
:10D4B00003F009F8B0FA80F0400908BD2DE9F04109
:10D4C00004460F4690460025461C16F8013C43458D
:10D4D00007D139463046FFF7E9FF10B16019BDE8C2
:10D4E000F0810A351E2D06F10A06EED10020F6E77E
:10D4F000034610B5D3E8EF0F40EA0102C3E8E42F7A
:10D50000002CF7D110BD034610B5D3E8EF0F00EAA9
:10D510000102C3E8E42F002CF7D110BDFCF74DBF8A
:10D52000D0E8AF0F7047F8B599420446DDE9060729
:10D530000D46089E01D90020F8BD914201D201207C
:10D54000FAE760B98FB933882946013B338020461A
:10D55000099B0A9A98473388002BEDD1EBE72168A5
:10D56000FDF750FF0028EDD0E9E7E368BB42E6D1C4
:10D57000E9E70B6803608B8883808B798371704740
:10D5800000230360436083607047022A10B508D10E
:10D59000002300F188011A46007AF0F7EDFB022023
:10D5A00010BDF0F73FFCFAE738B5BDF8104015465E
:10D5B00094420AD3A41A8C42A8BF0C46A4B22246B5
:10D5C000591902F03EFF204638BD6FF00604FAE715
:10D5D00030B585B0C96814461D46F0F7F9FA00B1B8
:10D5E00000890223ADF80E00009329462046BDF8BD
:10D5F00020200DF10E03FFF7D7FF05B030BD1FB59A
:10D600000C461946E36810461C78BDF818203CB15A
:10D6100010240133069404B0BDE81040FFF7C4BFE6
:10D620005B88ADF80E30022300930DF10E03FFF777
:10D63000BBFF04B010BD30B51D46002385B01446B5
:10D640008DF80C30F0F7A2FA10B1037A8DF80C3097
:10D650000123294600932046BDF8202003ABFFF7A5
:10D66000A3FF05B030BD1FB51946012310468DF844
:10D670000F300093BDF818200DF10F03FFF794FF52
:10D6800005B05DF804FB2DE9F04114461D46BDF8D8
:10D690001870EBF709FC0646E3F7F6FA80B206903D
:10D6A00033463A4629462046BDE8F041FFF77CBFA5
:10D6B00030B585B014461D46FEF70EF80223ADF8CE
:10D6C0000E00009329462046BDF820200DF10E03E0
:10D6D000FFF76AFF05B030BD10600020704708B545
:10D6E0000C3029B10121FFF703FFC043084008BDFA
:10D6F0006FF00101FFF707FF00F00100F7E710B539
:10D700000446FFF7ECFF38B12146BDE81040012286
:10D7100011F8010BF0F7AEBA10BD38B50446154646
:10D72000FFF7ECFD48B12046F0F730FA28B1037A54
:10D73000DB0702D50121FFF7E2FF55B9207A04F19A
:10D740008801F0F7D9F920B18560BDE83840F0F7DD
:10D750005BBA38BD10B5BDF80810BDF810401046D2
:10D760008C420BD3641A9C42A8BF1C46039BA4B2F4
:10D770002246194402F065FE204610BD6FF00604F3
:10D78000FAE713B5044610B9002002B010BD00231B
:10D790008DF8043042F60303006801A9ADF80630A5
:10D7A000FDF730FE0028EFD1E36898880028ECD11F
:10D7B0002046F0F737FF013080B2E6E770B5CC685D
:10D7C0001E46A37988B008468DF80C301546FFF741
:10D7D000D8FFADF80D00246823786BB96388ADF8E5
:10D7E0000F300523009331462846BDF8302003ABA7
:10D7F000FFF7DAFE08B070BD631C0DF10F021134A3
:10D8000053F8041BA34242F8041BF9D11323E9E7A0
:10D810001FB5CDE9012300231A460093F0F732FF2C
:10D8200005B05DF804FBF1F721B82DE9F041CE68B1
:10D83000144630461D46E3F727FABDF8187080B24B
:10D84000069033463A4629462046BDE8F041FFF7A8
:10D85000ABBE38B5D40705464B8A04D513F0950FF7
:10D860002BD0486848B3900704D513F4957F26D091
:10D87000896821B302EA030414F03C0F0DD0EB7A5F
:10D880002BB92846FEF713FBD8B9052038BD14F094
:10D89000300F04D114F4C07F07D10020F6E72846EA
:10D8A000FEF74FFB0228F5D8EFE7D5F8B830002B8C
:10D8B000EBD05B7BDB06E8D5EFE70220E6E7032051
:10D8C000E4E70F20E2E72DE9FF41437B0646072B03
:10D8D0000C46174610D100238DF80C3042F6030396
:10D8E000206803A9ADF80E30FDF78CFD60B9E36840
:10D8F0009B7913F0300F03D1002004B0BDE8F08114
:10D900002046F1F759F90446002320688DF80C30C1
:10D9100042F6021303A9ADF80E30FDF773FD18B1FE
:10D920002046F1F749F90446002542F6021820681E
:10D9300069468DF80050ADF80280FDF763FDF0B93F
:10D94000002320688DF80C3042F6021303A9ADF8CD
:10D950000E30FDF757FD0028CED1E5686C1C1F3551
:10D960002246304614F8011CFEF7EDFA18B1B4F85F
:10D9700007301F42C1D10A34AC42F1D1BCE742F6B4
:10D980000303206801A98DF80450ADF80630FDF7B7
:10D9900039FD0028D4D04FF42053206802A98DF817
:10D9A0000850ADF80A30FDF72DFD0028C8D042F62A
:10D9B0000103206803A98DF80C50ADF80E30FDF777
:10D9C00021FD0028BCD02046F1F7F6F804460028D7
:10D9D000ADD191E72DE9F04105468846F0F7D6F83C
:10D9E0000446E0B1037ADB0719D500F10C0738468D
:10D9F000FFF796FD10F0010611D1B8F1000F0FD01E
:10DA00006FF002013846FFF77EFD10F0020F284646
:10DA100009D0FFF788FC01212046FFF770FE0126A0
:10DA20003046BDE8F081FFF769FC0028F8D02846B1
:10DA3000FFF78AFC0028F3D06FF002013846FFF7A9
:10DA400062FD2846E5E7F8B506460F46F0F738F8D8
:10DA5000394604463046FDF742FE48B344B304F16C
:10DA600008056FF001012846FFF74DFDC20703D5F9
:10DA700039463046F1F750FC6FF002012846FFF7B7
:10DA800042FD830703D539463046F0F78DFA284624
:10DA9000FFF746FD60B9234603F8010BC4F8010007
:10DAA000C3F80300D5E8EF3FC5E8E20F002AF9D13B
:10DAB000F8BD38B5A0F12F05441C15F8010C294616
:10DAC0000C35FFF7C0FFA542F7D138BD38B5044685
:10DAD00059B100F188052946007AF1F71DFC294665
:10DAE000207ABDE83840F0F75FBA38BD70470720AC
:10DAF0007047FCF759BCD0E8AF0F084100F00100B7
:10DB00007047034610B5D9B1C88910F0240F17D05B
:10DB10001A7D5C7B097BA24228BF2246914201D933
:10DB2000002010BD820604D4187A003818BF0120E6
:10DB3000F7E70521181DFFF7DEFF0028F4D1EFE716
:10DB40000120EEE701238B40DB43D0E8EF2F1A40A2
:10DB5000C0E8E12F0029F8D17047FCF72EBC0B6814
:10DB600003608B8883808B798371704708B50621A9
:10DB7000FEF73BFD18B9BDE80840F1F7B3BCF0383B
:10DB800008BD4FF47022002300F50070F8F7BABB0F
:10DB90000720704701238B40D0E8EF2F1A43C0E8DD
:10DBA000E12F0029F8D1704708B50E21FFF7F2FFE9
:10DBB000002008BD70B5051D0E4628460421FFF75C
:10DBC0009AFF68B10022002100230846FEF750FBAF
:10DBD000044640B904212846FFF7DCFF204670BD0B
:10DBE0004FF47022EFE701210C3000F0ACFB06701F
:10DBF000F4E738B502210446FFF7DCFF054680B1A3
:10DC000006210C3000F09FFBD4F811300022036095
:10DC1000B4F81530294683802046F1F779FC0020BE
:10DC200038BD0820FCE738B504210446FFF7C2FFE1
:10DC30000546A0B110210C3000F085FB04F127034C
:10DC400004F1370253F8041B934240F8041BF9D146
:10DC5000204600222946F1F75BFC002038BD082051
:10DC6000FCE770B5D0F8F0300446DB78012B19D111
:10DC7000CD68061D10213046FFF764FF2B4604F1E6
:10DC8000B70205F1100153F8040B8B4242F8040B64
:10DC9000F9D107213046FFF72EFF28B10921304680
:10DCA000FFF778FF002070BD0A213046FFF723FF01
:10DCB0000028F3D12046BDE87040F1F7C9BD072028
:10DCC0007047012303FA01F1CA4330B5D0E8EF3FB2
:10DCD00003EA0204C0E8E54F002DF7D1194214BF52
:10DCE0000120002030BD38B500F188040D46072220
:10DCF0002046096802F0E7FB28B920466968BDE8BC
:10DD00003840FFF72CBF38BD38B504460025031D49
:10DD1000D3E8EF2FC3E8E15F0029F9D104F50070E3
:10DD200001F0FBFF2572D4E8EF3FC4E8E25F002A70
:10DD3000F9D12046BDE838400121FFF72BBFF0B5EF
:10DD400089B0DDE90E6705463078109C8DF800003B
:10DD5000387801F1100C8DF801001068CDF8020040
:10DD600090889279ADF806008DF808201A68684608
:10DD7000CDF809209A889B79ADF80D2022468DF8C0
:10DD80000F3011F8013B10F801EB614583EA0E03F7
:10DD900002F8013BF5D1224621462846FDF788FFCF
:10DDA000034628BB07932346B7F80520D7F80100A0
:10DDB000ADF81420D6F801200490CDF81620B6F85E
:10DDC000052004F11000ADF81A2004A913F8012B66
:10DDD00011F8016B834282EA060203F8012CF5D1A7
:10DDE00022462146284609B0BDE8F040FDF760BF55
:10DDF00009B0F0BDF0B5071D044685B00A213846CC
:10DE0000FFF779FE88BB04212046FFF7C3FE0321FC
:10DE1000D4F8F060FFF7CEFE0546C0B110210C30FB
:10DE200000F091FA06F196038F3602900193009666
:10DE300004F1100304F1090204F1270104F1470081
:10DE4000FFF77DFF064628B12846F3F74FFA082072
:10DE500005B0F0BD024629462046F1F759FB314690
:10DE60003846FFF76FFE0020F2E700213846FFF743
:10DE700091FEF8E72DE9F7430B9F0446CDE9002317
:10DE8000FFF774FE0546002800F08580BDF8288065
:10DE9000061DB8F1000F2AD1DDE90032134326D167
:10DEA00003213046FFF727FE002858D001213046D5
:10DEB000FFF721FE002852D02C7D6B7B05F1470136
:10DEC0009C4228BF1C462246384602F0BAFA0F2C64
:10DED00005D80021C4F11002381902F0D9FA3046F1
:10DEE0000121FFF757FE012003B0BDE8F083D4F80D
:10DEF000B830BBB904F188094A462020217AF2F7EC
:10DF00005BFFC4F8B80030B94A460120217AF2F725
:10DF100053FFC4F8B800B8F1000F03D1DDE90032B7
:10DF2000134320D0D4F8B880B8F1000F26D0B8F849
:10DF30000E30DB0722D50822694608F1400002F0C6
:10DF4000C2FAD8B902220AA908F1480002F0BBFAC5
:10DF5000A0B998F80C4008F14A012246B4E7D4F879
:10DF6000B830002BC6D0D4F8B8100029DAD0CB894D
:10DF70009A06D7D50C7B1A312246A5E70F213046E9
:10DF8000FFF7B9FD20B1022206212046ECF7DEFEA4
:10DF90002846FFF7B9FE0020A6E76FF0850070471E
:10DFA00070B504460820F1F74DFA0546E0B1061DAC
:10DFB00008213046FFF7C6FDBCB30721FFF7C2FDBD
:10DFC000234605F1970204F1200153F8040B8B421C
:10DFD00042F8040BF9D10A213046FFF78CFD70B1ED
:10DFE00009213046FFF7D6FD0720F1F72BFA04464A
:10DFF000E8B1F1F7CDFA0146C8B1204612E0102190
:10E000003046FFF778FD09210028EAD13046FFF7B6
:10E0100072FD0028E8D02846F1F71AFC01460028D6
:10E02000E2D02846F2F752FADEE70B21F9E770BD9D
:10E0300070B50546044655F8F03900F58870EC3C9B
:10E04000D3F8B86001F069FE03212046FFF753FDC5
:10E05000A0B108212846F2F7A3F93EB1F38913B124
:10E06000737B9B0702D5304600F042F82846BDE896
:10E0700070404FF40E72002102F00ABA01212046CE
:10E08000FFF739FD0028E4D10F212046FFF733FDCB
:10E090000028DED1E1E708B59AB98378012B10D1C9
:10E0A0000621FEF764FA10F8083C23F0010300F89B
:10E0B000083C30F8081C21B9BDE80840F038F2F7F8
:10E0C0006FB908BDEBF7B2B870B504460D461646F9
:10E0D000F2F772FE38B931462846F2F72DFE10B13C
:10E0E000C3891C43C48170BDC3891943C181704772
:10E0F00010B5037A04465B0701D5EBF7B3F8214668
:10E1000011F8010BE9F7EAFB2046BDE810405C225C
:10E11000002102F0BDB9531E1944024411F801391F
:10E1200000F8013B9042F9D1704710B5431E00F151
:10E130001002073013F8011F12F8014D83421C70C2
:10E140001170F7D110BD70B5C2B00D46164601462C
:10E1500016AA68461C46FCF7CAFD18B96FF0040001
:10E1600042B070BD324629466846FCF7EBFD0028F8
:10E17000F4D069462046FCF74FFE0028EED0002080
:10E18000EEE7F0B50E4614461D4697B00146202234
:10E1900005A81C9FFFF7BFFF202231460DA8FFF7FF
:10E1A000BAFF2146102201A88DF85450FFF7B3FFA3
:10E1B0003B46412205A901A8FFF7C5FF044610B957
:10E1C0003846FFF7B2FF204617B0F0BD2DE9F04307
:10E1D00016461D4697B00446DDE91F98102205A893
:10E1E000219FFFF798FF1022314609A8FFF793FF00
:10E1F000102229460DA8FFF78EFF03221E9911A8B1
:10E20000FFF789FF494611F8013BD9F801008DF865
:10E2100047308B880622129012A8ADF84C30FFF7D9
:10E220007AFF414611F8013B06228DF84E30D8F8AE
:10E2300001300DF14F00CDF84F308B88ADF85330E1
:10E24000FFF769FF2146102201A8FFF764FF3B4654
:10E25000412205A901A8FFF776FF044610B9384608
:10E26000FFF763FF204617B0BDE8F0837047416AAF
:10E2700049680968F2F7C0BFF7F714BE4FF02003F2
:10E28000EFF3118283F31288BFF36F8F00230B60CB
:10E29000436833B9C0E9001182F31188BFF36F8F6F
:10E2A000704719604160F7E7034610B54FF0200250
:10E2B000EFF3118182F31288BFF36F8F006828B1EA
:10E2C0005C680268A0421A6008BF5A6081F3118836
:10E2D000BFF36F8F10BD01F013BC027A01320272DE
:10E2E0007047034618465B68002BFBD170474268B5
:10E2F00010B52AB10B461C465B68002BFBD162604F
:10E30000416010BD10B5044620B908460B7A0133B0
:10E310000B7210BD034618465B68002BFBD1FFF75C
:10E32000E6FF2046F5E710B508B14B6843600023CF
:10E330004C6808464B60F2F7D9FF204610BD836851
:10E340000B44036070478388026819448180D018A9
:10E35000704730B484880568A3188380281930BCBE
:10E3600002F06FB810B5838802685C1C8480D154B9
:10E37000D01810BD838830B502689D1C8580D418E4
:10E38000D154090A617030BD034600689A88401A6A
:10E39000114418609980704703689A1E0260828851
:10E3A0000232828003F8021C090A03F8011C70473C
:10E3B0000268531E036083880133838002F8011CC6
:10E3C000704703468288521A8280006808441860A9
:10E3D0007047034600689A88521A01449A8019606F
:10E3E000704710B5036802211C88FFF7EAFF20463A
:10E3F00010BD02688068101A70478388C2888168DF
:10E40000D21A03685B1AD01A7047FBF7CDBF1346C8
:10E410000A460121FBF7D1BF4FF050230122002013
:10E42000C3F8142670470C220369C9B201FB0233FA
:10E43000986F00F0070070474FF02003EFF3118250
:10E4400083F31288BFF36F8F036803F0C00343F0B8
:10E450000203036082F31188BFF36F8F704770B5BA
:10E46000C9B203694FF02004EFF3118584F31288D9
:10E47000BFF36F8F0C2606FB0134A46F14F0C004A9
:10E4800008D0A24206D085F31188BFF36F8F4FF0FA
:10E49000FF3070BD012271430B449A6785F31188E8
:10E4A000BFF36F8F43680B445B6898470020F0E729
:10E4B0008022FFF7D4BFF8B5069F0469C9B24FF0B8
:10E4C0002005EFF3118685F31288BFF36F8F0C25BB
:10E4D00069430C44A56F05F0070CBCF1010F0BD18B
:10E4E000A76786F31188BFF36F8FC4E91C234368C5
:10E4F0005B5898470020F8BD05F0C005AF4286F391
:10E500001188BFF36F8F0CBF6FF077004FF0FF30B3
:10E51000F1E713B580240094FFF7CDFF02B010BDE2
:10E5200010B41C240069CBB203FB040000215DF889
:10E53000044B10470320F5F7E5B80220F5F7E2B8E1
:10E540000020F5F7DFB8032000F0E5BA022000F064
:10E55000E2BA002000F0DFBA1046F7F7D7BC18B9CE
:10E5600001F13000F7F7D2BC70477FB5FF238DF87B
:10E5700003300DF10303002101930123CDE90231A2
:10E58000052303A88DF80C3001AB04910593F3F734
:10E59000D7FA0028A8BF9DF8030007B05DF804FB78
:10E5A0001FB5002188420CBF0623042301A8CDE932
:10E5B000011103918DF80430F3F7C2FA002818BF57
:10E5C0006FF0040005B05DF804FB38B5044605693A
:10E5D000002200232846F7F7BFFC95F84820AB68D7
:10E5E0003AB94FF050220221C2F8B8150BB9F6F72C
:10E5F000CBF820691830BDE83840F7F787BC38B54C
:10E60000044605692846F7F781FC206918304FF069
:10E61000FF334FF0FF32F7F79FFC95F8483023B9EE
:10E620004FF050230122C3F8B82538BD38B5054650
:10E630000C4600F0F2FA002D07DBA84205D9401B7A
:10E6400084428CBF0020012038BD0020FCE770B55B
:10E650000D461946284616461C46FFF7E7FF28B91F
:10E6600021462846BDE87040F3F79ABD24B1224602
:10E670002946304601F0E5FE002070BD2DE9F3414A
:10E680001C460023904682682360A3600D461369F0
:10E69000694601AA9847019B5A1E019223B96FF05F
:10E6A000150002B0BDE8F0810098A26847682168B3
:10E6B000676085B9A8EB02030668B34228BF3346FA
:10E6C00003FB07111A442160A26002689A4206D82F
:10E6D00008300090DFE76B1AB3FBF7F3ECE700209C
:10E6E000DFE713460022FFF7C9BF2DE9F0470024FA
:10E6F000836886B0884691461B6902AA01A998479B
:10E70000A2462546029BAB4202D806B0BDE8F08780
:10E710000026019F07EBC5077B6804933A680AEB64
:10E720000603B24202D89A460135EBE74946039404
:10E73000059303A8C0470028E7D0049B01361C447A
:10E74000ECE7436800205B681B690B607047436817
:10E7500002EA01005B6821EA020198600020D960AA
:10E760007047436800205B689960704743680020E9
:10E770005B68D960704743685A68536821EA0300B0
:10E780000B4090600020D360704710B50369586853
:10E79000F8B1884219D19C680868A142586000D13C
:10E7A0009860002008602AB15A680A609A68596027
:10E7B00002B99960002010E0814206D1086820600B
:10E7C00098688142EDD19C60EBE704460068002820
:10E7D000F2D1002AE8D16FF0150010BD002201210E
:10E7E0000920E8F783B913B5002101AA044600F017
:10E7F0001CF8002805DB019B226819791868F4F7DA
:10E8000093F902B010BD10B500690F299FBF00EB4E
:10E81000810440F821202364002088BF6FF0150098
:10E8200010BD002070471020704730B5436813605A
:10E83000057A446804EBC504A34202D36FF00100DB
:10E8400030BD5C798C4201D00833F0E70020F7E757
:10E8500043681B68D3F88004C3F88004704743689A
:10E8600002691B68D3F8100150B100205269127878
:10E870000A70C3F81001D3F8102101221A60704702
:10E880004FF0FF30704702680346D2F8580140B994
:10E890005B689B0706D4D2F82001003818BF01201E
:10E8A00070470120704742681368D3F80413C90504
:10E8B00018D5D3F82011A9B14FF02000EFF3118142
:10E8C00080F31288BFF36F8FD3F8200130B100209E
:10E8D000C3F82001D3F820010120D86081F311880A
:10E8E000BFF36F8F5268D20615D54FF02001EFF3BA
:10E8F000118281F31288BFF36F8FD3F8581111B1D1
:10E900000021C3F800154FF48001C3F8081382F307
:10E910001188BFF36F8F7047002200F150039B00F6
:10E920009BB203F1502303F580331A601B687047D4
:10E9300030B110308000C0B200F1502000F58030BE
:10E9400070471FB500210291079901910699009126
:10E95000F4F7FAFB05B05DF804FB08B5F4F7D2FB59
:10E9600008BDF8F7A3BA08B5E7F7A0FBE7F786FC00
:10E97000BDE80840F8F79ABA004700F054BF40F0ED
:10E980000040C1F88000704740F00040C1F88000AE
:10E99000704740F00040C1F88000C2F88000704726
:10E9A0000023C1F8803070470023C1F880307047E1
:10E9B000F4F768BF73B503285DD8DFE800F00218EC
:10E9C00026344FF050230222C3F808230122DA60D4
:10E9D0000022C3F80421D3F80431002401238DF868
:10E9E0000730032847D8DFE800F02C4865824FF055
:10E9F00050230122C3F808235A600022C3F80021E3
:10EA0000D3F800310DF10704E8E74FF050234FF43D
:10EA10000072C3F8082301225A620022C3F824219D
:10EA2000D3F82431D9E74FF050234FF48072C3F864
:10EA300008230122DA610022C3F82021D3F8203113
:10EA4000CBE742F210754FF05026D6F8183403F495
:10EA5000803334B97BB10120FFF78FFF013DF4D142
:10EA600009E0D6F8182402F0030222701BB19DF8C9
:10EA700007000128F0D002B070BD42F210754FF0CF
:10EA80005026D6F80C3403F480333CB9002BF2D076
:10EA90000120FFF772FF013DF3D1ECE7D6F80C241B
:10EAA00002F001022270002BE5D09DF8070001283A
:10EAB000EFD0E0E742F210754FF05026D6F85C3404
:10EAC00003F480333CB9002BD5D00120FFF755FF6C
:10EAD000013DF3D1CFE7D6F85C2402F001022270A9
:10EAE000002BC8D09DF807000128EFD0C3E742F201
:10EAF00010754FF05026D6F85434DB03BBD52CB933
:10EB00000120FFF73AFF013DF5D1B4E79DF807007A
:10EB10000128F6D0AFE7FFF74DBFF7B51646DDE9A0
:10EB20000847019001A81D46F4F7C0FE019BB6F10D
:10EB3000000C18BF4FF0010C00EB83000B1E18BF38
:10EB40000123002D43EA4C0314BF4FF00C0C4FF08F
:10EB5000000C002C43EA0C0314BF4FF4706C4FF010
:10EB6000000C002F43EA0C0314BF4FF4403C4FF05D
:10EB7000000CD0F8002243EA0C0322EA030301B19F
:10EB800009780EB13678760019430DB12D78AD00B5
:10EB900031430CB12478240229430FB13F783F045C
:10EBA0000C433C43C0F8004203B0F0BD1FB50DF16B
:10EBB0000F03019300238DF80F101A461946009396
:10EBC000FFF7ABFF05B05DF804FB38B50546084616
:10EBD0000C46F4F7BFFEB0B10846F4F7AFFE90B9AB
:10EBE0000846F4F79FFE01232A688340C2F80833E1
:10EBF0002A6803B202EB8303D3F8102522F0030244
:10EC0000C3F8102538BD2046BDE838400021FFF785
:10EC1000CDBFF4F723BFFFF7D8BF4FF48010704784
:10EC20004FF4805070474FF4807070470223F5F71F
:10EC30002BBB0323F5F728BB00210220F5F7C0BD4D
:10EC400091F820200346032A29D8DFE802F0212585
:10EC500019028A68500304D5D3F84C2508699042FC
:10EC600007D18A6852031AD4D3F84C258969914296
:10EC700015D000200622C3F80005C3F80025704710
:10EC8000D3F84C2508699042F3D1D3F83C25EDE741
:10EC9000D3F84C250969EAE7D3F83C25FAE70120C7
:10ECA000704730B50124A2F58075AD08AC400C4228
:10ECB00007D0815829B10021815082581A68224317
:10ECC0001A6030BD002313B50C4601934FF4A472B3
:10ECD00001ABFFF7E6FF21464FF48272FFF7E1FF39
:10ECE00021464FF49272FFF7DCFF21464FF4A872E1
:10ECF000FFF7D7FF21464FF4A672FFF7D2FF214658
:10ED00004FF4B072FFF7CDFF4FF4AE722146FFF71C
:10ED1000C8FF019802B010BD07B5019001A8F6F731
:10ED200021F90123019A9340836003B05DF804FB4D
:10ED300037B50C46154690B1037883B179B10B789D
:10ED40006BB162B101A9F6F7C7F950B901988368B0
:10ED50004BB12A46214603B0BDE8304018476FF05A
:10ED6000150003B030BD6FF01200FAE701464068AD
:10ED7000C36803B1184770472DE9F04389B0109E6E
:10ED80000446894690460021202268461F46129D6F
:10ED900001F07EFB1F2E97BF01234FF0FF33B340DE
:10EDA00003F1FF332361119BC4E90098C4E90276A3
:10EDB0006361183445B10FCD0FC495E80F0084E8A6
:10EDC0000F0009B0BDE8F0836D46F4E773B5046841
:10EDD000661C31D08568A9422ED264182CD05E18EA
:10EDE000AE4288BF6B1A056A35B100930523A84768
:10EDF0000346184602B070BDBFF35B8F1946A41AD4
:10EE0000101919B140EA0205AD070AD103290DDC3A
:10EE1000013811448A42ECD010F8014F02F8014B3E
:10EE2000F8E70078013902F8010BE9E750F8044BE4
:10EE3000043942F8044BE9E76FF02103D9E773B5D1
:10EE40000468651C32D08568A9422FD264182DD081
:10EE50005E18AE4288BF6B1A456ACDB10093052398
:10EE6000A84702B070BD12F8015B01390570154664
:10EE7000A01819B140EA0206B607F4D103290ADC4A
:10EE8000013D014488420CD1BFF35B8F1846E8E78F
:10EE90001946A41AEBE755F8042B043940F8042B63
:10EEA000ECE715F8012F00F8012BEBE76FF02100DC
:10EEB000D7E773B51C46036815465A1C29D08268EB
:10EEC000914226D25B1824D066189642866A88BF83
:10EED000541A36B105232A460094B047204602B0A2
:10EEE00070BD184622464AB9294601F0D1FABFF34F
:10EEF0005B8FF3E700F8015B013AF4E78307F9D190
:10EF00004FF001336B43032AEEDD40F8043B043A33
:10EF1000F9E76FF02100E2E70020704710B4046BBE
:10EF200002460B468CB9C1681F2998BF23FA01F429
:10EF3000416871B1806883420BD21069184051F862
:10EF4000243018445DF8044B704723465DF8044BA9
:10EF500018474FF0FF30F5E770B5436B05460E4696
:10EF6000E3B90469621C09BF43680C401C680C1BB0
:10EF700021462846FFF7D2FF864207D02B6901338E
:10EF80001C44AB689C42F3D34FF0FF342868431C09
:10EF900007D0AB68A34204D9204470BD984704460B
:10EFA000F4E70020F9E730B5059CC4E90002039AB4
:10EFB00021811989E260049A618121856261D3E926
:10EFC000002502EB0113C4E906128A1C236203EB3D
:10EFD00042036A1C13446D422B406362836953B938
:10EFE0000139E2698B4202EB031206DB00239373C3
:10EFF0006FF07F03D373002030BD0133D381F0E77E
:10F000002DE9F04FB0F830A004465546002685B0F3
:10F0100002EB030891460E9A00EBCA031FFA88FB25
:10F020009A63A3F83CB008F1FF32C3690F1D019247
:10F03000B0451ADC238D2586A3EB0B032385236AB9
:10F0400061895A8801390A4003EB4203A3F804A0FE
:10F05000BFF35B8F0020226A538801335380638D96
:10F060000133638505B0BDE8F08FE06A2A0157F8E7
:10F07000041C03EB0515029303680392C91A836805
:10F080000837994228BF4FF0FF31FFF747FFDDE90E
:10F090000232985000226A6057F8082CAA60019A40
:10F0A0009642ACBF00220122B145D8BF42F0020215
:10F0B000AA810136ED89BBE7F0B550B3456A448EAD
:10F0C0006B88A34230D0631C43864389BFF35B8FB8
:10F0D000013B1C4005EBC4056B689EB209B1AD68ED
:10F0E0000D60D0F81CC09BB20CEB031100EBC30306
:10F0F0009D8F078D2F44013D07859D878D896F0763
:10F100000ED5058ECD8100210686986B996302B1DC
:10F110001480F0BD9D8FC989013D0CEB01119D87C5
:10F120008D89ED07F6D4ECE70020F2E7C36903EB25
:10F1300001139868704770B5BFF35B8F0D46016A85
:10F140001646838E4A8804469A4216D05A1C8286F6
:10F150004289013A134001EB43018A882A8093B225
:10F16000C2691B01D158C06AFFF7F6FE2A88E3691D
:10F1700003EB02139B68336070BD0020FCE710B501
:10F18000026893691269920017D543B9438E026AE7
:10F1900081694489013B1B1B02EB41029380036898
:10F1A0009B69012B08D1838E426A81694089013BAA
:10F1B0001B1A02EBC102938010BD23B9026A1388A7
:10F1C00043F00103138003689B69012B01BF426A6E
:10F1D000138843F001031380EEE710B5BFF35B8F94
:10F1E000036804461A699B6912F0005F1AD07BB964
:10F1F000036A426A5B888169013B02EBC102928823
:10F200009B1A628D9BB29A4214D80023638510BD6D
:10F21000012BFAD1436A026A5B888169013B02EBE8
:10F220004102ECE763B9436A1B88DB4303F0010347
:10F23000002BEAD06369002BE7D020469847E4E72B
:10F24000012BE2D1036AEFE7036A828E598891426B
:10F250000AD0418901390A4003EB42039A88C36905
:10F2600003EB02139868704700207047BFF35B8F71
:10F27000C36803B1184770474FF0FF324FF0FF33B8
:10F28000F6F76ABE70B50446056A05F158063046C1
:10F29000FFF7F2FF636AA3F580637F2B0BD801228F
:10F2A0005909483503F01F039A4055F8213023EAE5
:10F2B000020345F82130D4E90D124A60616B04F174
:10F2C00034031160C4E90D33002323623046BDE8E6
:10F2D0007040F6F71BBE30B58DB0456A04460B9101
:10F2E0002022014602A80A9501F00FF928230122E5
:10F2F0002946CDE900322046352202ABF6F744F824
:10F3000000EAE0700DB030BD28B1006A18B111B14B
:10F31000C36F03B11847704730B1006A20B119B10B
:10F32000D0F8803003B11847704730B1006A20B17F
:10F3300019B1D0F8843003B11847002070472DE987
:10F34000F84306468846174699460468A64201D106
:10F35000002520E07A1CA4F1340502D06B6ABB4280
:10F3600019D0B8F1000F22D020224146284601F0E2
:10F37000BAF8E0B9B9F1FF3F02D0AB6A4B450AD009
:10F380007B1C0BD02468B442E2D054F8103CA4F1AA
:10F3900034059F42E8D12846BDE8F883AB6A0133C3
:10F3A000F9D02468B442D3D0A4F13405D9E7246855
:10F3B000CCE710B5044690B1036A83B102784AB134
:10F3C00093F8903033B1436AB3F5806F02D30121D3
:10F3D000FFF781FF2046BDE81040FFF753BF10BD87
:10F3E00051F8083C43F0004341F8083C704770472F
:10F3F000F6F78CBD4FF0FF324FF0FF33F6F7ACBDA0
:10F40000F8B50C46054651F8086C00F15807384627
:10F41000B6B2FFF7EFFF24F8086CD5F8B820A4F1D6
:10F42000100344F80C2C05F1B40244F8102CC5F874
:10F43000B83054F80C2C38461360FFF7D9FF002081
:10F44000F8BD2DE9F041056A282A0F46D5F8AC0031
:10F4500088B026D101688468791AA14228BF4FF08C
:10F46000FF3120236A46FFF7B1FC05F15806D7F8B3
:10F4700020803046FFF7BEFF43464FF0FF3269461B
:10F480002846FFF75CFF7B6A0446DB0719D560B9A5
:10F490003046FFF7ADFF6B6F1BB142466946284609
:10F4A0009847002008B0BDE8F0814FF0FF33836239
:10F4B0003046FFF79DFF236B002BECD0204698478A
:10F4C000E9E720B93046FFF793FF2B6FE4E7C0F878
:10F4D00028803046FFF78CFFE3E730B4D0F8A05027
:10F4E0001346AD6925B930BCD0F8A400FFF7E4BDE0
:10F4F000012D06D130BC0A46D0F8A4001946FFF70A
:10F500001ABE002030BC70477FB50C461946D0F8B3
:10F51000A0309D695DB90094CDE9024201232A46DD
:10F52000D0F8A40002A9FFF76BFD04B070BD012D57
:10F53000FBD1D0F8A40004B0BDE87040F5F708BFD7
:10F540002DE9FF4103685F6A07F158063046FFF76F
:10F5500051FF38460DF10A0203A9FFF7BEFF04462A
:10F560003046FFF745FF002C41D0BDF80A30304649
:10F57000A360FFF73FFF4FF0FF330021384662687A
:10F58000FFF7DDFE05463046FFF732FF7DB1AB6A7F
:10F59000E96B013308BF2368284608BFAB622368C4
:10F5A000A2890091D5F82C8004F11001C0473046A3
:10F5B000FFF720FFA368002B06DB21463846BDF885
:10F5C0000A30039AFFF7A0FF38460DF10A0203A99B
:10F5D000FFF783FF044618B13046FFF709FFC4E781
:10F5E000D7F8A400FFF7F9FD3046FFF701FF04B09C
:10F5F000BDE8F081F8B5044651F8086C00F15807F1
:10F600003846B6B20D46FFF7F5FE3146D4F8A400F1
:10F61000FFF78CFD33460246A5F110012046FFF7A7
:10F6200073FFD4F8A400FFF7D8FD3846BDE8F840D2
:10F63000FFF7DEBE2DE9F043A3F1100653F8085C96
:10F64000002389B00693ADF81E3004461023CDE99F
:10F650000412DDF84090D0F8AC00ADF81C900168C1
:10F660008768711A0DEB0302B94228BF4FF0FF31D2
:10F6700004F15808FFF7E3FB4046FFF7BBFED4F860
:10F68000A030ADB29B69CBB9D4F89420D4F8A030A7
:10F69000D4F8A8009B69C3B9CDE9026200960122A3
:10F6A00002A9FFF7ADFCD4F8A800FFF796FD40468D
:10F6B000FFF79EFE484609B0BDE8F0832946D4F81E
:10F6C000A800FFF733FD0246E0E7012BEBD1294606
:10F6D000F5F73EFEE7E710B548B149B143688B4204
:10F6E00006D382680468D21A5B1A4360A01810BD62
:10F6F0000020FCE72DE9F3470546D0F8A0000E46B0
:10F70000036A17469B689847430703D4002002B05A
:10F71000BDE8F08743F69823002F18BF1F4605F178
:10F72000580805F1B40A4046FFF764FED5F8B44026
:10F73000D5F8A0305445D3F8189025D024B3D4E997
:10F740000023536022681A60C4E90044B9F1000F35
:10F750000ED1D5F8943033604046FFF749FEBDF82E
:10F76000063004F11000A3603368103B3360CEE72D
:10F77000B9F1010FF0D12189D5F8A800ADF8061034
:10F78000FFF7D4FC3060E7E7B9F1000F2AD131462A
:10F79000D5F8A8000DF10602FFF78EFC04460028FC
:10F7A000DAD1D5F8A8301B8D53B94046FFF720FEBB
:10F7B000002FABD021200021F7F790F8013FB2E7EE
:10F7C000D5F89410D5F8B000FFF785FF0446D5F8BA
:10F7D0009430ADF8069033604046FFF709FE002CE8
:10F7E000E6D0BCE7B9F1010FDFD13246D5F8A80069
:10F7F0000DF10601FFF79FFC0446EDE720B119B1BA
:10F8000012B1C0E901220160704710B5044618B971
:10F8100010BD3438FFF7CDFD20688442F9D10023B4
:10F82000C4E92933F4E708B1E7F764BD70477047CE
:10F8300040B1C368587810F001001EBF1878B0FAC4
:10F8400080F04009704700F023BE00F0FABD10B40C
:10F8500000F10C04C0E903445DF8044BF9F72EBD38
:10F860002DE9F04F054687B0DDE9106791463B462C
:10F87000324604A8884605F1140A00F00AFCDDE9C6
:10F880000434CDE902344FF02003EFF3118483F305
:10F890001288BFF36F8F05F10C0B4A46414628468C
:10F8A000F9F798FC30B184F31188BFF36F8F07B07C
:10F8B000BDE8F08F3E43F6D0DDE9022304A800F056
:10F8C0000CFCDDE904675A4621465046CDE9006745
:10F8D000F6F7B6FE4FF02003EFF3118483F312889E
:10F8E000BFF36F8FD9E738B504464FF02003EFF32D
:10F8F000118583F31288BFF36F8FF9F722FC04F1AF
:10F900000C0000F056FB30B1294604F11400BDE8AC
:10F910003840F6F7F9BE85F31188BFF36F8F38BD15
:10F9200082684369134313F003030CD1C360016978
:10F93000994201D800207047C168013311604169C4
:10F94000C2600A44F3E76FF01500704710B5C0E9D4
:10F9500004320023816083610446FFF7E1FF002841
:10F96000A8BFC4E9004410BDF8B504460D464FF0E9
:10F970002003EFF3118683F31288BFF36F8FC768FC
:10F980006FB900F0CCFA50B1C767456100F04DFA8D
:10F99000314604F10800BDE8F840F6F7B5BEE3686B
:10F9A0002B60A369E560013BA36186F31188BFF377
:10F9B0006F8FF8BDEFF30580003818BF0120704746
:10F9C0006FF05700704700207047F6F7AFBE08B5DC
:10F9D0004FF02002EFF3118382F31288BFF36F8F91
:10F9E000E7F73AF9F4E790F90E308B4201D0F6F7D9
:10F9F00045BE0020704703460020C3E90033C3E939
:10FA0000020070472DE9F843994604460D4690469A
:10FA10009DF8203000F108064FF02002EFF3118727
:10FA200082F31288BFF36F8F03B14568304600F050
:10FA300076FA58B10023C0F81480C36700F0F5F9D6
:10FA400030463946F6F760FE00200CE0B9F1000FB1
:10FA50001BD00821F7F70CFA38B987F31188BFF3E8
:10FA60006F8F6FF00B00BDE8F8830122C0F80480AF
:10FA70000260016801F003015DB922680A43026077
:10FA8000626820606AB960600BE04046C8F8009088
:10FA9000EFE72A68032A10D80160616839B9C4E920
:10FAA0000000042104F1100000F08DFCC8E70A6892
:10FAB00002F0030202430A60E5E722F003020A4370
:10FAC00002602A6802F0030240EA02032B60E8E7C2
:10FAD00010B5044630B10268930703D0446809B1F9
:10FAE00000F0A4FC204610BD0023C0E9003300F163
:10FAF0000803C0E9023300F11003C0E90433704782
:10FB0000012307B5009300230A461946FFF77AFF41
:10FB100003B05DF804FB002307B50A4600931946BD
:10FB2000FFF770FF03B05DF804FB00210068FFF7EA
:10FB3000CFBF5AB18A4209D300F11003C0E90212C3
:10FB4000C0E90000C0E90433002070476FF01500E1
:10FB50007047012302688B4022EA0303036022FA04
:10FB600001F000F00100704710B5032104460C308D
:10FB7000FFF7EFFF30B104F1100000F06EFAB0FAB9
:10FB800080F0400910BD20B10022D030114600F0B5
:10FB900041BA704770B5C3680446C3F340069B077B
:10FBA00016D4856802210C30FFF7D3FF80B1D5F859
:10FBB000C8206AB194421DD122689EB9D5F8CC30D4
:10FBC000C5F8C8209C4201D1C5F8CC200023236091
:10FBD000E36813F00F001EBF43F00203E36040F040
:10FBE000020070BD3260D5F8CC20944208BFC5F841
:10FBF000CC60EBE716461268DBE71030F6F786B903
:10FC000073B504464FF02003EFF3118583F3128898
:10FC1000BFF36F8F0023A0F1100603210438019376
:10FC2000FFF797FF28B1A369304601A90193F6F7C2
:10FC3000F3F985F31188BFF36F8F02B070BD38B54B
:10FC400004460D461022002100F022FC656038BDFC
:10FC50004FF02002EFF3118382F31288BFF36F8F0E
:10FC6000C06800F00F0083F31188BFF36F8F7047F7
:10FC700013B5019008464FF02003EFF3118483F38E
:10FC80001288BFF36F8F01A9F6F7C6F984F31188C4
:10FC9000BFF36F8F02B010BD10B5FFF7E9FF041E70
:10FCA00009DD4FF02003EFF3118083F31288BFF3D7
:10FCB0006F8F00F068F9204610BD70B50D464FF00B
:10FCC0002003EFF3118683F31288BFF36F8FF6F7EB
:10FCD000FDF9044686F31188BFF36F8F38B14FF0FA
:10FCE000FF324FF0FF3305F11000F6F735F92046EB
:10FCF00070BD08B5E822002100F0CAFB08BD38B588
:10FD000030220D460021044600F0C2FB4FF4807300
:10FD10006560E36038BDFFF79BBF38B504464FF020
:10FD20002003EFF3118583F31288BFF36F8FFFF782
:10FD30001BFF2046FFF72EFF85F31188BFF36F8F5F
:10FD400038BDF8B504460D464FF02003EFF3118699
:10FD500083F31288BFF36F8FC36803F00F03002B88
:10FD600014BF0127002705D186F31188BFF36F8FD9
:10FD70003846F8BDFFF7F8FE2046FFF70BFF29468F
:10FD80002046F6F72BF986F31188BFF36F8F002812
:10FD9000EED04FF0FF324FF0FF3305F10800F6F7D9
:10FDA000DBF8E5E7D0E9003213605A600023C0E9D0
:10FDB0000033704708B5FFF7F5FF437B23F00203DC
:10FDC00043730023836008BD90F90E3091F90E0053
:10FDD000834214BFC01A0020704738B504460D4650
:10FDE000F6F778FB637B43F002036373E5B1A5602C
:10FDF0002B689D4209D16B68C4E900531C606C609C
:10FE000012E06A689342F6D01B68002BF3D094F995
:10FE10000E2093F90E108A42F3D09142F1DD5A6818
:10FE2000C4E9003214605C6038BD10B54FF02003A7
:10FE3000EFF3118483F31288BFF36F8FF6F716FB8D
:10FE400084F31188BFF36F8F10BD10B504461830CE
:10FE500000F003F94FF02003EFF3118183F31288D0
:10FE6000BFF36F8F627B12F0100204D081F3118810
:10FE7000BFF36F8F10BD2046BDE81040F6F75ABBA8
:10FE800008B54FF02002EFF3118182F31288BFF31F
:10FE90006F8F83680BB1FFF78DFF81F31188BFF37C
:10FEA0006F8F08BD38B504464FF02003EFF311857E
:10FEB00083F31288BFF36F8F437B13F0280F0BD1AE
:10FEC00083680BB1FFF776FF637B51B903F0FB0347
:10FED00020466373F6F7CAFA85F31188BFF36F8F74
:10FEE00038BD03F0EB03F3E701211838FFF7DABF61
:10FEF00008B503464FF02002EFF3118182F3128818
:10FF0000BFF36F8F0068834207D008B1FFF752FF3D
:10FF100081F31188BFF36F8F08BD0020F8E738B573
:10FF20004FF02003EFF3118583F31288BFF36F8F37
:10FF30000468A0420DD034B12046FFF73BFF04F126
:10FF4000180000F08AF885F31188BFF36F8F204600
:10FF500038BD0024F7E7014610B54FF02003EFF35A
:10FF6000118483F31288BFF36F8F83680BB1FFF79F
:10FF700021FF84F31188BFF36F8FBDE8104001F1BA
:10FF8000180000F06AB8034620B9EFF305820AB9F9
:10FF9000E6F702BD83F31188BFF36F8F70474FF010
:10FFA0002003EFF3118083F31288BFF36F8FFFF705
:10FFB000EABF38B5054600202C68A54200D004B938
:10FFC00038BD2046FFF7C7FF2046FFF72EFF012070
:10FFD000F2E74FF02002EFF3118182F31288BFF3B2
:10FFE0006F8F027BD2070AD581F31188BFF36F8F21
:10FFF000404080F311884FF0040002DF7047437BDC
:020000022000DC
:100000001B0704D581F31188BFF36F8F704701225E
:10001000F6F790BA38B54FF02003EFF3118583F36C
:100020001288BFF36F8F0468A04212D09CB1E167C1
:1000300062612046FFF7BEFE04F1180000F00DF8E3
:100040002046F6F713FA012085F31188BFF36F8F6E
:1000500038BD0020F8E72046F6E710B54FF0200243
:10006000EFF3118482F31288BFF36F8F03683BB103
:10007000F6F7AAFC002084F31188BFF36F8F10BD40
:100080006FF01500F7E708B5F6F79AFD08BDF6F72B
:1000900097BDB3F1FF3F08BFB2F1FF3F70B5044613
:1000A0001D46164613D01A4315D06FF001024FF0CB
:1000B000FF33921B63EB0501002904DAF6F780FD9C
:1000C000821941EB0501C4E90021204670BD4FF0C3
:1000D000FF321146F7E70022FBE7B3F1FF3F08BF0D
:1000E000B2F1FF3FF8B5074616461C4610D054EA59
:1000F000020311D0F6F764FDB0420A46A14103465F
:100100000AD2F31A64EB0204C7E900343846F8BD9A
:100110004FF0FF331C46F7E70023FBE70023C0E95D
:10012000081200F11802C0E90622C0E90033036397
:100130004363704710B50446FFF78FFFB0B9636A99
:100140000BB12046984704F11800FFF7D1FE68B1C3
:10015000FFF76BFE4FF02003EFF3118083F312885B
:10016000BFF36F8FBDE81040FFF70DBF10BD142324
:10017000F0B500244FF48B7603FB010001B9F0BD0C
:1001800010F8073CA0F1140703F03F03082B40F8D8
:100190000C4C0CD826FA03F3DB0708D550F8143CB6
:1001A0002BB150F8105C2B605D6040E9054482F390
:1001B0001188BFF36F8F4FF02003EFF3118283F3A9
:1001C0001288BFF36F8F38460139D7E7F8B50D466F
:1001D000D0E900138842044605D16368C5E90043AD
:1001E0001D6065601DE0002BF7D0986800B1603895
:1001F000A2F160073946FFF7E7FD0028EDDC26682D
:10020000B442EAD0002EE8D0B16801B16039384676
:10021000FFF7DAFD002805DD7368C5E900631D609E
:100220007560F8BD63689E42D7D03668EAE72DE96D
:10023000F84F00258B4614461F4682462E46A84698
:100240005D4502DB3046BDE8F88F4FF02003EFF349
:10025000118983F31288BFF36F8F9AF80D3003F082
:100260003F03013B072B0FD8DFE803F01E040E0A03
:100270000E0E0E25DAF810309B682BB1022320E019
:10028000DAF810301B688BBB47BB237833B39AF87E
:100290000D3003F03F03013B072B30D8DFE803F0BC
:1002A00033282F282F2F2F38DAF810309B68002B97
:1002B000EAD0012305E0DAF810301B6A002BE3D006
:1002C0001023DAF80C20CAF80880C2F386310B43F9
:1002D00063F39432CAF80C2084F8008089F3118803
:1002E000BFF36F8F01350AF1140AA9E70423E8E789
:1002F00022465146DAF810001030FFF767FFCAF8BF
:1003000008400136EAE722465146DAF81000F4E7E1
:10031000DAF81000224651462430EEE72DE9F0418C
:10032000846805460E46ECB16378012B25D114F89C
:10033000533C9A0714D5A4F160073846FFF70BFE2B
:10034000082E0CBF6FF003030023E36114F8533C45
:10035000DB0605D154F8483C13B93846FFF765FD74
:10036000002323700020EB68A860C3F38632164395
:1003700066F39433EB60BDE8F081022BF0D1237873
:10038000002BEDD054F8048CB8F1000FE8D004F144
:100390001400FFF762FE0023A4F11407394640461B
:1003A000E362FFF765FCDBE710B5002452050902A4
:1003B00001F47C5102F400120A43017B84600A4379
:1003C000C0E9032310BD034610B54FF02002EFF340
:1003D000118482F31288BFF36F8F0068834208D0C4
:1003E000D0E9003213605A600023C0E90033FFF700
:1003F00095FF84F31188BFF36F8F10BD0023C0E910
:100400000000836070470432D3B5044608D200264A
:10041000002741F00401CDE90067FFF721FA10B988
:10042000002002B0D0BD40F8044BFAE720B1011F14
:1004300050F8040CFFF757BA704701460420F6F74E
:1004400009BD0A44431E914200D1704710B511F80E
:10045000014B914203F8014FF9D110BD884210B50C
:1004600001EB020402D98442234607D8431EA1426D
:1004700008D011F8012B03F8012FF8E702440146D8
:100480008A4200D110BD13F8014D02F8014DF7E783
:1004900002440346934200D1704703F8011BF9E779
:1004A0009A4208B501D9E6F759FE814204D88B1863
:1004B0009842F8D3814202D183189942F3D3BDE820
:1004C0000840FFF7BEBF0139024410B5904201D188
:1004D000002005E0037811F8014FA34201D0181B5A
:1004E00010BD0130F2E710B56AB10139841810F877
:1004F000012B11F8013F9A4203D1A04201D0002AFA
:10050000F5D1D01A10BD1046FCE710B501390446EC
:1005100032B111F8013F013A00F8013B002BF7D14D
:100520000021FFF7B5FF204610BD0246014410B57B
:100530008A42134603D01C780132002CF8D1181AD5
:1005400010BD2DE9F047C3F137090746884603F08F
:100550001F055FFA89F916464FF0000A38464146F2
:100560002A465346E0F716FA4346D4B23A4688463E
:100570000746092C84BF4C44E4B2AA4204F130047B
:1005800073EB0A0306F8014BE8D23046BDE8F0876A
:100590002DE9F04F061889B09946154641EB010444
:1005A00004AB3046DDF84CB021460093A9F1410A76
:1005B000D2E9002300F0A9F806AB0746884630468A
:1005C00021460093D5E9022300F09FF80022DDE9DF
:1005D0000463841951EB0306069B28BF0122D5E969
:1005E0000001D218079B43F10003381848EB0101C2
:1005F000B84271EB0801E968039138BF0120A9688E
:1006000028BF0020CDF800A014EB010C039946EBA5
:10061000010110EB0C0041F10001A04271EB060C4E
:1006200034BF4FF0010C4FF0000CCDE906231CEB5A
:10063000020243F1000300F083F8129BC3E90001BA
:10064000149B012BDDE9062329D1D5E90201D5E967
:1006500000C5201ACDF800A066EB0101674578EBD4
:10066000050534BF01250025401B61F100018442CE
:1006700076EB010534BF01250025521B63F1000311
:1006800000F05EF8DDE90623CBE9000120463146A3
:10069000CDF800A000F054F809B0BDE8F08F17EBDA
:1006A000070E48EB080C201946EB0601BE457CEB13
:1006B000080834BF01270027C71941F10008D5E910
:1006C000000186457CEB010C34BF01200020D5E9F8
:1006D0000215381A68F1000C401A6CEB05019218EB
:1006E0005B41A74278EB060534BF0125002552196E
:1006F00043F10003874278EB010834BF0125002550
:10070000521BA9F140050095B8E7F0B50F46044625
:10071000A0FB0201059EA7FB02524919A3FB044559
:10072000A7FB037342F10002611845F10004D219DE
:1007300043F10003121943F10003C6E90023F0BDA1
:10074000F0B5059CC4F14007C4F12006A4F12005D2
:10075000E04002FA06F6BB4022FA05F5BA40334300
:10076000C4F120062B4301FA06F6A4F1200530431C
:1007700021FA05F5E140284319431043F0BD2DE966
:10078000F04F55EC104BA446C5F30A5403460846F7
:1007900044EA0C072946C5F313053026E14657EA1B
:1007A0000508AE465E7174D10024A1421C716EDA58
:1007B0000121A04219714FF000041ADA204603F11A
:1007C00012060D25C2F157024FF0300C07F00F0151
:1007D0003F0947EA0E774FEA2E1E002940F0878036
:1007E000A84201DB86F800C0013D06F1FF36EDD1DD
:1007F00076E00C2868DCC0F10D010126890001F1CA
:10080000FF3EA1F12108C1F1210706FA08F826FAF6
:1008100007F706FA0EF648EA070816EB060A48EB51
:10082000080BDAF100076BEB4B0E1AF1FF3A4BF1B4
:10083000FF3B0AEA0C0A0BEA050B564578EB0B0B5B
:1008400011DBC1F1200BB1F1200A2CFA01F105FAFC
:100850000BFB58BF45FA0AFA41EA0B0158BF41EABF
:100860000A01C90724D51CEB060C45EB0805E14637
:10087000B5F5801F1CDB5979B4F5806F01F10101DA
:10088000597127D007EA0C070EEA050E97E70028F2
:1008900091E75CB13126C90F0028A4F2FF345E71E4
:1008A00019710FDB0C28A6DD0D2005E00124F2E70D
:1008B00007EA09090EEA0505B4F5806F06D04F4630
:1008C000AE467CE70020F7E70D2078E759EA0505FA
:1008D0001A7908D01A794FF4806442F008021A712C
:1008E0001C60BDE8F08F42F004021A71F8E7092994
:1008F000D4BF30318918A8423170B8BF284673E799
:10090000D1E9043293421EBF5A1C0A611870704725
:0C0910000148006870470000843500209A
:08091C00AC00FE7F01000000A9
:10092400D571000000000000F9380000000000004C
:10093400AD170100EC090200295B01000000000072
:100944004D5B01000000000001240100140A0200B4
:1009540001240100000A020063E901000000000014
:10096400C92C0100280A0200451A010000000000F9
:100974006D32010000000000493F0000000000004B
:100984003172000000000000312901003C0A02001D
:10099400757100000000000067E90100000000001C
:1009A400A95F010000000000B91B0100500A020009
:1009B40025A00100640A0200712601008C0A0200CD
:1009C400C5210100780A02009974000000000000AB
:1009D400ED78000000000000FD130100000000009D
:0809E40059730000000000003F
:1009EC00A7540200281B0200581B020034090020E7
:1009FC00AC3B002007570200181C0200481C0200E8
:100A0C003A090020703C002013570200301C0200F1
:100A1C00481C02003C0900207C3C00209B59020031
:100A2C00DC1C0200101D02004209002010070020EF
:100A3C005A59020008070020C81C02004009002077
:100A4C00883C0020765602007C1B0200E01B020052
:100A5C003609002084060020C82602006404002009
:100A6C00E013020032090020D00E0020E6560200EE
:100A7C0000000000FC1B02003809002000000000F0
:100A8C00675802006C1C0200B01C02003E090020DA
:040A9C00D006002060
:100AA00000000000FDB2010000000000FDB20100E6
:100AB00000000000FDB2010000000000FDB20100D6
:100AC00000000000FDB20100D537010079E9010006
:100AD00000000000FDB2010000000000FDB20100B6
:100AE000280A0200A7E80100DD4D010079E90100B4
:100AF00000000000FDB2010000000000FDB2010096
:100B000000000000FDB20100CD3E010079E90100C6
:100B100000000000FDB2010000000000FDB2010075
:100B200000000000FDB2010000000000FDB2010065
:100B300000000000FDB2010000000000FDB2010055
:100B400000000000FDB2010000000000591100008B
:100B500000000000FDB2010000000000FDB2010035
:100B600000000000FDB2010000000000FDB2010025
:100B700000000000FDB2010000000000FDB2010015
:100B800000000000FDB2010000000000FDB2010005
:100B900000000000FDB2010000000000FDB20100F5
:100BA00000000000FDB2010000000000FDB20100E5
:100BB00000000000FDB2010000000000FDB20100D5
:100BC00000000000FDB2010000000000FDB20100C5
:100BD00000000000FDB2010000000000FDB20100B5
:100BE00000000000FDB2010000000000FDB20100A5
:100BF0001541010079E901005D48010079E9010032
:100C000000000000FDB2010000000000FDB2010084
:100C100000000000FDB2010000000000FDB2010074
:100C200000000000FDB2010000000000FDB2010064
:100C300000000000FDB2010000000000FDB2010054
:100C400000000000FDB2010000000000FDB2010044
:100C500000000000FDB2010000000000FDB2010034
:100C600000000000FDB2010000000000FDB2010024
:100C700000000000FDB2010000000000FDB2010014
:100C800000000000FDB2010000000000FDB2010004
:100C900000000000FDB2010000000000FDB20100F4
:100CA00000000000FDB2010000000000FDB20100E4
:100CB00000000000FDB2010000000000FDB20100D4
:080CC00000000000FDB201007C
:100CC800E00C00205051002000040000E51800004E
:100CD8000000000000000000000000000700000005
:100CE800000000006A22020000000000000000006E
:100CF800A80D00205055002000100000251C000001
:100D080000000000000000000000000007000000D4
:100D18000000000072220200000000000000000035
:100D280005000000A1B4000000000000060000005B
:100D38001DFE00000000000004000000B9CE000005
:040D480000000000A7
:100D4C0031160000E913000000000000A1130000A0
:100D5C000000000019160000000000000000000058
:100D6C000000000000000000000000000000000077
:080D7C000BD301000000000090
:100D8400041902000A000000CC1902000700000048
:100D9400B8140200070000007C13020005000000E4
:100DA4002531020003000000F722020003000000C6
:100DB400823C0200020000009B4802000200000086
:100DC4003C400200020000009529020003000000DC
:100DD4006651020002000000E2320200020000003C
:100DE400FE27020002000000903D02000200000005
:100DF400AE4C0200020000001C29020003000000A7
:100E0400D3390200020000008454020002000000F2
:100E14009254020002000000682A0200030000004D
:100E2400BA3C020002000000053C0200020000007F
:100E34004E51020002000000A6450200020000001C
:100E44009931020002000000BC32020002000000DE
:100E5400A350020002000000DE2402000300000090
:100E6400D354020003000000C6590200030000002E
:100E7400FD560200030000003026020003000000BB
:100E84001F57020003000000705802000300000016
:100E94008D22020003000000212402000300000050
:100EA400BC26020003000000E72602000300000045
:100EB400EB26020003000000D42702000300000018
:100EC400655902000300000018300200030000000E
:100ED400705102000300000078510200030000007A
:100EE4001031020003000000945B020003000000C4
:100EF4008356020003000000BF320200030000001A
:100F0400D730020003000000033102000300000098
:080F1400A559020003000000D2
:100F1C009C14020094040020C3270200010000006E
:100F2C00B932020000000000C17500004D780000CD
:100F3C0000000000874B020000000000FFD30100FE
:100F4C000000000000000000A24C020000000000A5
:100F5C0069E4000000000000000000009A4C020050
:100F6C000000000031DB0000E9E800000000000098
:100F7C004651020000000000950E0100A50D010075
:100F8C0000000000A84C020000000000F5DF00008B
:080F9C0055DF00000000000019
:0C0FA400FFFFFFFFFFFFFFFFFFFFFFFF4D
:100FB0000000000001000000A0000000F0000000A0
:100FC000000000000100000001000000A00000007F
:100FD000F0000000000000002152010006000000A7
:100FE00000000000000000010000000200000004FA
:100FF0000000000800000010000000200000004079
:10100000000000800000001B00000036FF00000010
:10101000FF000000FF000000FF000000FF000000D4
:10102000FF000000FF000000FF000000FF000000C4
:10103000FF000000FF000000FF00000000020000B1
:10104000000200000000000001030062746C6500F3
:101050000000000000000000000000000000000090
:101060000000000000000000000000000000000080
:10107000000000000000000000000000000100006F
:101080000338FDD870470000010000000000000098
:101090000500000000000000190000000000000032
:1010A0007D00000000000000710200000000000050
:1010B000350C000000000000093D000000000000A9
:1010C0002D31010000000000E1F5050000000000E6
:1010D00065CD1D0000000000F90295000000000031
:1010E000DD0EE90200000000514A8D0E00000000F4
:1010F0009573C24800000000E941CC6B010000007C
:101100008D49FD1A07000000C16FF2862300000020
:10111000C52EBCA2B1000000D9E9AC2D78030000B7
:101120003D9160E45811000031D6E275BC560000D4
:10113000F52E6E4DAEB10100C9EA2683677808002E
:10114000ED95C28F055A2A00A1EDCCCE1BC2D3006B
:1011500025A4000A8BCA2204000000000000000041
:10116000000000000000001000000000000000006F
:10117000B9340332B7F4AD1410DB1AB30892540E2D
:101180000D307D951447BA1A66088F4D26ADC66D91
:10119000F598BF85E2B74511CA96853D92BD1DEB16
:1011A000FCA11860DCEF52163C92AE220BB8C1B421
:1011B000839D2D5B0562DA1C304C7E8F4E8BB25BBB
:1011C00016F4529F8B56A512FBD4827643ED8AF01B
:1011D0008FE7F9311565191850F19BD94A13EEB410
:1011E000284CF0A686C1251F035FC270CB9E49160E
:1011F000E642889C44EB2014B0650836AD6EA585A8
:1012000085F0CA14E2FD031A0B899979D5B13D091D
:10121000D8DA973A35EBCF10AC363F5E73BB38CF98
:101220003E6752FA44AFBA1501000000000000000A
:101230000000000000000020345065C05FC9A652C5
:10124000BB13CBAEC440C21806C8DF7100D5A87C62
:10125000F56F0FDA58FC27136E4756357D2420654D
:1012600002C7E768E48CA41DE9E60268D7CD3961BE
:101270007977FCC2405BEF16798CDE43FFA751F90A
:1012800091F3B278F5BDBE11E857E9D6E8BEE87B28
:10129000B054AC8F848D751BEA23A499E9F9D38BE4
:1012A000B7A3714061DA3E15CEE33ECB73F948082F
:1012B0008C97B427D51B7010A2BFEFB9EB85321500
:1012C0004DB44DB49BBB6F1996B6076CF8E7EEAD05
:1012D00036D9B4F59135AE13222218AF4E6A684D57
:1012E00091DAAA3D4F40741E9FBD9EE006A1C098B2
:1012F00057C2A7FDA40E90170E7D497173E3208F8E
:10130000B220D87605143B12853D7434811343B066
:10131000AD297A5F27F4351C010100000409002083
:10132000090600003F200200090D000046200200CF
:101330000101000007090020030200000509002048
:1013400001010000803801007A2202000202000040
:101350003D9600007F220200030300001E4B0000A8
:1013600082220200040400008F2500008522020072
:1013700005050000C8120000892202006008002054
:10138000FFD5010000000000190900200000010045
:101390005C080020BDD701000000000058040020B8
:1013A000000001000809002000000000000000000B
:1013B000000000000000000058080020D1D5010006
:1013C000C1E100002C0400200000030054080020AC
:1013D0002BD8010000000000EA22020000000100FA
:1013E00079390000D7A00100593B0000A53B00005F
:1013F000853C0000B99E01002D9F0100C19E0100A7
:10140000F39E0100DD9E0100C79E01000000000068
:101410000000000009A20100F9A1010005A20100DD
:10142000F7A1010000000000000000000000000023
:1014300000000000E7A1010050130020000100009F
:10144000D3A2010099A2010002000000ED470000B4
:10145000000000000000000000000000000000008C
:10146000A3270200AB2702000000000000000000DC
:1014700000000000B3270200B7270200BB270200CC
:10148000BF2702008C140200802F0020E1480000DA
:10149000A02F00204F5000200100000097A4010061
:1014A0008DA401007DA4010071A4010000000000D2
:1014B00065A40100000000008C080020FFD5010099
:1014C00000000000880800200000010084080020BF
:1014D000BDD7010000000000AC04002000000100A6
:1014E0007C080020FBA4010000000000DD270200B2
:1014F0000000010078080020BDD7010000000000B6
:10150000A40400200000010070080020FBA40100DA
:1015100000000000F1270200000001006C0800201C
:10152000BDD70100000000009C0400200000010065
:1015300064080020C1490000000000002A090020C2
:101540000000010003000000000000000000000097
:1015500000C00F00780A02000100000000C00F0068
:1015600000200000780A02000200000000E00F00E6
:1015700000200000780A0200982F8A4291443771B7
:10158000CFFBC0B5A5DBB5E95BC25639F111F15906
:10159000A4823F92D55E1CAB98AA07D8015B831248
:1015A000BE853124C37D0C55745DBE72FEB1DE80F4
:1015B000A706DC9B74F19BC1C1699BE48647BEEF23
:1015C000C69DC10FCCA10C246F2CE92DAA84744AAE
:1015D000DCA9B05CDA88F97652513E986DC631A824
:1015E000C82703B0C77F59BFF30BE0C64791A7D503
:1015F0005163CA0667292914850AB72738211B2E8B
:10160000FC6D2C4D130D385354730A65BB0A6A7672
:101610002EC9C281852C7292A1E8BFA24B661AA87E
:10162000708B4BC2A3516CC719E892D1240699D68E
:1016300085350EF470A06A1016C1A419086C371E07
:101640004C774827B5BCB034B30C1C394AAAD84EE5
:101650004FCA9C5BF36F2E68EE828F746F63A57820
:101660001478C8840802C78CFAFFBE90EB6C50A4B3
:10167000F7A3F9BEF27871C600000000D7B20100EE
:10168000F4040020EC040020E4040020000000002A
:10169000DC040020E9610000B96000000D61000079
:1016A0008161000000000020000000000600010031
:1016B00002000000B816020000000000AA3002007C
:1016C00002000000E0FF0F0000000020B230020026
:1016D00021000000E0FF0620F81A0200E0160200D8
:1016E00047000000DCB10020F81A0200F0160200EA
:1016F0004B000000E4B50020F81A020000170200B9
:101700003D00000050B80020F81A02001017020037
:101710001000000068B900200E030000857F000063
:101720000F040000597F00001A010000717A0000C8
:1017300005040000897A000013010000D57F000035
:10174000FF0100002FB501003E010000E17C000018
:1017500005040000D17A000008040000AD870000F5
:10176000300300002587000010010000817B00008D
:1017700001120000B18600000A1E00005BB60100E5
:101780000309000005810000040B0000F57B000048
:10179000060A0000498A0000070A0000517B000089
:1017A0000C0500001D7B0000050C0000898900006D
:1017B0000841000061A3000009210000D5A300003A
:1017C000120500009D9E00001308000039A00000D3
:1017D000F81A0200D81702000301000098B900208F
:1017E000D93F0200E63F0200FA3F02000A40020031
:1017F0001A4002002940020073420200B345020071
:1018000070420200F81A02000C18020020000000CA
:10181000F8C40020F81A02001C1802006D00000035
:1018200078C5002001C101000DC1010000000000C9
:10183000000000000000000011C6000000000000D1
:10184000000000000000000000000000F81A020084
:1018500054180200110000007CD0002001D00100CB
:101860001DD0010055D0010001D0010039D0010088
:101870001DD0010091C70100BFC701007FCB01004F
:1018800091C7010065CB0100BFC701004DCD01002C
:101890002FCD010002020100A1D0010004040100CB
:1018A000D5D600000606010009D600000804010094
:1018B00041D500000A02010089D001000C0401009A
:1018C00071D001000E040100FDD3000020040100CE
:1018D00055D300001004010059D20000120201008B
:1018E00093CF010016040100FDC60100180101009C
:1018F00039CC01001E000400B7D1010052020000E3
:10190000B9CF0100D4080020FFD50100000000007D
:10191000D008002000000100CC080020BDD7010045
:10192000000000001806002000000100C40800208C
:1019300000000000000000000000000000000000A7
:10194000C0080020D1D50100C1E100002006002020
:1019500000000300BC080020BDD70100000000000B
:101960001006002000000100B408002037D6010056
:1019700011E300000000000000000300B008002098
:10198000BDD7010000000000080600200000010093
:10199000A8080020F9E70000000000000000000097
:1019A00000000100A4080020BDD7010000000000D5
:1019B00000060020000001009C08002067D60100FE
:1019C00000000000000000000000010000090020ED
:1019D000FFD5010000000000FC080020000001000D
:1019E000F8080020BDD70100000000005C060020C0
:1019F00000000100F008002087D601000000000070
:101A00000000000000000100EC080020BDD701002C
:101A1000000000005406002000000100E40800203F
:101A2000B1D601000000000000000000000001002D
:101A3000E0080020BDD70100000000004C06002097
:101A400000000100D808002089DE0000000000002E
:101A50000000000000000100A5FD000031E00100D1
:101A60007109010000000000000000007505010080
:101A70000000000000000000000000000000000066
:101A800000000000000000002DFA00000600000029
:101A9000EFDA0100060000007DFF000010000000EA
:101AA0000100010010000000110901000100000008
:101AB000F1FE000010000000610801000A000000B3
:101AC00065FE000010000000A506010007000000F0
:101AD000BFDC01001000000091DB010001000000EC
:101AE000B9F700004000000063DC010010000000B6
:101AF000A9DB010001000000C91101000000000085
:101B00006DE20100755402000900000000000000B1
:101B100071160100F1160100A913010069170100F7
:101B200039170100000000007518010015190100A7
:101B3000B254020041E5010053E50100B85402002F
:101B40003BE501004DE50100BE54020035E5010012
:101B500047E50100C8540200D9180100B1E40100B2
:101B600013E501000000000027E401000000000070
:101B70000000000004000000FF0000000000000062
:101B80000000000000000000000000000000000055
:101B90000000000000000000040300000000000539
:101BA000F40100000001010000008000C2281700BD
:101BB000B41B020000B00250C01B02000100000074
:101BC000C81B02000600000011061D000D061F00C4
:101BD0000E0620000F0621001006220012061E002D
:101BE00045200100251F0100111E0100C11A01003E
:101BF000B11A010000080000001000004FE60100CB
:101C000079220100ED2101009921010089210100C3
:101C100004000000FF000000FFFF000000288450C7
:101C2000000000000100000000D000500000000093
:101C3000FFFFFFFF002584500000000000000000AF
:101C400000D00050000000009524010043E701008F
:101C50004FE7010063E701006DE7010077E701004E
:101C6000012301008BE701000000000000900050FC
:101C7000000000000000000000000000000040061E
:101C80000000010110000000DDE70100941C0200CB
:101C9000FFFF000000900050A01C020001000000A7
:101CA000A81C02000200000022000C0023000B0010
:101CB00021260100000000005D2701000000000057
:101CC00000000000ED260100612A010007E8010084
:101CD00023E8010027E80100CD2901000080005021
:101CE0000200000000000000EC1C02000080005018
:101CF000F81C020001000000001D020004000000AA
:101D00001400000013000200960101009501030079
:101D10005FE80100452F010051E80100055A02006B
:101D2000185A02002B5A02003E5A0200515A020071
:101D3000645A0200775A02008A5A0200455B020088
:101D4000535B0200675B0200765B0200825B02006D
:101D50002409020024090200740902007C0902001F
:101D6000EC090200EC090200FF8FFFFFFF8FFFFF6D
:101D7000FE8FFFFFFE8FFFFFFD8FFFFFFC8FFFFF3A
:101D8000FC8FFFFFFB8FFFFF6D757465785F6672D8
:101D900065652063616C6C65642077697468204EAA
:101DA000554C4C20706172616D6574657200000065
:101DB00043616E277420696E697469616C697A6524
:101DC000206D757465782C20776173204E554C4CCE
:101DD0000D0A0000436F756C64206E6F74206C6F89
:101DE000636B20706F7765722073617665206D7507
:101DF0007465780000000000000000000000000092
:101E0000000000000000004095596959555554558F
:101E10001555555604051541105455404551554426
:101E200040455044505555450040004040044496BC
:101E300065555655454045545141154055915555A8
:101E4000555540510501000054455454455505046D
:101E500000100410140440000000014055551541C5
:101E60005404000044000100000000404100004410
:101E7000504445505400555554556551004000405C
:101E80000100000100050100115451515455550540
:101E9000000000000000000000000000D1F717372C
:101EA000D1F717B78071313F807131BF0000003F1B
:101EB000000000BF6937AC3168212233B40F1433FE
:101EC0006821A2333863ED3EDA0F493F5E987B3FCD
:101ED000DA0FC93F0C001400000090010600090051
:101EE000000090010000F0FFF0FFF0FFEAFF74FF38
:101EF000F0FFF0FFF0FFF0FFEAFF434F4E4E5F5060
:101F00004152414D533A69643D257520696E7465AF
:101F10007276616C3D25752028252E3266206D7302
:101F200029206C6174656E63793D25752074696D37
:101F3000656F75743D25750A00444953434F4E4EF5
:101F400045435445443A2069643D257520726561D6
:101F5000736F6E3D25750A004849445F4144563A07
:101F600020737461727465640A004849445F414497
:101F7000563A206661696C65642025640A00524106
:101F8000575F4144563A20737461727465640A0065
:101F90005241575F4144563A206661696C6564203E
:101FA00025640A0053454355524954595F464149F7
:101FB0004C45443A206572723D25640A00534543FE
:101FC00055524954595F4F4B3A206C6576656C3DCC
:101FD00025640A00434F4E4E45435445443A206918
:101FE000643D257520696E74657276616C3D25755A
:101FF0002028252E3266206D73290A0049445F434C
:1020000052454154455F4552523A2025640A0048E2
:1020100049445F4144565F4352454154455F4552F0
:10202000523A2025640A005241575F4144565F43AB
:1020300052454154455F4552523A2025640A0056A4
:102040004D2D526177005669727475616C204D6F29
:102050007573650005010902A1010901A1000509C7
:1020600019012903150025017501950381027505E4
:10207000950181010501093009311581257F750818
:1020800095028106C0C0524154453A004552524F14
:10209000523A62616420726174652C207573652008
:1020A000524154453A3120746F20524154453A35DB
:1020B0000A004D4F44453A005354415455533A4D4C
:1020C0004F44453A25640A004552524F523A6261E4
:1020D00064206D6F646520E2809420757365204DE7
:1020E0004F44453A30202855415254292C204D4F19
:1020F00044453A312028484944292C204D4F444535
:102100003A322028526177292C204D4F44453A33EA
:102110002028426F7468290A004552524F523A757E
:102120006E6B6E6F776E20636F6D6D616E640A000B
:102130004C534D3644534F20696E69742066616973
:102140006C656400494D552073747265616D696EEC
:10215000672073746172746564004649464F5F532B
:1021600054415455532072656164206661696C6501
:10217000643A202564004649464F20726561642018
:102180006661696C656420617420776F72642025D4
:10219000753A2025640025752C25642C25642C2592
:1021A000642C25642C25642C25640A0049324320C4
:1021B000627573206E6F74207265616479004932B4
:1021C000432072656164206661696C6564202872D1
:1021D00065743D25642920E2809420636865636B03
:1021E00020776972696E670057484F5F414D5F49BC
:1021F0003D3078253032582C2065787065637465E1
:10220000642030782530325820E280942077726F35
:102210006E6720646576696365206F72206164640F
:1022200072657373004C534D3644534F20666F757F
:102230006E64202857484F5F414D5F493D307825F7
:102240003032582900696D755F6164645F73616D38
:10225000706C655F63623A20616C6C20256420734A
:102260006C6F74732066756C6C00636D645F746969
:102270006400696D755F7469640031322E35003217
:1022800036003532003130340032303800696D7537
:1022900000756E737562736372696265640053548E
:1022A000415455533A424C455F5241575F434C4964
:1022B000454E543A25730A006F66660053544154E4
:1022C00055533A424C455F5241573A25730A0049EB
:1022D0004D555F5241575F444154412073657276BA
:1022E00069636520726561647900494D55205261CA
:1022F00077204461746100626C655F7261775F642E
:102300006174610043616C6962726174696F6E200F
:102310006661696C65643A206772617669747920D8
:102320006D61676E697475646520252E3166204C79
:102330005342203C20252E306620E2809420726596
:10234000747279696E67004D6F756E74696E673A65
:1023500020592D646F776E202868617264636F6402
:102360006564290043616C6962726174696F6E20F3
:10237000646F6E653A20626961733D5B252E32663B
:102380002C20252E32662C20252E32665D204C53C3
:10239000422C20677261766974793D5B252E336625
:1023A0002C20252E33662C20252E33665D00696D8A
:1023B000755F6D6F7573653A20696E697469616CDC
:1023C000697365642C20636F6C6C656374696E67F8
:1023D0002025642063616C6962726174696F6E208C
:1023E00073616D706C657300696D755F6D6F75738A
:1023F000653A20656E61626C656420E280942072AB
:102400006563616C6962726174696E6700696D759C
:102410005F6D6F7573653A2064697361626C6564A2
:1024200000696D755F6D6F7573650000070E091C9F
:102430001B1215383F363124232A2D28756E7369F7
:10244000676E6564292063686172202A2075736550
:102450006420666F722025257020617267756D6536
:102460006E742E2049742773207265636F6D6D65DD
:102470006E64656420746F206361737420697420D6
:10248000746F20766F6964202A20626563617573BA
:1024900065206974206D6179206361757365206DB5
:1024A00069736265686176696F7220696E20636521
:1024B000727461696E20636F6E66696775726174AC
:1024C000696F6E732E20537472696E673A2225739A
:1024D0002220617267756D656E743A2564006362CF
:1024E0007072696E74665F7061636B6167650046E8
:1024F00061696C656420746F207265626F6F743AF5
:10250000207370696E6E696E6720656E646C6573AA
:10251000736C792E2E2E0A004E5653206E6F742047
:10252000696E697469616C697A656400436F756C82
:1025300064206E6F74206F627461696E20666C61D6
:10254000736820706172616D657465727300556E99
:10255000737570706F72746564207772697465202A
:10256000626C6F636B2073697A6500556E61626C93
:102570006520746F20676574207061676520696EDF
:10258000666F00496E76616C696420736563746F71
:10259000722073697A6500436F6E66696775726150
:1025A00074696F6E206572726F72202D207365637F
:1025B000746F7220636F756E7400256420536563B9
:1025C000746F7273206F662025642062797465735E
:1025D00000616C6C6F63207772613A2025642C2057
:1025E00025780064617461207772613A2025642C3B
:1025F000202578004E6F20474320446F6E65206D84
:1026000061726B657220666F756E643A20726573D5
:1026100074617274696E6720676300474320446F7A
:102620006E65206D61726B657220666F756E6400F9
:1026300066735F6E767300496E76616C69642069BB
:102640006E7374616E636500496E76616C696420B7
:102650006261636B656E6420636F6E666967757235
:102660006174696F6E00496E76616C696420696E91
:102670007374616E63652C20656E64706F696E742F
:10268000206F7220636F6E66696775726174696F1F
:102690006E00496E76616C696420656E64706F6966
:1026A0006E7400456E64706F696E74206E6F742076
:1026B000726567697374657265640A006970635F47
:1026C0007365727669636500697063300073726167
:1026D0006D302E73686D0067656E65726963006C9E
:1026E0006F6767696E67006C6F67006C6F675F6D1F
:1026F000676D74004D6573736167652028222573CB
:1027000022292064726F7070656420626563617550
:1027100073652069742065786365656473207369E7
:102720007A65206C696D69746174696F6E20282503
:102730007529001B5B306D00257320005B25303848
:102740006C755D20005B253032753A253032753A64
:10275000253032752E253033752C253033755D20AC
:10276000003C25733E200025732F0025733A20007E
:102770002530327820007C00256300206D6573735E
:10278000616765732064726F70706564202D2D2DF4
:102790000D0A1B5B306D001B5B313B33316D2D2D02
:1027A0002D20001B5B313B33316D001B5B313B3314
:1027B000336D006572720077726E00696E66006438
:1027C0006267006C6F675F6261636B656E645F7503
:1027D000617274006C6F675F75617274006E52464F
:1027E000353334305F4350554150505F514B414178
:1027F000004D616E75666163747572657200627416
:102800005F646973007365742D76616C756520660D
:1028100061696C7572652E206B65793A202573208D
:102820006572726F7228256429004E6F206D6F7279
:1028300065205555494431367320696E20746865AA
:1028400020706F6F6C21004E6F206D6F7265205588
:1028500055494433327320696E2074686520706F67
:102860006F6C21004E6F206D6F7265205555494485
:102870003132387320696E2074686520706F6F6C18
:102880002100556E6B6E6F776E205555494420744C
:1028900079706500496E76616C6964206174747248
:1028A0006962757465004E6F207370616365206C9A
:1028B000656674206F6E20676976656E2073766337
:1028C000004E6F206D6F72652063687263206465CF
:1028D0007363726970746F727320696E20746865B7
:1028E00020706F6F6C210057726F6E672066756E77
:1028F0006374696F6E207573656420666F722073F0
:1029000070656369616C2061747472696275746565
:1029100020616C6C6F636174696F6E0062745F67D5
:102920006174745F706F6F6C004D656D6F727920AC
:1029300063616E206E6F7420626520616C6C6F63E2
:1029400061746564005468657265206973206E6FF8
:1029500020616C6C6F6361746564206D656D6F726E
:102960007920666F72207468697320636F6E6E657C
:102970006374696F6E004E6F206D656D6F727920A4
:10298000626C6F636B20666F7220636F6E6E65633F
:1029900074696F6E0062745F636F6E6E5F637478EC
:1029A0000054686520636F6E746578742077617376
:1029B000206E6F7420666F756E6400546865726572
:1029C000206973206E6F2066726565206D656D6F7E
:1029D000727920746F20616C6C6F63617465207410
:1029E000686520636F6E6E656374696F6E20636FD8
:1029F0006E7465787400546865206D656D6F7279CA
:102A000020776173206E6F7420616C6C6F636174EA
:102A1000656420666F722074686520636F6E7465EC
:102A20007874206F66207468697320636F6E6E65BA
:102A30006374696F6E2E005265706F7274206D61E1
:102A4000702073697A652065786365656473206DAD
:102A500061782041545420617474726962757465A0
:102A6000206C656E6774680062745F6869647300E7
:102A7000637C777BF26B6FC53001672BFED7AB763B
:102A8000CA82C97DFA5947F0ADD4A2AF9CA472C0E6
:102A9000B7FD9326363FF7CC34A5E5F171D8311553
:102AA00004C723C31896059A071280E2EB27B27574
:102AB00009832C1A1B6E5AA0523BD6B329E32F84EC
:102AC00053D100ED20FCB15B6ACBBE394A4C58CFE4
:102AD000D0EFAAFB434D338545F9027F503C9FA8B8
:102AE00051A3408F929D38F5BCB6DA2110FFF3D286
:102AF000CD0C13EC5F974417C4A77E3D645D19733A
:102B000060814FDC222A908846EEB814DE5E0BDB33
:102B1000E0323A0A4906245CC2D3AC629195E4796A
:102B2000E7C8376D8DD54EA96C56F4EA657AAE08C4
:102B3000BA78252E1CA6B4C6E8DD741F4BBD8B8A5F
:102B4000703EB5664803F60E613557B986C11D9EC5
:102B5000E1F8981169D98E949B1E87E9CE5528DF3C
:102B60008CA1890DBFE6426841992D0FB054BB1668
:102B70006D757465785F696E69742063616C6C65EE
:102B8000642077697468204E554C4C2070617261E6
:102B90006D6574657200436F756C64206E6F742090
:102BA000616C6C6F63617465206D7574657820620B
:102BB00065666F726520696E697469616C697A69AE
:102BC0006E670072302F61313A202030782530381E
:102BD00078202072312F61323A2020307825303829
:102BE00078202072322F61333A2020307825303817
:102BF000780072332F61343A2020307825303878CD
:102C0000207231322F69703A2020307825303878A0
:102C1000207231342F6C723A202030782530387889
:102C20000020787073723A20203078253038780090
:102C3000735B2532645D3A20203078253038782067
:102C400020735B2532645D3A202030782530387857
:102C50002020735B2532645D3A202030782530389F
:102C6000782020735B2532645D3A2020307825304F
:102C700038780066707363723A20203078253038D7
:102C800078004661756C74696E6720696E73747242
:102C9000756374696F6E2061646472657373202854
:102CA0007231352F7063293A20307825303878001A
:102CB0002A2A2A2A2A204D5055204641554C542074
:102CC0002A2A2A2A2A002020537461636B696E67BE
:102CD000206572726F722028636F6E74657874203D
:102CE00061726561206D69676874206265206E6F2E
:102CF000742076616C696429002020556E737461BC
:102D0000636B696E67206572726F72002020446188
:102D10007461204163636573732056696F6C6174DD
:102D2000696F6E0020204D4D46415220416464720F
:102D30006573733A2030782578002020496E7374CB
:102D400072756374696F6E20416363657373205697
:102D5000696F6C6174696F6E002020466C6F6174DE
:102D6000696E672D706F696E74206C617A7920735B
:102D70007461746520707265736572766174696FD1
:102D80006E206572726F72002A2A2A2A2A205553F1
:102D9000414745204641554C54202A2A2A2A2A00D8
:102DA00020204469766973696F6E206279207A65A4
:102DB000726F002020556E616C69676E6564206DCE
:102DC000656D6F72792061636365737300202053B2
:102DD0007461636B206F766572666C6F7720286311
:102DE0006F6E746578742061726561206E6F7420F7
:102DF00076616C6964290020204E6F20636F7072C9
:102E00006F636573736F7220696E73747275637428
:102E1000696F6E73002020496C6C6567616C206C73
:102E20006F6164206F66204558435F524554555288
:102E30004E20696E746F205043002020496C6C65F1
:102E400067616C20757365206F6620746865204526
:102E5000505352002020417474656D707420746F5B
:102E6000206578656375746520756E646566696E46
:102E7000656420696E737472756374696F6E002A7D
:102E80002A2A2A2A20425553204641554C54202AAA
:102E90002A2A2A2A002020537461636B696E6720F6
:102EA0006572726F720020205072656369736520CD
:102EB0006461746120627573206572726F720020A4
:102EC000204246415220416464726573733A203057
:102ED000782578002020496D7072656369736520DC
:102EE0006461746120627573206572726F72002074
:102EF00020496E737472756374696F6E20627573A6
:102F0000206572726F720052657365727665642017
:102F1000457863657074696F6E2028005370757210
:102F2000696F757320696E7465727275707420288C
:102F30004952512000535053454C20696E2074680B
:102F400072656164206D6F646520646F6573206EC7
:102F50006F7420696E64696361746520505350001A
:102F60002A2A2A2A2A2048415244204641554C54B4
:102F7000202A2A2A2A2A0020204275732066617599
:102F80006C74206F6E20766563746F72207461625A
:102F90006C6520726561640020204465627567205D
:102FA0006576656E740020204661756C74206573CB
:102FB00063616C6174696F6E20287365652062655A
:102FC0006C6F772900415243485F45584345505440
:102FD000207769746820726561736F6E2025780AA6
:102FE000002A2A2A2A2A204465627567206D6F6E9E
:102FF00069746F7220657863657074696F6E202ADA
:103000002A2A2A2A002A2A2A2A2A202573202564E5
:1030100029202A2A2A2A2A006D7075004661696CC7
:10302000656420746F20616C6C6F63617465206EE1
:103030006577204D505520726567696F6E20257544
:103040000A00506172746974696F6E2025753A20A8
:1030500073616E69747920636865636B206661696A
:103060006C65642E00496E76616C696420756E64CF
:1030700065726C79696E6720726567696F6E206929
:103080006E64657820257500496E76616C696420F0
:1030900061747472696275746520666F72207468F9
:1030A0006520726567696F6E0A00464C4153485F40
:1030B00030005352414D5F30002A206275666665CC
:1030C00072206F766572666C6F77206465746563D5
:1030D000746564202A0A00736F63004661696C6539
:1030E000642073796E6368726F6E697A65642052CA
:1030F000544320736574757020286572723A2025D8
:1031000064290073796E635F7274630000000001CC
:103110006E726635333430646B5F6E72663533348D
:10312000305F6370756170700000FFFFFFFFFFFF8D
:1031300000000000000000FFFFFFFFFFFF00000095
:103140000000007075626C69630072616E646F6D7F
:10315000007075626C69632D69640072616E646FE2
:103160006D2D696400253032583A253032583A25A1
:103170003032583A253032583A253032583A2530D4
:103180003258202825732900303132333435363710
:1031900038396162636465660062745F72706100F1
:1031A000496E73756666696369656E74206E756DC8
:1031B000626572206F6620617267756D656E7473EB
:1031C0000049676E6F72696E67206964656E746925
:1031D000746965732073746F72656420696E20660C
:1031E0006C61736800496E76616C6964206C656E11
:1031F0006774682049442061646472657373206950
:103200006E2073746F726167650062742F25732F6F
:1032100025303278253032782530327825303278B2
:10322000253032782530327825752F257300627469
:103230002F25732F2530327825303278253032789B
:103240002530327825303278253032782575007374
:10325000657474696E67735F7375627379735F69A0
:103260006E6974206661696C6564202865727220DD
:103270002564290062742F2573004661696C6564BA
:1032800020746F207361766520494420286572722E
:103290002025642900556E61626C6520746F20736F
:1032A0006574757020616E206964656E74697479E7
:1032B00020616464726573730062740062745F738A
:1032C000657474696E67730042545F4C575F575161
:1032D0000002FB349B5F80000080001000000000B3
:1032E000000062745F646174610044617461206213
:1032F0007566666572206F766572666C6F772028DA
:103300006C696E6B20747970652030782530327866
:103310002900556E61626C6520746F206C6F6F6B55
:1033200020757020636F6E6E207769746820686105
:103330006E646C6520257500556E61626C65207445
:103340006F206C6F6F6B757020636F6E6E20666F91
:10335000722068616E646C65202575004861726436
:1033600077617265206572726F722C206861726479
:103370007761726520636F64653A20256400436F4E
:10338000756C64206E6F74207375626D6974207241
:10339000785F776F726B3A20256400556E61626CBE
:1033A0006520746F20616C6C6F6361746520627559
:1033B0006666657200556E68616E646C6564206552
:1033C00076656E7420307825303278206C656E20FA
:1033D00025753A20257300546F6F20736D616C6CF6
:1033E0002028257520627974657329206576656EBD
:1033F000742030782530327800496E76616C6964CB
:10340000204843492041434C207061636B65742020
:1034100073697A6520282575290041434C20646131
:103420007461206C656E677468206D69736D61747A
:1034300063682028257520213D2025752900556EBB
:1034400061626C6520746F2066696E6420636F6EC4
:103450006E20666F722068616E646C652025750051
:10346000496E76616C696420484349206576656ED3
:10347000742073697A6520282575290057455354AF
:103480005F544F504449522F7A65706879722F7398
:1034900075627379732F626C7565746F6F74682FC2
:1034A000686F73742F6863695F636F72652E630062
:1034B00062745F6863695F6576745F6765745F6691
:1034C0006C616773286864722D3E657674292026C6
:1034D000202831554C203C3C2028312929004153DB
:1034E00053455254494F4E204641494C205B257369
:1034F0005D20402025733A25640A00556E6B6E6F7F
:10350000776E206275662074797065202575006F6E
:1035100070636F64652030782530347820706F6F69
:103520006C20696420257520706F6F6C20257020D9
:10353000213D20266863695F636D645F706F6F6C07
:10354000202570004F70436F64652030782530343B
:103550007820636F6D706C6574656420696E737438
:10356000656164206F6620657870656374656420AA
:1035700030782530347800556E65787065637465F1
:103580006420484F53545F4E554D5F434F4D504C50
:10359000455445445F5041434B4554532028737470
:1035A000617475732030782530327829006576741F
:1035B000206E756D5F68616E646C657320283D25B3
:1035C000752920746F6F206C6172676520282575DE
:1035D000203E20257529004E6F20636F6E6E656357
:1035E00074696F6E20666F722068616E646C65200E
:1035F0002575007061636B65747320636F756E74FD
:10360000206D69736D6174636800657272203D3D61
:1036100020300009636F6D6D616E64206F70636FA1
:103620006465203078253034782074696D656F7555
:10363000742077697468206572722025640A006FAF
:1036400070636F646520307825303478207374613E
:1036500074757320307825303278004661696C6566
:103660006420746F207265616420444C45206D6154
:10367000782064617461206C656E00556E657870A9
:103680006563746564207374617475732030782584
:10369000303278004E6F2070656E64696E6720630B
:1036A0006F6E6E20666F72207065657220257300E4
:1036B0004661696C656420726561642072656D6F36
:1036C00074652066656174757265732028256429A8
:1036D000004661696C6564204C4520536574205038
:1036E00048592028256429004661696C6564207466
:1036F0006F207365742064617461206C656E20288E
:10370000256429004661696C656420746F207365C7
:103710007420726571756972656420736563757272
:10372000697479206C6576656C00556E61626C65B4
:1037300020746F2073656E6420746F2064726976E4
:10374000657220286572722025642900556E6162B9
:103750006C6520746F206C6F6F6B20757020636FC9
:103760006E6E207769746820696E646578203078A1
:1037700025303278004E6F74207265706F727469F4
:103780006E67207061636B657420666F72206E6F68
:103790006E2D636F6E6E656374656420636F6E6E0D
:1037A00000556E61626C6520746F20616C6C6F6394
:1037B000617465206E65772048434920636F6D6DA5
:1037C000616E64004F7574206F6620636F6D6D616C
:1037D0006E64206275666665727300556E636C6513
:1037E000617265642070656E64696E672073656ED2
:1037F000745F636D6400556E6578706563746564AD
:10380000206B5F706F6C6C206576656E74207374CE
:10381000617465202575006576745F666C616773F9
:103820002026202831554C203C3C202830292900D6
:10383000496E76616C696420627566207479706582
:1038400020257500436F6E74726F6C6C6572207406
:103850006F20686F737420666C6F7720636F6E746F
:10386000726F6C206E6F7420737570706F727465F8
:1038700064004E6F6E2D4C452063617061626C6513
:1038800020636F6E74726F6C6C6572206465746512
:1038900063746564210041434C2042522F454452D9
:1038A0002062756666657273206E6F7420696E693A
:1038B0007469616C697A65640056656E646F722024
:1038C00048434920657874656E73696F6E73206E26
:1038D0006F7420617661696C61626C650046616934
:1038E0006C656420746F20726561642073757070FC
:1038F0006F727465642076656E646F7220636F6D9D
:103900006D616E6473004661696C656420746F203C
:103910007265616420737570706F7274656420766F
:10392000656E646F72206665617475726573004EB2
:103930006F2048434920647269766572207265671A
:10394000697374657265640042542054580042548F
:103950002052580048434920647269766572206F8E
:1039600070656E206661696C656420282564290095
:1039700000090909090102090909090909090909CF
:1039800009090709090909090609090909090909AC
:1039900009090909090909090905312E30620031AF
:1039A0002E3100312E3200322E3000322E310033D3
:1039B0002E3000342E3000342E3100342E320035BB
:1039C0002E3000352E3100352E3200352E330035A5
:1039D0002E340062745F6863695F636F72650044D0
:1039E000697361626C696E67206164647265737388
:1039F000207265736F6C7574696F6E206661696C97
:103A00006564202865727220256429004661696C0E
:103A1000656420746F2072656D6F76652049524B26
:103A20002066726F6D20636F6E74726F6C6C65725E
:103A3000004661696C656420746F2064697361621B
:103A40006C652061646472657373207265736F6C5A
:103A50007574696F6E005265736F6C76696E67205E
:103A60006C6973742073697A652065786365656431
:103A700065642E20537769746368696E6720746F7C
:103A800020686F73742E004661696C656420746FE2
:103A900020636C656172207265736F6C7574696FF9
:103AA0006E206C697374004661696C656420746F84
:103AB000206164642049524B20746F20636F6E74E0
:103AC000726F6C6C657200536574207072697661F8
:103AD0006379206D6F646520636F6D6D616E642026
:103AE0006973206E6F7420737570706F7274656483
:103AF000004661696C656420746F20736574207082
:103B0000726976616379206D6F6465004F6E6C79C0
:103B1000207374617469632072616E646F6D2069D3
:103B200064656E746974792061646472657373206E
:103B3000737570706F7274656400496E76616C693C
:103B40006420696E70757420706172616D65746552
:103B50007273004661696C656420746F20726561E0
:103B600064207075626C696320616464726573734C
:103B70000052656164205374617469632041646418
:103B800072657373657320636F6D6D616E64206E13
:103B90006F7420617661696C61626C650046616971
:103BA0006C656420746F2072656164207374617445
:103BB000696320616464726573736573004E6F207E
:103BC000737461746963206164647265737365738F
:103BD0002073746F72656420696E20636F6E7472F7
:103BE0006F6C6C65720043616E277420736574207E
:103BF000626F7468204944454E5449545920262028
:103C00004E5250410062745F696400546F6F2062CD
:103C10006967206164766572746973696E67206490
:103C2000617461004661696C656420746F2073740F
:103C300061727420616476657274697365720043A1
:103C40006F6E74726F6C6C65722063616E6E6F74F0
:103C500020726573756D6520636F6E6E6563746148
:103C6000626C65206164766572746973696E672041
:103C700028256429004E6F2076616C696420616498
:103C8000760062745F616476004661696C656420E9
:103C9000746F2072652D736565642050524E470025
:103CA0004661696C656420746F20696E697469612E
:103CB0006C697A652050524E470062745F686F737A
:103CC000745F63727970746F0045434320484349C1
:103CD00020636F6D6D616E6473206E6F742061760A
:103CE00061696C61626C650043616C6C6261636BFD
:103CF00020616C72656164792072656769737465AF
:103D00007265640053656E64696E67204C4520508F
:103D1000323536205075626C6963204B65792063BB
:103D20006F6D6D616E64206661696C6564004661EB
:103D3000696C656420746F2067656E657261746577
:103D40002044484B6579202865727220256429003B
:103D5000E69D350E480103CCDBFDF4AC1191F4EF88
:103D6000B9A5F9E9A7832C5E2CBE97F2D203B02047
:103D70008BD28915D08E1C742430ED8FC2456376AA
:103D80005C15525ABF9A32636DEB2A65499C80DC00
:103D900062745F65636300556E61626C6520746F69
:103DA00020616C6C6F636174652062756666657214
:103DB0002077697468696E2074696D656F75740029
:103DC000556E657870656374656420666972737496
:103DD000204C32434150206672616D6500556E651E
:103DE00078706563746564204C3243415020636F82
:103DF0006E74696E756174696F6E004E6F742065C4
:103E00006E6F756768206275666665722073706193
:103E1000636520666F72204C3243415020646174A8
:103E20006100556E65787065637465642041434C2C
:103E300020666C616773202830782530327829003D
:103E400041434C206C656E206D69736D61746368CD
:103E500020282575203E20257529006E6F74206569
:103E60006E6F75676820726F6F6D20696E20757355
:103E700065725F64617461202564203C20256400C4
:103E80006E6F7420636F6E6E6563746564210044A9
:103E90006973636F6E6E6563746564207768696CBF
:103EA0006520616C6C6F636174696E6720636F6E0F
:103EB000746578740028756E6B6E6F776E29006E6E
:103EC0006F207472616E736974696F6E2025730060
:103ED000496E76616C69642028257529206F6C64B1
:103EE000207374617465006E6F2076616C69642064
:103EF0002825752920737461746520776173207398
:103F0000657400696E636F6D70617469626C6520C1
:103F100068616E646C6520257500466F756E64205F
:103F200076616C696420636F6E6E656374696F6E31
:103F3000202825702920776974682061646472657F
:103F4000737320257320696E202573207374617448
:103F500065200053656E64204C4520706172616D70
:103F600020757064617465206661696C65642028E1
:103F7000657272202564290053656E642061757432
:103F80006F204C4520706172616D207570646174A2
:103F900065206661696C65642028657272202564FD
:103FA0002900574553545F544F504449522F7A6566
:103FB000706879722F7375627379732F626C75658F
:103FC000746F6F74682F686F73742F636F6E6E2ECB
:103FD000630001010101010203646973636F6E6E86
:103FE000656374656400646973636F6E6E656374A2
:103FF0002D636F6D706C65746500636F6E6E6563C5
:1040000074696E672D7363616E00636F6E6E6563B6
:1040100074696E672D6175746F00636F6E6E656392
:1040200074696E672D61647600636F6E6E6563748C
:10403000696E672D6469722D6164760062745F63D6
:104040006F6E6E00556E61626C6520746F20616CDE
:104050006C6F636174652062756666657220666F59
:1040600072206F7020307825303278005365676D8C
:10407000656E746174696F6E2064697361626C65EA
:104080006420627574204D5455203E204D50532CB1
:10409000207472756E636174696E67204D545500AB
:1040A0004E6F20617661696C61626C65204C3243B1
:1040B000415020636F6E7465787420666F72206360
:1040C0006F6E6E202570006368616E20257020740D
:1040D000696D656F757400556E61626C6520746FF3
:1040E0002073656E642063726564697473207570F3
:1040F0006461746500556E61626C6520746F206147
:104100006C6C6F63617465204C324341502063686E
:10411000616E6E656C204944004D616E6461746F20
:1041200072792063616C6C6261636B2027726563D6
:104130007627206D697373696E67004E6F20667213
:1041400065652064796E616D69632050534D7320FD
:10415000617661696C61626C6500534455206C65E1
:104160006E677468206D69736D6174636800556E65
:1041700061626C6520746F2073746F7265205344A4
:104180005500657272202564005044552073697A89
:1041900065203E204D505320282575203E20257552
:1041A0002900546F6F2073686F72742064617461AA
:1041B000207061636B657400496E76616C69642080
:1041C000534455206C656E67746800556E61626C6F
:1041D0006520746F20616C6C6F636174652062751B
:1041E0006666657220666F7220534455004E6F20DC
:1041F0006372656469747320746F207265636569A6
:104200007665207061636B657400546F6F20736D09
:10421000616C6C204C3243415020504455207265F3
:104220006365697665640049676E6F72696E6720C1
:104230006461746120666F7220756E6B6E6F776E4D
:10424000206368616E6E656C2049442030782530AB
:1042500034780049676E6F72696E672064617461BB
:10426000207265636569766564207768696C65208E
:10427000646973636F6E6E656374696E6700496726
:104280006E6F72696E672064617461207265636528
:1042900069766564207768696C65206368616E6E15
:1042A000656C206861732073687574646F776E0045
:1042B0004C32434150206C656E677468206D6973A1
:1042C0006D617463682028257520213D202575299E
:1042D00000496E76616C6964206964656E7420764D
:1042E000616C756520696E204C324341502050440A
:1042F0005500546F6F20736D616C6C204C452063CA
:104300006F6E6E20706172616D2072737000546FF9
:104310006F20736D616C6C204C4520636F6E6E2056
:10432000726571207061636B65742073697A6500D2
:10433000496E76616C6964204C452D436F6E6E202A
:1043400052657120706172616D733A206D747520D1
:104350002575206D707320257500546F6F20736D67
:10436000616C6C204C4520636F6E6E207273702000
:104370007061636B65742073697A650043616E6E6A
:104380006F742066696E64206368616E6E656C2070
:10439000666F72206964656E7420257500546F6FB6
:1043A00020736D616C6C204C4520646973636F6E83
:1043B0006E20727370207061636B65742073697A0C
:1043C0006500546F6F20736D616C6C204C45204309
:1043D000726564697473207061636B6574207369BE
:1043E0007A6500556E61626C6520746F2066696E37
:1043F00064206368616E6E656C206F66204C45209A
:1044000043726564697473207061636B6574004303
:10441000726564697473206F766572666C6F77007D
:10442000546F6F206C61726765204C4520636F6E1E
:104430006E20726571207061636B65742073697A98
:104440006500496E76616C696420656372656420FD
:10445000636F6E6E2072657120706172616D732E74
:10446000206D7475202575206D707320257500549E
:104470006F6F20736D616C6C20656372656420637F
:104480006F6E6E20727370207061636B6574207341
:10449000697A650046657765722064636964207691
:1044A000616C756573207468616E206578706563F2
:1044B00074656400546F6F20736D616C6C2065636C
:1044C000726564207265636F6E662072657120701C
:1044D00061636B65742073697A65006368616E203F
:1044E000257020646563726561736564204D545561
:1044F000202575202D3E20257500546F6F20736D8B
:10450000616C6C206563726564207265636F6E66B2
:1045100020727370207061636B65742073697A65B3
:104520000052656A656374696E6720756E6B6E6FA5
:10453000776E204C324341502050445520636F64C5
:10454000652030782530327800546F6F20736D61AC
:104550006C6C204C32434150207369676E616C690A
:104560006E672050445500556E61626C6520746F13
:1045700020616C6C6F6361746520545820636F6EAA
:1045800074657874006661696C656420746F20736B
:10459000656E64206D6573736167652025640063D3
:1045A0006F6E6669670062745F6C32636170004EA3
:1045B0006F7420636F6E6E656374656400556E6121
:1045C000626C6520746F2066696E642041545420CB
:1045D0006368616E6E656C00415454206368616E5F
:1045E0006E656C206E6F7420636F6E6E65637465AC
:1045F00064004175746F6D617469632063726561F5
:1046000074696F6E206F6620454154542062656165
:1046100072657273206661696C6564206F6E2063D9
:104620006F6E6E656374696F6E2025732077697491
:1046300068206572726F72202564004572726F7215
:10464000207369676E696E672064617461005261EE
:104650006E206F7574206F662054582062756666F0
:10466000657273206F7220636F6E74657874732E39
:1046700000415454204D5455206578636565646548
:10468000642C206D61782025752C2077616E74650F
:104690006420257A7500556E61626C6520746F2008
:1046A000616C6C6F636174652041545420545820D0
:1046B0006D657461004661696C656420746F207378
:1046C00063686564756C65204541545420636F6E62
:1046D0006E656374696F6E207265747279202865E7
:1046E00072723A2025642900556E61626C652074EF
:1046F0006F2063726561746520555549443A207393
:10470000697A6520257500556E61626C6520746F4D
:104710002063726561746520555549443A20736978
:104720007A65202564004E6F20617661696C616254
:104730006C6520415454206368616E6E656C206620
:104740006F7220636F6E6E202570004E6F20617651
:1047500061696C61626C652041545420636F6E74B2
:1047600065787420666F7220636F6E6E202570000E
:10477000546F6F20736D616C6C2041545420504411
:104780005520726563656976656400556E68616E73
:10479000646C65642041545420636F6465203078F4
:1047A000253032780049676E6F72696E6720756ECA
:1047B000657870656374656420726571756573747E
:1047C0000049676E6F72696E6720756E65787065F7
:1047D0006374656420696E6469636174696F6E00F7
:1047E000496E76616C6964206C656E202575206663
:1047F0006F7220636F646520307825303278004E08
:104800006F20415454206368616E6E656C20666F42
:1048100072204D545520257A75004661696C656497
:1048200020746F20636F6E6E65637420256420456D
:10483000415454206368616E6E656C732028657204
:10484000723A2025642900454154542053657276FC
:10485000657220726567697374726174696F6E2026
:104860006661696C6564202564004E6F2070656E1A
:1048700064696E6720415454207265717565737464
:10488000004154542054696D656F757420666F72D1
:10489000206465766963652025730062745F6174C6
:1048A00074004661696C656420746F206465636F91
:1048B00064652076616C7565202865727220257AA2
:1048C0006429004661696C656420746F20736176A9
:1048D000652044617461626173652048617368207A
:1048E0002865727220256429006661696C65642000
:1048F000746F2073746F7265205343202865727241
:104900002025642900756E61626C6520746F2073C8
:104910006176652053433A206E6F20636667206C92
:10492000656674006661696C656420746F206465F7
:104930006C657465205343202865727220256429B4
:10494000004661696C656420746F20636C656172F8
:1049500020534320256400496E76616C6964206BA6
:104960006579004661696C656420746F2073746FAB
:10497000726520436C69656E74204665617475725A
:10498000657320286572722025642900556E616266
:104990006C6520746F206465636F64652061646476
:1049A0007265737320257300496E76616C696420AB
:1049B0006C6F63616C206964656E7469747920251D
:1049C0006C7500556E61626C6520746F2072657342
:1049D000746F72652053433A206E6F2063666720C0
:1049E0006C656674004E6F20737061636520746F30
:1049F0002073746F72652043434320636667004EE3
:104A00006F20737061636520746F2073746F7265BB
:104A100020436C69656E7420537570706F72746595
:104A20006420466561747572657300556E61626CD1
:104A30006520746F20726573746F72652043463A07
:104A4000206E6F20636667206C6566740043686142
:104A50006E67652D6177617265207374617475731B
:104A6000206E6F7420666F756E6420696E207365AA
:104A70007474696E67732C2064656661756C746903
:104A80006E6720706565722073746174757320742D
:104A90006F206368616E67652D756E617761726501
:104AA0000052656164206261636B2062616420630F
:104AB00068616E67652D61776172652076616C75DE
:104AC000653A20307825782C2064656661756C74B1
:104AD000696E6720706565722073746174757320E8
:104AE000746F206368616E67652D756E61776172A2
:104AF0006500556E61626C6520746F207365747516
:104B0000702041455320434D414300556E61626C16
:104B10006520746F2063616C63756C6174652068D7
:104B20006173680043616E277420726567697374EE
:104B3000657220736572766963652061667465725B
:104B400020696E697420616E64206265666F7265AB
:104B50002073657474696E677320617265206C6F71
:104B6000616465642E00556E61626C6520746F200F
:104B700072656769737465722068616E646C652024
:104B80003078253034780062742F636363004C6999
:104B90006E6B206973206E6F7420656E637279701E
:104BA00074656400446576696365206973206E6F7F
:104BB00074207375627363726962656420746F2018
:104BC0006368617261637465726973746963004ECE
:104BD0006F2062756666657220617661696C6162DC
:104BE0006C6520746F2073656E6420696E64696300
:104BF0006174696F6E00434343202570206E6F74AB
:104C0000207772697461626C65005343207265732A
:104C1000746F726520696E6469636174696F6E2078
:104C20006661696C6564004E6F20627566666572C8
:104C300020617661696C61626C6520746F207365B8
:104C40006E64206E6F74696669636174696F6E006B
:104C50004661696C656420746F20736574207365A8
:104C600063757269747920666F7220626F6E646515
:104C70006420706565722028256429004661696C8E
:104C8000656420746F2073746F72652043434373AF
:104C90002028657272202564290062742F68617370
:104CA000680062742F63660062742F73630062741D
:104CB0005F6761747400556E61626C6520746F206B
:104CC00066696E6420534D50206368616E6E656C3A
:104CD000005075626C6963206B6579206E6F74207B
:104CE000617661696C61626C65004661696C6564DE
:104CF00020746F2067656E65726174652044484B4F
:104D0000657900556E6B6E6F776E207061697269A0
:104D10006E67206D6574686F6420282575290052C0
:104D2000656D6F7465207075626C6963206B657961
:104D30002072656A65637465640043616C63756CB9
:104D4000617465204C544B206661696C6564004356
:104D5000616C63756C617465206C6F63616C204479
:104D6000484B657920636865636B206661696C6593
:104D7000640043616C63756C6174652072656D6F6E
:104D800074652044484B657920636865636B2066D1
:104D900061696C6564004A757374576F726B732038
:104DA0006661696C65642C2061757468656E7469F0
:104DB0006361746564206B657973207072657365D7
:104DC0006E74004E6F20617661696C61626C652063
:104DD000534D5020636F6E7465787420666F722037
:104DE000636F6E6E20257000556E61626C65207475
:104DF0006F20676574206B65797320666F7220255C
:104E0000730043616C63756C6174652053544B206F
:104E10006661696C65640043616C63756C6174659F
:104E200020636F6E6669726D206661696C656400EF
:104E300054686520696E2D70726F67726573732098
:104E400070616972696E6720686173206265656E62
:104E50002064656C657465642100534D5020646F57
:104E60006573206E6F7420616C6C6F7720612070A9
:104E7000616972696E67206661696C75726520612F
:104E800074207468697320706F696E742E204B6E85
:104E90006F776E2069737375652E20446973636F35
:104EA0006E6E656374696E6720696E7374656164A4
:104EB0002E00546F6F20736D616C6C20534D502029
:104EC00050445520726563656976656400534D50A2
:104ED00020636F6D6D616E642028636F64652030A0
:104EE000782530327829207265636569766564209B
:104EF00061667465722074696D656F7574005265C2
:104F00006365697665642072657365727665642091
:104F1000534D5020636F646520307825303278001F
:104F2000556E68616E646C656420534D5020636FEC
:104F300064652030782530327800556E657870656C
:104F40006374656420534D5020636F64652030782E
:104F50002530327800496E76616C69642069646539
:104F60006E74697479202573005265667573696E75
:104F700067206E65772070616972696E672E2054B4
:104F80006865206F6C6420626F6E64206D75737449
:104F900020626520756E7061697265642066697251
:104FA00073742E0070616972696E67206661696C46
:104FB000656420287065657220726561736F6E206C
:104FC0003078257829004E6F206B657973207370D7
:104FD00061636520666F7220257300556E61626C97
:104FE0006520746F206765742072616E646F6D2038
:104FF000627974657300556E61626C6520746F2010
:10500000616C6C6F6361746520456E637279707456
:1050100020496E666F2062756666657200556E6126
:10502000626C6520746F20616C6C6F6361746520C5
:1050300043656E7472616C204964656E742062759C
:105040006666657200534D502054696D656F7574C6
:10505000000005061F1F2918120308020305080A8D
:1050600000080103040105040509060701010606FD
:105070000800000100010003010003020201000218
:105080000000000000020301000300000100010015
:105090000001000102020100020000000000020203
:1050A00001000462745F736D70004661696C656431
:1050B00020746F20726561642076616C75652028AC
:1050C00065727220257A642900556E61626C6520D4
:1050D000746F2066696E642064656C657465642015
:1050E0006B65797320666F72202573004661696C69
:1050F000656420746F20616C6C6F63617465206BF4
:1051000065797320666F7220257300496E76616C35
:105110006964206B6579206C656E67746820257AF8
:105120006420213D20257A75004661696C65642004
:10513000746F2073617665206B65797320286572C2
:1051400072202564290062742F6B65797300627484
:105150005F6B657973006C888391AAF5A538603719
:105160000BDB5A6083BE62745F63727970746F0088
:105170006E65745F627566006E65745F6275665F0A
:1051800073696D706C6500556E6B6E6F776E207411
:10519000797065202575004661696C656420746FBF
:1051A0002073656E6420286572722025642900468C
:1051B00061696C656420746F2072656769737465DA
:1051C00072204254204849432064726976657220F7
:1051D0002865727220256429004950432073657246
:1051E0007669636520696E7374616E636520696EAC
:1051F000697469616C697A6174696F6E206661694E
:105200006C65643A2025640A0052656769737465A9
:1052100072696E6720656E64706F696E7420666176
:10522000696C6564207769746820256400456E6444
:10523000706F696E742062696E64696E6720666162
:10524000696C65642077697468202564004E6F740A
:1052500020656E6F756768206461746120666F7287
:10526000206576656E7420686561646572004576B8
:10527000656E74207061796C6F6164206C656E6717
:105280007468206973206E6F7420636F7272656337
:105290007400436F756C646E277420616C6C6F636F
:1052A000617465206120627566666572206166744E
:1052B00065722077616974696E672031302073658B
:1052C000636F6E64732E004E6F7420656E6F75672A
:1052D0006820737061636520696E2062756666651B
:1052E0007220257A752F257A75004E6F7420656EB1
:1052F0006F756768206461746120666F7220414336
:105300004C20686561646572004E6F20617661694A
:105310006C61626C652041434C2062756666657203
:1053200073210041434C207061796C6F6164206C83
:10533000656E677468206973206E6F7420636F7286
:1053400072656374004E6F7420656E6F75676820B8
:105350006461746120666F722049534F20686561F3
:10536000646572004E6F20617661696C61626C6584
:105370002049534F20627566666572732100495358
:105380004F207061796C6F6164206C656E67746822
:10539000206973206E6F7420636F7272656374008E
:1053A000556E6B6E6F776E20484349207479706537
:1053B00020257500484349207472616E73706F72C6
:1053C00074207365747570206661696C65642077FC
:1053D0006974683A2025640A0044657265676973D8
:1053E000746572696E672048434920656E64706F0A
:1053F000696E74206661696C656420776974683AC7
:1054000020256400436C6F73696E67204950432008
:1054100073657276696365206661696C656420777F
:105420006974683A20256400484349207472616EAB
:1054300073706F72742074656172646F776E20662A
:1054400061696C656420776974683A20256400534B
:10545000656E64696E6720726573657420636F6D35
:105460006D616E64206661696C656420776974683B
:105470003A20256400495043006E72665F62745F93
:105480006863690062745F6863695F647269766506
:10549000720062745F6863695F6E726635335F7352
:1054A0007570706F727400636C6F636B4035303071
:1054B00030006866636C6B006C66636C6B006866DA
:1054C000636C6B3139326D006866636C6B61756457
:1054D000696F00636C6F636B5F636F6E74726F6C88
:1054E0000063696E737472202530327820747261A3
:1054F0006E7366657220746F6F206C6F6E673A20F2
:10550000257A7500636C656172004A454445432005
:105510006964205B253032782025303278202530B0
:1055200032785D20657870656374205B2530327851
:10553000202530327820253032785D005244535295
:10554000206661696C65643A202564005145202518
:1055500073206661696C65643A2025640065726138
:105560007365206572726F723A206164647265734C
:1055700073206F722073697A65206578636565644E
:10558000732065787065637465642076616C7565F9
:10559000732E416464723A203078256C78207369E8
:1055A0007A6520257A7500756E737570706F7274E8
:1055B0006564206174203078256C782073697A6581
:1055C00020257A75006572617365206572726F724D
:1055D000206174203078256C782073697A652025E5
:1055E0007A75007772697465206572726F723A20FD
:1055F00061646472657373206F722073697A6520C9
:105600006578636565647320657870656374656447
:105610002076616C7565732E416464723A2030782F
:10562000256C782073697A6520257A75007265612A
:1056300064206572726F723A20616464726573737C
:10564000206F722073697A6520657863656564737D
:105650002065787065637465642076616C75657328
:105660002E416464723A203078256C782073697A10
:105670006520257A75006D7832357236343335669B
:10568000403000717370695F6E6F7200696E766191
:105690006C696420616464726573733A20307825A4
:1056A00030386C783A257A7500756E616C69676E72
:1056B000656420616464726573733A2030782530C4
:1056C000386C783A257A75006E6F7420776F726443
:1056D0002D616C69676E65643A2030782530386CCE
:1056E000783A257A7500666C6173682D636F6E7405
:1056F000726F6C6C657240333930303000666C61AB
:1057000073685F6E7266006770696F403834323854
:105710003030006770696F4038343235303000699E
:10572000326300756E737570706F72746564207388
:1057300070656564004661696C656420746F2069FA
:105740006E697469616C697A652064657669636500
:105750003A202573004E65656420746F207573656B
:105760002074686520696E7465726E616C20647265
:10577000697665722062756666657220627574204E
:105780006974732073697A6520697320696E737513
:105790006666696369656E7420282575202B20254F
:1057A00075203E202575292E2041646A757374206A
:1057B000746865207A65706879722C636F6E6361B6
:1057C000742D6275662D73697A65206F72207A6513
:1057D000706879722C666C6173682D6275662D6DC8
:1057E00061782D73697A652070726F706572747953
:1057F0002028746865206F6E65207769746820675B
:105800007265617465722076616C75652920696EB8
:10581000207468652022257322206E6F64652E0037
:10582000547279696E6720746F207472616E73664A
:105830006572206D6F7265207468616E2074686592
:10584000206D6178696D756D2073697A6520666F6A
:10585000722074686973206465766963653A2025EF
:1058600064203E20256400693263403930303000C6
:105870006932635F6E7266785F7477696D00747801
:105880005F6D61736B20746F6F2062696720286F92
:1058900072204950435F434F4E465F4E554D207432
:1058A0006F6F20736D616C6C290072785F6D61732E
:1058B0006B20746F6F2062696720286F72204950D7
:1058C000435F434F4E465F4E554D20746F6F2073BC
:1058D0006D616C6C2900456E61626C696E67206356
:1058E00068616E6E656C20776974686F757420618D
:1058F00020726567697374657265642063616C6C9E
:105900006261636B0A0053656E64696E672064614F
:105910007461206E6F7420737570706F727465643B
:10592000005258206576656E74206F6E20696C6C2D
:105930006567616C206368616E6E656C005258200B
:105940006576656E74206F6E2064697361626C6544
:1059500064206368616E6E656C006D626F784032C2
:1059600061303030006D626F785F6E7266785F69AB
:1059700070630000010203040506070B4661696CB1
:10598000656420746F20616C6C6F63617465205076
:105990005049204368616E6E656C00756172744099
:1059A0003830303000756172745F6E7266785F7582
:1059B0006172746500526573657474696E672073F3
:1059C000797374656D00666174616C5F6572726F86
:1059D0007200000000010101000001000000002031
:1059E0003030303030303030303030303030000116
:1059F000756E7265676973746572656420257320BE
:105A00006275730A006D6574616C3A20656D65722C
:105A100067656E63793A20006D6574616C3A206148
:105A20006C6572743A2020202020006D6574616CD2
:105A30003A20637269746963616C3A2020006D6575
:105A400074616C3A206572726F723A2020202020B7
:105A5000006D6574616C3A207761726E696E673AA9
:105A6000202020006D6574616C3A206E6F7469634C
:105A7000653A20202020006D6574616C3A20696EC3
:105A8000666F3A202020202020006D6574616C3AFA
:105A90002064656275673A20202020200025733A33
:105AA0002066726565696E67206E6F6E2D656D701C
:105AB0007479207669727471756575650D0A007266
:105AC000785F76710074785F7671004E5300556E82
:105AD0006B6E6F776E206572726F7200756E6B6E93
:105AE0006F776E003E3E3E205A4550485952204640
:105AF0004154414C204552524F522025643A2025B2
:105B000073206F6E20435055202564004661756CEC
:105B10007420647572696E6720696E74657272753F
:105B200070742068616E646C696E670A00437572F8
:105B300072656E74207468726561643A2025702005
:105B40002825732900435055206578636570746972
:105B50006F6E00556E68616E646C656420696E746A
:105B600065727275707400537461636B206F766533
:105B700072666C6F77004B65726E656C206F6F702C
:105B800073004B65726E656C2070616E6963006DA9
:105B900061696E006F7300737973776F726B710058
:105BA0002A2A2A20426F6F74696E67206E5246203F
:105BB000436F6E6E6563742053444B2076332E35ED
:105BC0002E39392D6E6373312D31202A2A2A0A008D
:0C5BD0006E616E00286E756C6C29000080
:105BDC0000000000000000000000000000000000B9
:105BEC0000000000000000000000000000000000A9
:105BFC000000000000000000000000000000000099
:105C0C000000000000000000000000000000000088
:105C1C000000000000000000000000000000000078
:105C2C000000000000000000000000000000000068
:105C3C000000000000000000000000000000000058
:105C4C000000000000000000000000000000000048
:105C5C000000000000000000000000000000000038
:105C6C000000000000000000000000000000000028
:105C7C000000000000000000000000000000000018
:105C8C000000000000000000000000000000000008
:105C9C0000000000858D00000000000000000000E6
:105CAC0000000000000000000000000000000000E8
:105CBC0000000000000000000000000000000000D8
:105CCC0000000000000000000000000000000000C8
:105CDC0000000000000000000000000000000000B8
:105CEC0000000000000000000000000000000000A8
:105CFC000000000000000000000000000000000098
:105D0C000000000000000000000000000000000087
:105D1C000000000000000000000000000000000077
:105D2C000000000000000000000000000000000067
:105D3C00000000000000000000000000298C0100A1
:105D4C000000000000000000000000000000000047
:105D5C000000000000000000278C01000000000083
:105D6C0000000000338C0100000000000000000067
:105D7C00000000002F8C010000000000000000005B
:105D8C00302C002000000000000000001E0000006D
:105D9C0000000000000000000000000000000000F7
:105DAC0000000000000000000000000000000000E7
:105DBC0000000000000000000000000000000000D7
:105DCC0000000000000000000000000000000000C7
:105DDC0000000000000000000000000000000000B7
:105DEC0000000000000000000000000000000000A7
:105DFC000000000000000000000000000000000097
:105E0C000000000000000000000000000000000086
:105E1C000000000000000000000000000000000076
:105E2C000000000000000000000000000000000066
:105E3C000000000000000000000000000000000056
:105E4C000000000000000000000000000000000046
:105E5C000000000000000000000000000000000036
:105E6C000000000000000000000000000000000026
:105E7C000000000000000000000000000000000016
:105E8C000000000000000000000000000000000006
:105E9C0000000000000000000000000000000000F6
:105EAC0000000000000000000000000000000000E6
:105EBC0000000000000000000000000000000000D6
:105ECC0000000000000000000000000000000000C6
:105EDC0000000000000000000000000000000000B6
:105EEC0000000000000000000000000000000000A6
:105EFC000000000000000000000000000000000096
:105F0C000000000000000000000000000000000085
:105F1C000000000000000000000000000000000075
:105F2C000000000000000000000000000000000065
:105F3C000000000000000000000000000000000055
:105F4C000000000000000000000000000000000045
:105F5C000000000000000000000000000000000035
:105F6C000000000000000000000000000000000025
:105F7C000000000000000000000000000000000015
:105F8C000000000000000000000000000000000005
:105F9C0000000000000000000000000000000000F5
:105FAC0000000000000000000000000000000000E5
:105FBC0000000000000000000000000000000000D5
:105FCC0000000000000000000000000000040020A1
:105FDC0000000000000000000000000000000000B5
:105FEC000000000000000000580A0020F809002002
:105FFC00030000000103000002000000000000008C
:10600C000000000000000000000000000000000084
:10601C000000000000000000000000001D1D00003A
:10602C000000000000000000080900200000100023
:10603C00F58D0100000000000000072000000100A9
:10604C003C0A0200000000003C0A020001000000B3
:10605C000200000000000000000000000002000030
:10606C00B9A201008414020000000000680800209E
:10607C0000000200740800200000020080080020CC
:10608C0000000200E54C000000000000C5A5010066
:10609C0000000000A9A501001430002010300020E1
:1060AC00D43F002064300020481502006C0A002008
:1060BC003A000000800A00203A000000440A002048
:1060CC003A000000A80A00203A000000000000007E
:1060DC005DB30100000000000000000000000000A3
:1060EC0031770000000000000000000000000000FC
:1060FC000000000000000000000400004C01002023
:10610C000000000000000000000000000000000083
:10611C000000000000000000000000000000000073
:10612C000000000000000000000000000000000063
:10613C000000000000000000000000000000000053
:10614C000000000000000000000000000000000043
:10615C0000000000017D00000000000000000000B5
:10616C0090050020900500200000000000000000B9
:10617C0027000200F3CD01000000000061CF0000F9
:10618C00E5D80000C1D101000000000000000000B3
:10619C0099CF000017CE010027CF0100E9C70000FE
:1061AC0085C7010000000000000000000000000096
:1061BC000000000071F3000000000000000000006F
:1061CC00CDDA01000000000000000000000000001B
:1061DC00A008002000000200AC0800200000020013
:1061EC00B808002000000A00C808002000002000A9
:1061FC000000000000000000000000000000000093
:10620C000000000000000000000000000000000082
:10621C00000000008BD5010000000000DC0800200D
:10622C0000000200E808002000000200F408002032
:10623C000000020059060100000000007954020021
:10624C0000000000251401009D1401000000000056
:10625C0000000000840600208406002000000000DE
:10626C00FFFFFFFF94060020940600209C060020F0
:10627C009C0600200100000001000000AC0600207C
:10628C00AC060020B4060020B4060020000000007C
:10629C0001000000C4060020C4060020000000001D
:1062AC00D0060020D00600200100000001000000F4
:1062BC00E0060020E0060020E8060020E8060020AA
:1062CC000000000001000000F8060020F806002085
:1062DC000000000037510020FFFF0000FFFF00000E
:1062EC00000000000008070000010300000000008F
:1062FC004851002047510020000000000090D003BE
:10630C00FFFFFFFF00000000000000000000000085
:10631C000000000000000000000000000000000071
:10632C000000000000000000000000000000000061
:10633C000000000000000000000000000000000051
:10634C000000000000000000000000000000000041
:10635C000000000000000000000000000000000031
:10636C000000000000000000000000000000000021
:10637C000000000008000000FF000000000000000A
:10638C000300000000000000D726020000000000FF
:10639C005D50010000000000000000000000000043
:1063AC0000000000000000000000000000000000E1
:1063BC0000000000E4070020E4070020EC070020A8
:1063CC00EC07002000000000E56E010038080020FA
:1063DC0030080020280800200000000020080020C1
:1063EC00117001005D6F0100916F0100D96F010008
:1063FC00003E00203A00003A043E00203A00003AE9
:10640C00083E00203A00003A0C3E00203A00003AC8
:10641C00480800200C080020040800200008002078
:10642C00FC070020000001290000022900000328BD
:10643C00000000280000502A0000502A0000032809
:10644C000000292A0000292A000003280000242A21
:10645C000000242A0000032800000A18000000286D
:10646C0000000229000003280000002800003A2B3D
:10647C0000003A2B0000032800002A2B00002A2BD6
:10648C00000003280000292B0000292B0000032802
:10649C00000002290000052A0000052A000003283C
:1064AC0000000118000000280000042A0000042A43
:1064BC00000003280000012A0000012A0000032824
:1064CC000000002A0000002A000003280000001829
:1064DC000000002806121806020000000000000050
:1064EC000000000200D0E0F0A0020000000000005C
:1064FC00000000000100D0E0F0A00100000000014D
:02650C0000018C
:10650E00000000000000000000000000000000007D
:02651E0000007B
:10652000000000000000000000000000000000006B
:10653000000000000000000000000000000000005B
:10654000000000000000000000000000000000004B
:10655000000000000000000000000000000000003B
:046560000000000037
:106564000000000000000000F56B010000000000C6
:106574000000000000000000A0090020A009002085
:10658400DD16000000000000000000000000000014
:086594000000000000000000FF
:10659C00C0090020C0090020408F0020000000002E
:1065AC00030000006800000000000000DC0900206F
:1065BC00DC090020007E0020000000000C00000020
:1065CC007001000000000000F8090020F80900200C
:1065DC00B8B1002000000000010000002400000001
:1065EC0000000000140A0020140A0020B0D0002083
:1065FC0000000000140000001C000000000000005F
:10660C0000000000B8A100200010000000000000F5
:04661C00000000007A
:10662000440A0020440A002000000000000000008E
:106630000E000000580A0020580A00200000000048
:10664000000000000E0000006C0A00206C0A002010
:1066500000000000000000000E000000800A002082
:10666000800A002000000000000000000E00000072
:10667000940A0020940A002000000000000000009E
:106680000E000000A80A0020A80A00200000000058
:08669000000000000E000000F4
:10669800BC0A0020BC0A0020000000000100000025
:1066A800CC0A0020CC0A0020D40A0020D40A0020FA
:1066B8000000000001000000E40A0020E40A0020B5
:1066C800EC0A0020EC0A0020000000000100000095
:0866D800FC0A0020FC0A00206E
:1066E00000000000000000000C0B00200C0B00203C
:1066F000140B0020140B002000000000000000001C
:10670000240B0020240B00202C0B00202C0B00203D
:1067100000000000000000003C0B00203C0B0020AB
:08672000440B0020440B002093
:106728000000000000000000540B0020540B002063
:106738005C0B00205C0B0020060006000400000033
:10674800B1880000E8160200A8B700200000000089
:1067580000000000800B0020800B0020880B002028
:10676800880B00201400140008000000000000003E
:1067780014180200FCCD00200000000000000000FA
:10678800AC0B0020AC0B0020B40B0020B40B002095
:106798000100010008000000000000004C18020081
:1067A80090D000200000000000000000D80B00205E
:1067B800D80B0020E00B0020E00B002003000300B2
:1067C8000800000000000000F816020008B90020C8
:1067D8000000000000000000040C0020040C002051
:1067E8000C0C00200C0C00200A000A000800000015
:1067F80000000000D8160200A4B400200000000029
:1068080000000000300C0020300C0020380C002064
:10681800380C002002000200080000000000000000
:106828000418020038C50020000000000000000025
:106838005C0C00205C0C0020640C0020640C002020
:106848000A000A000800000000000000D01702003B
:10685800B8C300200000000000000000880C0020E1
:10686800880C0020900C0020900C002001000100F2
:1068780008000000000000000817020078B9002096
:0468880015E015E022
:040000030000687918
:00000001FF
