:020000040100F9
:1000000040580021C52302018B900201B123020157
:10001000B1230201B1230201B1230201000000005B
:100020000000000000000000000000007D2502012B
:10003000B12302010000000015250201B1230201D5
:100040007127020171270201712702017127020144
:100050007127020171270201712702017127020134
:1000600029970201712702017127020171270201FC
:10007000DB9602017127020171270201712702013B
:10008000712702010F9702017127020171270201F6
:1000900071270201712702017127020171270201F4
:1000A00071270201712702017127020171270201E4
:0800B000712702017127020112
:1000B8002DE9F00791E8F807B2E802105B1854EB55
:1000C8000C04B2E802104D4156EB0C06B2E80210DF
:1000D8004F4158EB0C08B2E8021059EB01095AEBF2
:1000E8000C0A80E8F80780410130BDE8F007704746
:1000F8002DE9F00791E8F807B2E802105B1A74EBF3
:100108000C04B2E802108D4176EB0C06B2E802103E
:100118008F4178EB0C08B2E8021079EB01097AEB11
:100128000C0A80E8F80780414042BDE8F0077047B4
:100138002DE9F007524290E87800B1E880071740AF
:10014800DB1918EA020854EB080419EA020955EB0E
:1001580009051AEA020A56EB0A0678C090E8780000
:10016800B1E8800717407B4118EA020854EB0804FD
:1001780019EA020955EB09051AEA020A56EB0A06BA
:1001880078C080410130BDE8F00770472DE9F007DD
:10019800524290E87800B1E880071740DB1B18EA64
:1001A800020874EB080419EA020975EB09051AEA52
:1001B800020A76EB0A0678C090E87800B1E8800772
:1001C8001740BB4118EA020874EB080419EA02094F
:1001D80075EB09051AEA020A76EB0A0678C080412F
:1001E8004042BDE8F00770472DE9F00152424FF058
:1001F800040890E8300091E8C000A31B1340E41AFB
:10020800F618EB1B1340ED1AFF1830C0C0C1B8F147
:100218000108EED1BDE8F001704700BF00B592E8D3
:10022800DC072DE9DC07B1E8805702B4A7FB0251CF
:100238000A95A8FB020B09180020E7FB03105BEBEB
:10024800000B00204041E9FB02B00B91A8FB0351D1
:10025800401800214941EAFB02011BEB050B002570
:10026800E7FB04B568410025E7FB06056941002561
:100278006D41E8FB0615CDF830B0A9FB03B6891926
:100288000026EAFB0316754100267641ECFB03566F
:1002980010EB0B005FF0000BE8FB040B51EB0B01BC
:1002A8005FF0000BE9FB041B55EB0B055FF0000B3F
:1002B800EAFB045B56EB0B065FF0000B5BEB0B0BEA
:1002C800ECFB046B0D90ACFB0230059C2D18002054
:1002D800EEFB025046410020E9FB04605BEB000B9B
:1002E80000204041EAFB04B05B180021E7FB043121
:1002F8004D410021E8FB0451069C4E410021E8FBDA
:1003080004615BEB010B0021E9FB04B148410021CA
:100318004941EAFB04010E93A7FB0432079CB61877
:100328000022E7FB04625BEB020B0022E8FB04B24D
:1003380050410022E9FB0402514100225241EAFBEC
:100348000412049CED180023E9FB04535E410023CA
:10035800EAFB0463089C5BEB030B0023E7FB04B395
:1003680058410023E8FB040359410023E9FB041327
:100378005A4100235B41EAFB04230F955DF8049B77
:1003880099E80006DDF80080A9FB08541BEB040B74
:100398000024EAFB08B4DDF8108060410024ECFB7F
:1003A800080461410024EEFB081462410024E9FBC3
:1003B8000824634100246441EAFB0834DDF8048022
:1003C80076190025EEFB08655BEB050B0025E9FBBC
:1003D80008B568410025EAFB0805DDF81480694185
:1003E8000025ECFB08156A410025EEFB08256B414A
:1003F8000025E9FB08356C4100256D41EAFB0845FD
:100408000F96DDF80880AEFB087680190026E9FB18
:10041800080671410026EAFB0816DDF818807241CB
:100428000026ECFB082673410026EEFB08367441D3
:100438000026E9FB0846754100267641EAFB085686
:10044800DDF80C801BEB070B0027ECFB08B77841A5
:100458000027EEFB080779410027E9FB08177A41D6
:100468000027EAFB0827DDF81C807B410027ECFB0E
:1004780008377C410027EEFB08477D410027E9FB50
:1004880008577E4100277F41EAFB086708B000BD96
:100498002DE9F14F87B0FFF7C1FEDDF81C8008F1A8
:1004A800200888E8FF00FFBC87E87F08BDE8F08FD8
:1004B80000B591E84C57A2FB02410194A2FB034509
:1004C80024190020E2FB06506D417F416418029414
:1004D8000021E2FB0801A3FB034B654103950024BF
:1004E800E3FB060440417F41091900246441E2FB13
:1004F8000914FF0750EB0B0004900025E2FB0A45A6
:100508005FF0000BE3FB081B49415FEA370714EB78
:100518000B045FF0000BE3FB094B55EB0B055FF099
:10052800000B5BEB0B0BE2FB0C5BFF0F0020E2FB0D
:100538000EB000225141E6FB061205910021E6FBB0
:10054800084164417F416D180021E3FB0A515BEBD0
:10055800010B0021E3FB0CB1484100214941E3FBB9
:100568000E010023E6FB09531BEB030B0023E6FBFC
:100578000AB358410023E6FB0C03594100235B41B1
:10058800E6FB0E13FF07544106946D417F41A8FB1B
:100598000826554107950022E8FB09B25BEB0B0BD7
:1005A8007F4180180022E8FB0A0251410022E8FB43
:1005B8000C125A4100235B41E8FB0E230024E9FB9F
:1005C8000E340025E9FB0A1552190025E9FB0C2514
:1005D8006B410025EAFB0C356C4100256D41EAFBB7
:1005E8000E45FF075BEB060B0026ECFB0E56404161
:1005F800494152415B4164416D417641AEFB0EE891
:1006080048F100087F00A9FB0979784151EB0901FD
:10061800AAFB0A7A7A4153EB0A03ACFB0C7C7C41B7
:1006280055EB0C0556EB0E0648F1000700BD00BF60
:100638002DE9F14F87B0FFF73BFFDDF81C8008F18B
:10064800200888E8FF00FFBC87E87F08BDE8F08F36
:1006580030B44FF0000310F8014B11F8015B013A78
:1006680084EA050443EA0403F5D1A3F101034FEA40
:10067800D37030BC704700BF4FF0000310F8012B57
:10068800013943EA0203F9D1A3F101034FEAD37018
:10069800704700BF30B411F8014B12F8015B6C4091
:1006A80000F8014B013BF6D130BC70472DE9F0074B
:1006B80091E8F807B2E802105B1854EB0C04B2E8B2
:1006C80002104D4156EB0C06B2E802104F4158EBB0
:1006D8000C08B2E8021059EB01095AEB0C0A8941DF
:1006E800B3F1FF3374F1FF3475F1FF3576F100068D
:1006F80077F1000778F1000879F101097AF1FF3AFA
:1007080051F100015B184C414D4156F1000657F17B
:10071800000758F1000859EBD1795AEB010A80E833
:10072800F807BDE8F00770472DE9F00791E8F807EA
:10073800B2E802105B1A74EB0C04B2E802108D41A7
:1007480076EB0C06B2E802108F4178EB0C08B2E8A1
:10075800021079EB01097AEB0C0A89415B184C41CC
:100768004D4156F1000657F1000758F1000859EBC2
:10077800D1795AEB010A80E8F807BDE8F00770471D
:1007880018EB040859EB05095AEB060A5BEB070B53
:100798005FF0000C4CF1000C18EB050859EB06094A
:1007A8005AEB070A5BEB070B50EB0C005FF0000CF1
:1007B80051EB0C0152EB0C0263414CF1000CB8EB0D
:1007C800070879F100097AF1000A7BEB040BA841CC
:1007D800B141A241B3416CF1000CBBEB050BB04138
:1007E800B941AA41BB416CF1000C4CF001068CF0F8
:1007F800020718EB060859EB6C095AEB6C0A7BEBFD
:100808006C0B70EB6C0471EB6C0572EB670653EBC9
:100818006C076CEB6C0C18EB0C0059EB0C015AEBE9
:100828000C025BF1000354F1000455F1000556EB8E
:10083800DC7657EB0C0770472DE9F14F87B0FFF7CF
:10084800EDFCDDF81080DDF81490DDF818A0FFF756
:1008580097FFBDE8000FFFF793FF03B05DF8048B27
:1008680088E8FF00BDE8F08F2DE9F14F87B0FFF76A
:100878001FFEDDF81080DDF81490DDF818A0FFF7F2
:100888007FFFBDE8000FFFF77BFF03B05DF8048B27
:1008980088E8FF00BDE8F08F2DE9F047A54D86B048
:1008A8000023C41DEA7B07460E4624F00704CDE961
:1008B80002338DF80E206A7D2B788DF81020AA7DE2
:1008C8008DF809308DF811206B78EA7D8DF80A30A3
:1008D8008DF81220AB782A7E8DF80B308DF8132016
:1008E800EB786A7E8DF80C308DF814202B7995F80A
:1008F80026208DF80D300AB18DF80F30002E02A990
:100908004FF0000A0CBF2046002000F04DFE95F87D
:1009180000806B780444D14698445FFA88F85FFAFF
:100928008AF34345C0F0F4800334002E494624F08E
:10093800030414BF0020204601F028F8A9780444D5
:1009480071B1E01CEB78EA7B002E20F003041A4416
:1009580014BF002020466B89D2B201F08BF8044402
:1009680095F827308BB1697A79B195F82830E01C71
:10097800002B20F0030414BFFF222522002E0CBFF9
:100988002046002001F064F90444297B81B1AB784A
:1009980023B995F827305BB16B7A4BB1E01D002E77
:1009A80020F0070414BF0020204607F09DFA0444F5
:1009B800614B1B685BB1297949B1E01C002E6A7B49
:1009C80020F0030414BF00202046984704445B4BE2
:1009D8001B6853B1A97B41B1E01C002E20F0030431
:1009E80014BF0020204698470444554BD3F8008094
:1009F800B8F1000F0FD0E97B69B1E01C002EAB7C89
:100A080020F0030418BF0020009308BF20466B7C29
:100A18002A7CC047044495F8263063B1297951B13E
:100A2800E01C002E2A7D20F0030414BF002020467D
:100A380001F044F90444E87F68B103346B7EA97D72
:100A480024F007041944334644F00404C9B222468A
:100A580001F074F9044495F82010002962D0E01DD3
:100A6800002E4FF0FB0220F0070814BF002040467C
:100A78001EF09BFC08EB00041EB9FB21404619F050
:100A8800ADFCA97E00294FD0AB7F002B4CD0E01DD8
:100A9800002E4FF48C7220F0070814BF0020404647
:100AA8001EF083FC08EB00042B7E0334A97DA87F8D
:100AB80024F007041944334644F00404C9B222461A
:100AC80001F02EF904442EB94FF48A72A97E4046EB
:100AD80019F0A6FCEB6A13B106B9EC62283495F854
:100AE800241089B1E01D002E42F2107220F0070593
:100AF80014BF002028461EF058FC2C1826B942F2D4
:100B08001071284619F092FCE01B06B0BDE8F0878A
:100B18002B7A0AF1010AEA79A97968791EF017FC9B
:100B28008144FCE68846A7E7002ED3D132463146F9
:100B38003046CDE758070021540000215C00002111
:100B4800580000218FB572B61A4B1D6BE5B9BFF37B
:100B58004F8F1949194BCA6802F4E0621343CB60FE
:100B6800BFF34F8F00BFFDE7B4FBF6F4D3B20132F9
:100B7800002CF9D103F110026A4402F80C4C0A2443
:100B880033B901A8A847E2E7044600220A26EDE7A0
:100B9800013BDBB203F110020DEB0206C2B2B2FB5D
:100BA800F4F704FB17223032B0FBF4F006F80C2CF3
:100BB800E6E700BF5807002100ED00E00400FA0551
:100BC8001FB5164C02A8237A8DF80930E3798DF801
:100BD8000830A379ADF80C306379ADF80A3017F016
:100BE80035FA18B1B5210320FFF7ACFF012301A89E
:100BF8008DF8043020F058F808B1B921F3E7A07C4B
:100C080017F05CFA08B1BC21EDE7607C17F050FAE8
:100C180008B1BD21E7E704B010BD00BF58070021A7
:100C280038B50546002842D01DF0C2F810B94FF07B
:100C3800FF3038BD19F034FEB0F5FA7FF7D81E4CF6
:100C48001E482563002500F0C3FA262229462046BF
:100C580084F8345084F8355084F8275084F82850A4
:100C6800E56284F826501DF03BFB1B2240F201137D
:100C7800627140F21B3223800123E28040F202328B
:100C8800A37022811F222375FB2362814FF4027215
:100C9800A383A28144F6011263842282EFF31084B5
:100CA80072B601F06BF82CB962B62046C1E76FF056
:100CB8001500BEE72846BCE758070021C90B00010C
:100CC80010B5002840F0A680554C94F83430002B1D
:100CD80040F09D80A1B1002A6DD00139142900F29D
:100CE8009980DFE801F00B191C2C545C75325F62A7
:100CF80070383E4B507A7D8B8E918200137823702A
:100D080001210020FFF7C8FDB0F5803F80F2858003
:100D1800012384F8353010BD13786370F0E79378B9
:100D2800002B48D0D378002B45D013781A2B42D902
:100D380053781A2B3FD91368C4F80530E0E71378C5
:100D4800E278934237D3A370DAE71378A278934214
:100D580031D8E370D4E71378A27893422BD8E373A1
:100D6800CEE713783BB35378013BDBB2F82B22D89C
:100D78001388927823822B4B9A70C1E71078E0741D
:100D880017F024FCBCE71378ABB12375B8E71378E8
:100D980094F827200AB1012B0DD96372B0E71388A4
:100DA8006381ADE713782371AAE794F826101378C6
:100DB80021B9012B04D86FF01500ACE7002BFAD04D
:100DC800137863739CE71378082BF4D8A37397E719
:100DD8001388FF2BEFD8237392E7137863758FE797
:100DE80013780E2BE7D8A3758AE713680E49C4F861
:100DF8001A3053684B6013890B8181E71378E375C8
:100E08007EE7137863767BE71378237678E74FF0ED
:100E1800FF3080E76FF02C007DE76FF00B007AE77A
:100E280058070021680700217207002170B50D4698
:100E38000646F0B1E9B111F007041AD100F0FCF848
:100E4800D0B130460E4E1DF05FF8214686F83600C8
:100E58002846FFF721FD17F0E5FB96F83600F16A02
:100E680017F0E2F9FFF7ACFE0123204686F834308C
:100E780070BD6FF01500FBE74FF0FF30F8E700BFDB
:100E88005807002110B5084C94F834302BB117F0EE
:100E9800E7F994F836001DF053F81EF0CDFB00205A
:100EA80084F8340010BD00BF5807002150B1074B2B
:100EB80003F1140253F8041B934240F8041BF9D1C0
:100EC800002070476FF01500704700BF7FBC02011B
:100ED800074B93F8352010B532B993F834401CB954
:100EE80017F050F9204610BD4FF0FF30FBE700BF68
:100EF80058070021074B93F8352010B532B993F8FD
:100F080034401CB917F052F9204610BD4FF0FF309D
:100F1800FBE700BF5807002138B5094D95F8353073
:100F28005BB995F8344044B917F062F901232046BB
:100F380085F8273085F8283038BD4FF0FF30FBE7BB
:100F480058070021074B93F8352010B532B993F8AC
:100F580034401CB917F0C6F8204610BD4FF0FF30DA
:100F6800FBE700BF58070021074B93F8352010B561
:100F780032B993F834401CB917F0A6F8204610BDD2
:100F88004FF0FF30FBE700BF58070021074B93F8ED
:100F9800352010B532B993F834401CB91FF0CDFE96
:100FA800204610BD4FF0FF30FBE700BF5807002177
:100FB800074B93F8352010B532B993F834401CB973
:100FC8001FF0BEFE204610BD4FF0FF30FBE700BF0C
:100FD80058070021074B93F8352010B532B993F81C
:100FE80034401CB91FF0AFFE204610BD4FF0FF3053
:100FF800FBE700BF58070021074B93F8352010B5D1
:1010080032B993F834401CB91FF09FFE204610BD3A
:101018004FF0FF30FBE700BF5807002107C8024B1D
:1010280083E807000020704790070021014B9B6868
:10103800184700BF90070021024B9868003818BF76
:10104800012070479007002173B5031D2D4D0446FC
:101058002B60284605F038FA0228064606D12949A9
:1010680020461DF0C4FA304602B070BD042842D1B3
:101078002B78092B0AD0252B1ED0294620461DF097
:1010880030FBB0F5817F2DD3722112E005213E207F
:101098001DF080FA0028F0D1EB7801A92A7968467A
:1010A80043EA0223ADF800301DF0B7FE0028D0D087
:1010B80053210820FFF746FD1A213E201DF06AFA49
:1010C8000028DAD16B68694601A8C3F30F23ADF88D
:1010D800043011238DF806301DF0DDFE0028B8D04D
:1010E8006521E6E70028B4D0A17820781DF052FAEF
:1010F8000028B8D1ADE70828B5D1024920461DF02F
:10110800AEFAB0E79C070021074B4FF0FF3141F6DC
:10111800FF72C3E9001205490022C1E900221F211C
:10112800C3E90212704700BF00000021A008002197
:101138003F280CD801380B4BC0F3421200F01F00B7
:1011480053F8223023FA00F000F001007047FF281E
:1011580006D04038044BC0F3421200F01F00EFE7FE
:101168000120704700000021A0080021074B01461C
:10117800006849681A4603C240F48C221A6041F09C
:10118800107242F4FF625A60704700BF00000021ED
:101198000246024B0068516803C37047A00800214B
:1011A8000246024B0068516803C3704708000021DB
:1011B8000138064BC0F3421200F01F0003EB820314
:1011C8009B6823FA00F000F001007047000000213E
:1011D800014B1860704700BFA808002110B5FFF741
:1011E80093FF1EF079FE034B04461B6803B1984732
:1011F800204610BDA808002138B5274B0446D3F86F
:10120800A022D3F8A412013106D1D3F8A8324FF6A0
:10121800FF719BB28B423DD0D3073BD51E4DD5F80D
:10122800A422D5F8A832C4F80120A4F80530C3F3E5
:10123800072363F03F03A371D5F89032013323D01D
:10124800D5F8943201331FD0D5F8983201331BD02A
:10125800D5F89C32013317D0002001F005FE98B96B
:10126800D5F89002D5F89412D5F89822D5F89C3282
:10127800C4F80700C4F80B10C4F80F20C4F81330E2
:1012880001230020237038BD10220021E01D1DF02D
:1012980027F8F5E70023F4E70000FF0170B5274DB4
:1012A800102200210446D5F8A0621DF019F810227A
:1012B8000021A0181DF014F8D5F8803201330BD1A5
:1012C800D5F88432013307D1D5F88832013303D1F8
:1012D800D5F88C3201330BD0D5F88002D5F88412BA
:1012E800D5F88822D5F88C3220616161A261E3616A
:1012F800002001F0B9FD08B9F3071CD40F4BD3F84F
:10130800902201320BD1D3F89422013207D1D3F8BD
:101318009822013203D1D3F89C2201320BD0D3F8A2
:101328009002D3F89412D3F89822D3F89C32206014
:101338006160A260E360002070BD00BF0000FF0193
:1013480070B50C88C27CA6B2C4F30E04531D058880
:1013580004F118021D44825AADB21A4443882A4443
:10136800013AB2FBF5F202FB054292B29342044BFA
:101378008BBF3340B34313439BB20B8070BD00BF98
:101388000080FFFF10B5114B00EB41041A78638908
:10139800B3FBF2F303FB0223013A1A44B2F5706F70
:1013A800027928BF00231A448378B2FBF3F019446A
:1013B80003FB1020091AB1FBF3F003FB10131344CD
:1013C8006FEA43436FEA5343638110BDAC080021C1
:1013D800124B10B5E0B15A78022A04D040F25911E4
:1013E8001720FFF7AFFB03225A70026812F00701BB
:1013F80002D04FF4AF71F3E75C685A602244BDE84D
:101408001040026003F10C009A6030221CF068BFA3
:101418000122C3E901005A7010BD00BFAC080021C9
:101428002DE9F041264E96F801E00EF0FD0CBCF1D6
:10143800010F04D040F273111720FFF783FB91F8D6
:101448000680B8F1080F02D940F27511F4E7CF7998
:101458009FB345467B1D7268022D4FEA430402EB99
:10146800430338BF02256A1E6D421344C8F10002C7
:101478002B408D884544013D2A404FF6FE75AA420F
:1014880002D94FF4C071D7E7BEF1030F12D106EBB2
:1014980080001C1BC56815B140F28511CCE7C460FB
:1014A800A770228084F803C0087A09682071080CA4
:1014B8002181E08007FB02337360BDE8F08100BF43
:1014C800AC0800212DE9F047364C6378012B65D034
:1014D800032B04D040F295111720FFF733FBD4E912
:1014E80001329A4202D04FF4CC71F5E70023254629
:1014F8000B221E46994605F80C3B55F82200013A86
:1015080058B190F804808178B8F1FF0F2FD180F896
:1015180004908E423CBFCEB20123511CEDD103B1E1
:1015280026700B2640F6FF6955F826709FBB013ED2
:10153800FAD2042300206370BDE8F08755F82CE048
:10154800BEF1000F06D09EF804A0C24504BF9EF865
:1015580002E077440CF1FF3CBCF1000FEEDA3944AD
:10156800FF2907D903B126704FF49A71B4E794465E
:101578000027F1E70771CCE707EB410308F1010801
:101588003846A3F80A90FFF7FDFE5FFA88F1BB78AA
:101598008B42F1D8CBE74FF00008F6E702236068EA
:1015A8006370C9E7AC0800212DE9FF474A78064671
:1015B8008B780C461344FF2B04D940F2AB1117204B
:1015C800FFF7C0FA0B78934202D940F2AF11F6E761
:1015D800DFF8D481009038B198F80130022B02D09E
:1015E8000020FFF7E1FF6846FFF7F2FE6F4A002789
:1015F8000825637801A901924FF45A7238468DF88C
:101608000B30ADF808204FF0FF098DF80A508DF81F
:101618000C70FFF705FF664A01A9A3780120019223
:101628004FF47A728DF80B30ADF808208DF80A5017
:101638008DF80C70FFF7F4FE5E4A01A9E3780220EA
:1016480001924FF4AC728DF80B30ADF808208DF88C
:101658000A508DF80C90FFF7E3FE574A01A9237949
:101668000320019290228DF80B30ADF808208DF8F8
:101678000A508DF80C90FFF7D3FE637901A94F4A01
:1016880004208DF80B3001230192A8228DF80C302C
:10169800ADF808208DF80A50FFF7C2FEA379484A32
:1016A800CDE9027701928DF80A508DF80B308DF84C
:1016B8000C901BB116F07EFFADF8080001A90520BB
:1016C800FFF7AEFE3F4A0825E3794FF0FF09019284
:1016D800802201A906208DF80B30ADF808200027DC
:1016E8008DF80C908DF80A50FFF79AFE237A01A91D
:1016F800354A07208DF80B300223019278228DF8A5
:101708000C30ADF808208DF80A50FFF789FE2F4AF3
:1017180001A9637A284601924FF40A728DF80B30BA
:10172800ADF808208DF80A508DF80C70FFF778FE98
:10173800274A01A9A37A092001924FF48C72DFF895
:1017480094A0ADF808208DF80B308DF80C904FF46C
:1017580088798DF80A50FFF763FEE37A01A90A2019
:10176800CDF804A08DF80B30ADF808908DF80A502C
:101778008DF80C70FFF754FE237B01A90B20CDF8E0
:1017880004A08DF80B30ADF808908DF80A508DF84C
:101798000C70FFF745FEFFF795FED8F80400801B94
:1017A80004B0BDE8F08700BFAC080021F162010178
:1017B800A9E700016DAC000149130201E1850101AF
:1017C8003B1402014B140201F9670101656701012D
:1017D8004D680101F5680101034B03EB8003D868EC
:1017E80000B18078704700BFAC080021F8B54FF60B
:1017F800FF7305460380184B03EB8103D868B8B123
:1018080086780379B3FBF6F206FB1233DBB219468E
:101818000A1D00EB4202B2F902705488002F09DB5E
:101828000131B1FBF6F206FB1211C9B28B42EFD1BE
:101838000020F8BDFF29FBD0C4F30E03C4782B8029
:1018480024B940F2C7211720FFF77CF95380BDE87F
:10185800F8401DF05BBD00BFAC0800211E4B03EB38
:10186800810370B5DC6805464CB3B0F5706F04D3DE
:1018780040F2D5211720FFF765F9014620461DF0F3
:1018880028FDFF28014604D02046BDE870401DF021
:101898003DBDA078B5FBF0F300FB1353DBB219464E
:1018A8000A1D04EB4206B6F90260002E09DB01317D
:1018B800B1FBF0F200FB1211C9B28B42F0D100204B
:1018C80070BDFF29FBD08B4204EB42021CBF0023F2
:1018D800E3705580D8E700BFAC080021094B03EB43
:1018E8008103014610B5DC6820461DF0F2FCFF2894
:1018F800014604D02046BDE810401DF007BD002079
:1019080010BD00BFAC0800210F4B03EB810301465B
:1019180070B5DC68064620461DF0DBFCFF2805464E
:1019280010D0014620461DF0F1FCE28823890146CB
:10193800304643EA0243984720462946FFF722FDEE
:10194800002070BD0320FCE7AC08002138B50E4B21
:101958000446827903EB8203D86808B9022038BDAF
:101968008278E1799142F9D24B1CE37100EB410393
:101978005D89B3F90A30002BF3DBA5801DF0C6FCA6
:1019880020600020EBE700BFAC08002170B50446DA
:1019980010F003000E4603D049211820FFF7D2F8B3
:1019A8001DF03BFC054624B10348314604601DF098
:1019B80034FC284670BD00BFE80800212DE9F04F2F
:1019C8001E4C85B092469846226881460D46BDF861
:1019D8003830BDF83CB01AB95B211820FFF7B2F8CF
:1019E8001A460A21504603931DF0ACFA06465A4699
:1019F800092140461DF0A6FA3118074620681DF057
:101A080037FC039BC9F8000018B9286005B0BDE889
:101A1800F08F84195246314600932C600A23D9F876
:101A280000001DF042FA0923424639462868CDF8DD
:101A380038B005B0BDE8F04F1DF037BAE80800210E
:101A480070B50E4604461DF085FA054630461DF071
:101A580081FA044B2A1821461868BDE870401DF029
:101A680031BC00BFE8080021014B18681DF0F3BB2A
:101A7800E80800211144F8B5C9B21C4C10F0030560
:101A8800217003D04E210920FFF75CF81F2B17D8CF
:101A98009B009BB2033323F003039BB208B1606041
:101AA8002381282264684FF0010C4A438618EFB25C
:101AB800B94212D8D01D03FB010323F00700F8BD7B
:101AC800FF2B4FEA430204D9FF339342E1DB93B281
:101AD800E0E77C2AFBDC7C23DCE710B184F800C05B
:101AE8006660013528341E44E1E700BFEC08002198
:101AF800144A002138B553681478C8B2844203D810
:101B0800A9210920FFF71EF8184601312833057866
:101B1800002DF2D0002101241289051D8170447026
:101B280092088161C16100F12001446821F8022B0B
:101B3800994245F8044B1444F8D1002343610370DB
:101B480038BD00BFEC0800210A4B1B89B3F5FF7FA5
:101B58004FEA930006D25A089B1A9BB2984238BFA4
:101B680018467047B3F5EE6F01D8FF22F4E740F24C
:101B78007263F3E7EC0800212DE9F8434B788046BF
:101B88000C4602F0040602F0FB07D3B1DFB12F4B7D
:101B9800D4F804901D89BFBB0123AD084A46211D16
:101BA800637004F1280004F12003A761E76123F8BA
:101BB800025B984241F8042B2A44F8D10023636160
:101BC80001E0002FE3D0002E4FF0FF0318BF0226DC
:101BD800A370A3191B7D032B03D1022F1CBF013651
:101BE800F6B2A31901221A7506F10C02002304EBC0
:101BF800860624F8123072684046A370C8F80020A0
:101C0800A8F80430BDE8F883002114226170A018F8
:101C18001CF066FBB5F5FF7F0FD26B08ED1AADB26D
:101C280009EB0502C4F804902584A2606384C4F813
:101C38000C90A5842261E384C5E7B5F5EE6F4FF0FB
:101C4800FF03EBD940F27265EAE700BFEC08002118
:101C58002DE9F7431FFA82F804461FFA81F90F4667
:101C680016462E214A4640461DF06CF905465CB1E1
:101C78002E23014642462046CDF800901DF015F966
:101C8800034B1C601F715E71284603B0BDE8F083EA
:101C9800F8080021024B5A7919791868FFF7D8BF5C
:101CA800F8080021014B1868704700BFF8080021A8
:101CB800014B5879704700BFF80800212DE9F74318
:101CC80005460C46F720052190461DF03BF90646CF
:101CD80085B115F0030703D08F211920FEF732FFD5
:101CE800DFF83890C9F81050A5B2A9F81400BBB2B3
:101CF8009D4204D806FB04F003B0BDE8F083B9F8B0
:101D080014C00523D9F81000F7223146CDF8008019
:101D180007FB0C0001371DF0C8F8E8E708090021A7
:101D280007B5CDE900230B4603490246081D1DF0FF
:101D38005DFC03B05DF804FB2009002113B5064CD7
:101D4800CDE900230B46024604F1080104F10C001A
:101D58001DF04CFC02B010BD20090021024B0146C9
:101D6800D3E900201DF0AEBA20090021024B01463C
:101D7800D3E902201DF0A6BA20090021144B012244
:101D880000214FF0FF309A60C3F80012C3F808032F
:101D9800C3F80015C3F804259A60C3F808034FF484
:101DA8008040C3F80015C3F8042503F5805341F6B5
:101DB800F8720849C3F80825C1F88000BFF34F8FAF
:101DC800BFF36F8FC1F88001C3F80825704700BFC3
:101DD80000E0004100E100E08C463822064B00B5E7
:101DE8000CF8032B8E4607CBCEF80300CCF8041072
:101DF800CCF808205DF804FB3C09002170B5224DA1
:101E0800E96AAC6A0B78A83403F00303032B1AD1F0
:101E18006B8E01202A8E0343207442F400626B8685
:101E28006B6B2A869847E96A237E013B18BF01231A
:101E380023764B7833B1D4E92232013342F10002E0
:101E4800C4E9223270BD002BEED04B78002BEBD0CA
:101E58002A8E42F400622A86AA6B002AF2D0FB2B53
:101E680008D895F83C3063B16B6B00212020BDE8A1
:101E78007040184795F83D3043F0100385F83D3021
:101E880070BD01230370CFE73009002110B5114C54
:101E980017F01AFA16F062FD0021636B208E98473E
:101EA800237E4BB9236C94F83D1094F83E00984774
:101EB800002384F8443010BD94E8070004F10C03B3
:101EC80083E807000222044904F1190004F098FC91
:101ED800E8E700BF30090021E11D0001034B93F83A
:101EE800443003B97047FFF7D1BF00BF3009002164
:101EF800174A92F824307BB180B992F84810C90685
:101F08000ED5FBB10021538E9B0713D5536DDB789B
:101F1800981E18BF012070470128EED00020704796
:101F2800D16C906B0978C1F30011C1F1010120B1A6
:101F3800002BE8D131B101207047B2F850000028D9
:101F4800F9D1F5E7508E003818BF0120704700BF5F
:101F58003009002108B5094B93F84420022A07D11B
:101F6800DA7A42F00102DA72BDE80840FFF78EBF64
:101F780040F23D212720FEF7E5FD00BF3009002192
:101F8800F8B5234C0646A56AE36C95F8CB2005F115
:101F9800A80794F85800E3620AB1031DD8B2FF28D5
:101FA80095F8711004D11EB995F87030994203D094
:101FB80016F0EEFE97F823201AB3E06D17F0ACFD8B
:101FC80094F82430E16D003BE06A18BF012384F8DF
:101FD8007830D7E92223C4E91C2316F065FC3EB902
:101FE80095F8710010F00C0018BF282017F0F2FDCA
:101FF80095F87010002017F051FE022384F8443041
:10200800F8BDE06A17F088FD16F0A8FCE7E700BF06
:102018003009002170B57F4C002382B0A56A8DF885
:10202800053095F8CB2005F1A80694F858300AB188
:102038000433DBB2FF2B11D180B995F8713095F8D4
:1020480070108B4202D0FF2016F0A2FEB37D032B46
:1020580000F2DA80DFE803F00520847495F8701048
:10206800F1E794F8BA306C48ADF80630A5F860305E
:1020780000F062FE002840F09A800DF105020DF193
:102088000601D4F8BC001CF087FF606520B196F803
:102098006130002B00F0A280604B18466365F37D29
:1020A800DB0003F00802037803F0F3031343327EE6
:1020B800920002F00402134303F0EF0203F003035B
:1020C800032B027002D1C378022B12D0D4F8BC00C3
:1020D8001CF0E3FF48B9606D027802F00303032B9C
:1020E80007D000F051FE002871D1606D027842F0EF
:1020F8001002027096F8223013B14378002B43D1B6
:1021080017F00AFD16F02AFC666D04F02BFE20B1CC
:10211800337803F00303032B5CD095F8711001208A
:1021280017F0BCFD626D01233D491088927884F850
:10213800C030A4F8480084F844308A7002B070BDFA
:10214800354800F0F9FD002859D0606DC3781B2B85
:10215800A5D1012105F1100016F050FE606D9EE733
:10216800B5F860300DF105020DF10601D4F8BC0098
:10217800ADF806301CF010FF606500288FD140F2E2
:10218800D6212720FEF7DEFCE06D17F0C5FC94F899
:102198002410E06DD6E92023B1FA81F6616D760945
:1021A800C4E91C2384F8786016F07EFBACE7638EE4
:1021B8008020616D43F08003626B63869047012144
:1021C800606D7174C3781B2B7FF469AFC2E7606DD3
:1021D80002788EE7012018F005FB9EE79DF8053090
:1021E8002BB1BDF8061003F0A3FF606D57E703801D
:1021F80001218370606D03F00DFE606DF1E740F220
:10220800DF212720FEF79EFC4FF43B712720FEF7C5
:1022180099FC00BF3009002184090021B809002178
:10222800780900212DE9F041444C82B006460F465A
:1022380094F84420A56A012A5FFA82F805F1A805F6
:1022480077D12B7C6BB1638E0021042043F004030B
:1022580029746386636B984794F824300BB185F82A
:102268001280616D0A7802F00302032A44D04B7889
:10227800EBB10223AB7595F8233023B3A36A93F827
:10228800711094F824300139003B18BF012384F8F9
:102298007830D5E92223C4E91C2394F8582007296B
:1022A80042D8DFE801F03E0941074141413B0123A3
:1022B800AB75E0E74FF00308002143460120009189
:1022C8001F4916F08DFA012F11D186B9D4F8C43000
:1022D8003046984758B194F83D3043B93046FFF737
:1022E80007FE20B902B0BDE8F041FFF749BE02B0D1
:1022F800BDE8F041FFF7CABDAB7D63B9638E02202C
:1023080043F002036386636B9847616D0B7803F0B3
:102318000303032BABD10323AB75ACE74FF00208E3
:10232800CAE74FF00008C7E740F2B9310620FEF7C8
:1023380009FC40F25C412720FEF704FC300900212B
:10234800900900210C4B0D4A70B50D4C1A6094F899
:10235800443063B906460D4603F0FF02012104F13B
:102368008800227603F056FDE664E56570BDDF213E
:102378002720FEF7E7FB00BF600000217C2C00014E
:1023880030090021044A92F8443003F0FF000BB9E9
:10239800107670470C20704730090021024B01224B
:1023A80083F83C20704700BF300900212DE9F04335
:1023B80085B0BF4C02AD85E8030094F844100C9832
:1023C800002940F0E181002B18BF002A00F0DC81D1
:1023D800002800F0D98101F0FF06C4F8C430206459
:1023E80004F12403626384F83C6084F83D6084F857
:1023F800C86084F83E6084F8C0606686268695E8E2
:10240800030083E80300A56A16F02CFD16F0A6FA6F
:1024180095F9740005F1A80716F040FEA86A17F0B0
:102428005FFB286A16F040FE97F8330016F046FE68
:1024380094F82430002B00F0B08004201CF030F811
:10244800EA6941F64B539A4294BF4D20962016F004
:1024580055FC95F87110012017F04CF8002800F091
:10246800B080944B186817F041FB6B69C4F8BC3016
:10247800AB69C4F8CC3095F87F301BB9A96F002937
:1024880040F0D380D7F89C30DFF82CC2D7F8900002
:10249800D7F89410D7F89820ACE80F00D7F8A030F8
:1024A800C4F87930D7F8A430CCF80D3094F824303B
:1024B800002B40F08980A36A93F8C520263A012AA8
:1024C80040F2DD8093F8C620262A00F0D88093F8E1
:1024D8007080B8F1040F08BF4FF0080805F13809FB
:1024E8004146484604F014FB414602F00FFCB5F89B
:1024F8004430024695F871104846934228BF134667
:1025080084F8BA3004F0FEF995F8711097F8239022
:102518000829B5F84C8008BF042102F0F7FBB9F18F
:10252800000F01D1043080B2404528BF40465FFA11
:1025380080F884F8D08004F015FC20B1B8F12B0F96
:1025480038BF4FF02B0894F8241084F858800029DD
:1025580040F0D48097F82230002B00F0B780012398
:1025680095F87060E86984F87830013ED7E920234F
:10257800C4E91C2341F64B53984294BF0420002021
:10258800072E00F2E880DFE816F09A00EB00E6007C
:102598009900E600E600E600ED0003201BF080FF4E
:1025A800EA6941F64B539A4294BF4D20962016F0A3
:1025B800A5FB95F87010002016F09CFF00287FF40A
:1025C80050AF05B0BDE8F083A26A92F8C530A3F118
:1025D800260101293AD992F8C600262836D0A3F157
:1025E80021011346012900F2CB80242840F08D8078
:1025F80092F86E3192F8691092F870800B405A0781
:1026080000F18A8013F0010240F0B2809B077FF549
:1026180065AFB8F1040F7FD0B8F1080F7CD0B8F1DE
:10262800010F18BF4FF0020858E7B7F84E20BB8AD1
:1026380093427FF427AFB5F87C2013440122A7F812
:102648004E3095F87E0018F0A9F81BE792F8B633DB
:1026580092F87080002B3FF441AFB8F1080F5BD0BF
:10266800B8F1040F58D0082B56D0042B54D0B8F129
:10267800010F01D0012B18D14FF001082EE793F874
:102688001A2393F87080002A3FF428AFB8F1080F96
:1026980042D0B8F1040F3FD0082A3DD0042A3BD0DD
:1026A800B8F1010FE8D0012AE6D04FF0020815E78B
:1026B8003009002160000021900900210321002237
:1026C8000B4636490092FB2216F08AF80120FFF7E4
:1026D800A1FC334BD3F8503523F00803032B58D013
:1026E8000023B98A97F83320A360C4E900332B8804
:1026F80061802271238005B0BDE8F08397F823300C
:102708006BB90120FFF73CFCE3E792F86E3192F8D1
:10271800708059077FF576AF4FF00808DEE695F828
:1027280071300122D7E92201013B84F87820C4E9FD
:102738001C01072B0FD8DFE803F005170E040E0E57
:102748000E19032600213346424601200091134901
:1027580016F046F8D5E740F2B9310620FEF7F2F94F
:102768000121ACE70221AAE70126EBE70226E9E707
:10277800B8F1080FD0D0B8F1040FCDD09046ADE62F
:1027880024287FF4A4AE33E74FF4A8712720FEF77E
:10279800D9F94FF4FD712720FEF7D4F990090021EB
:1027A8000080004110B5184C94F84430EBB194F80F
:1027B80024308BB194F84430022B20D1A36AD3F88B
:1027C800F00217F0DDF9A06A90F87F3003F0FF02FD
:1027D8000BB9836F63B910BD94F84430012BF2D064
:1027E80040F20F212720FEF7ADF9FFF74FFBEAE78C
:1027F800114690F87E00BDE8104017F0CFBF40F2B8
:1028080013212720FEF79EF930090021FFF73EBB70
:10281800014B1876704700BF30090021014B93F82F
:10282800C000704730090021024B188EC0F3802089
:10283800704700BF30090021014B93F8C80070476A
:10284800300900212DE9F0411E4F820782B005466C
:10285800BC6A0E4604F1A80411D4EB070CD5217EFE
:10286800D4E92232013342F100020129C4E92232BB
:102878000CBF00230123237602B0BDE8F081BB6BB7
:10288800DBB1B7F850201846F96A033291F8018095
:102898001BF0B0FC0DF1020201A9F862D7F8CC00D8
:1028A8001CF0B1FC01981CF098FC012230604146F4
:1028B800D7F8CC001CF03DFCCFE740F24D41272073
:1028C800FEF740F9300900212DE9F047002386B0D2
:1028D800B54C06468DF80F300F46A56ACDE904338E
:1028E80094F84430A835022B5FFA83F840F0B2819F
:1028F800238E13F0400106D1636B40209847238E46
:1029080043F040032386002E5AD095F82330002B3D
:1029180040F02B81D4F82CA09AF8011089B2A4F8C1
:102928005010002940F038810023A3639AF8000072
:10293800238EE97DC0F3800243F48073914223869D
:1029480000F0DF80A26A94F8241002F1A80999F82F
:102958001620EAB1022A00F06381002389F81630B4
:1029680021B199F81220002A40F04F8199F81130CE
:10297800002B40F0268199F81730D4F82CA0012BB1
:102988000CBF0023012389F81730238E9AF8000022
:1029980043F48062C0F3C0034FF0000922862A7E08
:1029A8009A4200F0B58004F0DDF9C0B19AF8003021
:1029B80003F00303032B12D1012017F013FF0EE0DD
:1029C80095F82320002A40F0CC8043F400734FF0A0
:1029D8000009238694F8C830013384F8C83095F884
:1029E80022305BB394F82430A26AB3FA83F392F8E6
:1029F80070105B09D069013984F8783041F64B537F
:102A0800984294BF04200020D5E92023C4E91C2360
:102A1800072900F2F280DFE811F0A1000800F000B9
:102A28009E00F000F000F0000A004FF001080022BC
:102A380043465E490092FB2215F0D2FE002F49D191
:102A480094F8C830012B45D8D4F8C43001209847F1
:102A580000283FD094F83D30002B3BD10120FFF7F0
:102A680047FA0746002835D1FFF7D4FA9DF80F300A
:102A7800002B36D1B9F1000F08D094F82430002B80
:102A880060D1B4F809300133A4F8093076B3B4F84A
:102A980005300022013384F8C820A4F805304448E2
:102AA80005F022F9049840B11CF097FBA16A0023B5
:102AB80008220130037203F083FE059B33B1A16A3B
:102AC800002010221872059803F07AFEA7B906B004
:102AD800BDE8F08717F04CF99DF80F300127002B5F
:102AE800C8D005A90220FFF7ADFEC3E7B4F8073048
:102AF8000133A4F80730D2E7FFF7C8F906B0BDE8FC
:102B0800F087C0F3C0032A7EB1469A427FF44BAFE8
:102B180004F028F900284DD0D4F82CA09AF80030F9
:102B280003F00303013B012B44D89AF8012094F8E1
:102B3800D0309A423ED994F83D3043F0100384F8DF
:102B48003D3030E7B4F80530B4F80710AA8A0B43D3
:102B580013439BD095E74FF0030868E74FF0000850
:102B680065E715F079FF238E2FE715F03BFF15F089
:102B78001DFFD4F82CA09AF8011000287FF4CEAEDF
:102B880000293FD09AF800302A7EC3F3C0039A4246
:102B98005AD089B2A4F85010D4F8CC001CF09EFA90
:102BA800D4F82CA0A063C1E63009002190090021C7
:102BB800540900210DF10F00FFF720F9D4F82CA0DB
:102BC800F1E64FF0000A89F811A000F0C7F80028D4
:102BD8004AD0638E5146082043F008036386636B2E
:102BE8009847D9F880300133C9F88030D9F8843053
:102BF80043F10003C9F88430BDE640F2B93106203C
:102C0800FDF7A0FFA4F850108EE6194689F8123097
:102C1800638E102043F010036386636B9847A5E624
:102C280004A9D4F8BC001CF0D9F9C0B1D9F8803097
:102C380094F824100133C9F88030D9F8843043F16E
:102C48000003C9F8843088E6012384F83E30FFF792
:102C58001DF93CE740F2CF412720FDF773FF40F212
:102C6800CB312720FDF76EFF40F2E2312720FDF738
:102C780069FF00BF5D1F0001D12800012D2200015E
:102C8800E51E0001044B4FF6FF7200219A86DA8692
:102C980083F832101A877047040A0021044B4FF654
:102CA800FF7200219A86DA8683F832101A877047F5
:102CB800040A0021054B9A8E824205D100214FF665
:102CC800FF7283F832109A86704700BF040A002109
:102CD800014BD886704700BF040A00210A4A4FF604
:102CE800FF710346B2F834C08C4503D00022104669
:102CF8001A60704792F83210012902D001201A6038
:102D080070470020704700BF040A0021064B93F863
:102D18003220012A06D00122D98E104683F83220AB
:102D28009986704700207047040A0021014B1887D4
:102D3800704700BF040A0021074B0246B3F834C0AD
:102D4800198F8C4501D00020704793F83200002875
:102D5800FAD0012013607047040A0021094B998EAC
:102D68001A8F914201D0002070474FF6FF7193F8F7
:102D780032209986002AF6D00022012083F83220DA
:102D8800704700BF040A0021064B998E1A8F9142A2
:102D980001D00120704793F83200B0FA80F0400962
:102DA800704700BF040A0021704700BF034648B9B6
:102DB800094B4FF0010C08688A88586003F804CB67
:102DC8009A807047012800D07047034A08688988AC
:102DD8009372D06011827047400A002140B90C4AB2
:102DE80013781BB15068128908608A8018467047AA
:102DF800012809D1064A937A002BF7D0D068128AA5
:102E0800086018468A80704700231846704700BF3C
:102E1800400A002100B580EA020C1A78087891F877
:102E280005E050404A78604493F801C082EA0C02F9
:102E380091F802C0024498788CEA000CC87894444F
:102E4800DA7850400A7900EB0C0193F804C05879FD
:102E580082EA0C038EEA00020B44DA420CBF01201E
:102E680000205DF804FB00BF10B9054B18787047C7
:102E7800012802D1024B987A70470020704700BFA2
:102E8800400A00216E4B2DE9F0475A781C18013A88
:102E980094F802C1D2B282425A7036D168B393F81C
:102EA800022162452FD0012827D093F803216245DB
:102EB80029D0022821D093F80421624523D0032881
:102EC8001BD093F8052162451DD0042815D093F82E
:102ED8000621624517D005280FD093F807216245CF
:102EE80011D0062809D093F8082162450BD007288D
:102EF80003D093F80921624505D01A78013AD2B275
:102F080094451A7043D1BDE8F0871101060100EB22
:102F18004000B71C82364FEA400E881C82311D18CB
:102F280053F800A0D8190EF5857ED5F80490D5F889
:102F38000880ED6843F807A0C0F80490C0F808803E
:102F4800C560581853F8018002EB4201D0F804908C
:102F58001A4487684900C568981943F8068001F53E
:102F68008571C0F804908760C56092F8020184F802
:102F780002015818595843F80E1003EB0E018088C7
:102F8800888092F83A21587884F83A2186E7C2EB8B
:102F9800C202CCEBCC0102F5A97201F5A9719C58CB
:102FA8001A4458185C50918894795A7881808471B1
:102FB8001978002AA7D093F80201884231D0012A53
:102FC800A1D093F8030188422DD0022A9BD093F810
:102FD800040188422BD0032A95D093F80501884232
:102FE80023D0042A8FD093F80601884221D0052ADD
:102FF80089D093F8070188421FD0062A83D093F816
:103008000801884217D0072A3FF47DAF93F80921B9
:103018008A427FF478AF0722134483F802C1BDE8DF
:10302800F0870022F8E70122F6E70322F4E70222FC
:10303800F2E70422F0E70622EEE70522ECE700BFFC
:10304800540A0021F0B52B4D89B095F88A416E4697
:1030580005F5C671304622461BF0CCF854B132193A
:10306800002412F8013D83F0010396421C44E4B2A7
:10307800F7D10CB909B0F0BD02AE04EB4401013C34
:103088003046C9B2FDF7D2FF95F894715FFA84FC17
:1030980019484FF0010E0CEB4C0CB44407F1200317
:1030A8000DEB03023B4612F8201C71B195F88A110A
:1030B8000133B3FBF1F201FB123303F120026A443E
:1030C80012F8204C002CF3D1DFB203EB4301BCF81B
:1030D800004002F820EC445229449CF8022081F870
:1030E8009A212B44B445ACF1030283F88CE1C1D09A
:1030F8009446D3E7540A0021EC0B002170B505462D
:103108008CB00C46002A52D02E4890F89431C11841
:1031180091F88C21002A4FD003EB430290F88AC122
:1031280001334FF0000E024492F89861E670B3FB49
:10313800FCF60CFB163380F8943192F89931237120
:1031480092F89A31637181F88CE190F8B83143B301
:103158006379EC4603F03F0343F0400363718DF855
:103168001D300023286806938DF81C306968AA680A
:10317800CDE90433E3788DF81F3023798DF81E30BC
:10318800EB68ACE80F0068461AF018FE9DF82F109F
:103198009DF82E209DF82D3021706270A3700CB020
:1031A80070BD094900F5D87003F0CAFAD0E70321C9
:1031B8006018FDF73BFFCBE74FF480712820FDF73F
:1031C800C1FC00BF540A00214D300001044B5A785D
:1031D800824203D9184490F84A017047002070478A
:1031E800540A0021044B5A78824203D9184490F8B3
:1031F8004201704700207047540A0021064B002204
:103208004FF461711A8083F8B92183F8BA21A3F8C1
:10321800BC1183F8B8217047540A0021014B83F888
:10322800BA017047540A0021014B93F8BA0170475C
:10323800540A0021D34B2DE9F0431C78002C00F0F0
:10324800368191F800C091F8018093F8545193F8B1
:10325800536188EA050593F855918CEA060691F8BA
:1032680004E0354493F85261464035448E7886EA46
:10327800090909EB0507CD7893F8569185EA0909FC
:10328800B9444F7993F857118EEA0101894493F8AC
:103298005811794011EB090100F00D81012C00F063
:1032A800068193F85B1193F85A9188EA01018CEA38
:1032B8000909494493F8599180EA0909494493F85E
:1032C8005C9186EA0909894493F85D11694089444B
:1032D80093F85E118EEA0101494493F85F9187EAF9
:1032E800090919EB010F00F0E580022C00F0DF80DE
:1032F80093F8611193F862918CEA010188EA09094F
:10330800494493F8609180EA0909494493F8639124
:1033180086EA0909894493F864116940894493F855
:1033280065118EEA0101494493F8669187EA090913
:1033380019EB010F00F00381032C00F0B88093F81B
:10334800681193F869918CEA010188EA09094944EE
:1033580093F8679180EA0909494493F86A9186EAE3
:103368000909894493F86B116940894493F86C11F1
:103378008EEA0101494493F86D9187EA090919EB2E
:10338800010F00F0DE80042C00F0918093F86F119B
:1033980093F870918CEA010188EA0909494493F885
:1033A8006E9180EA0909494493F8719186EA0909FE
:1033B800894493F872116940894493F873118EEA2D
:1033C8000101494493F8749187EA090919EB010F3F
:1033D80000F0BC80052C6AD093F8761193F87791A9
:1033E8008CEA010188EA0909494493F8759180EA51
:1033F8000909494493F8789186EA0909894493F8B8
:1034080079116940894493F87A118EEA0101494497
:1034180093F87B9187EA090919EB010F00F09B806B
:10342800062C44D093F87D1193F87E918CEA010123
:1034380088EA0909494493F87C9180EA09094944D2
:1034480093F87F9186EA0909894493F880116940C5
:10345800894493F881118EEA0101494493F88291D5
:1034680087EA090919EB010F7AD0072C1FD093F8C6
:1034780084118CEA010C93F8851188EA010893F805
:103488008311C444484093F8861160444E4093F831
:10349800871130444D4093F8881128448EEA010E74
:1034A80093F8891186444F4017EB0E0F45D0012041
:1034B800BDE8F083012158780028F8D093F802413C
:1034C8008C4240D00128F2D093F803418C423FD07F
:1034D8000228ECD093F804418C423ED00328E6D071
:1034E80093F805418C423DD00428E0D093F806417A
:1034F8008C423AD00528DAD093F807418C4237D06D
:103508000628D4D093F808418C4234D00728CED06E
:1035180093F809418C4231D00828C8D908210846B7
:1035280002B110700B4493F83A2193F84A01012A2A
:1035380008BF40F00100BDE8F0830721BBE7022186
:10354800B9E70321B7E700210846E9E70421B2E714
:1035580001210846E4E70521ADE702210846DFE737
:103568000621A8E703210846DAE704210846D7E739
:1035780005210846D4E706210846D1E70721084671
:10358800CEE700BF540A00212DE9F84FCA4C174670
:1035980098462578002D00F04A810E7894F853A1BA
:1035A80094F852C186EA0A0A91F801E080EA0C0C04
:1035B80091F80290CA78E24494F854C10B798EEAE3
:1035C8000C0C94F858B1E24494F855C189EA0C0CF3
:1035D800D44494F856A182EA0A0AD44494F857A12C
:1035E80083EA0A0AE24491F805C08CEA0B0B1BEB4C
:1035F8000A0A00F02581012D00F0608194F85BA192
:103608008EEA0A0B94F85AA186EA0A0ADA4494F870
:1036180059B180EA0B0BDA4494F85CB189EA0B0BD8
:10362800DA4494F85DB182EA0B0BDA4494F85EB19F
:1036380083EA0B0BDA4494F85FB18CEA0B0B1BEBB3
:103648000A0F00F0A981022D00F0388194F862A1D8
:103658008EEA0A0B94F861A186EA0A0ADA4494F819
:1036680060B180EA0B0BDA4494F863B189EA0B0B7A
:10367800DA4494F864B182EA0B0BDA4494F865B141
:1036880083EA0B0BDA4494F866B18CEA0B0B1BEB5C
:103698000A0F00F08381032D00F0108194F868A1CF
:1036A80086EA0A0B94F869A18EEA0A0ADA4494F8C1
:1036B80067B180EA0B0BDA4494F86AB189EA0B0B1C
:1036C800DA4494F86BB182EA0B0BDA4494F86CB1E3
:1036D80083EA0B0BDA4494F86DB18CEA0B0B1BEB05
:1036E8000A0F00F05D81042D00F0E88094F86FA1C6
:1036F80086EA0A0B94F870A18EEA0A0ADA4494F86A
:103708006EB180EA0B0BDA4494F871B189EA0B0BBD
:10371800DA4494F872B182EA0B0BDA4494F873B184
:1037280083EA0B0BDA4494F874B18CEA0B0B1BEBAD
:103738000A0F00F03781052D00F0C08094F876A1BB
:1037480086EA0A0B94F877A18EEA0A0ADA4494F812
:1037580075B180EA0B0BDA4494F878B189EA0B0B5F
:10376800DA4494F879B182EA0B0BDA4494F87AB126
:1037780083EA0B0BDA4494F87BB18CEA0B0B1BEB56
:103788000A0F00F01181062D00F0988094F87DA1B1
:1037980086EA0A0B94F87EA18EEA0A0ADA4494F8BB
:1037A8007CB180EA0B0BDA4494F87FB189EA0B0B01
:1037B800DA4494F880B182EA0B0BDA4494F881B1C8
:1037C80083EA0B0BDA4494F882B18CEA0B0B1BEBFF
:1037D8000A0F00F0EB80072D00F0EA8094F88411BE
:1037E8004E4094F885118EEA010E94F883117644C0
:1037F800484094F88611064489EA01010E4494F879
:1038080087114A4094F8881132444B40134494F885
:1038180089218CEA020C1CEB030F00F0D08063783E
:10382800072B40F2CE8007252846BDE8F88F63783D
:10383800072BF8D801232A46237040F2531349E096
:1038480055466378002B4FD094F80221AA4200F025
:103858009F80012B48D094F80321AA4200F0988059
:10386800022B41D094F80421AA4200F09180032B46
:103878003AD094F80521AA4200F08A80042B33D06C
:1038880094F80621AA4200F08380052B2CD094F8E6
:103898000721AA427CD0062B26D094F80821AA42F8
:1038A80076D0072B20D094F80931AB420CBF1225F3
:1038B80007252846BDE8F88F540A00216378072BAE
:1038C800B1D86B1C072D23707DD8C5EBC503EA0062
:1038D80003F253130E68521BE6502344898822448E
:1038E8009980637882F852011E015A1C394604EB0C
:1038F8000309B01C62701022204401F03BF906F164
:10390800820010224146204401F034F9102140463B
:1039180001F0C4F803461021384689F8423101F015
:10392800BDF86678002389F84A01701E89F80251AB
:1039380089F83A31C0B206B300F5A17224491E468F
:10394800224412F8013983F001038A423344DEB27B
:10395800F7D100F5A5701F4B0022204410F801197B
:1039680081F0010198420A44D2B2F7D1012E04D85D
:10397800002A0CBF3346731CDEB2002084F88A612B
:10398800054684F89401FFF75DFB2846BDE8F88FEB
:1039980012252846BDE8F88F012552E7022550E791
:1039A80003254EE704254CE705254AE7062548E7A1
:1039B8006378072B3FF638AF0823237085E7072580
:1039C8003FE70135257069212820FDF7BBF800BFC6
:1039D800950B00219D0B0021C94B1A78002A00F095
:1039E80038812DE9F04191F800C04F7893F854419F
:1039F80093F853517C4093F855818CEA050591F86A
:103A080004E02C4493F8525145402C448D7885EAC3
:103A1800080808EB0406CC7893F8568184EA08086D
:103A2800B0444E7993F857118EEA0101884493F80F
:103A38005811714011EB080100F00D81012A00F0C6
:103A4800058193F85A1193F85B818CEA010187EAA2
:103A58000808414493F8598180EA0808414493F8DA
:103A68005C8185EA0808884493F85D1161408844C0
:103A780093F85E118EEA0101414493F85F8186EA6A
:103A8800080818EB010F00F02081022A00F0DE8000
:103A980093F8611193F862818CEA010187EA0808BA
:103AA800414493F8608180EA0808414493F86381AF
:103AB80085EA0808884493F864116140884493F8BB
:103AC80065118EEA0101414493F8668186EA080887
:103AD80018EB010F00F0FB80032A00F0B78093F881
:103AE800681193F869818CEA010187EA0808414462
:103AF80093F8678180EA0808414493F86A8185EA67
:103B08000808884493F86B116140884493F86C1155
:103B18008EEA0101414493F86D8186EA080818EBA2
:103B2800010F00F0D680042A00F0908093F86F11FE
:103B380093F870818CEA010187EA0808414493F8F8
:103B48006E8180EA0808414493F8718185EA080883
:103B5800884493F872116140884493F873118EEA8F
:103B68000101414493F8748186EA080818EB010FB3
:103B780000F0B380052A69D093F8761193F877811D
:103B88008CEA010187EA0808414493F8758180EAC4
:103B98000808414493F8788185EA0808884493F82E
:103BA80079116140884493F87A118EEA0101414401
:103BB80093F87B8186EA080818EB010F00F09180E2
:103BC800062A43D093F87D1193F87E818CEA01018F
:103BD80087EA0808414493F87C8180EA0808414450
:103BE80093F87F8185EA0808884493F8801161403A
:103BF800884493F881118EEA0101414493F8828147
:103C080086EA080818EB010F6FD0072A1ED093F830
:103C180084218CEA020C93F88521574093F883217C
:103C2800BC44504093F886216044554093F887215E
:103C38002844544093F8882120448EEA020E93F8D1
:103C480089218644564016EB0E0F3CD00020BDE873
:103C5800F081104670470A4658780028F7D093F844
:103C68000211914237D00128F0D093F80311914204
:103C780035D00228EAD093F80411914233D00328B2
:103C8800E4D093F80511914231D00428DED093F89E
:103C9800061191422DD00528D8D093F807119142EA
:103CA80029D00628D2D093F80811914225D00728A8
:103CB800CCD093F809319342C8D10720FFF7E2F836
:103CC8000120BDE8F0810722C6E70122C4E70222ED
:103CD800C2E70322C0E70020F0E70422BCE7012086
:103CE800ECE70522B8E70220E8E70622B4E703205C
:103CF800E4E70420E2E70520E0E70620DEE700BF6E
:103D0800540A0021084B5878013840B2002809DBD2
:103D180010B5C4B22046FFF7B5F8601E40B2431C88
:103D2800F7D110BD704700BF540A0021014B83F83A
:103D3800B9017047540A0021014B93F8B901704743
:103D4800540A0021421E4AF2B711034692B28A422F
:103D580004D8034A0120A2F8BC31704700207047FC
:103D6800540A0021014BB3F8BC017047540A0021E2
:103D7800C74B2DE9F0431F78002F00F0338191F8ED
:103D880000C04E7893F8542193F8534172408D78CF
:103D98008CEA040493F8559193F85681224493F8D9
:103DA800524185EA090991F804E044402244CC785C
:103DB80049794A4484EA080808EB020993F85781CC
:103DC8008EEA080202EB090893F858214A4012EBE0
:103DD800080200F00A81012F00F0048193F85B21AA
:103DE80093F85A8172408CEA0808424493F8598142
:103DF80080EA0808424493F85C8185EA0808904400
:103E080093F85D216240904493F85E218EEA0202A5
:103E1800424493F85F8181EA080818EB020F00F02A
:103E28001C81022F00F0DE8093F8612193F86281F3
:103E38008CEA020286EA0808424493F8608180EA24
:103E48000808424493F8638185EA0808904493F887
:103E580064216240904493F865218EEA020242444C
:103E680093F8668181EA080818EB020F00F0F780E2
:103E7800032F00F0B78093F8682193F869818CEAE2
:103E8800020286EA0808424493F8678180EA080833
:103E9800424493F86A8185EA0808904493F86B21B4
:103EA8006240904493F86C218EEA0202424493F8EF
:103EB8006D8181EA080818EB020F00F0D480042F06
:103EC80000F0908093F86F2193F870818CEA0202D9
:103ED80086EA0808424493F86E8180EA080842445A
:103EE80093F8718185EA0808904493F8722162403A
:103EF800904493F873218EEA0202424493F8748145
:103F080081EA080818EB020F00F0B180052F69D08C
:103F180093F8762193F877818CEA020286EA0808FA
:103F2800424493F8758180EA0808424493F87881FE
:103F380085EA0808904493F879216240904493F800
:103F48007A218EEA0202424493F87B8181EA0808CA
:103F580018EB020F00F08F80062F43D093F87D21D5
:103F680093F87E818CEA020286EA0808424493F8B4
:103F78007C8180EA0808424493F87F8185EA080832
:103F8800904493F880216240904493F881218EEA0E
:103F98000202424493F8828181EA080818EB020F72
:103FA8006DD0072F1ED093F884218CEA020C93F869
:103FB8008521564093F88321B444504093F88621D4
:103FC8006044554093F887212844544093F8882149
:103FD80020448EEA020E93F889218644514011EB61
:103FE8000E0F38D00820BDE8F08310465A78002A12
:103FF800F8D093F80211814233D0012AF2D093F815
:104008000311814231D0022AECD093F80411814285
:104018002FD0032AE6D093F8051181422DD0042A27
:10402800E0D093F8061181422BD0052ADAD093F814
:104038000711814227D0062AD4D093F8081181426B
:1040480023D0072ACED093F80931834214BF082021
:104058000720BDE8F0830720C8E70120C6E7022053
:10406800C4E70020BFE70320C0E70120BBE7042026
:10407800BCE70220B7E70520B8E70320B3E706202E
:10408800B4E70420AFE70520ADE70620ABE700BFA3
:10409800540A002110B40D4C6378834202D80020E2
:1040A80010BC7047204490F80231C3EBC303E018FA
:1040B80003F2531390F852010870E118E3580120F5
:1040C80010BC13608B889380704700BF540A00218E
:1040D80070B506460D4615F0C7FD14F0EDFA0A4B0B
:1040E80093F8B94114B1597811B90C46204670BDFE
:1040F800981C82333246002D08BF184614F0A8FADF
:1041080014F000FB204670BD540A002108B514F0D5
:104118000FFB08B9082008BDBDE8084014F03EBBF5
:1041280014F006BB8C460246012108B5054B03EB8B
:104138000C1303F1820014F08BFABDE8084014F068
:10414800E1BA00BF540A0021074B10B593F8B941F2
:1041580014B1597811B90C46204610BD0246981C76
:1041680014F076FA204610BD540A00212DE9F047D4
:104178004C4D1F466B7883423ED92B18884606461D
:1041880093F842A18AF00101B8F1000F32D093F8F8
:104198004A317BBB41F00209002F57D001F1010AD7
:1041A80095F89431002A65D0EA181C4692F88C21BB
:1041B8007AB3013395F88A41BAF1010FB3FBF4F2EF
:1041C80004FB1234E4B205D02B194FF0010A93F81E
:1041D8008C31F3B119F0010F09F002043DD16CB133
:1041E80005EB06103A4641460230FEF787FF48467F
:1041F800BDE8F0872FB969BB4FF000094846BDE814
:10420800F08795F894310029F6D04FF00109CA4695
:10421800C8E702F0DFFD04F1010C04EB44032A199E
:10422800010A95F88A412B4483F89801000C83F819
:10423800991183F89A01BCFBF4F304FB13C401231E
:104248009A45E4B282F88C31BED1C3E70029C7D0C1
:10425800022402E03C464FF0010906EB46013A46CB
:1042680005EB061005EB4101823001F58571FEF77B
:1042780045FFB4E7EA1892F88C1195F88A2161B1E4
:104288000133BAF1010FB3FBF2F102FB1133A1D0F4
:104298002B4493F88C31002B9CD149F004094846F3
:1042A800BDE8F087540A0021F8B506462D4D08BB35
:1042B800687848B100242346EA1892F842212AB1C6
:1042C8000134E3B28342F7D30120F8BD03EB430185
:1042D800013405EB0313324605EB410103F182007B
:1042E80001F58571FEF70AFF6878E3B28342E3D3EC
:1042F8000120EAE76878421ED2B238B302F5A1720B
:1043080005F241114FF0000C2A4412F8013983F0EC
:104318000103914263445FFA83FCF6D195F88A71F0
:104328007A1ED2B2D7B1DFF840E000217244137888
:10433800964502F1FF3283F001031944C9B2F6D160
:10434800791AC9B28C45B4D90020F8BD95F88A719C
:104358007A1ED2B2002FB7D08446E4E7BCF1000F32
:10436800A8D0F1E7540A0021E00B00211F4B30B51B
:104378005A788DB0824203D91A1892F842411CB17A
:10438800002420460DB030BD00010D46EC460694D1
:1043980082308DF81C4003EB000E1858CB78DEF8FD
:1043A8000820DEF804108DF81F30DEF80C30CDE957
:1043B8000444ACE80F002A7968466B798DF81E2012
:1043C8008DF81D3019F0FAFC2A789DF82F309A42A2
:1043D800D7D16A789DF82E309A42D2D1AC789DF820
:1043E8002D30E41AB4FA84F46409CAE7540A0021A7
:1043F800084B5A7882420AD91A1892F8422132B9DF
:1044080000EB400003EB400000F58570704700208A
:10441800704700BF540A0021064B5A78824206D9D9
:10442800184490F83A01B0FA80F04009704700202B
:10443800704700BF540A00212DE9F0470C46054695
:1044480006211746204600F029FB064650B1DA48F7
:10445800427822B1394600F59D7019F041FF304687
:10446800BDE8F087D44B93F80080B8F1000FF6D080
:10447800207894F801E093F8542193F853118EEAC8
:10448800020294F802C0414093F855A193F856915E
:104498000A4493F852118CEA0A0A69400A44E178FE
:1044A800524481EA090909EB020A227993F85791E3
:1044B800647982EA0909D14493F858A184EA0A0A7E
:1044C8001AEB090F00F05B81B8F1010FC7D093F820
:1044D8005A9193F85BA180EA09098EEA0A0AD14445
:1044E80093F859A185EA0A0AD14493F85CA18CEAA9
:1044F8000A0ACA4493F85D9181EA0909CA4493F803
:104508005E9182EA0909D14493F85FA184EA0A0A14
:104518001AEB090F00F03581B8F1020F9FD093F81C
:10452800619193F862A180EA09098EEA0A0AD144E6
:1045380093F860A185EA0A0AD14493F863A18CEA4A
:104548000A0ACA4493F8649181EA0909CA4493F8AB
:10455800659182EA0909D14493F866A184EA0A0AB6
:104568001AEB090F00F00F81B8F1030F3FF477AF92
:1045780093F8689193F869A180EA09098EEA0A0A12
:10458800D14493F867A185EA0A0AD14493F86AA14D
:104598008CEA0A0ACA4493F86B9181EA0909CA4469
:1045A80093F86C9182EA0909D14493F86DA184EAE1
:1045B8000A0A1AEB090F00F0EA80B8F1040F3FF479
:1045C8004EAF93F86F9193F870A180EA09098EEACB
:1045D8000A0AD14493F86EA185EA0A0AD14493F8ED
:1045E80071A18CEA0A0ACA4493F8729181EA09090E
:1045F800CA4493F8739182EA0909D14493F874A1E3
:1046080084EA0A0A1AEB090F00F0C580B8F1050F11
:104618003FF425AF93F8769193F877A180EA0909DA
:104628008EEA0A0AD14493F875A185EA0A0AD144A8
:1046380093F878A18CEA0A0ACA4493F8799181EA36
:104648000909CA4493F87A9182EA0909D14493F88E
:104658007BA184EA0A0A1AEB090F00F0A080B8F1DE
:10466800060F3FF4FCAE93F87D9193F87EA180EAA3
:1046780009098EEA0A0AD14493F87CA185EA0A0A54
:10468800D14493F87FA18CEA0A0ACA4493F880912E
:1046980081EA0909CA4493F8819182EA0909D14457
:1046A80093F882A184EA0A0A1AEB090F7BD0B8F1C1
:1046B800070F3FF4D4AE93F8848180EA080093F89A
:1046C80085818EEA080E704493F883E185EA0E0529
:1046D800054493F886018CEA000C93F88701654439
:1046E800414093F88801294442400A4493F88911CB
:1046F8004C40D4427FF4B3AE07215A78002A3FF4E5
:10470800AEAE93F8020188423FD0012A3FF4A7AE2B
:1047180093F8030188423CD0022A3FF4A0AE93F8F4
:104728000401884239D0032A3FF499AE93F8050171
:10473800884236D0042A3FF492AE93F806018842A4
:1047480033D0052A3FF48BAE93F8070188422ED068
:10475800062A3FF484AE93F80801884229D0072A34
:104768003FF47DAE93F809218A427FF478AE0722A0
:104778001344012683F83A713046BDE8F087314684
:10478800BBE70121B9E70221B7E70022F0E70321DF
:10479800B3E70122ECE70421AFE70222E8E70521AD
:1047A800ABE70322E4E70621A7E70422E0E70522B6
:1047B800DEE70622DCE700BF540A0021002342F2AC
:1047C800107CA0F84C2043644B1E0CFB0232B2FB59
:1047D800F1F18164704700BF70B50D4600210646AF
:1047E800FDF77CF8686018B1002318462B7070BD7F
:1047F800044601213046FDF771F8686018B10123BD
:1048080020462B7070BD022070BD00BF38B504462D
:104818000D46B9B3012902D002295DD038BDC3695C
:1048280000254549B0F8FE00D4F8EC20194403FBF4
:1048380000F003FB02F2A4F8F65284F8EB52A4F855
:10484800FA50B1FBF3F1B0FBF3F0B2FBF3F2C4F8AA
:10485800F01040F6B831A4F8FE0042F21070C4F827
:10486800EC20A4F8F410591EE28C00FB0211334A24
:10487800B2FBF3F2B1FBF3F30132A4F8FC30A4F875
:10488800022138BD4FF47A7219F02AFD492301221A
:10489800042184F81B316FF03B0384F8CD200722F4
:1048A80084F81D31FE232B2084F81C1184F81E2166
:1048B8007F21234A84F85631202384F81F5184F835
:1048C800205184F8215184F81A0184F8C110C4F8E1
:1048D800B02084F86C3338BD0023D0F8BC23C169FC
:1048E80042F21075B0F8C203A4F8FA30B4F8FE30FA
:1048F80001FB03F3B3FBF2F3A4F8FE30531E05FBF0
:104908000030B0FBF2F0A4F8FC00D4F8EC0000FB97
:1049180001F1B1FBF2F1C4F8EC100849B1FBF2F176
:104928000131A4F80211B4F8F41005FB0133B3FB0C
:10493800F2F3C4F8F03038BD7FC3C901005A6202EF
:1049480000E0FCFF38B504460D4689B3012902D0C2
:10495800022957D038BDC369D4F8EC10414A03FB8B
:1049680001F1B0F8FE001A4403FB00F0B2FBF3F2C9
:10497800B1FBF3F1B0FBF3F0C4E93B1240F6B831F8
:10498800E28CA4F8FE0042F21070A4F8F4100021A2
:10499800A4F8FA10591E00FB0211334AB2FBF3F2D5
:1049A800B1FBF3F30132A4F8FC30A4F8022138BDBE
:1049B8004FF45A7219F094FC49230122042184F817
:1049C8001B316FF03B0384F8CD20072284F81D319A
:1049D800FE232B2084F81C1184F81E217F21234AF2
:1049E80084F85631202384F81F5184F8205184F824
:1049F800215184F81A0184F8C110C4F8B02084F851
:104A0800013338BD0023D0F82823C16942F210755C
:104A1800B0F82E03A4F8FA30B4F8FE3001FB03F323
:104A2800B3FBF2F3A4F8FE30531E05FB0030B0FBD5
:104A3800F2F0A4F8FC00D4F8EC0000FB01F1B1FBA3
:104A4800F2F1C4F8EC100849B1FBF2F10131A4F815
:104A58000211B4F8F41005FB0133B3FBF2F3C4F808
:104A6800F03038BD7FC3C901005A620200E0FCFF84
:104A780070B5047934F01F040ED1451E061D15F8D3
:104A8800010F02F0FDF90444B542E4B2F7D1012C5C
:104A980094BF0020012070BD002070BD002964D0A3
:104AA8004B1E062B00B562D98B0800F1040E024696
:104AB8004FF0000C013BDBB20EEB830E52F8043BC7
:104AC800724543EA0C0CF9D1CCF30723CCF3074227
:104AD8004CEA0303134301F0FC0243EA1C6331F080
:104AE800FC0CDBB23CD010F802C043EA0C0302F124
:104AF800010C5FFA8CFC614532D910F80CC043EA0E
:104B08000C0302F1020C5FFA8CFCDBB2614527D979
:104B180010F80CC043EA0C0302F1030C5FFA8CFC9A
:104B280061451DD910F80CC043EA0C0302F1040CCE
:104B38005FFA8CFC614513D910F80CC043EA0C03EA
:104B480002F1050C5FFA8CFC614509D9063210F8B0
:104B58000CC0D2B243EA0C03914201D9825C1343E0
:104B6800B3FA83F040095DF804FB01207047002286
:104B78001346B8E762B102F1FF3C0A44431E5FFAEC
:104B88008CF1084412F8011D03F8011F9842F9D16D
:104B9800704700BF0D2900F28380DFE801F00D1196
:104BA800171D232939454B51585E67072A3A042AAD
:104BB8008CBF002001207047B2FA82F0400970478C
:104BC800073A012A8CBF0020012070470B3A022ABD
:104BD8008CBF0020012070470E3A012A8CBF0020AC
:104BE80001207047113A0C2A8CBF00200120704721
:104BF800002B41D1A2F11303012B49D990F862305F
:104C0800002B47D0143A082A8CBF00200120704797
:104C1800A2F11103032B3BD990F862001D2A8CBF27
:104C2800002000F001007047A2F10400B0FA80F003
:104C380040097047A2F10100B0FA80F040097047BE
:104C480003BBA2F10500B0FA80F0400970471E3A94
:104C5800022A8CBF002001207047A2F121002F2AD0
:104C680018BF062894BF012000207047A2F1290030
:104C7800B0FA80F040097047123A0B2A8CBF002026
:104C880001207047A2F11000B0FA80F04009704787
:104C980001207047183A042A8CBF00200120704771
:104CA80000207047F8B504460D46D0E9046717F0B0
:104CB8001FFE08B3DDB1236962699B1B62EB070223
:104CC800012B72F1000114DB6FF001000021984202
:104CD80071EB020215DB6A1E1344B3FBF5F303FB09
:104CE80005F5AE191D4647F10007C4E904672846D3
:104CF800F8BD00252846F8BD4FF4E2712920FBF7DE
:104D080021FF4FF4E7712920FBF71CFF11F00C037A
:104D18000CD04B0712D44FF47473402298421946B2
:104D280012D9401A90FBF2F080B2704702290DD0D8
:104D3800702809D97038C0F3CF00704740F20E23AD
:104D4800102298421946ECD8002070473C28FBD91D
:104D58003C38C0F38F00704703460868D866704730
:104D6800013908B5072914D8DFE801F00710130442
:104D78001313130440F6A66008BD034640F2E2424E
:104D880040F6C410002B08BF104608BD40F6C410FA
:104D980008BD40F23F212920FBF7D4FE80F87410AB
:104DA80011F0A6BD41F27073A0F57A729A4205D946
:104DB800064BA3FB0030C0F38F207047044BA3FBC6
:104DC8000030800900F5506080B270475917B7D19C
:104DD800D34D62106FF45063C318062B04D940F208
:104DE800E24303FB00F070474FF47A73A0F550607C
:104DF80003FB00F0704700BF41F64B53994208D9B6
:104E0800C0EB401300EB830000EB8000400080B251
:104E1800704700EB800000EB80008000704700BF07
:104E280041F64B53994205D9054BA3FB0030C0F31B
:104E380087207047034BA3FB0030C0F3471070472F
:104E48005917B7D11F85EB5141F64B53994294BF7F
:104E5800642340F2E24303FB00F0704741F64B53F2
:104E6800994205D9054BA3FB0030C0F38F2070474A
:104E7800034BA3FB0030C0F34F1070475917B7D14D
:104E88001F85EB5141F64B53994209D9094B40F222
:104E9800E242A3FB00139B0A02FB1303C01A7047EC
:104EA800054B6422A3FB00135B0902FB1303C01A22
:104EB800704700BF5917B7D11F85EB51A0F5C470D3
:104EC800884294BF091A491A1868012910B400EBDE
:104ED800510494BF002001201C60136810BCA3EB90
:104EE80051011160704700BF074B93F90030184417
:104EF800142804DC10F17F0F03DB40B27047142044
:104F080070476FF07E007047120C002108B514F04E
:104F1800DBF8084B93F900301844142804DC10F12E
:104F28007F0F03DB40B208BD142008BD6FF07E0080
:104F380008BD00BF120C002100B583B07F230DF11E
:104F480007008DF8073014F09DFE20B99DF9070081
:104F580003B05DF804FB0A4A9DF9073050784042D7
:104F680040B21844142806DC10F17F0F05DB40B26C
:104F780003B05DF804FB1420EAE76FF07E00E7E772
:104F8800120C0021014B187059707047120C002147
:104F9800024B00221A705A70704700BF120C002191
:104FA800014B93F900007047120C0021014B93F953
:104FB80001007047120C00210346074A12783AB9DB
:104FC8000649012208680979186010461971704766
:104FD80000221046704700BF140C00211000002169
:104FE800034606494FF0FF0C054A00681B7982F812
:104FF80000C008600B710023137070471000002177
:10500800140C00210A4B82B093E8030000908DF83D
:10501800041002AB074A4FF0FF0C13E90300064BDC
:105028001060117183F800C000221A7002B0704736
:10503800E8B9020110000021140C00210B680022BD
:1050480070B5C0F8013005460B79441C861DC27244
:1050580003F01F03437114F8010B01F011FF2071D5
:10506800B442EB7A1844E872F5D170BD81EA114177
:10507800844689B24A4008B5D3B293FAA3F3120A18
:1050880092FAA2F2120E1B0E43EA022303EB031359
:105098000B449AB2DBB293FAA3F3120A92FAA2F281
:1050A800120E1B0E43EA022303EB03130B449AB2BE
:1050B800DBB293FAA3F3120A92FAA2F2120EA048F4
:1050C8001B0E43EA022303EB03130B444B409BB232
:1050D800A0FB03201A1A00EB5200400900EBC002A3
:1050E80000EB82000122181AC0F3C40100F0070E79
:1050F800614402FA0EF24978114201D0C0B208BDEB
:105108009CF80B1001FB03F39CF806104FEA134EB2
:105118001B140EF10100C2B28A425BD9501AC2B206
:105128009CF80730934280F09A80D01AC2B29CF85B
:1051380008309A4240F2D980D01AC2B29CF809309D
:105148009A420AD9D01AC2B29CF80A30934280F027
:10515800138199214620FBF7F5FC9CF80430D90708
:1051680005D5501E10F0FF0201D1032281E09807F7
:1051780005D5501E10F0FF0201D1032238E059076F
:1051880005D5501E10F0FF0201D103223BE018079D
:1051980005D5501E10F0FF0201D103223BE0D906CD
:1051A80005D5501E10F0FF0201D103223BE09806FE
:1051B80005D5501E10F0FF0201D103223BE059062D
:1051C80000F118811806BFD5501E10F0FF02BBD1A0
:1051D800032242E09CF80110C80703D5002B00F019
:1051E800108172468B0708D5501E10F0FF0204D1BB
:1051F800012000EBC200C0B208BD480705D5501E0B
:1052080010F0FF0201D10220F3E70B0705D5501E6D
:1052180010F0FF0201D10320EBE7C80605D5501EA8
:1052280010F0FF0201D10420E3E78B0605D5501EDC
:1052380010F0FF0201D10520DBE7480605D5501E16
:1052480010F0FF0201D10620D3E70B067FF568AF07
:10525800501E10F0FF027FF463AF0720C9E79CF8E7
:10526800023013F0010106D0501E10F0FF0202D1E7
:105278000A460020BDE7980705D5501E10F0FF022A
:1052880001D10122B4E7590705D5501E10F0FF02DD
:1052980001D10122B7E7180705D5501E10F0FF020B
:1052A80001D10122B7E7D90605D5501E10F0FF023B
:1052B80001D10122B7E7980605D5501E10F0FF026C
:1052C80001D10122B7E7590605D5501E10F0FF029B
:1052D80001D10122B7E718067FF529AF501E10F05B
:1052E800FF027FF424AF0122B7E79CF80330D90707
:1052F80005D5501E10F0FF0201D10222B9E7980728
:1053080005D5501E10F0FF0201D1022270E759079F
:1053180005D5501E10F0FF0201D1022273E71807CD
:1053280005D5501E10F0FF0201D1022273E7D906FD
:1053380008D5501E10F0FF0204D1022273E700BF07
:105348004D91CFBA980605D5501E10F0FF0201D135
:10535800022270E7590605D5501E10F0FF0201D150
:10536800022270E718067FF5E9AE501E10F0FF0222
:105378007FF4E4AE022270E79CF80530D90705D522
:10538800501E10F0FF0201D1042272E7980705D5DC
:10539800501E10F0FF0201D1042229E7590705D554
:1053A800501E10F0FF0201D104222CE7180705D582
:1053B800501E10F0FF0201D104222CE7D90613D4A5
:1053C800980603D5501E10F0FF021CD0590603D5CD
:1053D800501E10F0FF0218D01B067FF5BAAE012A46
:1053E8007FF4B7AE042238E7501E10F0FF02E7D171
:1053F800042218E7501E10F0FF027FF4E3AE0322E8
:1054080021E71A4635E7042215E704221BE700BF07
:1054180090F830C00CF1FF33242B14D88AB110B5A2
:10542800044690F8250080B1012853D1A28A04F1DE
:105438002500096AFFF71AFE0346002084F8333076
:1054480010BD104670471220704794F8311094F838
:10545800323002FB0132994B83FB021301211344C2
:105468005B1103EBC30E03EB8E03D21AD2B204EB2B
:10547800D20384F8322093F826E002F0070301FAF9
:1054880003F31EEA030F65D194F82B10B2FBFCF36B
:105498000CFB1322D2B2531CDBB28B425DD95B1AD0
:1054A800DBB294F82C209A4280F093809B1ADBB2EE
:1054B80094F82D20934240F2CA809B1ADBB294F8EC
:1054C8002E20934240F2FC809B1ADBB294F82F20E6
:1054D8009A4201D21F2010BD94F82A20D10704D582
:1054E800013B13F0FF0300F04C81910704D5013B09
:1054F80013F0FF0300F04781510704D5013B13F077
:10550800FF0300F04281110704D5013B13F0FF03AC
:1055180000F04581D10604D5013B13F0FF0300F0EC
:105528004081910604D5013B13F0FF0300F03B8155
:10553800510604D5013B13F0FF0300F03681120633
:10554800C8D5012BC6D10423072202EBC30384F874
:10555800333010BD84F8332010BD94F8261011F0B4
:10556800010F03D0002A00F0F38013468A0704D500
:10557800013B13F0FF0300F0DA804A0704D5013B32
:1055880013F0FF0300F0D6800A0704D5013B13F09F
:10559800FF0300F0D280CA0604D5013B13F0FF03D5
:1055A80000F0CE808A0604D5013B13F0FF0300F01B
:1055B800CA804A0604D5013B13F0FF0300F0C680F9
:1055C8000A067FF56EAF013B13F0FF037FF469AF66
:1055D800BAE794F8272012F0010104D0013B13F038
:1055E800FF0300F0B880910704D5013B13F0FF03D7
:1055F80000F09C80510704D5013B13F0FF0300F035
:105608009880110704D5013B13F0FF0300F0948044
:10561800D10604D5013B13F0FF0300F090809106FA
:1056280004D5013B13F0FF0300F08C80510604D52C
:10563800013B13F0FF0300F0888012067FF538AFB6
:10564800013B13F0FF037FF433AF01237CE794F8A9
:105658002820D10703D5013B13F0FF037DD0910724
:1056680003D5013B13F0FF0379D0510703D5013B64
:1056780013F0FF0375D0110703D5013B13F0FF03A7
:1056880071D0D10603D5013B13F0FF0371D0910609
:1056980003D5013B13F0FF036DD0510603D5013B41
:1056A80013F0FF0379D012067FF509AF013B13F021
:1056B800FF037FF404AF022346E700BFA7C867DDF6
:1056C80094F82920D10703D5013B13F0FF034CD0F0
:1056D800910703D5013B13F0FF0348D0510703D5C9
:1056E800013B13F0FF0348D0110703D5013B13F02A
:1056F800FF0344D0D10603D5013B13F0FF0346D086
:10570800910603D5013B13F0FF0342D0510603D5A0
:10571800013B13F0FF033ED012067FF5D7AE013BE5
:1057280013F0FF037FF4D2AE03230DE70123012218
:105738000BE70123022208E70123032205E70123DF
:10574800042202E701230522FFE601230622FCE6E4
:1057580003460022F9E60B46FBE70223F9E702239A
:10576800E5E70223E6E70223E7E70323F1E703235C
:10577800DDE70223E4E70223E5E70323DAE703236F
:10578800DBE70423E5E70423D1E70423D2E7032377
:10579800D6E70323D7E70323D8E70223D6E7042372
:1057A800CBE70423CCE70423CDE70423CEE700BFEF
:1057B8004078704708B5037801F00F0223F00F0313
:1057C80013430370082917D8DFE801F00805080516
:1057D8000813080B10000C23437008BD0623437000
:1057E80008BD00220123C270437008BD0E23437018
:1057F80008BD2223437008BDA8212A20FBF7A2F97F
:105808000B68C0F803308B88A0F80730704700BFDA
:10581800D0F803300B60B0F807308B80704700BFBA
:105828000B68C0F809308B88A0F80D30704700BFAE
:105838008B01017803F0400321F040011943017006
:10584800704700BF0078C0F380107047037803F0FA
:105858007F0343EAC1130370704700BF0078C00993
:10586800704700BF1F2A38B507D8144605460930C7
:10587800063418F0BFFC6C7038BDEE212A20FBF707
:1058880061F900BF1F2A38B507D814460546093004
:10589800063418F0AFFC6C7038BD4FF488712A20BC
:1058A800FBF750F90278034602F00F02032A18D0DA
:1058B800052A14D190F820C0C27F90F8210042EA4E
:1058C8000C0293F822C0024393F8230042EA0C0228
:1058D80020F01F00024302D05A78222A08D0002064
:1058E80070474078A0F10C00B0FA80F0400970478A
:1058F80010B56FF45060B3F81920B3F8174002EBF5
:10590800000C93F816E0BCF1060F8CBF002001F0E4
:10591800010088B9911F40F67A4C89B261450AD8CE
:105928000EF1FF31072906D8944298BF964534BF37
:105938000120002000D310BDB3F81B20B2F5FA7F78
:105948000AD2B3F81D0040F676430A3880B298426E
:105958008CBF0020012010BD002010BD38B50029E3
:1059680000F08A8094461A46C37813F03F0479D031
:10597800BCF1070F76D8DFE80CF00C132136282F7E
:10598800043D90F804E01EF0400F6BD01723052566
:105998003AE00379DD0765D54FF0010E052355E0A0
:1059A80003799C075ED503F00103002B15BF4FF068
:1059B800070E4FF0010E0B23052347E090F804E093
:1059C8001EF0040F4ED0052331E090F804E01EF0DD
:1059D800100F47D0052320E090F804E01EF0200FB8
:1059E80040D0634614E090F804E01EF0080F39D068
:1059F800052317E090F804E00EF04003002B15BFD4
:105A080018231723062505251EF0200F08BF2B464F
:105A18001EF0100F01D00333DBB21EF0080F01D0C7
:105A28000233DBB21EF0040F01D00133DBB21EF0EB
:105A3800020F01D00633DBB21EF0010F1CBF063384
:105A4800DBB2BCF1070FA3F1040E09D002EB0E0C78
:105A5800BCF13F0F0BDC1844BDE8384018F0CABB56
:105A68007445F3DA40F219312A20FBF76BF840F25B
:105A78001A312A20FBF766F84FF446712A20FBF703
:105A880061F800BFC378844613F03F0008D000B522
:105A9800072909D8DFE801F0131A23382A310B3F08
:105AA80070471A1F90425FDA00205DF804FB9CF8EB
:105AB80004E01EF04003F7D01723052235E09CF8D8
:105AC800042012F00102EFD005234DE09CF80430C9
:105AD80013F00202E8D0DB07F6D50B2344E09CF86C
:105AE80004E01EF00403DFD0052331E09CF804E055
:105AF8001EF01003D8D0052320E09CF804E01EF027
:105B08002003D1D00B4614E09CF804E01EF00803F3
:105B1800CAD0052317E09CF804E00EF04003002BE0
:105B280015BF18231723062205221EF0200F08BFD1
:105B380013461EF0100F01D0DA1CD3B21EF0080F66
:105B480001D09A1CD3B21EF0040F01D05A1CD3B254
:105B58001EF0020F01D09A1DD3B21EF0010F01D022
:105B68000633DBB207299CD00CEB03005DF804FB7D
:105B7800C07800F03F007047C37803F03F0343EA62
:105B88008113C370704700BFC1F3801CC1F3800349
:105B98006344C1F3001C0CEB4C0C6344C1F3401C80
:105BA8000CEBCC0C00B503EB4C03C1F3400EC1F376
:105BB800000C1344F444C1F3C00E0CEB4C0CF44439
:105BC80003EB4C0313F0FF0319D003F1010E02336A
:105BD80001715FFA83FC0EF03F015FFA8EF380F8E3
:105BE80001C090F803C02CF03F0C41EA0C01C170D1
:105BF8001AB10433511E9B1AC1545DF804FB1946AF
:105C08004FF0010CEBE700BF70B5C47804F03F0417
:105C18001319FE2B09DC15460646201D01353044B4
:105C28002C4418F0E7FA747070BD40F276312A20DF
:105C3800FAF788FF03464078DB78013803F03F0322
:105C4800C01AC0B2704700BF10B5864690F803C0AE
:105C5800D8439EF801400CF03F0C0444A4EB0C041C
:105C6800E4B2944228BF144641B10CF1040C084632
:105C780022469C440EEB0C0118F0BCFA204610BDDD
:105C880000B5C378017913F03F0318BF012303EA75
:105C9800511201EA030E03EA510C03EAD10002EBA8
:105CA800C202F44410440CEB4C0C00EB0C0203EA67
:105CB800910003EA911C03EA1113604403EB4303C8
:105CC800034403EB420010F0FF0001D00130C0B2E2
:105CD8005DF804FB70B505780446407805F00F05BB
:105CE800072D11D8DFE805F0041204101010040A7B
:105CF80006381F288CBF0020012070BD0028FCD06A
:105D0800E3789A09032A07D1002070BDA0F10C009E
:105D1800B0FA80F0400970BD03F03F06B042F3D9F5
:105D28002046FFF7ADFF8642EED30EB32379D8069F
:105D38001ED503F00802002A0ABF062208220525FC
:105D480013F0040F08BF2A46990701D50632D2B2CC
:105D5800DB0701D50632D2B2A35C144403F03F033B
:105D6800242BD1D8A0785F288CBF0020012070BDDB
:105D7800012070BD70B50478054604F00F04072CA7
:105D880005D0082C3BD0042C32D0002070BDC3783D
:105D98009A09032AF9D003F03F064378B342F4D9AD
:105DA800FFF76EFF8642F0D3002E2FD02B79D8064E
:105DB8002CD503F00802002A0ABF0622082205246F
:105DC80013F0040F08BF2246990701D50632D2B254
:105DD800DB0701D50632D2B2AB5C154403F03F03B2
:105DE800242BD2D8A8785F288CBF0020012070BD52
:105DF800407806381F288CBF0020012070BD4078ED
:105E0800A0F10E00B0FA80F0400970BD012070BD0D
:105E18004078704701F00303017821F0030119432A
:105E280001707047007800F0030070474B0101785B
:105E380003F0200321F0200119430170704700BFCF
:105E48000B788370704700BF43785BB1C2782A2A09
:105E580006D80549885CC01AB0FA80F04009704736
:105E6800012070471846704724B002012A2908B556
:105E7800C17003D8064B5B5C437008BDFF2902D193
:105E88000123437008BD4FF48D612A20FAF75AFEAA
:105E980024B002011B2A08B507D8844603308CF8C1
:105EA8000120BDE8084018F0A5B940F272412A2047
:105EB800FAF748FEB0F80700704700BFB0F80900CD
:105EC800704700BF0B0AC17203737047B0F80B002C
:105ED800704700BF30B5B0F80730B0F80940B0F8E7
:105EE800055090F804E0B0F80B206FF4506003EB15
:105EF800000CBCF1060F8CBF002001F0010088B92E
:105F0800991F40F67A4C89B261450AD80EF1FF31E3
:105F1800072906D8AB4228BF73458CBF0120002053
:105F280000D830BDB4F5FA7F08D20A3A40F6764078
:105F380091B281428CBF0020012030BD002030BDCD
:105F48000B6843600B790372704700BF43680B60AE
:105F5800037A0B71704700BFB0F80900704700BFA3
:105F6800007970470A684B6842608360704700BFD9
:105F7800426883680A604B60704700BF0B88838162
:105F8800704700BF83890B80704700BF0A684B6861
:105F9800C0F80E20C0F81230704700BFD0F80E20AD
:105FA800D0F812300A604B60704700BF0B68C0F829
:105FB80016307047D0F816300B6070470A684B6887
:105FC80042608360704700BF426883680A604B6024
:105FD800704700BF0B68C360704700BFC3680B60A1
:105FE800704700BF007970470B0A01714371704711
:105FF8000B0A8171C37170470B0A017243727047B3
:106008000B0A8172C372704780887047C0887047D6
:10601800008970474089704703891A2B0DD9438935
:10602800B3F5A47F09D383881A2B06D9C088B0F5A5
:10603800A47F34BF0020012070470020704700BFB4
:10604800043001F1200310B50C68103151F80CEC44
:10605800103051F808CC51F8042C994240F8104CF3
:1060680040F80CEC40F808CC40F8042CECD10B8834
:10607800038010BD031D01F1200C70B50E681031AE
:1060880051F80C5C103351F8084C51F804EC614598
:1060980043F8106C43F80C5C43F8084C43F804ECE4
:1060A800ECD10988198011685368C0F82610C0F827
:1060B8002A3070BD0379024613F0070004D05079E6
:1060C80010F0070018BF0120704700BF037902468F
:1060D80013F0070004D0507910F0070018BF012012
:1060E800704700BF01717047007970474171704770
:1060F800407970470B0A8171C3717047C088704737
:106108000279437902F0070203F00703501E591E73
:1061180002400B4013430CBF01200020704700BF12
:106128000171704700797047417170474079704735
:10613800FB2901D84170704740F295612A2008B5C3
:10614800FAF700FD03781BB1406890F8EA3203B90A
:106158007047002380F8EA3206F098BB024B987F1C
:10616800C04300F001007047180C0021034B987FD2
:1061780080F00200C0F34000704700BF180C0021F7
:106188002DE9F043047A87B00346DCB1012C14D121
:1061980004A98088DD881F68FEF71EFB48B9059BA7
:1061A80003F1A806D3F8148055BB01231C4686F8D2
:1061B8002430204607B0BDE8F0830024204607B00D
:1061C800BDE8F08302A98088DC881D68FEF704FB1F
:1061D800002848D1039B03F1A8065F69002CE4D08E
:1061E8002146384618F088FE18B1404B5B88A34218
:1061F8003ED2012400F03CF9204607B0BDE8F08308
:106208002946404618F078FE0028F2D0374B5B88C4
:10621800AB42EED3014601AA40464FF0000918F000
:10622800D6FF019BA3F8009083F8029096F82430DB
:1062380001984B450CBF21460221FFF7EBFD019861
:1062480039462A46033017F0D5FF2946404618F04C
:1062580087FE0446002844D09DF8103083BB0023F5
:1062680086F82430A5E70124204607B0BDE8F0836E
:1062780001466A4638464FF0000818F0A8FF009B10
:106288000221A3F8008083F802800098FFF7C2FD7E
:10629800009822462946033017F0ACFF21463846BD
:1062A80018F05EFE0446E0B19DF80830002BD6D009
:1062B800039890F8EA3273B90023A0F8E232CEE7E7
:1062C800059890F8EA32002BF6D080F8EA9206F0AA
:1062D800DDFA0598F0E780F8EA8206F0D7FA039825
:1062E800EAE77C212B20FAF72DFC00BF180C0021CF
:1062F800022201230A708B70704700BF70B584B00A
:10630800002965D00022038805460C464A72866932
:106318008B80304618F04DFF0146002853D001AA63
:10632800304618F054FFE080002847D0FB2840D8BA
:106338000198FFF777FD012801D0022825D12072A6
:10634800206838B30199E288033117F053FF3046CB
:1063580018F045FF40B30021304618F064FEF0B154
:10636800204BDA7F0AB904B070BD1A8C02A92888BC
:10637800013A1A84FEF730FA78BB039BB3F8DC20A5
:10638800A83301329A8604B070BD40F22B11102058
:10639800FAF7D8FB4FF499711020FAF7D3FB4FF4B2
:1063A8009E711020FAF7CEFB40F237111020FAF751
:1063B800C9FB40F21B111020FAF7C4FB40F2191177
:1063C8001020FAF7BFFB4FF48A711020FAF7BAFBD6
:1063D80040F20B111020FAF7B5FB40F245111020DE
:1063E800FAF7B0FB180C002140F2BE21102008B5C6
:1063F800FAF7A8FB0A4900220B464A608A6103F8AB
:10640800040BCA610A85C3E90122C3E90322C1E971
:106418000822012204330A74C1E90133704700BF1E
:106428003C0C0021094900230A1D4B600B85C2E979
:106438000133C2E90333C1E90633C1E90833012353
:1064480004320B74C1E90122704700BF3C0C0021E3
:10645800014B024A1A60704764000021056300017D
:10646800014B024A1A60704764000021056300016D
:1064780008B5124B93F8202002B108BD93F82020EC
:10648800D2B90F4ADA61022283F82020EFF3108094
:1064980072B603F1080299689A6111B1097A012963
:1064A80000D05A6807491160596000B962B6187877
:1064B800BDE8084017F054BDFFF796FF3C0C0021DB
:1064C800F9620001540C00212DE9F047874C82B095
:1064D800874E8146DFF81C82874FA3681B7A102BF2
:1064E80032D063690BB11B7A1BBBA5682B7A012BD1
:1064F80022D0EFF3108372B6A2681268A260FBB9CB
:1065080062B62B7A002BECD065612A7A5FFA82FAA0
:106518000521AAF1020329720E2B00F2C080DFE8E0
:1065280003F098857EBE541A641A36361A1A1AACC5
:10653800A0006569002DE8D1002002B0BDE8F08711
:106548002B7A002BCDD0DFE7F37F002BC9D0338C1B
:10655800002BC6D1F0E7D8F80030002B43D05246C4
:10656800494668689847BAF10D0F00F09D800420ED
:10657800EFF3108272B62B7A052BD9B200F0858022
:10658800002900F08280002AA7D162B6A5E73B68FF
:106598004BB35246D5F804A049465046984799F857
:1065A80000301D2B05D01A2BE1D199F80230002BB1
:1065B800DDD00421BAF80800FBF7A6F9002873D04B
:1065C8004FF4F5711020FAF7BDFA6B68002B6FD005
:1065D8004946284698470DF061FC002864D10AF026
:1065E80083FE002860D10020C2E76B68002B69D0C9
:1065F8000D22002589F8002029461A8858690123A8
:1066080089F80650A9F8032089F8053089F802307E
:1066180018F009FD0420656102B0BDE8F0876B68D9
:10662800002B53D0284698470020A1E76B68002B21
:1066380051D0494628469847C0F30723ADF80400CF
:10664800C0B2012B94D103232B7200283FF445AF2D
:1066580073E76B68002B43D02846494698470420C7
:1066680086E7686848B3254B49461B689847002366
:106678000220636102B0BDE8F0871E2389F800306C
:10668800D5F80930C9F8033071E700232B7263612C
:10669800002ADAD162B600283FF41FAF4DE740F276
:1066A80046211020FAF74EFA00230420636144E7DC
:1066B8004FF404711020FAF745FA40F23D211020FA
:1066C800FAF740FAE0211020FAF73CFA40F2D51127
:1066D8001020FAF737FA40F2CB111020FAF732FA05
:1066E8004FF4E1711020FAF72DFA00BF3C0C00219D
:1066F800180C0021680000216C00002164000021B2
:1067080010B5037AC3B9416003230372EFF3108411
:1067180072B60A4B03F108020260996811B1097A4E
:10672800012900D05A681060586004B962B6187818
:10673800BDE8104017F014BCFFF756FE3C0C0021D2
:1067480010B5037AC3B9416004230372EFF31084D0
:1067580072B60A4B03F108020260996811B1097A0E
:10676800012900D05A681060586004B962B61878D8
:10677800BDE8104017F0F4BBFFF736FE3C0C0021D3
:10678800037A13B104230372704710B441600423E1
:106798000372EFF3108472B6084B03F1080202602B
:1067A800996811B1097A012900D05A6810605860B7
:1067B80004B962B6187810BC17F0D2BB3C0C0021A3
:1067C80010B5037ABBB941600272EFF3108472B658
:1067D8000A4B03F108020260996811B1097A01298C
:1067E80000D05A681060586004B962B61878BDE8DD
:1067F800104017F0B5BBFFF7F7FD00BF3C0C0021B8
:10680800037A0BB10272704710B441600272EFF361
:10681800108472B6084B03F108020260996811B13E
:10682800097A012900D05A681060586004B962B624
:10683800187810BC17F094BB3C0C00210B461422AE
:10684800D0F80DC000B5D0F809E003F8032BB0F874
:106858001120C1F803E0C3F804C01A815DF804FBF5
:1068680030B587B004460D46FFF780FCD8B9D4F898
:1068780009202B463521D4F80D0003F8031BB4F882
:106888001110C5F80320042258601981ADF80C20B6
:106898009DF80C2000209DF80D3062F3070063F38B
:1068A8000F2007B030BD6FF4F07300226946E3187B
:1068B80022721C88204619F0B0FCC0B9BDF8060049
:1068C800BDF80810BDF80220BDF80430ADF80E0080
:1068D80003A8ADF80C40ADF81010ADF81220ADF8D3
:1068E800143019F078FC30B9ADF80C00D0E7D82195
:1068F8002C20FAF727F9E1212C20FAF723F900BF19
:106908004068704711F00C0F0CBFC08A4FF4296023
:10691800704700BF10B590F87040B1F804E014F06B
:106928000C0FB1F808C022D193B3137813F00C0FF1
:1069380004D0BEF5296F38BF4FF4296E90F8713036
:1069480013F00C0F03D1537813F00C0F04D0BCF5DF
:10695800296F38BF4FF4296CCB884A88A0F85AE0D1
:10696800A0F85820A0F85C30A0F85EC010BDBEF5B5
:10697800296F90F8714038BF4FF4296E14F00C0F4E
:10698800E5D1002BE8D0537813F00C0FE4D0DEE704
:1069980090F8713013F00C0FD9D1DDE7BDF800C0C5
:1069A800018342838383A0F81EC070471B234FF0E6
:1069B8001B128384038482618382C260038541B988
:1069C8004FF4A473084AC3844384C261C38202613A
:1069D80070474FF42962054B4FF4A471C284428476
:1069E800C361C1820361704748014801900A900A57
:1069F8002DE9F041B0F85C308E46B0F8504090F880
:106A08007110A342B0F84620B0F84A6028BF234668
:106A180011F00C0FB0F85E40B0F8541040D1A1420C
:106A2800B0F84C50B0F84EC028BF21460C4661451E
:106A3800B0F84870A0F84A4038BF61469D42B0F8A7
:106A480052C038BF1D46D21AA0F84E1018BF0122F6
:106A5800B0F85810361BA0F84C50A0F8463018BFB4
:106A680001268C45B0F8445028BF8C4690F8701029
:106A780011F00C0F1DD1B0F85610B0F85A804145EE
:106A880028BF4146654518BF42F00102A0F844C03E
:106A9800A0F8481032430FD18F420DD1BDE8F081E4
:106AA800A142B0F84C5028BF21464FF42964A446AF
:106AB800BDE74FF42961E5E702887046AEF80D108E
:106AC800AEF809200222AEF80BC0AEF80F30AEF8CF
:106AD80011400249BDE8F041FFF792BE4568000148
:106AE8000B460A49B3F818C0A2F80900588BA2F857
:106AF8000BC0B3F81CC0DB8BA2F80D001046A2F83F
:106B08000FC0A2F81130FFF7FBBD00BF6968000194
:106B180011F00C0F08B50DD1C28BB0F822C0037A62
:106B2800624528BF6246012912D0022913D10F33CA
:106B38009B0005E0037A4FF429629B0103F5747307
:106B48004089904228BF1046984238BF184608BD71
:106B58000E33DB00F4E74FF4EB710620F9F7F2FF90
:106B680070B5C36941F64B5E90F8705073458CBFA1
:106B78004FF0960E4FF04D0E90F8714015F00C0F37
:106B8800B0F8443034D09B014FF4296603F5747390
:106B98001FFA83FC90F840309B0103F57475B0F838
:106BA8004230B34228BF3346AB4238BF2B46634519
:106BB80028BF634614F00C0FB0F84CC02CD1012C40
:106BC80043D0022C48D10CF10F0C4FEA8C0C1FFA61
:106BD8008CFCB0F84E000632604594BF1B18634425
:106BE80002EB4E0213448B4294BFC81A002070BDBA
:106BF800012D1AD0022D2FD10F33B0F856609B000B
:106C08001FFA83FC90F840300F339D00B0F85A30DB
:106C18009E4228BF1E46C2E74FEA8C1C4FF42960EB
:106C28000CF5747C1FFA8CFCD5E70E33B0F856606F
:106C3800DB001FFA83FC90F840300E33DD00B0F81B
:106C48005A309E4228BF1E46A9E70CF10E0C4FEAA7
:106C5800CC0C1FFA8CFCBCE74FF4EB710620F9F75B
:106C680071FF00BF38B541F64B5CC36990F87020DE
:106C7800634594BF4FF04D0C4FF0960C90F871E0BF
:106C880012F00C0FB0F844302ED09B014FF4296558
:106C980003F574739AB290F840309B0103F574744D
:106CA800B0F84230AB4228BF2B46A34238BF234638
:106CB800934228BF13461EF00C0FB0F84C2026D183
:106CC800BEF1010F39D0BEF1020F3AD10F32920056
:106CD80092B2B0F84E400631944294BF1B199B18EB
:106CE8008C446344C36338BD012A17D0022A28D1D3
:106CF8000F33B0F856509B009AB290F840300F33DB
:106D08009C00B0F85A309D4228BF1D46C8E7920142
:106D18004FF4296402F5747292B2DCE70E33B0F8CE
:106D28005A50DB009AB290F840300E33DC00B0F8CD
:106D380056309D4228BF1D46B2E70E32D20092B2AD
:106D4800C7E74FF4EB710620F9F7FCFE006801F184
:106D58009C03984203D9401A9C3840087047002089
:106D6800704700BF014B1878704700BF660C0021C0
:106D780038B5164C08212046FAF758F9D4E90032FC
:106D880053EA0201F6D0124D5A4005FB03F182EA9C
:106D9800B3134FEAF16183EA422301EB810005FB5B
:106DA80003F183EAF24C4FEAF1618CEAB31301EB89
:106DB80081014FEAFC4283EA4C2351EA000CE3D0FC
:106DC800C4E90032C4E9020138BD00BF680C0021E3
:106DD800BB79379E09490A48D1E90223534002FB8F
:106DE80000F083EAB2124FEAF06082EA43224FEAE7
:106DF800F34300EB8000C1E902237047680C0021CF
:106E0800BB79379E09490A48D1E90023534002FB60
:106E180000F083EAB2124FEAF06082EA43224FEAB6
:106E2800F34300EB8000C1E900237047680C0021A0
:106E3800BB79379E002802DB884203DA7047494253
:106E48008842FBDA08B27047430800F0553003F077
:106E580055331844830800F0333003F033331844B3
:106E6800030900F00F3003F00F331844030A00F051
:106E7800FF1003F0FF13184400EB1040C0B2704736
:106E8800430800F0550003F055031844830800F048
:106E9800330003F03303034403F00F0000EB131037
:106EA800704700BF80EA6003580803F0553300F0CC
:106EB80055301844830800F0333003F03333184456
:106EC800030900F00F3003F00F331844030A00F0F1
:106ED800FF1003F0FF13184400EB1040C0B27047D6
:106EE80040F34E0345F2555C43F233319BB25840B0
:106EF80040F60F730CEA500200EA0C00104400EA56
:106F0800010201EA90010A4402EA030003EA1213AB
:106F1800184400EB1020C0B2704700BF436800223D
:106F2800A8335A7783F85C20A3F85820704700BF2D
:106F38004368002193F80821A833A3F85E100132B2
:106F480083F86020704700BF4268A83208B592F8FD
:106F58006030013B5BB2002B82F8603000DB08BD7B
:106F680035214A20F9F7EEFD4368A83383F8AB10C2
:106F780083F8AA20704700BFA0F10B03042B08D99F
:106F8800A0F121032F2818BF062B94BF0120002051
:106F980070470120704700BF162A01D000207047B3
:106FA800A0F10C02032A0CD9212806D00029F5D01B
:106FB8000A78012A05D9162AF0D1232201201A704D
:106FC80070472A2201201A70704700BF4268D2F821
:106FD800B43000B513F0080E10D143F00803704622
:106FE800C2F8B430CB78A2F806E182F8503192F8B2
:106FF8000831013382F808315DF804FB01205DF89F
:1070080004FB00BF38B5446800230D46A834194670
:10701800A27F2046FDF7BEFD58B1E9780020032283
:10702800012384F8A810A4F85E00A27784F86030E1
:1070380038BD012038BD00BF30F8023CF0B583B040
:10704800002B38D1204B04460D4630F8DE6C1B6807
:107058000BB1363898471D4B1B680BB13046984723
:107068000A230027A5F803602B70AF70637A54F8E1
:10707800C60C6B7117F0F3FF08B33046FBF71AFE26
:1070880039463046FAF740FC01213046FAF73CFC15
:1070980018B90F4B1B6803B198470423ADF80430A7
:1070A8009DF8042000209DF8053062F3070063F383
:1070B8000F2003B0F0BD0023ADF80430F0E77C21C9
:1070C8006320F9F73FFD00BF700000217800002120
:1070D8007400002138B544680D4603780121A834AE
:1070E800E27F2046FDF756FD30B92846FEF738FF07
:1070F800072384F82000E377002038BD10B54468E2
:1071080001210378A834E27F2046FDF743FD08B942
:107118000823E37710BD00BF70B5044640680D46EC
:10712800012390F8C6200021A830FDF733FD08B9E7
:10713800012070BD28466668FEF70EFF6268A6F853
:10714800B403B2F8B433B2F8BC10013B5B1A47F68B
:10715800FD719BB28B4209D9282302F1DE0009494F
:1071680082F8E730FFF7CCFA002070BD02F2B631A2
:107178002846FEF7EBFE63680B22002083F8C62042
:1071880070BD00BF417000018C4608230A46A0F27A
:10719800232100B50CF8033B4FF0000E00F1090362
:1071A800A1F832E003CB1B78C2F80300CCF8041036
:1071B8008CF8083082F803E05DF804FBF8B5044663
:1071C80040680D46012390F8C6200021A830FDF73D
:1071D800E1FC08B90120F8BD6368284693F87510EA
:1071E800FEF778FE002842D06668B5F80D30B6F88C
:1071F800BC20A6F8B433D243134447F6FD729BB2C1
:10720800934209D9282306F1DE001C4986F8E730A5
:10721800FFF776FA0020F8BD2846FEF74BFEFDF78B
:10722800D9FD676806460146C7F8BC032879FDF70B
:10723800E3FD3146A7F8B603B5F805006768FDF722
:1072480003FE034666682846C7F8B833FEF736FEDD
:10725800A6F8C00328466568FEF738FE636801464D
:107268000E220020A5F8C21383F8C620F8BD2946CF
:107278002046BDE8F840FFF7A9BE00BF41700001F5
:1072880010B5446800210378A834627F2046FDF7D2
:1072980081FC10B11E23637710BD24214520F9F726
:1072A80051FC00BF2DE9F047456882B090F8008096
:1072B800044605F1A8060F4643460A213046727F68
:1072C800FDF768FC18B9012002B0BDE8F087384620
:1072D800FEF7A2FE38B90023184686F85C307377AB
:1072E80002B0BDE8F0873846FEF792FE8146384680
:1072F800FEF78AFE82463846FEF78CFE034638467D
:107308001F46FEF783FE494600903B4605F13800CC
:107318005246FFF743FB6168284601F5DC711631D8
:10732800FFF766FBB8F1000F04D00521606805F08F
:1073380025FBD0E7042160680DF0ECF8CBE700BF2F
:107348002DE9F04100230446406882B00D461946F5
:1073580090F8C620A830FDF71DFC18B9012002B02E
:10736800BDE8F0812846FEF757FE00283ED02846A3
:107378006668FEF74DFE074628463836FEF744FE97
:1073880080462846FEF746FE034628461D46FEF779
:107398003DFE424600902B4639463046FFF7FEFA3E
:1073A800636893F8C5201E2A13D093F863317BB91C
:1073B800636893F862315BB961681F2301F2E112D7
:1073C80081F8C63031F8380BFFF78AFB636803E0B1
:1073D8006368202283F8C620002201211046A3F802
:1073E800062183F8081102B0BDE8F081294620463D
:1073F80002B0BDE8F041FFF705BE00BF0B22A0F5C3
:107408002E730A7090F809C0027B1B8881F802C0AD
:107418004A71A1F8033070470C22A0F52E730A7048
:10742800427A1B888A70A1F8033070470922A0F5B8
:1074380071730A701B88A1F80330D0F80F30D0F8A8
:107448000B20C1F80930C1F80520B0F81330A1F8B5
:107458000D30704738B50446406890F8C530182B91
:1074680001D0022038BD00F59C7300F24F31002294
:1074780000F23B3000F0D6FD0025636801210024AE
:107488001A22002083F8CA1083F8C520C3E94A45A8
:1074980038BD00BF38B50D46416891F8C530152B89
:1074A80001D0022038BD044601F257312846FEF7C4
:1074B8008BFD6168284601F5A671FEF78FFD6368AC
:1074C8001822002083F8C52038BD00BF436893F810
:1074D800C520112A07D100221421104683F8CA209A
:1074E80083F8C51070470220704700BF436893F8BF
:1074F800C5201C2A32D1002193F80A2110B5044670
:1075080083F8091183F8041183F830139AB919889C
:10751800012083F8C1220222A3F8C21283F8C40210
:1075280003F52E700E49FFF74BF9002362681846E1
:1075380082F8C53010BD1888022283F80A1183F832
:10754800C112A3F8C20203F52E700649FFF738F9F5
:1075580000236268184682F8C53010BD02207047C3
:10756800057400012174000138B504464068012300
:10757800002190F8C620A830FDF70CFB78B16368AD
:1075880093F8CB0050B1D3F85C51ADB92046FFF762
:10759800CFFC63681222284683F8C62038BD60688D
:1075A8000123052190F8C620A830FDF7F3FA00283A
:1075B80014BF0820012038BD0A2120460C22FFF7FD
:1075C800D3FC63683022204683F8C620FFF7B0FC5E
:1075D800002038BD38B5044640680D46012390F8B0
:1075E800C6200021A830FDF7D5FA58BB606890F88E
:1075F800C620142A39D1D0F85C3143BB90F80A313F
:10760800002B3CD000F53E712846FEF7C7FC6168A8
:10761800284601F5A471FEF7CDFC616828460B8861
:1076280001F2CF3121F8023CFEF7A2FC616828463E
:1076380001F2D731FEF7A6FC63681622002083F812
:10764800C62038BD6068D0F85C31002BD6D0032145
:1076580020460C22FFF788FC63683022204683F816
:10766800C620FFF765FC002038BD01230521A8309E
:10767800FDF790FA002814BF0820012038BD2046E5
:10768800FFF756FC6068BDE7406808B590F8C6305B
:10769800162B0ED117234FF0010C0222074980F850
:1076A800C63080F809C100F57170BDE80840FFF7E1
:1076B80087B84FF493711F20F9F744FA3574000125
:1076C800436893F8C620132A04D11422002083F8B3
:1076D800C620704702207047436893F8C630192BBC
:1076E80001D00220704710B50446FFF72DFC1D227B
:1076F8000020636883F8C62010BD00BF00B50A46A5
:107708004FF0070E00F109038C4602F803EB03CB98
:10771800CCF8030018889B785160108193725DF84B
:1077280004FB00BF70B504780D462CBB46682346A1
:10773800214696F8C62006F1A800FDF72BFA002886
:107748003FD069682046204AAB680A400121A6F864
:107758000641C6F81A2196F81D2186F80811042159
:1077680042F0080286F8C61086F81D2141F6070285
:107778001340C6F81E3170BD4368D3F8B42012F028
:1077880001001ED142F001024E6889680446C3F820
:10779800B42093F80821A3F806012046013283F8A3
:1077A8000821094A3240C3F81A2193F81D2142F0F2
:1077B800080283F81D2141F607020A40C3F81E217A
:1077C80070BD0124204670BD2F4904F72DE9F84308
:1077D8004668054690F800800F4606F1A804072180
:1077E8004346627F204606F5DC79FDF7D3F9B8B346
:1077F8007B681D4A1A40BB68C4F8722041F607022C
:107808001340C4F8763094F8753043F0080384F8D0
:107818007530002384F85C306377B8F1000F02D12B
:107828006B6883F8738199F85F3003F0FF041BB12C
:1078380000242046BDE8F883338809F1570089F809
:107848006040A9F861307A68BB680849C9F86320C4
:107858000222C9F86730FEF7B3FF2046BDE8F88377
:1078680001242046BDE8F8832F4904F70577000175
:10787800436803F5DC7090F85F2002B17047B3F8F5
:1078880000C01A2302220349A0F861C0573043728E
:10789800FEF796BF0577000110B5044610F01EFDEF
:1078A80041F60702024B11400340A160636010BD1E
:1078B8002F4904F730B5456883B00C4610F00EFD2B
:1078C800094A41F6070395F81AC1A835024019403C
:1078D8006B460CEA020C009201918DF800C003CBB4
:1078E8006060A16003B030BD2F4904F710B544684B
:1078F80000210378A834627F2046FDF74BF910B1C8
:107908000423637710BDAA211C20F9F71BF900BFD7
:1079180038B5057804468DB14268D2F8B410CB0763
:107928001DD592F80831013B5BB2002B82F8083173
:1079380011DB21F00101C2F8B41038BD40682B46B4
:10794800294690F8C620A830FDF724F958B1636895
:1079580083F8085138BDB9211C20F9F7F3F8B7218D
:107968001C20F9F7EFF8B2211C20F9F7EBF800BF5B
:107978006FF4E2720E2310440B7003884B8070473B
:1079880010B5446809210378A834627F2046FDF7C2
:1079980001F928B1002384F8503084F85C3063770B
:1079A800002010BD38B50478456894B923462146AF
:1079B80095F8C62005F1A800FDF7ECF8C0B1012242
:1079C80002232046A5F8064185F8082185F8C63027
:1079D80038BDD5F8B44014F0040409D1FFF7A8FA6B
:1079E800D5F8B430204643F00403C5F8B43038BDA8
:1079F8000124204638BD00BF027842B14268D2F85F
:107A0800B43023F00403C2F8B430FFF79DBA4368DA
:107A180083F80821704700BF38B5446805460378E5
:107A28000021A834627F2046FDF7B4F830B12B78E6
:107A3800002B0CBF05231023637738BD71214B2021
:107A4800F9F780F84FF0010CA0F58673002281F851
:107A580000C01B888A70A1F80330437A4B71D0F8B4
:107A68000A30C1F806307047F8B547680E46057801
:107A7800082107F1A80497F8C5202B462046F5B938
:107A8800FDF788F8002843D094F86330990722D589
:107A9800DB070FD4002D4FD0E36813F002015DD14E
:107AA80094F8602043F00203A4F85E100132E3600A
:107AB80084F86020637F012B24D00020F8BDFDF7F7
:107AC80069F80028E0D1D7F8B430980729D494F899
:107AD80063309907DCD43046FEF784FA84F86D00E9
:107AE800B6F8052094F86330A4F86E20B6F807209D
:107AF80043F00201A4F87020DA0784F8631012D466
:107B0800CBB2C5E700231846637784F85C30F8BD2C
:107B18002B4697F8C62029462046FDF73BF8002853
:107B2800B2D10120F8BD02220E4904F16400FEF72B
:107B380067FE94F86330ABE72B46A27F29462046C0
:107B4800FDF728F830B10123A4F85E50A37784F834
:107B58006030AFE749214020F8F7F4FF502140207A
:107B6800F8F7F0FF4D7A0001F8B50578BDB9466819
:107B780096F80B3106F1A80406F5B077980728D4D3
:107B88002B46627F00212046FDF704F8A8B30123A5
:107B98000022637784F85C30A4F85820F8BD446864
:107BA80094F80B3104F5B077990720D5D4F8B430A0
:107BB8009A070BD594F80821013A52B2002A84F8A2
:107BC800082116DB23F00203C4F8B4300023BB7489
:107BD800F8BD2B46204696F8C6202946FCF7DAFF62
:107BE8000028F3D0002386F80851BB74F0E7A834C6
:107BF800C6E781214020F8F7A5FF6F214020F8F75C
:107C0800A1FF00BF34230B70D0F80930C1F803304E
:107C1800704700BF6FF4D7732DE9F041A0F25725E4
:107C2800C41882B02F4F95F871000EF0D5FEA368E6
:107C380097F90010064603F500631A1343F3073358
:107C4800994222DD524297F9013052B21A447F2AF2
:107C580026DC12F1800F3EDB4FFA82F8B8F1000FF4
:107C680010D06FF00043D4E900129A4208BFB1F176
:107C7800FF3F07D012F090FDD4E90023904271EB4A
:107C8800030310D202B0BDE8F08197F902109942BF
:107C9800F8DA524297F9038052B242447F2AD8DD7B
:107CA8004FF07F08DDE728886946FCF795FDA8B9FD
:107CB800711C424668460223C9B20EF0A5FE002890
:107CC800E0D1BD8812F068FD4FF47A73E3FB05013B
:107CD800C4E90001D6E76FF07F08C2E784217A2063
:107CE800F8F730FF780C00212DE9F84F0446D0F85A
:107CF8000490FDF721F90546237809F1A80766687D
:107D080086F8C10043BB7F2824D0B0464B49A8362B
:107D18008A68D8F8B03002FB03F3C2F5805200FB42
:107D280002F202EB233398F8DB20C8F8B03088F869
:107D3800C2200A7B002A45D196F91B1098F83520F5
:107D48006B1A1BB2002BB8BF5B429BB2934201D3A4
:107D5800FF2A12D1BDE8F88F7F28FBD0B0463749FB
:107D6800A8368B68D8F8B02002FB03F0C3F580531F
:107D780005FB03F303EB2033D5E7337F0133DBB295
:107D8800337798F836209A4201D37F29E2D100232D
:107D9800F576337799F83430012BDBD1606800F53C
:107DA800DC70037A002BD5D1B9F8003002222449BF
:107DB800A0F809307B7EC372BB7E0373BDE8F84F21
:107DC800FEF7FEBC03F5006391F9000043F30732A8
:107DD8001B1390422ADD5B4291F901205BB21344E8
:107DE80003F18002FF2A02D85BB2002BA4D06FF007
:107DF8000041D6E900238B4208BFB2F1FF3F9BD078
:107E080012F0CAFCD6E90023904271EB030393D326
:107E1800636803F5DC7B9A4610F08AFF09498AF803
:107E280071000BF19F00FEF7ABFC85E791F90200AA
:107E3800904281DA5B4291F90320CFE7780C002168
:107E48000D7C00011D7C0001264BF0B54FF0000EA3
:107E58001D7882F800E0BDB3013D5E68EDB208E030
:107E680056F83470DCF8044087428C412CBF1D461C
:107E78009E460EEB0503A5EB0E0C5C10BCF1010F42
:107E8800C3F3470306EBC40CEADC06EBCE0356F853
:107E98003E405B688B4208BF84421BD0A04271EB16
:107EA800030313D306EBC50356F835405B688B42D2
:107EB80008BF844212D0A0424FF0000071EB0303C8
:107EC80028BF01351570F0BD2846F0BD002082F8A6
:107ED80000E0F0BD012082F800E0F0BD012015703F
:107EE800F0BD00BF880C002110F0070208B506D1CC
:107EF80018B1054B197258601A70C80008BD632183
:107F08004820F8F71FFE00BF880C0021014B002213
:107F18001A707047880C0021014B187A704700BF0F
:107F2800880C00212DE9F0430E7901284B7983B0A4
:107F38000D6846EA03210DF10702284608BF41F4FF
:107F48008031FFF781FF28BB144F97F800C03B7AB8
:107F580063451FD09DF807207C68944510D9634677
:107F68006FF0604E03EB0E02013B04EBC202DBB282
:107F7800D2E90089C2E902899DF807209A42F1D323
:107F880044F832500CF1010C04EBC202012087F8CE
:107F980000C0516003B0BDE8F08300BF880C002129
:107FA80010B502464C790B7982B0012A086843EA79
:107FB80004210DF1070208BF41F48031FFF744FFA7
:107FC8000446A8B10C499DF807000B785A1ED2B296
:107FD80082420A700CD9023B4A68411C1B1A02EB08
:107FE800C00002EBC101DBB25A1CD20016F0BCF88B
:107FF800204602B010BD00BF880C002100B5024623
:108008000B7991F805C083B0012A086843EA0C216E
:108018000DF1070208BF41F48031FFF715FF03B0E7
:108028005DF804FB70B58CB00E461546014610226B
:1080380068461C46FCF79EFD102231460DEB0200F7
:10804800FCF798FD684615F0B9FE35B1102208A96D
:108058002046FCF78FFD0CB070BD08AD0FCD206039
:108068006160A260E3600CB070BD00BF06220B46E1
:1080780003F8032BB0F809C0C27AA1F803C09A70BC
:10808800704700BF06230B70D0F80F301A88A1F88C
:108098000320002293F8CD304B71024B5B689A673E
:1080A800704700BF5412002117220B4603F8032B18
:1080B800D0F809C0D0F80D20C1F803C05A60704745
:1080C800392200F10903293001F8032B10B51C6887
:1080D800103353F80CEC103153F808CC53F8042C37
:1080E800834241F8104C41F80CEC41F808CC41F8B7
:1080F800042CECD11B880B8010BD00BF144B421E12
:10810800082933F811304FEAC21203F2E73310B4EA
:10811800104CA4FB03434FEA931311D0042908D051
:108128000229134410BC14BFF021602101FB003068
:10813800704740F2BE21134410BC01FB0030704769
:108148004FF4D261134410BC01FB0030704700BFEC
:1081580050B00201D34D6210D928844628BF4FF091
:10816800D90C0CF1300C1FFA8CFC30B5BCF1FF0FA8
:10817800BDF80C40864628BF4FF0FF0CA00737D04B
:10818800A00701F5A57124D5082A00F0BB80042AB0
:1081980000F05081022A14BF4FF414754FF49675FD
:1081A80012F00C0F294400F08C8001F61445E0070A
:1081B80005F1980C40F19680082A00F0E480042A22
:1081C80000F03581022A0CBF6421C0210CEB0100AC
:1081D80030BD002B5FD0082A00F0E381042A00F0AC
:1081E800FE81022A40F6480508BF4FF48565D7E7A7
:1081F80001F5A570DBB1082A00F01F81042A00F000
:10820800FE80022A00F0E581BEF1D90F01F6921036
:10821800DED9AEF1D902C54B92B2F63283FB021316
:108228001344DB1140F6921202FB030030BD082A0A
:1082380000F01581042A00F0AC80022A00F0C28107
:108248000CF1050CBEF1D90F1FFA8CFC00EBCC0C1D
:108258000CF12800BCD9AEF1D903B5491FFA83FE49
:10826800A1FB0E31AEEB010301EB5301C1F3C711C2
:10827800C1EB411340F69212C1EBC30302FB0100AC
:10828800AEEB03039BB2002BA2D0083328220824AC
:108298009BB2053310E1082A00F0DE81042A00F0C1
:1082A8008381022A00F076810CF1050C282508202C
:1082B8001FFA8CFC0CFB005C12F00C0F61447FF47D
:1082C80074AF082A62D0042A00F09680022A14BFEC
:1082D8004FF4B075B4259C31E0070D4405F1980CB6
:1082E8003FF56AAF8BB1082A00F0A981042A00F093
:1082F8007381022A00F0E780BEF1D90F05F50E6000
:1083080087D830BD41F2D0254AE77346F12B28BF04
:10831800F123082A00F06681042A00F04D81022A20
:1083280000F008811333BEF1D90F98B20CEBC00CE2
:108338000CF128007FF64CAFAEF1D90E7C4B1FFA3A
:108348008EFEA3FB0E23AEEB030203EB5203C3F333
:10835800C713C3EB431240F69211C3EBC20201FBF1
:108368000300AEEB02039BB2002B3FF431AF08339E
:10837800282208219BB2053300F5A57C03FB0123C5
:1083880003EB0C0030BD4FF4CA611FE74FF43565AD
:10839800A1E70CF1050C4FF4BF7110231FFA8CFCF8
:1083A8000CFB031CBEF1D90F60447FF611AFAEF190
:1083B800D9035F49042A1FFA83FEA1FB0E31AEEBF5
:1083C800010301EB5301C1F3C71140F09780C1EBE2
:1083D800411341F20832C1EBC30302FB0100AEEBCB
:1083E80003039BB2002B3FF4F3AE08334FF4BF7284
:1083F80010249BB205335FE040F2EE356BE741F2A3
:10840800BE1CBEF1D90F60447FF6E2AEAEF1D90EC4
:10841800464B042A1FFA8EFE0EF1F60E83FB0E134E
:1084280073444FEAE31363D141F20832FCE640F2A9
:10843800AE21CBE640F2CE55B2E644F2DA32BEF1D6
:10844800D90F01EB02007FF6C3AEAEF1D901374B6D
:1084580089B2F63183FB01430B44DB11E4E60CF1EE
:108468000503BEF1D90F9BB200EB831C0CF5C87055
:108478007FF6AEAEAEF1D90E2D4B44F2DA311FFACB
:108488008EFEA3FB0E23AEEB030203EB5203C3F3F2
:10849800C713C3EB431201FB0300C3EBC203AEEBEC
:1084A800030E1FFA8EF3002B3FF492AE08334FF4FD
:1084B800C87240249BB2053300F5A57C03FB042356
:1084C80003EB0C0030BD4FF48561BEF1D90F0CEB06
:1084D80001007FF67DAEAEF1D901144B042A89B2B2
:1084E80001F1F60183FB01430B444FEAE3139BD0F0
:1084F800022A7FF497AE40F2725295E6022A7FF480
:10850800B7AEC1EB411340F27252C1EBC30302FB99
:108518000100AEEB03039BB2002B3FF459AE0833C6
:10852800182204249BB20533C6E700BFC9F9A98401
:1085380091F353091333182004219BB203FB010361
:10854800BEF1D90F03EB0C007FF642AEAEF1D90EA7
:10855800514B042A1FFA8EFEA3FB0E13AEEB030148
:1085680003EB5103C3F3C7137ED1C3EB431241F2AC
:108578000831C3EBC20201FB0300AEEB02039BB25E
:10858800002B3FF425AE08334FF4BF7210219BB285
:108598000533F1E60CF1050C182504201FFA8CFCB4
:1085A80088E644F29025FBE50CF1050C4FF4BF7505
:1085B80010201FFA8CFC7DE613334FF4BF70102196
:1085C8009BB2BBE70CF1050318211FFA83FC0423B7
:1085D800E6E64FF4856C14E741F2BE1175E741F207
:1085E800BE15DDE51333BEF1D90F98B20CEB801C34
:1085F8000CF5C8707FF6ECADAEF1D90E264B44F2FF
:10860800DA311FFA8EFEA3FB0E23AEEB030203EB57
:108618005203C3F3C713C3EB431201FB0300C3EBBD
:10862800C203AEEB030E1FFA8EF3002B3FF4D0AD5E
:1086380008334FF4C87240219BB205339CE644F2DC
:108648002830BEF1D90F28447FF6C2ADAEF1D9016A
:10865800124B44F2DA32FBE60CF1050C4FF4C87504
:1086680040201FFA8CFC25E6022A7FF472AEC3EB89
:10867800431240F27251C3EBC20201FB0300AEEB9E
:1086880002039BB2002B3FF4A3AD08331822042148
:108698009BB2053370E600BF91F35309C9F9A98469
:1086A800082910B582B041D0042934D0022942D01B
:1086B80005334FF0280E082190F805C003FB01EEA2
:1086C80090F844100CF1FF30072839D8DFE800F0A3
:1086D800282B3804383838044FF0020CD301CA3339
:1086E8000EFB02321B4B9A422FD81B4C01F03F0164
:1086F8000020A4FB023241F04001C2F3073361F3CA
:108708000700C2F3071243EA4C1362F30F2063F326
:10871800174002B010BD05334FF4BF7E1021CBE7E0
:108728004FF0000CDAE74FF0010CD7E705334FF4B0
:10873800C87E4021C0E705334FF0180E0421BBE77F
:1087480040F2EF210620F8F7FDF940F28C712D2058
:10875800F8F7F8F9C3BF0300898888882DE9F04342
:10876800314E4FF00008154683B0D6F800C062F3CA
:10877800070807460C46DCF80F3062F30F280B6237
:108788009CF815309CF814201B0443EA02239CF83B
:10879800132013438B62BCF81900FCF71BFB3368EA
:1087A8008146E061987D4946FCF726FB33684946D7
:1087B8002086B3F81700FCF747FB3368E062694688
:1087C800B3F81B20A284B3F81D20E28493F8242078
:1087D80002F01F0284F8D920D3F81F0093F8233041
:1087E800009004F1CD008DF80430FCF727FC3368C5
:1087F80093F82430A4F870805B0984F8D832FF23FA
:1088080015F00C0F04F1380014BF0121002184F881
:108818007230FEF7CBF897F914102046FCF7BEFA31
:1088280003B0BDE8F08300BF940C0021F8B544887C
:108838008C460546134614F004016246C07F18BFF3
:1088480005F17701FBF792FCC207044606D4A3079B
:1088580012D484F00400C0F38000F8BD0123E87F3F
:1088680085F86830FBF7C4FD0368C5F8693083886C
:10887800A5F86D30A307ECD50127084E05F177015F
:10888800306885F87670FCF7CBFF30683946FCF71E
:10889800DDFF84F00400C0F38000F8BD940C0021D3
:1088A80070B500F1090213250B460C46293003F870
:1088B800035BD2F800C0103252F80C6C103352F837
:1088C800085C52F8041C824243F810CC43F80C6C44
:1088D80043F8085C43F8041CEBD1127801251A70A0
:1088E8002946A688A5713046F8F7F8FF48B1E2781E
:1088F80042B10088FAF7DEF929463046F9F704F85C
:1089080020B970BDBDE8704006F01EB940F24221A2
:108918002D20F8F717F900BF1323F7B50B700023C4
:1089280005460C46CB7083691A88D8698A8001226B
:108938008A71FCF737FAAB69608304F10E019A8CEF
:10894800A283DA8CE28393F8D82284F82020FF22CD
:1089580084F821206A69128962845A7A012A2DD101
:10896800DA7B02F0C002402A28D1D3F80A20C4F8E2
:108978000E20DB898B800622134B69465868436DAD
:1089880054306361838823830023AF690093BE78E2
:10899800ADF80430E67115F0C7FB10B146F00206D9
:1089A800E671D7F80330A360B7F80730A381A86948
:1089B80040B103B0BDE8F04006F0C6B80023C4F8E3
:1089C8000E30D7E703B0F0BD5412002170B50D4644
:1089D8000446C8691646FCF7E5F9AB8CEA8CA4F89E
:1089E800A630A4F8A400A4F8A820A37F95F8D8225C
:1089F80084F8AA201BB194F86830012B24D00022F7
:108A0800C4F89820A4F89C20204B082E1B681A78DC
:108A1800C2F3801284F8912025D0D3F8031004F112
:108A280092023046C4F89E1004F19101B3F8073061
:108A3800A4F8A230FBF72EFB18B394F8913043F05A
:108A4800020384F8913070BD94F86E3003F0C003CF
:108A5800402BD4D1D4F86920B4F86D30C4F89820EC
:108A6800A4F89C30D0E7D3F803000022C4F89200A1
:108A7800B3F80730C4F89E20A4F89630A4F8A220D2
:108A880070BD40F64A412D20F8F75CF8940C00219F
:108A98000B46162203F8032BD0F809C0427BC1F815
:108AA80003C01A71CB781BB130F8AC3C1B0700D55A
:108AB800704710B5B1F8054001212046F8F70EFFC0
:108AC80038B10088FAF7F6F801212046F8F71CFFBC
:108AD80000B910BD40F286212D20F8F733F800BF09
:108AE8002DE9F043874D87B0874B0026AA6A0446D4
:108AF800864902A8526804F130070293844B6E71CC
:108B080084F881600592049303912E82AE60AE7161
:108B180010F0ECFF10F0A6F911F0A6F80FF0CCFD5C
:108B28007C4810F0C1FA7C4810F0DAFF304615F0A6
:108B3800B7FC384602F080FC384602F083FC10F09F
:108B4800BDFA2179252010F023F994F9140010F0CA
:108B5800A5FA2179304610F0CDFCE86028B9012348
:108B68002B71002007B0BDE8F08304F15001E06CE0
:108B780016F0ABFC074604F15801E06C16F0CCFC8B
:108B880006463FB194F82480B8F1000F02D04FF0A8
:108B9800010903E0002E5CD1B046B146A37F13B9AA
:108BA800638859071BD56FF00041D4E918238B421D
:108BB80008BFB2F1FF3F54D011F0EEFDD4E91823FD
:108BC800904271EB03034CD3414601222046FFF744
:108BD8002DFE00284FD1B9F1000F40F08E803E43A2
:108BE80094F88330F6B2DBB2002E6BD1002B69D13A
:108BF80028680330FBF7A8FA6388A874DB07B0D5A8
:108C0800266A00230122FF2106F10A0785F82010B1
:108C1800CDE900338DF806206846F8F797FE00285E
:108C28009FD1009CA642F7D03B46727A04F10A0114
:108C3800607AFAF7EFF80028EED0A278374B85F87B
:108C48002020D4F80320C5F82120B4F807209A8002
:108C580087E794F82580B8F1000918BF4FF001099B
:108C68009CE7B9F1000FBAD0012220461146FFF760
:108C7800DDFD002841D0FBF775F8804611F08CFD2A
:108C88004FEA48134FEAD862B3EB080362F10002D7
:108C9800520242EAD3525B0213EB080342F1000C82
:108CA8009A014FEA8C1ED21A4EEA936E6EEB0C0CA8
:108CB80012EB08034CF10002181842EB0101C4E959
:108CC80018018CE76388DA0692D4666CC6F30B2623
:108CD800FEF780F8C0F30B039E42F9D094F84630B3
:108CE800C0F30321002284F8450023F00F030B434F
:108CF80084F8463084F883207AE740F614212D2042
:108D0800F7F720FF940C0021E5A10001D19D000197
:108D1800859A0001D6BE898E55555500B50C00219F
:108D280003292DE9F043044685B0164644D090F84F
:108D3800803023B10025284605B0BDE8F083052919
:108D48005BD03D4D4FF00108AF7C002F3DD133780B
:108D5800082B61D0296804F1700394F86F2011F88A
:108D6800030BC0F38010FAF755F82968054611F887
:108D7800030BC0F38010FAF7FBFF8146FBF74CFBAF
:108D8800B9F1080F0CBF002000F0010000283BD10A
:108D980001223378082B34D04DB363885907CAD4DD
:108DA8000028C7D1002F40D1657D002D18BF45454B
:108DB8000CBF01250025BEE743889A07BAD51E4D8A
:108DC8004FF00208AF7C002FC1D0FBF79FF90828AD
:108DD800307021D00DF1070102AAFBF75BF930B31F
:108DE80002A99DF80700FFF709F90746AFE7E57FF5
:108DF800ED1AB5FA85F56D09CFE74388DB07A0D4EE
:108E080098E71540EDB2C8E74846FAF7DFF980F071
:108E180001030246D8B2BCE7296811F8030BC0F376
:108E28008010FFF7EBF8074694E73D4683E740F6E6
:108E38003D712D20F7F786FE940C002170B504468D
:108E4800022219498430FDF7BBFC0222174904F1BC
:108E5800BC00FDF7B5FCB4F88E6094F88D500FF0A7
:108E68001BFA80B92278637CA4F8B96084F8B750FB
:108E780084F8B8209BB902220D4904F1AE0084F8A9
:108E8800BB30FDF79DFC0B4B00210B4A1B68117191
:108E980043B12146206A0222BDE87040184794F881
:108EA8004830E8E770BD00BFA9880001758000015F
:108EB800998A000184000021940C00212DE9F04FCB
:108EC800B0F802A08DB007461AF00303049101928E
:108ED80004D0012B02D0022B40F082830AF0070253
:108EE8004FF00005052A00F0BA80022A1BD0002A9C
:108EF80040F03A82019A002A40F0AA820AF023023E
:108F0800B7F85410A54E0A4300F06F831AF02004F6
:108F18000ED13A794FF0010912F00C0F0CBFCB4675
:108F28004FF0000B08E0019A002A40F074829B4E33
:108F380000244FF00109A3461AF0400840F0E981E7
:108F48004A46CDF808906BF3000530684FF0000AE8
:108F580064F34105A0F800A069F3C30562F30415A2
:108F6800019A68F34515002A40F0B9819246072115
:108F78000593FCF71FFC0023640003934FEA48188D
:108F8800059B4BEA04041946306825F07B05FCF77D
:108F9800F3FD029B44EAC909039A306849EA0319B8
:108FA80049EA080848EA8A1A0AF07B0A4AEA050ADE
:108FB80051465546FCF7E8FD1AF0010F5FFA8AF4AE
:108FC80040F0BB80A1070ED5049B002B00F0BF81A9
:108FD80007F17701306806230122FCF7BFFC012165
:108FE8003068FCF733FC14F0040340F05183220787
:108FF80000F15781A30600F1AD80019B012B41D000
:10900800029B63F30415A906ECB200F161816206C4
:1090180013D5019B002B00F0B1827D7997F844109D
:1090280097F914202846FBF771FF01238DF81800E3
:10903800062206A93068FCF791FCF06948B1403077
:1090480018F0A7F928B1F36993F8BD30002B40F068
:109058006082230600F121830DB0BDE8F08F019AEC
:10906800002A3FF464AF01244FF000084B4EA3469A
:109078001AF0400A40F0D9814FF001095246CDF864
:1090880008A060E7B7F85430002BB9D07B889C075C
:10909800B6D43068FCF76CFD431CB7F85420814601
:1090A800DBB2348AC3F1FF01141B8C42A8BFDC4336
:1090B800E4B2A2421FFA84F840F221827B88D807E2
:1090C80000F11D824AF01005033C039A30682946D6
:1090D800FCF75AFD09F10403E4B2B7F8482007F198
:1090E800690107F1360023445FFA83F8F3681344F3
:1090F800B7F840211A4492B2FBF7B8FF7A7987F89B
:109108004400082A00F0B582042A00F0AA82022A44
:1091180000F0B7824FEAC803013A00F03F0050332D
:10912800072A00F25882DFE812F0CE0156025602F2
:10913800BD02560256025602BD0207F169013068A7
:1091480006230022FCF70AFC97F868103068FCF741
:109158006FFB37E7F469D7E950890CB304F1400B8A
:10916800226E636E58460592049318F012F9DDE9F1
:109178000432C0B1F16991F8BD10A1B15846CDE9EA
:10918800042318F058F9D4F870B0DDE9042360B965
:109198001BEB020243F1000307E000BF940C00211F
:1091A800B469D4E91823D4F870B0207C4FF0000ECD
:1091B800BA499DF81DC031F8100071696EF3861C1C
:1091C80000F2E73011EB08088DF81DC0D7F834C15C
:1091D80049F10009B2EB0808B14A63EB0903A2FBA5
:1091E8000002920912EB080243F10003B2F5161FC0
:1091F80073F1000080F2E680ACEB0101DFF8A4E235
:109208004FEAE1797145884679F10000CC4602DAE7
:10921800F0464FF0000C90457CEB030080F2498249
:109228009DF81D3043F020038DF81D304FF49673E0
:10923800B2FBF3F2BDF81C3062F30C03ADF81C303E
:10924800994BA3FB0B3B9DF824304FEA9B2BADF8C1
:109258001EB0E27E62F30403D4F817208DF82430A0
:1092680008920FF067F89DF8243060F347138DF8E3
:1092780024309DF81D306FF3C7138DF81D30226818
:10928800B4F85230CDF82520227901338DF8292001
:1092980062798DF82A20A279ADF82C308DF82B2030
:1092A800ABE67A6C07A93068C2F30B2262F30B03B2
:1092B80097F84620ADF81C301209C3F3072362F370
:1092C800071303228DF81D300223FCF747FB91E6B4
:1092D8001223052207A93068FCF740FB97E66400D3
:1092E8004FEA481807210393FCF764FAF069039BD7
:1092F80068B1403018F04DF8039B40B1F26992F81C
:10930800BD20002A0CBF00220A22039239E60390EE
:1093180037E6B7F85420002A61D03A7912F00C0FDA
:109328000CBF4FF0010A4FF0000A6BF300054FF035
:109338000008306864F34105CDF80890A0F8008073
:1093480069F3C30569F304156AF386150FE607F197
:109358007001306806230122FCF700FB97F86F10B4
:109368003068FCF773FA3EE6012A00F08880062A86
:109378003FF475AE042A40F09781019A002A00F064
:1093880007814A4EB06930B14030029318F001F8B5
:10939800029B804648B9F069002800F040814030BF
:1093A800029317F0F6FF029B80463A7912F00C0FF1
:1093B8000CBF002401241AF0200F0CBFA3464FF065
:1093C800000B55E69DF81D306EF345138DF81D30E2
:1093D800BDF81C306FF30C03ADF81C3030E77A8809
:1093E80002F02302002A98D1B06930B140300293CC
:1093F80017F0CFFF029B00288FD1F06930B14030C1
:10940800029317F0C6FF029B002886D1002B84D157
:109418004FF0010A89E74FF000081AF0400A4FF0B0
:10942800010B224E44463FF427AE4BF0480500227C
:1094380030684FF0010A45EA440502926400D146BB
:1094480045EA481502804FEA481805F06B0549E7D8
:10945800164EB06960B34030029317F09AFF029B32
:10946800804628B31AF0200440F08F803A7912F031
:109478000C0F14BF4FF0010B4FF0000BF8E5019CE7
:10948800002C40F09C8097F804B09146074EABF151
:10949800020BBBFA8BFB4FEA5B1B4DE550B0020198
:1094A800D34D6210FFBF03005917B7D1940C0021A8
:1094B800F069002800F081804030029317F069FFBE
:1094C800029B8046CEE7002103F5A5737F4A40F052
:1094D80040001FFA84F8A2FB033201238DF818001C
:1094E800100B02931209032340EA411130688DF8EA
:1094F800192004228DF81A1006A9FCF72FFA224623
:10950800396D3068FCF780FB338A9844A6F81080E0
:1095180076E507213068FCF7B5FA092232236C4951
:1095280002704370F369D3F890308370F369D3F80D
:1095380090301B0AC370F369B3F892300371F36972
:1095480093F893304371F36993F8A1308371F36909
:10955800D3F89430A1FB03239B0AC371F369D3F8B2
:109568009820A1FB02325B49920A0272F369D3F890
:109578009C30A1FB0323DB0843726AE507F1300046
:109588003D7902F009F801464AE50024A3466FE553
:109598000AF02302B7F854104F4E0A434AD01AF083
:1095A800200F3A793DD012F00C0F4FF0000B0CBF92
:1095B80001245C464FF00109BEE4804652E797F863
:1095C80004B04FF00008444EBBF1020B444618BFEC
:1095D8004FF0010B4CE540F2EF210620F7F7B2FA05
:1095E80040F276612D20F7F7ADFAB06938B1403016
:1095F800029317F0CEFE029B00287FF487ACF06937
:1096080038B14030029317F0C4FE029B00287FF463
:109618007DAC4FF000094FF0010B4C468CE48046BE
:10962800C3E612F00C0F0CBF4FF0010B4FF0000B0C
:109638005C46BFE7B06930B14030029317F0A9FE2D
:10964800029B0028ABD1F06930B14030029317F08B
:10965800A0FE029B0028A2D101244FF00009A346D6
:109668006AE44FEA081300F03F00022103F5E773AC
:109678002AE74FEA881300F03F00022103F534730C
:1096880022E74FEA880300F03F0001212C331BE753
:1096980040F65E012D20F7F755FA40F6C3012D205C
:1096A800F7F750FA02210FE740F219712D20F7F76A
:1096B80049FA9DF81D0091426FF3451079EB0303B9
:1096C8008DF81D00BFF684AE1E23B1E58988888811
:1096D8005917B7D1D34D6210940C00212DE9F047EA
:1096E80004460D4684B090F844000FF0E7FC617919
:1096F800FF200FF04DFBA5B98C4D2868FCF758F8F2
:109708002779064604F1300001F034FF082F5DD0B8
:10971800042F00F08480022F7DD0053628210823ED
:1097280058E0002062794FF4A57110F0A1F9638820
:10973800980743D5C3F38016D4F85890B4F85C80E2
:1097480000277A4D4FF0000A07212868A0F800A0EA
:10975800FCF730F851462868FCF70EFA5246FB0031
:10976800286843EA86173946FCF70EFA390700F1EC
:10977800B9802868FCF784FA2B8AC0F1FE00A8EBB0
:1097880003068642B4BFF6B2C6B2334498455BDCE2
:1097980063885A0648D4298A324628684944FCF71F
:1097A80033FA288A06442E82286810F0B5F9072271
:1097B80001232A716B7104B0BDE8F087C3F38016EA
:1097C800D4F85090B4F854800127BAE705364FF41E
:1097D800C871402306FB0316EB68628803EBC011CF
:1097E800CA3100FB06111607696102D5AB68194436
:1097F8006961627900200FF0DFFF002800F0908097
:1098080063889B0740F0878094F8761001222046F1
:10981800FFF754FBC8E7053618210423DAE70536B5
:109828004FF4BF711023D5E794F9142094F844102D
:109838006079FBF76BFB01238DF80800062202A96B
:109848002868FCF78BF8A6E747F010010022286883
:10985800FCF79AF92868FCF713FA2E8AC0F1FE0083
:10986800A8EB06088045A8BFC6B22868B8BF5FFA4B
:1098780088F6FCF77DF9B4F84830EA68074604F141
:10988800690104F136001A44B4F840311A4492B21E
:10989800FBF7ECFBBB1961790122013384F8440022
:1098A8002046DBB2FEF7FCFEC0F307238DF80C0060
:1098B800C0F307408DF80D3004228DF80E00039B8D
:1098C8000DEB02012868ADF808301B0C8DF80A3042
:1098D800029BADF804301B0C8DF806300323FCF70F
:1098E8003DF855E7636C03A92868C3F30B22BDF85C
:1098F8000C3062F30B0394F84620ADF80C301209D3
:10990800C3F3072362F3071303228DF80D300223F4
:10991800FCF724F82DE76179012010F0BFF973E70F
:1099280040F6B2512D20F7F70DF900BF940C002135
:10993800F0B500231E4D044683B030302B826B7186
:1099480001F018FE6688F1062DD4B20721794CBFC4
:10995800B4F85C70B4F85470FEF7D0FB009601467A
:10996800012338466279FEF7F7FBB4F84820AB6864
:1099780001320344A4F84820AB60FDF72BFA0D4BE5
:10998800AA68A3FB001394F876105B0AC3EB0323C1
:10999800A0EB8300831800222046AB6003B0BDE82B
:1099A800F040FFF78BBA2822314601F051FEDCE780
:1099B800940C00218180808038B5B0F84830044686
:1099C8002C4D0133AA7CA0F84830B2B900232B7182
:1099D80094F881305BB9637C1BB1B4F848209A4293
:1099E80012D220460021BDE8384003F0F1B82046E5
:1099F8000121BDE8384003F0EBB810F035F90EF05E
:109A08005BFE0023AB74E1E70121204603F0E0F898
:109A18006388DB070FD5236A1D880EF03DFC68B903
:109A280021784322637CA4F8B95084F8B81084F8EC
:109A3800B720A3B111E00EF02FFC00B138BD4FF0F4
:109A4800FF3220784321637C84F8B80084F8B92079
:109A580084F8BA2084F8B7100BB194F8483004F1B0
:109A6800AE0084F8BB3002220349BDE83840FCF759
:109A7800A7BE00BF940C0021998A000160B951B1BA
:109A8800074A084B92F804C0D2E90A1063440A69ED
:109A980052F8233018477047014BD86AFFF78CBF3C
:109AA800940C0021FCFFFF3F03292DE9F04784B007
:109AB80013D005290BD17E4B1B68002B62D0984729
:109AC80080F00100C0B204B0BDE8F0872046FFF77F
:109AD80073FF002004B0BDE8F08708230DF10302EE
:109AE80004468DF80330FFF71BF90028EED0237CDD
:109AF800002B40F095806F4D6788002628684FF04E
:109B08000108BB090721068004F1690963F3861877
:109B1800FBF750FE31462868FCF72EF832464146DE
:109B28002868FCF731F83246062349462868C7F307
:109B38008017FBF713FF94F868102868FBF778FE86
:109B48002868FCF79DF8B4F85C30C0F1FE00834249
:109B5800B4BFDEB2C6B2B3421FFA86FA14D8002FD9
:109B68007FD13246A16D2868FCF74EF8A5F810A001
:109B7800FF2061790FF00CF9082328682B710FF08A
:109B8800CBFFA6E718469EE748F0100A002228688F
:109B9800A6F103085146023EFBF7F6FF2868FBF7DB
:109BA800E7FFB4F84830EA680644494604F136004D
:109BB8001A44B4F84031F6B21A445FFA88F892B2FF
:109BC800FBF754FA6179334684F8440001222046B1
:109BD800FEF766FD8DF80C00C0F30723C0F30740BD
:109BE80046468DF80D3003238DF80E00039A286839
:109BF800ADF80820120C8DF80A2004220299ADF85D
:109C08000410090C8DF806100DEB0201FBF7A6FEF7
:109C18005146002228681FFA88FAFBF7B5FF9EE72D
:109C28009DF8030094F8D030002B7FF464AF2378BC
:109C3800082884F8D13024D004F1D30204F1D201E9
:109C4800FAF728FA70B394F8D2301A4D43F00203A9
:109C580084F8D2300222184904F1C800FCF7B0FD9C
:109C68004AE794F9142094F844106079FBF74EF908
:109C780001238DF80800062202A92868FBF76EFE6A
:109C88006FE70C4D29680B4613F8032BC2F38012BB
:109C980084F8D220D1F80320C4F8D3209B88A4F8F4
:109CA800D730D7E740F6BA712D20F6F74BFF00BF43
:109CB8007C000021940C0021B18000012DE9F041C5
:109CC80082B00823052104460DF107028DF80730FC
:109CD800FFF726F800286BD062792046216AFEF744
:109CE8003DFD216A00204FF6FF73FF2284F88D00A6
:109CF800088884F8AB20A4F88E0020469DF8072039
:109D0800A4F8AC30FEF762FE236A2D491A880D6864
:109D1800A4F8C52093F8CD2084F8C72025B11846AB
:109D280001222146A847236A264D002708212868D2
:109D3800D0F80320C3F80320B0F80720A3F80720C1
:109D48000678D4F82080C6F3801688F80260078069
:109D5800FBF730FD39462868FBF70EFF3A462868BE
:109D68004FF00301FBF710FF3A46062304F169019F
:109D78002868FBF7F3FD94F868102868FBF758FD8E
:109D880031462868FBF762FD0623012208F103012A
:109D98002868FBF7E3FD6179FF200EF0F9FF2868DA
:109DA8000FF0BAFE092301202B7102B0BDE8F08143
:109DB8002046FFF701FE012002B0BDE8F08100BF98
:109DC80084000021940C0021F0B5504C85B0237913
:109DD800022B03D02379032B40F08B80E26A156AAB
:109DE8000DB195F8755088B9A37C1BB10FF03CFFF5
:109DF8000EF062FCE06A02F00FFD48B30FF064FA5F
:109E0800A36A9B6805B0BDE8F0401847216802F1D5
:109E1800690392F8682011F8096BF009F8F7FAFF5E
:109E28000028E1D006F00F062068052E26D0294626
:109E3800FBF738FD0028D7D02379E06A022B0DD034
:109E48002379032B0AD040F6C5412D20F6F77AFE78
:109E5800E06A05B0BDE8F040FFF7AEBDA36A314641
:109E680025795A692A4B2B4452F823309847A37C0A
:109E7800002B43D10028BDD105B0F0BD90F82430A7
:109E880003F01F03102BD2D9E76AFB7C002BCED03E
:109E980008230DF10F02314638468DF80F30FEF7D2
:109EA8003FFF0028A0D097F8E130002B9CD1226812
:109EB80007F1E201D31C2332D3F800C0103353F862
:109EC8000C6C103153F8085C53F8040C934241F8B9
:109ED80010CC41F80C6C41F8085C41F8040CEBD14B
:109EE8001B88022207F1D9000B800A49FCF768FC9D
:109EF8007AE740F6EC412D20F6F724FE01900FF0AA
:109F0800B3FE0EF0D9FB0198B4E700BF940C002112
:109F1800FEFFFF3FC98000012DE9F04104460E46CF
:109F2800002940F08980714D0023286894F87670E4
:109F380003806388103B0D2B00F2C980DFE803F033
:109F480077C7721EC707C7C7C7C7C7C7C7070121D3
:109F5800FBF730FC2868037823F0200343F0200344
:109F68000370002F00F0968004F17701FBF758FC8E
:109F780028680121FBF76AFC286809E00021FBF743
:109F880019FC2868037823F0200343F020030370AA
:109F980004F16901FBF734FC94F868102868FBF7B2
:109FA80047FC638823F008039BB2152B60D128680F
:109FB8000FF0B2FD04232B71FEB16388102B74D00F
:109FC80004F13007D5F80C80384601F0D3FA06467C
:109FD8003846013E01F0A6FA28226188301AC0B23C
:109FE80001F060FB638880441B0763D422794146F3
:109FF80000200FF0E1FB002873D06388103B0D2B85
:10A008006AD8DFE803F00D690707690769696969B4
:10A018006969690721790120BDE8F0410FF03EBE6A
:10A02800BDE8F0810621FBF7C5FB2868B0E70221EF
:10A03800FBF7C0FB2868ABE700F13007384601F0B2
:10A0480071FAE0B963881A073CD5384601F092FAEC
:10A058000546384601F066FA281A244DC0B201F0C8
:10A068001BFBAB6803443846AB6001F0E5F907E039
:10A0780094F85420216D2868FBF7F4FB97E71B4DF3
:10A08800384601F0DFF90FF019F8217925200EF094
:10A098007FFE49E704F17001FBF7C2FB286894F8DA
:10A0A8006F10FBF7D3FB286872E7217900200FF0C7
:10A0B80013F8A2E7AB68984401F0C6FA4044C4F824
:10A0C800180193E72046BDE8F041FFF775BC40F260
:10A0D80049612D20F6F736FD40F675512D20F6F72B
:10A0E80031FD40F661512D20F6F72CFD940C00212E
:10A0F80038B54388102B1FD0124D0446AB7C63B98A
:10A1080028680FF009FD608810F004000BD00020CB
:10A118000FF060FD02232B7138BD0EF0B1FA40201C
:10A128000FF096FDECE721790FF0B8FD00200FF055
:10A1380051FD02232B7138BD0121BDE83840FFF7DE
:10A14800EBBE00BF940C00210121FFF7E5BE00BF64
:10A158000121FFF7E1BE00BF38B5438804469A07DE
:10A168000CD4DB070AD41C4AB0F85430128A9A423D
:10A178002DD00121BDE83840FFF7B0BA0020617941
:10A188000FF08CFD6388144D13F0020F617914BF32
:10A198000C2022200EF0FCFD0322AB7C2A715BB957
:10A1A800607910F00C0018BF28200FF013FD286804
:10A1B800BDE838400FF0B0BC0EF062FA637913F0D6
:10A1C8000C0F14BF452040200FF042FDE8E7BDE822
:10A1D8003840FFF7F1BB00BF940C002110B5154CB7
:10A1E800A37CEBB9E06A02F017FBA0B1E06A4388F0
:10A1F80003F0180383B12379022B02D02379032BB0
:10A2080013D12179A26A0C4BD2680B44BDE81040E7
:10A2180052F823301847E06ABDE81040FFF7CCBB7E
:10A228000FF022FD0EF048FADCE740F6F4312D205D
:10A23800F6F788FC940C0021FEFFFF3F30B5054679
:10A24800086883B0002855D00C4601F093F994F8BB
:10A2580010E0627CBEF1040F3BD0294B042A294947
:10A2680033F81E3003F2E73323D0A1FB0313BEF10A
:10A27800080F4FEA931C00F1FF334FEAC31325D0B0
:10A28800BEF1020F14BFF0216021634401FB0031CD
:10A29800A388284600930023FDF75EFFE830D4E941
:10A2A8000223824273F100032CBF0120002003B077
:10A2B80030BDA1FB0323BEF1080F4FF008024FEA9F
:10A2C800931C00F1FF334FEAC313D9D14FF4D26185
:10A2D800DBE7042A00F1FF3305D0DB014FF02C0C3B
:10A2E8004FF4D261D1E74FF02C0CDB0108224FF478
:10A2F800D261CAE740F2FD312D20F6F723FC00BFFA
:10A3080050B00201D34D62102DE9F043044685B0E8
:10A318000D4600295CD10A4690F87610FEF7CEFD6E
:10A32800504E3068C378990602D00379DA062BD4E8
:10A338001DB304F13007D6F80C90FBF739FA8046C4
:10A34800384601F017F905463846013D01F0EAF8AC
:10A358001FFA88F2291A2079C9B201F049F96388ED
:10A3680009EB00051B0749D427793A4629460020FE
:10A378000FF022FA00286FD030680FF0CDFB0623CB
:10A38800337105B0BDE8F083FBF712FA074604F114
:10A39800300094F8048001F0C5F8421C3B46414661
:10A3A800D2B22046FEF77CF9C0F307238DF80C00E3
:10A3B800C0F307408DF80D3004228DF80E000323FA
:10A3C800306803A9FBF7CAFA3068002DD5D0B0E78A
:10A3D80000F13006304601F0A5F828B9638818075F
:10A3E8002ED5304601F028F8304601F02BF80EF053
:10A3F80065FE217925200EF0CBFC91E7B36838463D
:10A408001D4401F0B7F8B4F8028018F0100F1DD100
:10A4180018F0020F277918BFB4F85C90394608BFC6
:10A42800B4F85490FDF76AFECDF800800146012388
:10A4380048466279FDF790FE2844C4F8180194E76D
:10A44800204605B0BDE8F043FFF7B6BA41462822DA
:10A4580001F0FEF82779EFE740F691512D20F6F745
:10A4680071FB00BF940C00214388092B00D0704772
:10A4780010B50446FFF75CFA01212046BDE81040FC
:10A48800FFF742BF10B5094CE06A4388092B04D096
:10A498000121BDE81040FFF73FBDFFF749FAE06A28
:10A4A8000121BDE81040FFF72FBF00BF940C002129
:10A4B80038B5354C23797BB32379E56A022B1DD057
:10A4C8002379032B1AD014F02DF894F8303083B187
:10A4D800284602F0A1F960B1E56A6B8818071CD418
:10A4E800627932B9D90605F1300021D501F01AF8A0
:10A4F80060B92846BDE83840FFF75EBAA37C002B58
:10A50800E1D00FF0B1FB0EF0D7F8DCE728460121C7
:10A51800BDE83840FFF700BD38BD092BF6D1284605
:10A52800FFF706FAE06A0121BDE83840FFF7ECBE04
:10A5380000F0F8FF88B96B88DA06DAD4A279002A25
:10A54800D7D003F02303B5F8542013430BD0284683
:10A558000021BDE83840FFF7C1B828460121BDE811
:10A568003840FFF7D1BEA06920B1403016F011FF86
:10A578000028ECD1E0690028BBD0403016F009FF74
:10A588000028E4D1B5E700BF940C002170B52D4E2A
:10A5980084B03379002B37D103780446FF2B33D0AE
:10A5A800FEF79EFA054610B1284604B070BD032197
:10A5B8002078F7F793F90521B0612078F7F78EF93D
:10A5C800B369F0610BB1002836D13379012BEBD098
:10A5D80094F8823003BB04F13600B4F8483004F133
:10A5E8006901F2681A44B4F840311A4492B2FAF791
:10A5F8003DFD618884F8440011F0100108D0002165
:10A608002046FFF789FCCFE70C25284604B070BD2B
:10A618002046FFF779FEC7E702A8FAF7CDFC002825
:10A62800D9D004F1360002A90190FAF707FD0023FA
:10A63800019884F88230D0E740F658212D20F6F7AB
:10A6480081FA00BF940C002170B5194E012504460B
:10A658003030B57100F066FF80B96388DA0621D41E
:10A66800B279FAB103F02303B4F8542013430BD0A2
:10A6780020460021BDE87040FFF730B82946204643
:10A68800BDE87040FFF740BEB06920B1403016F019
:10A6980080FE0028ECD1F06920B1403016F079FE38
:10A6A8000028E5D12046BDE87040FFF785B900BF16
:10A6B800940C002190F880302DE9F04784B0002BED
:10A6C80042D14588044615F001053DD0734EB37C50
:10A6D800002B40F0C18031684FF0080811F8030BD7
:10A6E800C0F38010FDF78AFC8146316804F17003DD
:10A6F80094F86F2011F8030BC0F38010F8F78AFB69
:10A708003168074611F8030BC0F38010F9F730FBE6
:10A718008246F9F781FEBAF1080F0CBF002300F05A
:10A728000103002B40F0AB802846B8F1080F00F079
:10A73800908077B9E07FA0EB0800B0FA80F040097C
:10A74800628852077BD538B90025284604B0BDE891
:10A75800F0876288510772D53168514B11F8030BA5
:10A7680096F82020C0F38010F8F754FB074600281D
:10A77800EAD1216A204633681A7891F8CD3003EA85
:10A788005213012203F0010381F8CD30FDF7E6FFF3
:10A79800216A84F88D704FF6FF700B88FF274246B8
:10A7A800A4F8AC00A4F88E30204684F8AB70FEF70D
:10A7B8000DF902223B4904F18400FCF701F8236AF1
:10A7C800394904F1BC001A88A4F8C520022293F87C
:10A7D800CD3084F8C730FBF7F3FF236A1F880DF0EC
:10A7E8005BFD88B92278637CA4F8B97084F8B70057
:10A7F80084F8B820002B49D102222C4904F1AE007C
:10A8080084F8BB30FBF7DCFF294B00221B68327150
:10A8180013B12146206A984733682846226AD3F83C
:10A828000310C2F80310B3F80710A2F807101B783A
:10A83800226AC3F38013937004B0BDE8F087002B3D
:10A8480082D1B9F1000F87D1637D012B3FF67CAF30
:10A8580082E73840C0B273E7F9F758FC0828804609
:10A868003FF439AF0DF1070102AAF9F713FC80B1E3
:10A8780002A99DF80700FDF7C1FB814635E7504660
:10A88800F8F7A4FC80F00103DBB24EE794F84830F7
:10A89800B2E740F63D712D20F6F754F9940C0021EB
:10A8A800B50C0021A988000175800001998A000172
:10A8B8008400002138B5344DB0F85C302A8A9A42B9
:10A8C80005D00121FEF70AFF08232B7138BDB0F827
:10A8D80048300446AA7C0133A0F84830B2B90023B6
:10A8E8002B7194F881305BB9637C1BB1B4F84820B4
:10A8F8009A4212D220460021BDE8384002F068B9D9
:10A9080020460121BDE8384002F062B90FF0ACF9E9
:10A918000DF0D2FE0023AB74E1E70121204602F0DE
:10A9280057F96388DB071DD40DF0B6FC0028CDD19C
:10A938004FF0FF3220784321637C84F8B80084F814
:10A94800B92084F8BA2084F8B7100BB194F84830CD
:10A9580004F1AE0084F8BB3002220C49BDE838404F
:10A96800FBF72EBF236A1D880DF096FC0028ADD199
:10A9780021784322637CA4F8B95084F8B81084F88D
:10A98800B720002BE4D0E1E7940C0021998A00015C
:10A9980003292DE9F04385B017D0052911D16A4B59
:10A9A8001B68002B6AD0984780F00100C0B205B040
:10A9B800BDE8F0831540EDB263885B0773D5002DC1
:10A9C8003AD1012005B0BDE8F083438804469907D1
:10A9D800F7D55E4EB37C002B52D13168082711F8A9
:10A9E800030BC0F38010FDF709FB8046316804F1C2
:10A9F800700394F86F2011F8030BC0F38010F8F778
:10AA080009FA3168054611F8030BC0F38010F9F70D
:10AA1800AFF98146F9F700FDB9F1080F0CBF002026
:10AA280000F0010000286CD10122082FC2D0002DAF
:10AA380043D063885A0736D5237C002B43D130682E
:10AA4800002504210580FAF7B5FE04F16901306894
:10AA5800FAF7D6FE94F868103068FAF7E9FE94F829
:10AA68005C20A16D3068FAF70DFF0523306833715B
:10AA78000FF052F8284605B0BDE8F0831846A1E764
:10AA8800F9F744FB08280746A7D00DF1070102AAE9
:10AA9800F9F700FB002851D002A99DF80700FDF73F
:10AAA800ADFA8046A2E700288BD1B8F1000FC3D1D8
:10AAB800637D13F0FD0F84D1BEE7E57FED1BB5FA8A
:10AAC80085F56D0978E794F8D030002BB7D1237855
:10AAD800082F84F8D1301CD004F1D30204F1D2013C
:10AAE8003846F9F7D7FA20B394F8D23043F0020386
:10AAF80084F8D2300222164904F1C800FBF760FE40
:10AB08009DE74846F8F762FB80F001030246D8B299
:10AB18008BE731680B4613F8032BC2F3801284F8D5
:10AB2800D220D1F80320C4F8D3209B88A4F8D730CA
:10AB3800E0E740F6BA712D20F6F704F840F63D71CB
:10AB48002D20F5F7FFFF00BF80000021940C0021A5
:10AB5800B180000108B590F88C3043B990F8C43042
:10AB68002BB990F8B63003F0FF0013B908BD0120E7
:10AB780008BD0DF091FB80F00100C0B208BD00BF18
:10AB8800094810B5037913B10C24204610BD03F011
:10AB9800FF0424220430214613F0A2FB0FF064F8CE
:10ABA8000DF08AFD204610BD940C0021002310B53D
:10ABB8000D4C23712379206023B140F21E312D20E2
:10ABC800F5F7C0FF03F0FF012422201D13F088FBD6
:10ABD8000FF04AF80DF070FDA36A03B110BD40F202
:10ABE80021312D20F5F7AEFF940C002130B54FF43C
:10ABF800AC7285B00D460021044613F071FB42F299
:10AC08001073FF211322E38421706280F6F770FF2E
:10AC180000220146E0646846F6F7AEFF00220121F3
:10AC2800E06C14F035FC0422E16C6846F6F7A4FFEA
:10AC38000022E06C114614F02BFC04F1300025755D
:10AC480000F0D8FB02A8FAF7B7F930B102A904F16D
:10AC58003600FAF7F3F905B030BD40F23A312D204D
:10AC6800F5F770FFFF23C86C0B7014F0DEBB00BF54
:10AC7800014B024A9A627047940C0021E4B3000128
:10AC8800054A06490648074B10B4074C1160074AA5
:10AC980004601A6010BC70478400002161CB000179
:10ACA800800000217C000021BDA60001C59C000198
:10ACB8000078FF3818BF0120704700BFF0B5044680
:10ACC80083B030300E4600F055FC6588E90611D493
:10ACD800AA0721794CBFB4F85C70B4F85470FDF73A
:10ACE8000DFA62790146334638460095FDF734FA85
:10ACF80003B0F0BD2822294603B0BDE8F04000F0BB
:10AD0800A7BC00BF428812F0180F01D0012070477D
:10AD180010B50B4686B0B0F804C000F13004ADF8A9
:10AD28000420ADF810C00094D0E90201CDE9020179
:10AD380069461846FFF782FA06B010BDD0E902014D
:10AD4800704700BF407D003818BF0120704700BF22
:10AD58002DE9F0410446807D831EDBB2012B8CBFB8
:10AD68004FF000084FF0010810F0FD0514BF01274F
:10AD78000027012B41D963889A0608D40826002D9C
:10AD88004DD0637F002B52D10020BDE8F08108260A
:10AD9800E67784F81E8084F86870F8F7E3FF0546C4
:10ADA8000FF0FAFC00226B014FEAD56C84F876208C
:10ADB8005B1B6CF1000C4FEA4C2C4CEAD35C5B0239
:10ADC8005B194CF1000E4FEA831C4FEA8E16BCEB60
:10ADD800030C46EA936666EB0E061CEB050346F188
:10ADE80000061B18204646EB01061146C4E9183632
:10ADF800FDF71CFD20B3BDE8F08104F1700194F863
:10AE08006F00F8F7B5FF638806469B06C0D408288C
:10AE1800B4D0F8F7E7F90028BAD0002DB1D1284608
:10AE280004F16901F7F7DAFF0028B1D1ACE7D4F8EB
:10AE38001730C4F86930B4F81B30A4F86D30A7E7B0
:10AE480040F2B6412D20F5F77DFE00BF0B680122C8
:10AE5800C0F817308B884277A0F81B30704700BFC6
:10AE68002DE9F04F84469DB00C4690F8058090F887
:10AE780012A0054610AF08AEBCE80F000FC7BCE82B
:10AE88000F000FC79CE80F0087E80F00304600F05E
:10AE9800B1FA237DA27A013B61780592DBB2227870
:10AEA800022B069200F2E080724A01F07F07C90681
:10AEB800134493F8149008D4A37D013BDBB2022B12
:10AEC80000F2D280134493F81480BAF1010F09D12B
:10AED800B9F1080F08BF4FF00409B8F1080F08BF0F
:10AEE8004FF00408617A304600F08CFA237D022B7B
:10AEF80078D00121A27E30460132D2B200F084FA25
:10AF08003A0773D500231A46E86C94F818A0CDE9DF
:10AF18000332A37CAAF1010A079314F047FB834686
:10AF2800E86C14F053FBBAFA8AFA58454FEA5A1AF1
:10AF380038BF584680B2DDE9033200283CD1079972
:10AF4800AC46ADF8427010AF8DF855104FF0000EBA
:10AF580005998DF850A08DF8561006998DF84490F3
:10AF68008DF840108DF84580129313920FCFACE8FE
:10AF78000F000FCFACE80F0097E80F008CE80F0028
:10AF880096E8030095F846302863A986E27A12F01D
:10AF9800FD0F14BF0122724685F86F20E2682A6708
:10AFA800228AA5F87420E27D62F3071385F84630FB
:10AFB80070461DB0BDE8F08F17F0180F0A96ADF86F
:10AFC8002C708DF838908DF83980CDE90C32B6D1D7
:10AFD8000AA9FFF733F9DDE903320028AFD14FF0B2
:10AFE800450EE5E7617D0131C9B283E7304600F0DF
:10AFF800C1FA63788246DB0626D52822394600F056
:10B0080027FB1D4B00F2E6222179A3FB0232E378ED
:10B0180043EA01236179520A43EA014340F271216C
:10B0280001FB02F201FB03F39A420BD9E079A37901
:10B0380043EA0023207A43EA004301FB03F39A42E0
:10B0480098BF134600225FE7F6F77EFD0346504699
:10B0580049469A46FDF752F80123014642465046B2
:10B068000097FDF779F8CCE740F29A210620F5F72A
:10B0780069FD00BF50B002015917B7D1438813F0DA
:10B08800100005D013F0040F14BF00201F207047D4
:10B098009A0702D4DB0701D5EE207047F6F754BDB6
:10B0A80008B5438813F0100004D083F00403C3F3F9
:10B0B800800008BD9A07FCD413F00100F9D1F6F717
:10B0C80043FD003818BF012008BD00BF4388002297
:10B0D8001D2BA0F8482008BF11464174704700BFD7
:10B0E80090F91400704700BF408800F001007047D5
:10B0F8004088C0F3400070474088C0F3C0007047E4
:10B108004388DA0610B509D483F00203C3F3400478
:10B11800C06C14F042FA2043C0B210BD0124F7E716
:10B128004088C0F3001070474088A0F10900B0FAC9
:10B1380080F04009704700BF40797047024B9A6A17
:10B14800D8621368184700BF940C002190F8683043
:10B1580001624B72D0F86930C1F80A30B0F86D302E
:10B16800CB81704738B5304C2379012B01D00020B2
:10B1780038BDB0F848300546A27C0133A0F8483005
:10B18800002A36D10023237195F8813063BB6B7C8C
:10B198001BB1B5F848209A4204D20021284601F094
:10B1A80017FDE4E70121284601F012FD6B88DB0753
:10B1B80026D52B6A1C880DF06FF80028D7D129787E
:10B1C80043226B7CA5F8B94085F8B81085F8B720FC
:10B1D8000BB195F848300222144905F1AE0085F804
:10B1E800BB30FBF7EDFAC2E70121284601F0F0FC7D
:10B1F800BDE70EF039FD0DF05FFA0023A374C1E737
:10B208000DF04AF80028B2D14FF0FF3228784321D8
:10B218006B7C85F8B80085F8B92085F8BA2085F8E0
:10B22800B710002BD7D0D4E7940C0021998A0001DD
:10B2380038B5B0F8483004462C4D0133AA7CA0F844
:10B248004830B2B900232B7194F881305BB9637C24
:10B258001BB1B4F848209A4212D220460021BDE81A
:10B26800384001F0B5BC20460121BDE8384001F066
:10B27800AFBC0EF0F9FC0DF01FFA0023AB74E1E748
:10B288000121204601F0A4FC6388DB070FD5236A5F
:10B298001D880DF001F868B921784322637CA4F871
:10B2A800B95084F8B81084F8B720A3B111E00CF0B5
:10B2B800F3FF00B138BD4FF0FF3220784321637CA3
:10B2C80084F8B80084F8B92084F8BA2084F8B71054
:10B2D8000BB194F8483004F1AE0084F8BB30022278
:10B2E8000349BDE83840FBF76BBA00BF940C002156
:10B2F800998A000138B5438804461A0732D4DB0717
:10B308001AD5236A1D880CF0C7FF88B921783C221A
:10B31800637CA4F8B95084F8B81084F8B720F3B95E
:10B3280002221B4904F1AE0084F8BB30FBF748FA4F
:10B33800012384F8813038BD0CF0AEFF0028F7D126
:10B348004FF0FF3220783C21637C84F8B80084F801
:10B35800B92084F8BA2084F8B710002BE0D094F80C
:10B368004830DDE7016A3C204FF6FF73FF2284F87E
:10B378008D00088884F8AB200222A4F88E0004F11E
:10B388008400A4F8AC300349FBF71AFA6388B6E7DF
:10B39800998A0001A988000180F88010704700BFD1
:10B3A800FF2380F88330704780F8241080F8252028
:10B3B800704700BF99A90001B19A0001F9A00001E6
:10B3C80059A1000151A6000161A10001BDA8000119
:10B3D800458E000151A1000171A4000195A500014D
:10B3E800B9A400018DA40001DCB30001C4B30001BD
:10B3F800BCB30001002240F20113C0F80220038010
:10B40800704700BF8170704708B590F802C001709E
:10B41800CCF380034270CCF340000CF0010C0344E1
:10B42800634403FB01F101FB02F2FE2A00DC08BDC4
:10B438005C212E20F5F786FB00234371A0F803302A
:10B44800704700BF08B582780346D1070DD5C0788C
:10B4580010F0010C09D1597993F801E00131C9B212
:10B468008E45597142D0252008BD900703D5D9785B
:10B4780011F0020C23D0510713D4597958780131AF
:10B48800C9B28842597108D1D878002190425971BF
:10B4980003D11A79D97001321A7139212E20F5F7A2
:10B4A80051FBD97811F0040CE7D1587993F801E0F1
:10B4B8000130C0B28645587126D0272008BD58797A
:10B4C80093F801E00130C0B28645587101D02620BA
:10B4D80008BD41F0020183F805C08A42D970F6D14F
:10B4E8001A7983F803C001321A71F0E740F00100BD
:10B4F80083F805C08242D870B5D11A79252083F81F
:10B5080003C001321A7108BD41F0040183F805C077
:10B518008A42D970D1D11A7983F803C001321A71DD
:10B52800CBE700BF00B5837890F801C0C3F3400EA5
:10B53800C3F3800103F00103C278714490F804E07A
:10B5480019440378A3EB0E0390F805E003FB0CF015
:10B55800C2F3800301FB00F0C2F3400102F00102D4
:10B568000B44A0EB0E00134403FB1C00C0B25DF8B3
:10B5780004FB00BF827890F801C0C2F34001C2F317
:10B588008003007802F001020B440CFB00F0134426
:10B5980003FB00F0C0B2704708B543793BB183782C
:10B5A800D90709D5C278D20706D4252008BDC378A3
:10B5B8009A070FD5262008BD990702D5C2789207A9
:10B5C800F8D55B0702D5C37859070ED539212E2047
:10B5D800F5F7B8FAD907E8D483785A0705D413F0F1
:10B5E800020F0CBF2520262008BD272008BD00BF5C
:10B5F800082816D004280AD002281CD005320823AF
:10B60800282002FB0300803001FB00F07047053260
:10B6180010234FF4BF7002FB0300803001FB00F0E1
:10B628007047053240234FF4C87002FB0300803096
:10B6380001FB00F0704705320423182002FB0300C9
:10B64800803001FB00F0704740F2EF20704700BFE8
:10B658000138022808B519D8132907D811290CD898
:10B6680010290FD10B4B33F8100008BD152909D14B
:10B67800084B03EB4000008908BD064B03EB400074
:10B68800008A08BDD8212F20F5F75CFACA212F209F
:10B69800F5F758FA68B0020140F25A3303FB00F09C
:10B6A800704700BF08B5431EDBB2012B01D91D2925
:10B6B80024D110390D291CD8DFE801F00C1B07072D
:10B6C8001B161B1B1B1B1B1B1B110E4A02EB4303E8
:10B6D800188C08BD0B4A02EB4303188B08BD40F2D7
:10B6E8005A3303FB00F008BD064A02EB4303988B6C
:10B6F80008BD4FF481712F20F5F724FAEE212F2091
:10B70800F5F720FA68B0020140F24F31062008B57B
:10B71800F5F718FA70B582B00446FFF701FD18B9BD
:10B728008B24204602B070BD2046FFF7DDFCD0B167
:10B7380089267F240DF106000EF0C8FE0DF10700E2
:10B748009DF906500EF0C8FE9DF807301D436DB2F6
:10B75800002D18BF344612F015FF60B11834A4B29A
:10B76800204602B070BD2046FFF7C2FC0028DFD19A
:10B778007F267524DEE712F061FE0028D1D00F3451
:10B78800A4B2CEE72DE9F04182B0002800F03F8155
:10B798000446082900F22681DFE811F0DB00E90001
:10B7A80009000900D6002401D00002012001FFF79A
:10B7B800B7FC002800F0FE802046FFF795FC002823
:10B7C80000F01C8189277F250DF106000EF07EFE12
:10B7D8000DF107009DF906600EF07EFE9DF807301A
:10B7E8001E4376B2002E18BF3D4612F0CBFE00284D
:10B7F80000F0FC801835ADB2B4F82A3100210122DE
:10B80800A4F83851082B84F8301184F83B2100F251
:10B81800DE801344D4F80C219BB2A4F82A3112B16B
:10B82800092B00F0D980022384F83A310EF0B4FFD6
:10B83800D4F84021D4F844310546171A0E4663EB74
:10B8480001080FF033F8B4F83831E33303449BB2FE
:10B858009F4278F1000204DA5B1946F10006C4E958
:10B86800503604F5987500212846F9F71BFA94F824
:10B87800503103F0FF01002B40F0A1806FF000432E
:10B88800D4E952029A4208BFB0F1FF3F13D02046D4
:10B89800D4E95067FFF712FAD4F8483100F58470FC
:10B8A800D4F84C219B1B62EB07021B1A62F10002C1
:10B8B800002AC0F28180294694F8080111F04EF957
:10B8C800002800F0B280D4F84011D4F82001D4F850
:10B8D8004431D4F82421884272EB030344D2204631
:10B8E800FFF72CFA50EA0103074688463CD0D4F803
:10B8F80020313A46D4E95001C01AD4F8243161EB1A
:10B908000301434612F0B8FB064607FB01F5A7FB07
:10B91800062600FB0851D4E9483031449A1841EB17
:10B928000001C4E948211FE0E81A03217D2838BF37
:10B938007D2011F095FEC4F8345138B3204602B08A
:10B94800BDE8F041FFF774BC02B0BDE8F0410EF06D
:10B9580023BAFFF7F3FB00285DD1D4F83401F83897
:10B9680011F0D6FD00285BD002B0BDE8F081FFF7EA
:10B97800C3FB014650B92046FFF7A0F9D4F834318B
:10B9880000F584759D42CFD8C4F834512046FFF79E
:10B99800E9FB0028E8D040F2A2213020F5F7D2F8E0
:10B9A80090F8080110F072FF002384F8283102B0E3
:10B9B800BDE8F0818B251FE72046FFF79BFC94F834
:10B9C800080110F063FF002384F828317BE7D4F8DE
:10B9D8000C31002B3FF427AF012325E7EA21302063
:10B9E800F5F7B0F8EE213020F5F7ACF812F026FDA7
:10B9F80000283FF401AF0F35ADB2FDE62046FFF752
:10BA080077FB00287FF4DEAE7F277525DCE6CA21A8
:10BA18003020F5F797F840F277213020F5F792F8C3
:10BA28004FF41F713020F5F78DF840F2AC613020EB
:10BA3800F5F788F82DE9F04F04468BB0002017463B
:10BA480002930E4694F871300690059315F02DFA7E
:10BA580094F8D8220B2A00F27983AE4B94F8C610DA
:10BA680033F8125087F0010203912844049285B2FA
:10BA78002FB3B4F868A304F55078B4F8BC90A6EBDB
:10BA88000A0AA6EB09090FFA8AFA0FFA89F9BAF134
:10BA9800000FC0F2CC81A04ADDF808B0127802F09D
:10BAA800FF07002A40F0D48194F82433032B00F2D6
:10BAB8005483DFE813F03501FA0097002F0094F85B
:10BAC8002423032AD5D10E29D3D1B4F8B423B24202
:10BAD800CFD1B4F86A232046B4F8F6120A44C4F861
:10BAE8002023D4F82C23C4F81823E269C4F81C23B3
:10BAF80003F060F8D4F8B823E262B4F8B6232286DB
:10BB0800D4F8BC23E261D4F8C0236262022284F82C
:10BB18002423AEE7E569029B05FB0AF2002B40F0FF
:10BB2800098294F83B33002B00F0B2827A4B5868B4
:10BB3800D4F82C33D71BEB1A0697A3F5C475D4F8A1
:10BB48006033854228BF0546DF19D4F8643304F111
:10BB58003800C4F8F05243F10003C4F85073C4F835
:10BB68005433002384F840339223A4F84833FAF777
:10BB7800C7FE0544A4F86863C4F84453D4E9D42341
:10BB8800C4E9D82302F0CAFF20B1D4F844331E33E5
:10BB9800C4F84433B4F8E01200238E1B84F84A3307
:10BBA80036B29E4202DD022384F84A33039A0E2AF3
:10BBB800029A00F03282002A40F0328294F824334C
:10BBC800002B40F05382414694F86C0310F0C6FFF6
:10BBD800002800F0B682049B002084F838330BB0AC
:10BBE800BDE8F08FE36A2946D4F81C0318440EF028
:10BBF8002DFE2946C4F82803E0690EF027FE41F619
:10BC08004B53E26994F871909A42444D98BF0230C0
:10BC1800C4F82C0348460EF0D7FA4DF6417119F0D6
:10BC28000C0F01442046A5FB013114BF2823002333
:10BC380003EB91118031FBF715F8B4F8F6321BB914
:10BC4800029B002B40F02982D4F81C33E26AD4F816
:10BC5800285313445B1B0693D4F81833D4F82023D5
:10BC680094F871A002FB0355238E1AF00C0F05F10E
:10BC7800300503EB450540F057814AF2A13950469B
:10BC88000EF0A2FA254B8144A3FB09394FEA991912
:10BC98004D4450460EF090FA1F4B2844069AE56929
:10BCA8005860012384F8243342E7D4F82C23E3694D
:10BCB800D4F820139B1AB4F8F6520AFB03F3A944EC
:10BCC800D4F828530693CB43303594F871A099449F
:10BCD800D4F818331AF00C0F03FB015502FB09596D
:10BCE800258E05EB490540F01C814AF2A1395046E2
:10BCF8000EF06AFA094B8144A3FB09394FEA9919F6
:10BD08004D4450460EF058FA034B2844069A5860A2
:10BD1800E5690DE78CB00201C80C0021D34D621013
:10BD280094F871104AF2A13B94F8EE02F9F718F86A
:10BD38008146E06A2946DFF828A348440EF086FDCC
:10BD48002946C4F82803E0690EF080FDE26941F64F
:10BD58004B5307A99A4298BF0230C4F82C0308A88D
:10BD68000EF00EF8079B0093DDE90823D4E9D8010B
:10BD780011F0E8FE94F871300546184605930EF068
:10BD880023FA059B4DF6417113F00C0F0144204630
:10BD9800AAFB013114BF2823002303EB9111803142
:10BDA800FAF760FFD4F87033E26A94F871000693EA
:10BDB80005920EF009FA00EB0B03059AD4F8280354
:10BDC800AAFB0331069B203B13441B1A4B44B4F8CF
:10BDD80030905B1B00F1300509F12209A3EB9113A8
:10BDE8006D00069394F8713013F00C0F40F09F80AB
:10BDF800184605930EF0E8F98344AAFB0B3A059B15
:10BE08004FEA9A1A4D4418460EF0D6F9954B554408
:10BE1800069A28445860D4F87033D31AB3F5F87FDB
:10BE2800BFF476AF40F2ED413020F4F78BFE0022EC
:10BE3800CA464FF0010B84F83B238A4AD4E9D6015D
:10BE48001278C4E9D80102F0FF07002A3FF42CAEAB
:10BE58000EF0A6FD074600283FF426AEB4F80C23E2
:10BE6800012A40F2CB8094F82423022A00F0C680ED
:10BE780094F83A23002A40F0C180E06941F64B5714
:10BE8800B84240F23D8194F8D8220B2A00F25E8134
:10BE9800754B33F8125094F8243305F5C865012B17
:10BEA800ADB240F02F8194F8C930032B40F03E81A9
:10BEB800D4F81C03E76A074429460EF0C7FCD4F8F7
:10BEC800183302463846D4F820732946D31AC4F8E2
:10BED800182303FB07F70EF0B9FCD4F828332946DA
:10BEE800C4F82803C31AE0691F440EF0AFFCE369E5
:10BEF80041F64B529342B4F8F632D4F820234B441F
:10BF080098BF0230D243A3EB0A031344D4F82C237E
:10BF1800C4F82C03801A00FB0377012384F83A3312
:10BF2800C2E54FF06509EBE64FF06509B0E64FF062
:10BF3800650A67E7B4F8F632002B7FF4F2AD84F8AF
:10BF48003B33D4F82C1301FB1A2A94F8C520262A6F
:10BF5800CDF818A054D094F8C620262A50D0BBF1AA
:10BF6800000F27D033BBD4F874B3BBF1000F00F037
:10BF7800EF8094F8710010F00C0F40F0BF800EF0C5
:10BF880023F94AF2A133364D0344D4F874B394F834
:10BF98007100A5FB0335AD091035AAF1100A0EF0A2
:10BFA8000BF9B4F8F6320AEB0B02D4F82C13551B34
:10BFB8002D1A069503EB090B059801FB0BFB10F0F6
:10BFC8000C0F0BF1300B4FEA4B0B64D14AF2A13541
:10BFD8000EF0FAF8224B0544A3FB0535AD09059888
:10BFE8000EF0EAF805441F4B05EB0B00E5695860B5
:10BFF80041F64B539D4274D9069A99E5002753E5BB
:10C00800B4F8B423B21A1204A9D4059894F8B72343
:10C01800002A18BF10460590A1E7002A3FF4D3ADC7
:10C02800B4F80C23CAB1B4F80E0394F8101300FB4B
:10C03800011101308A427FF7C6AD002B3FF4C3AD32
:10C048000023A4F80E0384F84A33FAF7C3FE00F07D
:10C058000700013084F81003B5E5A4F80E23B2E513
:10C06800D34D6210C80C00218CB00201D4F82C33D7
:10C078004046E169C91AF8F715FE83B2002B3FF470
:10C08800A2AD149A0120002A3FF4A9AD1380A6E5B9
:10C09800B4F8F63255E76525A1E7D4F81C33E26A0F
:10C0A80094F871B003EB020A58460EF08DF8AAF125
:10C0B8002003D4F8742381465846D4F828B303EBF8
:10C0C800020A0EF079F84AF2A132AAEB0B034A44AD
:10C0D8001B1AA5FB0225A3EB9513D4F82853069346
:10C0E800BAE5284606AB1F4A5946F8F7E7FE1E4B45
:10C0F80084F83B03069A5868E56919E575254CE705
:10C108001746D1E429460EF0A1FBE369BB42B4F817
:10C11800F672D4F82C3398BF02304F44C4F82C037D
:10C12800A7EB0A07C01A00FB07F7F6E6E76A94F8D8
:10C13800711094F8EE02F8F713FE0744D4F81C03C4
:10C14800BAE640F29D513020F4F7FCFCFFF7DCFA28
:10C1580040F23F513020F4F7F5FC40F254513020C2
:10C16800F4F7F0FCCC0C0021C80C00212DE9F043B9
:10C1780085B0002800F071810446082900F2548136
:10C18800DFE811F088000001090009007000520181
:10C1980075007D004E010EF0FFFAD4E9D623801A0F
:10C1A80061EB0301012871F10003C0F264816FF0B3
:10C1B8000102002382428B41C0F25881E3690BB12E
:10C1C800B0FBF3F394F8C6200E2A00F02281B4F8ED
:10C1D800BC10B4F836230B449BB2D11A090454BFDF
:10C1E800531C01339BB2A4F8363394F83933B4F8AE
:10C1F800361323B9B4F8E4328B4200F02181B4F845
:10C20800BC30B4F8FC50B4F8FA002B44B4F86A23F4
:10C21800013B01321B1AA4F86A239EB2731A1A044E
:10C2280000F1CB800DF10E050023204600951A463B
:10C23800FFF700FC002840F0AA80A36F3BB3B4F8D6
:10C24800F620B4F836339B1A1BB2002B1FDDB4F866
:10C258007C100B44013BB3FBF1F303FB0123A4F86F
:10C26800F63014E005B0BDE8F0430DF095BD0120AF
:10C278000EF0B8FA05B0BDE8F043F6F7C7BA90F883
:10C288002433042B40F0FC80002380F8243305B0CD
:10C29800BDE8F083002290F83833C0F87423002BEF
:10C2A80000F0A680B0F83633B0F8BC20934200F016
:10C2B800CC809A1AA0F8BC30A0F8E6222046D4E92F
:10C2C800D423C4E9D62302F00BFB94F8EB32002BFD
:10C2D800DDD094F8712040F20E29E769D4F82C33A8
:10C2E80012F00C0FDFF8A08108BF4FF4F3799F42DA
:10C2F80088BFFF1A98F8083098BF0027002B00F075
:10C30800978004F13800FAF7FBFA94F87160054653
:10C3180030460DF059FFD4F8F0324DF6417216F060
:10C328000C0F03F1800302444FF002002B44574DD9
:10C33800A5FB022503EB951314BF282500251D44F2
:10C3480011F040F902217F1B27EAE776864228BFD1
:10C358000646304611F084F900B935444A46294664
:10C368002046FAF7FDFBE269D4F8F032C8F80C0071
:10C37800D01811F0CDF8002889D140F2A33130202F
:10C38800F4F7E0FB05B0BDE8F04302F0C5BB0128B7
:10C3980067D1B4F83613B4F8E0228B1A13F4004FBF
:10C3A800BDF80E30194489B2A6EB01032CD11BB29B
:10C3B800A4F83613002BBFF637AF94F8C93004F150
:10C3C800DE003349002B0CBF3E23082384F8E730F6
:10C3D800FAF796F9204602F0A9FB002394F86C03BB
:10C3E80084F8243310F052FA202384F86C334EE793
:10C3F800B0F83433B0F8BC10B0F834235B1AA0F8A6
:10C40800BC20A0F8E63259E71B0416D4A4F836136A
:10C418000AE7B4F83613013189B2A4F83613EEE608
:10C42800BE213020F4F78EFBC2213020F4F78AFBBE
:10C43800A36B9F4228BF1F4663E7B31A1146B6E7AE
:10C44800013189B2A4F83613D9E6B0F8E422D31A38
:10C45800A0F8BC20A0F8E63230E794213020F4F7A9
:10C4680071FB40F25A613020F4F76CFB40F21B611B
:10C478003020F4F767FB40F21A613020F4F762FBD2
:10C48800B8213020F4F75EFBC80C0021D34D6210B0
:10C49800417000012DE9F04700260546012782B0CA
:10C4A80080F810618A46D0F80C013946D5E95089E0
:10C4B80080F8EE2285F8286185F82971F8F7A6F941
:10C4C800D5F80C41324631462046C4E9D68995F85C
:10C4D8000831C4F870A384F86C33334684F82463B5
:10C4E800A4F86863C4E9D8890096FFF7A3FAC8B925
:10C4F80084F82473C4F82003C4F81803A4F8360396
:10C50800A4F83403B4F8BC3084F83903013BA4F828
:10C518006A03A4F8BC300CF071FF02B0BDE8F04724
:10C528000FF0EEBF40F21B213020F4F70BFB00BFE9
:10C53800D0F80C01704700BF2DE9F043002385B007
:10C5480002220126CDE900338DF806206846F5F76A
:10C55800FDF9044620BB009D95F82831002BF5D045
:10C568000121284685F85061FEF716FF95F8283115
:10C57800002BEBD095F8080110F05CFD95F8080148
:10C5880011F0A0F995F8080110F080F900283BD0C7
:10C5980085F828416846F5F7D9F904460028DAD025
:10C5A800DFF87880012600254FF6FF7788F81060BD
:10C5B8001AE0029BE3B193F86C23202A18D018885C
:10C5C800B8421BD00121F5F789F9814608B390F8E4
:10C5D8006C0311F077F999F86C0389F8244310F08B
:10C5E80055F9202389F86C33CDE902558DF80E6092
:10C5F80002A8F5F7ABF904460028DAD0002088F83D
:10C60800100005B0BDE8F08340F207213020F4F7B0
:10C6180099FA40F21F113020F4F794FAC80C00215F
:10C62800054B0022012142F210701A7258821970CB
:10C638001A74FFF781BF00BFC80C002190F8283199
:10C64800002B40F0A7802DE9F04104460F46014633
:10C658005848154603F0FF0810F0EEF82028064663
:10C668006FD04146502204F5847011F039FE012341
:10C6780084F80861C4F80C7184F8283137B1FAF7E6
:10C68800C1FB00F00700013087F81003204600279F
:10C69800FFF740F84FF4817384F83071A4F838013B
:10C6A800A4F83A310EF002F9B4F83861E3360644DA
:10C6B8002046B6B2FEF720FD002845D014F0F5FB61
:10C6C80000F5CD6128464FF0010889B20EF0BEF89A
:10C6D8002844C4F834010EF05FF83018E78441F1BB
:10C6E8000001C4F8400184F810812046C4F84411C0
:10C6F800FEF71AFD002844D0A5F20455414620460D
:10C70800FEF7DCFA2D1AC4F814514FF0FF326FF01F
:10C718000043C4E9522304F5987194F8080110F015
:10C728001DFA002840D000252046D4E95023294688
:10C73800A4F82A51C4E94823FEF72EFE2846BDE88E
:10C74800F0810C20BDE8F08101462046FEF7B6FADC
:10C75800194F00F58470C4F83401788A08B1E08C68
:10C76800D0B906440EF018F8361841F10001C4E9B2
:10C778005061002DC9D0AE1941F10001C4E95261E0
:10C78800C9E7A5F584754046FEF786FF2D1AC4F85B
:10C798001451BAE70C207047FAF734FB7B8AB0FBD8
:10C7A800F3F202FB1300DCE740F2E9113020F4F762
:10C7B800C9F900BF8DB70001C80C002190F82831D5
:10C7C8000BB900207047012110B5044680F85011BC
:10C7D800FEF7E2FD94F828310BB9002010BD94F85B
:10C7E800080110F027FC94F8080111F06BF894F890
:10C7F800080110F04BF820B10023002084F82831FC
:10C8080010BD40F207213020F4F79CF9014B187253
:10C81800704700BFC80C002190F8502182B910B5AC
:10C8280002F0FF0490F8102112B90122104610BD41
:10C83800D0E945319942F9D9FEF75CFD2246F5E782
:10C8480000221046704700BF10B504460CF09AFA53
:10C85800074BDA68824208D3E16941F64B529142AC
:10C8680003D9187C80F0010010BD002010BD00BF66
:10C87800C80C00214FF40B7108B5FAF767FAB0F548
:10C88800296F28BF4FF4296080B208BD90F8EB32B9
:10C89800002B65D170B503F0FF0590F8243384B000
:10C8A8000446032B01D004B070BD0DF075FFD4E928
:10C8B800D623801A61EB0301012871F10003F2DB32
:10C8C8006FF00103834275EB01034CDBE369B4F8B5
:10C8D800BC20002B45D0B0FBF3F080B20132B4F895
:10C8E800E432104480B2A4F83403B4F834239B1A19
:10C8F8001BB2002BD7DD94F86C0310F09BFB0028CB
:10C90800D1D0B4F8BC50FF23B4F8FC10B4F8FA2026
:10C918000D4484F83933B4F83433013DAD1AADB25F
:10C92800EB1A1A04BFD40DF10E06B4F83413002321
:10C938000122204689B20096FFF77CF80028B2D081
:10C94800012815D1B4F83433BDF80E2013449BB236
:10C95800A4F83433B4F83433EB1A1B04E5D5A2E752
:10C9680070471846BAE740F2D1513020F4F7EAF898
:10C9780040F20A613020F4F7E5F800BF2DE9F047EE
:10C98800044682B0052900F2DB80DFE801F050168A
:10C9980003131C36042384F824330CF02FFD0FF006
:10C9A800AFFD0023B4F8BC20A4F86A33A4F83623FA
:10C9B80084F8393302B0BDE8F087032380F82433C4
:10C9C80002B0BDE8F0870CF0D7F9054694F871007D
:10C9D800C4F874530DF0F0FB8542C0F0AA8094F8B7
:10C9E8007100D4F874430DF0E7FB584BDA6814442F
:10C9F800241ADC6002B0BDE8F08790F87150284630
:10CA08000DF0E2FB4DF64171034615F00C0F504A4C
:10CA18002046194414BF28230023A2FB012103EB5D
:10CA28009111803102B0BDE8F047FAF71BB9D0F890
:10CA380074339BB9454B1B7C03F0FF02002BA9D133
:10CA4800B4F8E412012320460092FEF7F3FF002811
:10CA5800A3D040F2E4613020F4F774F890F83A3348
:10CA6800002BE7D090F82433032BE3D190F8719092
:10CA780014F01BFA94F8D8320B2B5FD8354AD4F847
:10CA8800745332F81330C61803F5C86348469FB28A
:10CA98000DF092FB19F00C0FA5EB0008B6B2484652
:10CAA8003BD10DF091FBDFF8A8A000F2E733D4F8F2
:10CAB800F0524846AAFB0323A8EB93180DF07CFB21
:10CAC8002D1A48460DF080FB4AF2A1330344AAFB15
:10CAD80003239B09EB1AA3F160025B0806FB02F231
:10CAE8002933B2FBF7F26032A3EB520152084145F9
:10CAF8001CD81344434519D33146E0690DF0A6FE0E
:10CB080041F64B53E2699A424FF0000398BF023056
:10CB180084F83A33C4F82C038CE7D4F8F052A8F11F
:10CB28003C080DF049FB65232D1AD3E714F08CFD62
:10CB3800E2E74FF46A713020F4F704F8FEF7E4FDF9
:10CB48004FF4EE613020F3F7FDFF00BFC80C002161
:10CB5800D34D62108CB00201012A70B5064609D087
:10CB6800022A14460D461ED04AB140F29A7130206E
:10CB7800F3F7E8FF0CF006F9C6F8700370BD0CF087
:10CB880001F9224601462846FFF784FC32460F4940
:10CB980095F808010DF0F0FD0028EFD140F28371FF
:10CBA8003020F3F7CFFFD0F8701301222846FFF7A3
:10CBB80071FC3246054995F808010DF0DDFD0028A5
:10CBC800DCD140F294713020F3F7BCFF75C100014D
:10CBD800F8B5044651B1012966D1002380F8103117
:10CBE8000CF00CFCBDE8F8400FF08ABCC58C002D99
:10CBF80052D12046D4E94876FEF7A0F840194FF400
:10CC080081734FF0000241F10001C019A4F83A31D4
:10CC180046EB0106C4F8400184F830212046C4F8E8
:10CC28004461FEF777FD94F85031A4F8380103F019
:10CC3800FF01D4E95056C4E948567BB96FF0004368
:10CC4800D4E952029A4208BFB0F1FF3F0FD104F570
:10CC5800987194F808010FF081FF50B30023A4F8ED
:10CC68002A310CF0CBFBBDE8F8400FF049BC204658
:10CC7800FEF724F8D4F8483100F58470D4F84C2134
:10CC88005B1B62EB06021B1A62F10002002ADEDA65
:10CC98002046FEF72FFBE1E7FAF79CF8E58CB0FB9E
:10CCA800F5F303FB1505A4E740F2AA713020F3F76A
:10CCB80049FF40F204713020F3F744FF90F828014F
:10CCC800704700BF014B5882704700BFC80C002155
:10CCD800FAF70CBEFAF748BFFAF7D6BCFAF718BE4F
:10CCE80030B5A0F10E031446526883B092F8C5001F
:10CCF800092B3FD8DFE803F0263E3E3E1D3E0C3EA2
:10CD08003E0592F8C630242B25D0002003B030BD54
:10CD18001E28FAD120460191FAF700F90199002955
:10CD2800F3D0626892F81A3123F0200382F81A319E
:10CD3800EBE71028E9D10021204603B0BDE83040D8
:10CD4800FAF71EBE0428E0D12046FAF7E7F8204695
:10CD5800FAF78EFDD9E70025204682F8C650FAF783
:10CD6800F3F8636893F86C21012A08D0002283F84D
:10CD78006C21CAE740F245213120F3F7E3FE29464A
:10CD880020460BF0DFFA6368F0E700BF0B794268D2
:10CD9800232B92F8C5C01ED80D2B24D9A3F10E025F
:10CDA80000B583B0152A12D8DFE802F01F1111115F
:10CDB8001F111F110B1F1111111111301111111118
:10CDC8001127BCF1220F29D0BCF12F0F26D000204B
:10CDD80003B05DF804FBFF2B05D11D4B1B6813B195
:10CDE800012382F8AE33002070470246012118461D
:10CDF80003B05DF804EBFFF773BFBCF1290FE6D170
:10CE0800144B1B68002BE2D09847E0E7BCF1310FC8
:10CE1800DDD1114B1B68002BF6D1D8E70190FAF74A
:10CE28007DF80198436893F8C620232ACFD093F859
:10CE38001B211A2122F0010283F81B21426892F873
:10CE48001B3123F0080382F81B310BF07BFABEE795
:10CE5800DC0C0021080200211002002170B5224DCF
:10CE68000979AC6894F8C530222B38D02F2B15D00F
:10CE7800292B25D0042B09D0102B29D01E2B29D0E3
:10CE880094F8C630242B27D0002070BD0E2302460C
:10CE980000211846BDE87040FFF722BF222B1ED0A4
:10CEA800012394F8C6200B2104F1A800F7F772FEBD
:10CEB800A0B1AB68002283F8C52083F80421E3E71A
:10CEC8000A4B1B68002BDFD02320BDE870401847B1
:10CED8001223DCE71423DAE71723D8E72A210448CA
:10CEE8000BF030FAE5E700BFDC0C0021000200215E
:10CEF800E00C0021344A402838B5938943EA0003FE
:10CF0800938155D000F00303032B57D010F0020390
:10CF180011D0C407116110D4CB78052B22D00B2B6C
:10CF280004D1936893F8C610122928D0850601D534
:10CF38000823137638BDC407F8D591F803C05161AA
:10CF4800BCF1060F26D0BCF10B0F05D1916891F802
:10CF5800C6C0BCF1130F16D0002BE7D01169CB78EF
:10CF6800052BDCD1936893F8C6101729DED100246D
:10CF780000250121C3E94C4583F8CB10D6E70021F1
:10CF880083F8CB10D2E7002481F8CA40012481F845
:10CF98000A41E1E7916891F8C6C0BCF1190FDBD1ED
:10CFA80000240025C1E94A45012481F8CA40D3E795
:10CFB80004219068BDE83840FFF7E0BC40F6F62150
:10CFC8003120F3F7BFFD00BFDC0C002130B583B082
:10CFD800044601A8F5F782FE002800F014813222E9
:10CFE8000021019811F07CF9019D03212846F8F7EA
:10CFF80011FF01982146037823F010030370F8F716
:10D0080035FF2A2C3CD8012C46D9A31E282B43D8FF
:10D01800DFE813F029004200B1002F002F0029009B
:10D028004200AC0042002F006C009200D700420082
:10D038004200C9002F002F004E004E0072007900F8
:10D04800420042004200DB00990068008E00420066
:10D0580086004200A1004700470047004200420006
:10D0680042004200BF006D4A019B926892F8582125
:10D078001A71F5F74BFE002800F0CA8003B030BDE6
:10D08800FF2C09D1654B01989B6893F8AF23D3F81F
:10D09800B013F8F7FFFEECE740F69C013120F3F7F8
:10D0A80051FD5F4B20465F4A01991B689847E0E7AE
:10D0B8005A4C0198A368B3F85C10F8F795FFA36879
:10D0C8000198B3F85A11F8F793FFA3680198B3F8D9
:10D0D8005810F8F791FFA3680198B3F85811F8F7BA
:10D0E8008FFFC6E7019814F0BEF9C2E7019B212221
:10D0F8004D491A725960BCE7484A019B9268B2F8D8
:10D108006E219A80B5E7454B9B6893F86C21012AFC
:10D1180014BFB3F86C20B3F86E21019B9A80A8E77E
:10D12800424B1B68002BA4D03E4901989847A0E7C2
:10D13800019814F0A0F99CE7384A019B926892F88C
:10D1480052211A7195E7354B0198996801F27911C6
:10D15800F8F776FF8DE7364B1B68002B89D02F4AEE
:10D168000198916801F5B071984782E701992D48B7
:10D17800FAF7A0FB7DE7294C0198A16801F54071F9
:10D18800F8F71CFFA168019801F54271F8F722FF32
:10D198006FE7224B0198996801F29B1201F279110D
:10D1A800F8F768FF65E71D4C0198A36893F85311D9
:10D1B800F8F7B6FFA368019893F85211F8F7B4FF8F
:10D1C80057E70198FAF768FB53E70023284601213F
:10D1D8008DF80030F8F72AFE104A28469DF80030EE
:10D1E8006946956803F020042A7C6B7C032A03F0C7
:10D1F8001F0308BF002243EA821323438DF800303F
:10D20800F8F71EFE35E740F2EA713120F3F79AFC91
:10D218004FF40A613120F3F795FC00BFDC0C0021C4
:10D22800FC010021E00C00210D59008FE4010021D0
:10D23800F401002170B5274CA36893F8B66393F8FE
:10D24800B753002E36D193F870108DBB93F8712028
:10D2580083F8712083F870101F4AFF20126883F842
:10D2680072000AB1A0689047A06890F86C31012B51
:10D2780018D056EA050315D13830F9F741FB0546B1
:10D28800A06800F5E771F9F7B3FBA0680521FFF77F
:10D2980075FBA0683830F9F733FB854204460BD399
:10D2A800012070BD0D4800210BF04CF8A068E3E7A1
:10D2B8002A46CDE73146C8E70DF0A4FA0146601BBF
:10D2C8007D2838BF7D2010F0CBF9B0FA80F04009F6
:10D2D80070BD00BFDC0C002104020021E00C00211D
:10D2E80008B5436893F8C620172A03D11B2283F890
:10D2F800C62008BD40F2AA413120F3F723FC00BF45
:10D3080008B5436893F8C620172A03D1192283F871
:10D31800C62008BD40F2A4413120F3F713FC00BF3A
:10D3280008B5436893F8C620122A06D101211322B2
:10D3380083F8091183F8C62008BD40F297413120CF
:10D34800F3F700FC40F6A501312008B5F3F7FAFB26
:10D3580008B5436893F8C620232A00D01AB92422B6
:10D3680083F8C62008BD40F201513120F3F7EAFBEB
:10D37800436810B593F8C6201D2A2BD1002193F8D5
:10D388000A21044683F8091192B91988012083F803
:10D39800C1220222A3F8C21283F8C40203F52E7038
:10D3A8000F49F9F70DFA6368002283F8C62010BD0B
:10D3B8001888022283F80A1183F8C112A3F8C2025E
:10D3C80003F52E700749F9F7FBF96368002283F823
:10D3D800C62010BD4FF49A613120F3F7B3FB00BFAC
:10D3E800057400012174000108B5436893F8C6204C
:10D3F800302A05D0172A0AD11B2283F8C62008BD77
:10D40800002283F8C620BDE80840F9F79DBD40F228
:10D41800BF413120F3F796FB08B5164B1A694368EC
:10D42800117993F8C5200A2A0CD0D3F8B42012F049
:10D43800080C11D1FF2917D1322283F8ACC383F825
:10D44800C52008BD93F851218A42EED1002283F805
:10D45800C52083F8042108BD22F00802C3F8B420CF
:10D46800BDE80840F9F770BD40F272413120F3F78A
:10D4780069FB00BFDC0C0021104B1A7EBAB960B9F9
:10D488009B6841F64B52D969914205D9B3F86010AF
:10D49800B3F8442091420ED970479A89120708D5EB
:10D4A8009B6893F8C700083818BF01207047002010
:10D4B8007047012070471846FFF7C6B9DC0C0021F9
:10D4C8004268D2F8B43010B5DC060ED5990611D4EE
:10D4D80023F010030446C2F8B430F9F735FD60684C
:10D4E8000521BDE81040FFF749BA40F2F541312067
:10D4F800F3F728FB40F2F6413120F3F723FB00BF96
:10D508004368D3F8B43013F0300F01D001207047CE
:10D518002DE9F041044682B008460D46F8F77CFD37
:10D5280000283AD028466668F8F772FD074628466C
:10D538003836F8F769FD80462846F8F76BFD03464C
:10D5480028461D46F8F762FD424600902B463946AC
:10D558003046F9F723FA1C4A93899B0703D51369C8
:10D56800DB78142B0BD0636893F8C5101E2907D0FD
:10D5780093F863311BB9636893F86231A3B16368A8
:10D58800D3F8B42042F01002C3F8B4202046F9F7CB
:10D59800CFFC002002B0BDE8F0812946204602B049
:10D5A800BDE8F041F9F712BD60689168D0F8B43071
:10D5B80001F2E11243F02003C0F8B43031F8380B1F
:10D5C800F9F78EFAE2E700BFDC0C00212DE9F04301
:10D5D800AE4D87B007460E46AB89AC68DA0540F118
:10D5E8005F810022A4F8FA2084F8F42294F8CB2072
:10D5F800002A00F05F811A0500F17181D4F8EC204F
:10D60800D4F8F01001328A42C4F8EC2040F21B82B0
:10D61800012084F8F8008A420AD3002304F2C510D6
:10D6280002229B49C4F8EC30F9F7EAF8AB89AC68F8
:10D6380013F4407F94F8C9200FD0002A00F06582C7
:10D64800032A0AD102232046012184F8C930FFF7B2
:10D6580095F9AC68AB8994F8C920012A00F0438198
:10D66800002F40F0AA80590600F1C581B4F80C23B8
:10D67800013292B2A4F80C23002E00F0C281B04609
:10D688002B7E1B0700F14F8246EA08062B68F6B28C
:10D69800002B58D00023CDE90133CDE9033305939E
:10D6A80094F871000CF090FDAB68044693F8710093
:10D6B8000CF082FD04F5FA74764BA3FB0434AB68D6
:10D6C8001A8800EB9414D869ADF80420B3F8BC208C
:10D6D800ADF80A40ADF80820F7F764FBAB68ADF881
:10D6E800060093F8AE23002A40F0D98193F8AD23C1
:10D6F80001A89DF80C3062F300038DF80C302B68FC
:10D7080098470023AC68A4F8AD33049BDBB194F8C8
:10D71800AC23C2B994F8C520322A14D09DF814203D
:10D728008AB11978FF2900F0C68307290BD1022A8C
:10D7380009D15978FF2906D1C4F8B033012384F8F8
:10D74800AF2384F8AC3394F85631FE2B02D1002E67
:10D7580000F01E82B4F8E83294F8EC820133A4F8A1
:10D76800E832B8F1000F00F02D81F5F75DF80028D8
:10D7780040F07181A8680123002190F8C620A830E4
:10D78800F7F708FAAC68002840F0038194F8C6302F
:10D798000C2B00F0FE8094F8C920002384F8EA32AC
:10D7A8000123B4F8BC10012A0B449BB2A4F8E4325C
:10D7B80000F2B980A4F8E032AB89590640F19A80AA
:10D7C8000023A4F8F63294F86031002B00F09E8014
:10D7D800A868B0F8FE30B0F8E6221344A0F8FE308E
:10D7E80090F8042132B1B0F80031B0F8E6120B44D9
:10D7F800A0F8003190F90811002906DDB0F80631CB
:10D80800B0F8E6422344A0F8063190F8E730CBB9E7
:10D81800002F40F0D5802B7F022B00F04981012B8F
:10D8280000F06A81002E00F04182F20600F1958234
:10D83800330700F1C580B70600F14183B40700F053
:10D8480024872A2390F8E620002A00F0B080A868F0
:10D85800002390F8EB22A0F8C53080F8C930002AE0
:10D8680000F093800221FFF789F80B4B1B681BB16E
:10D878000A4AA86811689847AB68002283F8EB2227
:10D8880007B0BDE8F043F5F769BA00BFDC0C00212A
:10D8980079790001D34D6210E001002118000021C0
:10D8A800B4F8FA200132A4F8FA2094F8CB20002A20
:10D8B8007FF4A1AE012394F8C62004F1A800062144
:10D8C800F7F768F9AB8900283FF4B1AE1905AC68E1
:10D8D8007FF594AE94F8CB20002A3FF48FAE002257
:10D8E800C4F8EC20A4E658057FF5BAAE022284F805
:10D8F800C920B5E6B4F8F632B4F8E6221344A4F821
:10D90800F63294F86031002B7FF462AFA8680123E7
:10D9180090F8C7201946A830F7F73CF900287FF49B
:10D9280057AFA8685CE7023A012A00F2628494F8CB
:10D93800C720082A00F0C280B4F8FA80B4F8FC3096
:10D9480008F101029A4205DAA3EB08039BB2022B05
:10D9580040F0CF814FF0000894F8F830002B00F029
:10D96800BA8094F8C52004F1A80001230921F7F72B
:10D9780011F9AC68002840F0AE808046B4F8E43273
:10D988009844AB89A4F8E08217E70321FEF7F6FF75
:10D998006BE7012394F8C52004F1A8000021F7F7EC
:10D9A800F9F800285BD1AC6894F8C920F5E6AA68B4
:10D9B800BB4902F1DE0082F8E730F8F7A1FE46E73E
:10D9C8003D233FE7F4F72AFF08B1A4F8E882F4F70B
:10D9D80033FF00283FF4CEAE94F8F4320133DBB2C3
:10D9E800022B84F8F4327FF6C5AE0023A4F8E8329F
:10D9F80084F8F432BEE63A46A4F80C23002E7FF4ED
:10DA08003EAE1A0700F12981D80700F1E7805907CF
:10DA180006D5AA6892F8C720072A01D101222A77D9
:10DA28009A0740F18E802A69D2782A2A00F29680D5
:10DA38009C4B53F82230002B00F09A819A48984763
:10DA4800AB89AC687EE0688BA1EB020C053084459D
:10DA58003FF6E1ADDCE50023A4F8E8328AE6A868E1
:10DA68000123002190F8C720A830F7F793F8AC6895
:10DA780094F8C92000283FF490AE022A7FF48DAEB6
:10DA880094F8F432002B00F021820023B4F8BC1083
:10DA980084F8EA324B1C9BB2A4F8E43247E7686981
:10DAA800C31C0493F8F7B4F9AB688DF814001DE6AD
:10DAB80090F85831062B18BF1623C3E6B4F8FA209D
:10DAC800022A7FF677AEB4F8FC301944AB890131ED
:10DAD800A4F8E01271E694F8CB30002B00F08D81A9
:10DAE800D4E93B23911C8B42C0F007819B1A022B7F
:10DAF80000F00381033B01E190F8C830002B7FF46C
:10DB0800A1AE0021FEF73AFFAFE60121204684F8D6
:10DB1800C910FEF733FFAC68AB8994F8C920012A15
:10DB28007FF49EADDFE694F8C62004F1A800012337
:10DB38000521F7F72FF80446D8B1AC684FF008086C
:10DB4800A2E5AC6813F010083FF49AAD94F8C6301B
:10DB58000B2B00F04C814FF0000891E5FF2A40F0B4
:10DB68000781AC68322284F8C520002284F8AC23EF
:10DB7800E8E7019001A90320F4F764FE019B2BB1AB
:10DB88001C721022A9680198F8F71AFEAC687BE5A8
:10DB9800012394F8C72004F1A8001946F6F7FAFF04
:10DBA800002840F0D080AB6893F86031002B00F07B
:10DBB8006281AC6894F86131A4F8FE0084F85831A9
:10DBC80094F85631FE2B40F036850123A4F8000165
:10DBD80084F80431022384F85631BBE5D5F8148063
:10DBE80004F1A80094F8C6200123052198F8034001
:10DBF800F6F7D0FF60B1023CE4B2092C00F2618173
:10DC0800012303FA04F440F233331C4200F0598133
:10DC18004046F8F719F9002800F00E8198F80390AB
:10DC2800B9F1010F00F2F680AB6893F8C500F9F777
:10DC3800A3F9002800F01581AC6894F8C530212BB1
:10DC480000F00F81222B00F00981B9F1160F0CBFEB
:10DC58004FF020084FF0020812E594F85631222BB5
:10DC680000F090802A2B00F0AC801C2B00F0A980DB
:10DC7800FE2B00F0058594F8C620FE231B2A84F8A5
:10DC8800563100F0A88094F8C530212B00F08C8024
:10DC9800322B64D094F8C730082B6ED0AB89B3E62A
:10DCA8004170000134010021E00C0021002A4CD110
:10DCB800002905DDB0F80621B0F802319A424AD2AF
:10DCC800B0F8FE20B0F8FC309A4204D390F86031E6
:10DCD800A868002B3FD190F8C930002B00F0B7801E
:10DCE800B0F8FA20B0F8FC309A42FFF40AAF0823E3
:10DCF800A8E5033B1FFA83F82EE60023984588BF62
:10DD08001FFA83F8B8F1000F3FF438AE08F1FF3876
:10DD18001FFA88F832E6AB6893F8A63103F0FF01E2
:10DD2800002B00F07683AB6893F85611FE2940F07B
:10DD380082842521A3F8002183F85611012183F854
:10DD4800041183F8A621AC6804E5B0F80021B0F806
:10DD580002319A42ACD3222374E51E2372E50123D3
:10DD680084F8AD33002384F8C53084F8043191E792
:10DD780040F265513120F2F7E5FE02232B7784F853
:10DD880056318BE7BC4B84F8AA611B682BB1A86895
:10DD980000F5D57100F5AE709847B848F9F7BEF8A8
:10DDA800AC6894F8563163E704F1A80001230B210D
:10DDB800F6F7F0FEAC68002879D02F2384F8C53038
:10DDC80068E70023AD4884F87431F9F7A7F8AC6820
:10DDD80094F856314CE74FF00008A84884F80981B8
:10DDE800F9F7B2F8AC68424684F8C6804BE70C23D2
:10DDF8004FF0000884F8C63042E494F8C62004F1D5
:10DE0800A80001230621F6F7C5FEAC6800287FF4B8
:10DE180067AE77E7B9F1160F3FF406AFB9F12A0FED
:10DE28001FD9B9F1FF0F07D12B682BB1AB680122BD
:10DE380083F8AE23AB89EAE541469048F9F7C6F87E
:10DE48008046B8F1000F40F0F383AB89DFE5B0F806
:10DE5800FA30052B7FF655AE3E23F3E42F2384F8E2
:10DE6800C530874B53F82930002BE5D069698348C2
:10DE780098478046E5E7A8680123042190F8C62062
:10DE8800A830F6F787FEAC688046002876D1D4F82B
:10DE9800B43013F001025BD094F85631FE2B40F0F9
:10DEA800CA830923A4F8060184F8563152E42223D0
:10DEB80084F8C530EEE61B2A7FF63EAC43E4232304
:10DEC800C0E4AC684FF00808FFF7DABB606911F0EE
:10DED800C6F8AC6800283FF45EAC94F85631FE2BC7
:10DEE8007FF459ACB4F8E232012B7FF654ACB4F8A5
:10DEF800FC200123B4F8FA10901E84F8EA3281421B
:10DF080080F22C81013AB4F8E802521A698B8842EF
:10DF180092B202D24B1C1B1A9BB2934228BF1346E3
:10DF2800012B00F06B8194F87F20AC686AB9A26F6E
:10DF38005AB1B4F8BC10B4F8F620521A11B292B221
:10DF4800002902DD8B42A8BF134694F8C92028E4B3
:10DF580013F0020100F0BE8094F85631FE2B40F019
:10DF68006A8394F80B31A4F8062143F0010384F87E
:10DF78000B310C2384F85631FFF7ECBB94F8C6300C
:10DF8800123B0B2B07D8DFE803F0480606063B5583
:10DF980006060606062EA8680123002190F8C5206B
:10DFA800A830F6F7F7FD00286CD0A86801230421F3
:10DFB80090F8C620A830F6F7EDFD002862D1AC68CD
:10DFC80094F8F820002A5DD094F85621FE2A40F0F3
:10DFD80032830123A4F8000184F80431122384F861
:10DFE8005631FFF7B7BB94F85631FE2B40F0238328
:10DFF800062384F856310023A4F80631FFF7AABB9C
:10E0080094F85631FE2B40F01683042384F85631D9
:10E018000023A4F80631FFF79DBB94F85631FE2B78
:10E0280040F009830B2384F856310023A4F8063105
:10E03800FFF790BB94F8A833012B00F0CB80022B9C
:10E048007FF488AB94F80A810622B8F1000F00F03B
:10E05800F48284F8582194F85621FE2A40F0EB8285
:10E0680084F856310023A4F80631AC68002384F8FC
:10E07800A833FFF76FBB00BFEC010021E00C0021C3
:10E0880088000021AC6894F8C5200A2A43D0B8F16A
:10E09800000F7FF45FAB04F1A80001234146F6F7B7
:10E0A80079FD00287ED0AC6894F87331002B00F01D
:10E0B8002A8194F85631FE2B40F0BD820E23A4F835
:10E0C800008184F8738184F85631012384F804317F
:10E0D800FFF740BB58070BD594F85631FE2B40F09C
:10E0E800AA821323A4F8061184F85631FFF732BB2D
:10E0F800190724D594F8503184F8583194F85631DA
:10E10800FE2B40F09882072384F856310023A4F8A8
:10E118000631FFF71FBB94F8513184F8583194F851
:10E128005631FE2B40F08782072384F856310023AE
:10E13800A4F80031012384F80431FFF70BBB1A0659
:10E1480061D594F85631FE2B40F075821B2384F874
:10E1580056310023A4F80631FFF7FCBAB4F8E802F8
:10E16800698B88424AD21A46D4E6AB6893F878019C
:10E1780000F082FDA968002800F0F481B54B01F297
:10E18800791111F8012C1B68B34898478046B8F1FB
:10E19800000F00F0F381B8F1020F03D1AB68002241
:10E1A80083F87421A8680123002190F8C520A830BD
:10E1B800F6F7F0FCAC6800283FF4CCAA94F8AC332E
:10E1C800002B3FF4C7AA94F85631FE2B40F0338257
:10E1D800FF23AAE794F85631FE2B40F02C82052342
:10E1E80084F856310023A4F8063184F8A833FFF7E1
:10E1F800B1BA40F60A113120F2F7A4FC002384F8E2
:10E20800EA3201238FE613F030016CD094F86331C1
:10E218004BBBAB6893F86231FBB1A86890F8C63085
:10E2280000F5B17100F2B632262B00F0338290F877
:10E23800C530A3F1260CDCF1000343EB0C03F8F71F
:10E2480069FBAA68D2F8B43023F0200343F0100326
:10E25800C2F8B430002382F86231A868D0F8B4302C
:10E26800DC0600F1A281AC6894F8C6302B2B2DD0C7
:10E27800302B1ED0232B7FF48EAE94F86C31022BFA
:10E2880009D094F86C31012B7FF485AE94F86D3188
:10E29800002B7FF480AEAC6894F85631FE2B40F02A
:10E2A800CA81172384F856310023A4F80631FFF7F2
:10E2B80051BA94F85631FE2B40F0BD81112384F8F1
:10E2C80056310023A4F80631FFF744BA94F85631C2
:10E2D800FE2B40F0B081202384F856310023A4F8A7
:10E2E8000631FFF737BA13F0400200F0BB8194F80B
:10E2F8005631FE2B40F09F812423A4F8061184F8A0
:10E308005631FFF727BA94F87231C3B194F80B313C
:10E318009A0714D194F85621FE2A40F08C8143F0D4
:10E328000103A4F8008184F8728184F80B310C236E
:10E3380084F85631012384F80431FFF70BBA94F8B6
:10E34800623183B3AB6893F8633163BBA86890F814
:10E35800C63000F5B17100F2B632262B39D090F8EC
:10E36800C530A3F1260463426341F8F7D3FAAA68DB
:10E378000023AC6882F8623194F85621FE2A40F0F6
:10E388005A81A4F80031012384F80431B4F85A30D2
:10E39800A4F85831B4F85E30A4F85A31142384F83C
:10E3A8005631FFF7D7B9AA6892F86C110129CBB298
:10E3B80011D0AB6893F8A93103F0FF02002B3FF4AA
:10E3C800AAACAC6894F85631FE2B40F03481232374
:10E3D800ABE60123C9E792F86D21002AE9D1A868C4
:10E3E8000B2190F8C620A830F6F7D4FB0028E0D11E
:10E3F800A86890F870104B1E072B00F2EF80DFE83A
:10E4080013F02D003900ED001D00ED00ED00ED00CA
:10E418001D00AB6893F8AA31002B37D0AC6894F88C
:10E428005631FE2B40F007810123A4F8001184F82F
:10E438000431222384F85631FFF78CB990F87130F3
:10E44800013B072B00F2CA80DFE803F0D87FC8CD74
:10E45800C8C8C8CD14020021E00C002190F8713022
:10E46800013B072B00F2BA80DFE803F0572EB8CD46
:10E47800B8B8B8CD90F87130013B072B00F2AE80E8
:10E48800DFE803F0D0CBACC6ACACACC6AB6893F855
:10E49800743103F0FF02002B7FF467AEAB6893F88A
:10E4A800B231002B3FF47EAEAC6894F85631FE2BA7
:10E4B80040F0C1800123A4F8002184F804311D2311
:10E4C80084F85631FFF746B990F86E31012B40D0E9
:10E4D80090F8C6200123A8300321F6F75BFB00283B
:10E4E8007FF460AEA8680123022190F8C620A83006
:10E4F800F6F750FB00287FF455AEAC6894F8562127
:10E50800FE2A40F098800123A4F8000184F8043121
:10E51800162384F85631FFF71DB990F86E31012B98
:10E52800D6D190F86F31012BD2D1B0F8BC3000F5BC
:10E538006D72B0F8700112F0DCFD014670B1AC6884
:10E54800282384F8C530FFF705B990F86E31042BFD
:10E55800BED190F86F31022BBAD1E6E7544809F0E2
:10E56800F1FE1FE6534B01F29B12514801F279115B
:10E578001C6811F8013CA047804608E6AB6893F890
:10E58800780100F079FBAC6894F85631002800F067
:10E598008380FE2B4FD10123A4F8008184F8043135
:10E5A8001C2384F85631FFF7D5B800F5E771F8F762
:10E5B8001FFAAC68B4F85A30A4F85831B4F85E3091
:10E5C800A4F85A3194F85631FE2B34D1152384F827
:10E5D80056310023A4F80631FFF7BCB84FF4227176
:10E5E8000620F2F7AFFA90F86E31042B7FF470AF83
:10E5F80090F86F31042B7FF46BAF96E790F86E318B
:10E60800042B8ED064E790F86E31012BF0D05FE7D1
:10E6180090F86E31022BEBD05AE790F86E31022B4E
:10E6280097D055E790F86E31022B3FF47AAF4FE759
:10E63800AC68FFF725B8FEF785FE03211C48F8F7FC
:10E6480093FCAB6893F81A2193F8561112F0040F53
:10E6580014BF11220D22FE29EDD183F85621A3F80B
:10E66800068102E5D9057FF5FEAD94F85631FE2BFB
:10E67800E1D11E23A4F8062184F85631FFF76AB8C1
:10E6880040F271513120F2F75DFA40F673213120E2
:10E69800F2F758FA0123D2E5FE2BCCD10123A4F8D6
:10E6A800008184F804312A2384F85631FFF752B8E0
:10E6B800E00C00211C020021426870B592F81A3162
:10E6C800054608460C4643F0040382F81A31F7F76A
:10E6D80029FD034620461C46F7F728FDA4F10E0342
:10E6E800172B15D8DFE803F0161414141614161493
:10E6F8000C1614141414142614142F14141D1D1D90
:10E70800234CA56895F8C530222B37D02F2B25D060
:10E71800002070BD2A4620460021BDE87040FEF763
:10E72800DFBA1C4B1B68002BF2D001462046BDE81F
:10E7380070401847184B1B68002BE9D001461D2074
:10E74800BDE870401847154B1B68002BE0D0104CF3
:10E7580002462021A068BDE870401847012395F8BB
:10E76800C6200B2105F1A800F6F714FA58B1A368E2
:10E77800002283F8C52083F80421C9E70146201D3B
:10E7880009F0E0FDF3E72A21201D09F0DBFDEEE7A3
:10E79800DC0C0021000200210C020021E80100210C
:10E7A80010B50C4689696069F3F74AF994F86C0367
:10E7B800202800D110BD0FF085F894F86C030EF0F6
:10E7C80065F80028F6D140F61C113120F2F7BAF9A5
:10E7D8000020024B18601862704700BFDC0C002153
:10E7E80020490020204B214A10B4214C08600862BF
:10E7F80020492148C3E90114204918609962204939
:10E808002048D9602049214C196321499861D9646D
:10E8180020482149DC62214CC3E9111020492148D4
:10E828001C62D961204C21495C635862204C214804
:10E83800214B91602149D4615062214C2148D16219
:10E8480013612149214B54615064214C2148516383
:10E8580093612149214B1463936310BCC2E91201EF
:10E86800704700BFDC0C0021880000213401002122
:10E87800DD70000121710001C57100017175000191
:10E88800DD750001E1760001717A0001C9760001A9
:10E8980089790001AD790001C1E600012D770001F9
:10E8A80095CD0001D577000165CE00010571000105
:10E8B80021D40001E5CC0001E1CC000129D30001FD
:10E8C80009D30001F1D30001E9D2000179D3000195
:10E8D800DDCC0001217A0001017A0001D9CC0001C8
:10E8E80070B50246874D0126002482B02E7100883B
:10E8F80082F8EB62AC81AA602C762C77F4F7E8F901
:10E90800AB681888F4F712FAAC68B4F8E232002B56
:10E9180066D094F85601FE285DD0FEF757FBAC6828
:10E9280094F8ED32002B63D000236B83B4F8E662D1
:10E93800B4F8FA30013EB4F8E822B6B233443244AF
:10E94800A4F8FA3094F8CB30A4F8E822002B75D05C
:10E95800D4F8EC303344C4F8EC30B4F8E232012B8C
:10E9680050D916B1002384F8F43294F8C630002642
:10E97800A3F10B0284F8EA62012A4AD9262B6ED148
:10E98800B4F8B423B4F8BC309B1A1A047DD5B4F893
:10E99800E622214604F1A800F6F73AFD002840F0E7
:10E9A800A980594859490090594B5A4A03C9F3F765
:10E9B800FDFC296A19B195F824000BF02FF9A86815
:10E9C8000123052190F8C620A830F6F7E3F80028BF
:10E9D80040D102B070BD94F86031002B5FD1AC68B3
:10E9E80094F85601FE2898D194F8ED32002B9BD16B
:10E9F80094F82B32AC684BB9628EA38C9A4206D934
:10EA08006A8393E70133A4F8E232AAE7A38C6B8305
:10EA18008CE7B4F8BC30B4F8B4239B1A1904B6D404
:10EA280004F2B63104F1CD00F6F708FBAB6883F8C1
:10EA3800C660FF22AC6883F82221A8E794F8C620B4
:10EA480004F1A80001230621F6F7A4F8AC68002811
:10EA580083D07DE702B0BDE87040F3F79FBC94F81F
:10EA6800C530262B01D0282B91D1B4F8BC30B4F88E
:10EA7800B4239B1A1B048AD4002384F8C530FEF7FC
:10EA8800D9FB014688B3AC6881E784F8C660FEF715
:10EA9800D1FB014630B3AC6884F86C6177E7A868AD
:10EAA8003346314690F8C720A830F6F773F8034686
:10EAB800002894D1AA6892F86111A2F8FE0082F8A1
:10EAC800581192F85611FE2919D10220A2F80031E6
:10EAD80082F8046182F8EA3282F85601FEF776FA83
:10EAE800AC681DE7AB6883F86C0102B0BDE8704004
:10EAF800FEF76CBD40F6FB113120F2F723F8FEF764
:10EB080021FC00BFDC0C0021D5D50001E00C002160
:10EB180081D40001FDCE0001F3F744BE024B186812
:10EB2800003818BF01207047DC0C0021002290F843
:10EB3800EB12A0F8C52080F8C92011B10221FDF719
:10EB48001DBF0321FDF71ABF0C2100F54070F2F735
:10EB58006DBA00BF38B590F8A83313BB90F8C6302B
:10EB68000446172B1DD190F8CC3303F0FF05C3B929
:10EB7800D1B10F4B08462A469968D1F80833C4F832
:10EB88004C3101F59C7301F53E71F9F74BFA0123FD
:10EB980084F8A83304F540700C21F2F747FA2846A8
:10EBA80038BD0C25284638BD022380F8A833F1E784
:10EBB800DC0C002110B50446D0F8BC03E369984288
:10EBC80004D1D4F8C023636A9A4214D02388A4F8E5
:10EBD8002D32F6F7E7F8B4F8C013B4F8C2330222BE
:10EBE800A4F82F0204F22320A4F83112A4F8333237
:10EBF8000649F7F705FE02212046F5F707FE002231
:10EC0800032384F8C62084F8C93010BD917100012F
:10EC180010B4064A064C0748074B0849C2E9144095
:10EC2800074A10BCC3E91412704700BF88000021CE
:10EC380009D50001AD72000134010021897200017B
:10EC4800C9D4000110B4064A064C07489465074B1E
:10EC580007491066074A10BCC3E91612704700BF7F
:10EC6800880000213F120201B18301013401002113
:10EC7800710F020159D3000108B5032807D8DFE84E
:10EC880000F004020402002008BD012008BD40F283
:10EC980025217720F1F756FF064A06200B4603F890
:10ECA800030BB2F8330092F83520A1F803009A70EC
:10ECB800704700BF080D002140F2B631322008B578
:10ECC800F1F740FF044A0023A2F8BA3082F8703006
:10ECD80082F8BC30704700BF080D002108B5F6F770
:10ECE8002BF9034B18700AF0EFFA052008BD00BF96
:10ECF8001C00002108B5F6F71FF9024B0246012057
:10ED08001A7008BD1C000021F8B50546524C0023B6
:10ED1800D4F8C000032D038036D0052D41D04F49CB
:10ED2800F6F77EFD94F89010D4F8C000F6F78EFD43
:10ED380094F87D3094F845705BB194F85430032B07
:10ED480028D094F87800F5F753FB064608B1012758
:10ED580000E0434E3146D4F8C000F6F751FD39467D
:10ED6800D4F8C000F6F764FDD4F8C0000AF0D4FE69
:10ED7800052D00D0F8BD236D3268C3F80A20B2888B
:10ED8800DA81236D5F72F8BD2946F6F713FDD4F8D2
:10ED9800C000C4E794F84D30002BD2D094F87B0023
:10EDA800D1E70E462946F6F705FDD4F8C070397844
:10EDB80021F0200141EA46113970236D1B6AC7F81A
:10EDC8000F30226D936AFB74190A1B0C39757B7519
:10EDD800D169108EF6F724F8B875236DD4F8C060A1
:10EDE800D969D86AF6F73AF8F075030A3376236DCD
:10EDF800D4F8C060D869F5F7D5FF7076030AB37602
:10EE0800236DD4F8C0609A8CF276120A3277DA8CC5
:10EE18007277120AB277D3F8CE20C6F81F2093F87B
:10EE2800D22096F8243086F82320216D23F01F0283
:10EE380091F8D93003F01F03134386F8243009F002
:10EE480079FA96F8243003F01F0343EA4013D4F804
:10EE5800C00086F8243062E7080D0021910D0021DA
:10EE68004E0D0021F8B51D4C05461D4A0E4694F876
:10EE78007A30D75C38460AF021F994F8983084F84B
:10EE88008F701C4494F8BD40631E072B20D8DFE820
:10EE980003F0041D1F041F1F1F04F2F709FF402879
:10EEA80028BF4020C0B2214609F072FF30460AF060
:10EEB80033FE214601202DB10AF01CFB003818BF93
:10EEC8000120F8BD0AF008F90120F8BD0D20EAE795
:10EED80040F619113220F1F735FE00BF080D002168
:10EEE800E0B0020110B5F2F7DDFE0446F2F7E0FEED
:10EEF8000146204689B210F0F1F848B10AF00CFE3C
:10EF080000200AF067FE054B062283F8702010BD2A
:10EF18004FF4C3613220F1F715FE00BF080D002140
:10EF280038B5124DFF2095F8B91009F031FFF2F706
:10EF3800B9FE0446F2F7BCFE0146204689B210F03D
:10EF4800CDF868B10AF0E8FD95F8B90010F00C00AA
:10EF580018BF28200AF03EFE092385F8703038BD16
:10EF680040F243613220F1F7EDFD00BF080D0021AA
:10EF780070B50646F2F796FE0446F2F799FE01468A
:10EF8800204689B210F0AAF800283FD0314C94F8F6
:10EF98005430013B022B43D8DEB994F87030042B6F
:10EFA80048D994F870300A2B3FD894F87010D4F8E8
:10EFB800C420294B92690B4452F8233098470E28F5
:10EFC80029D8D4F8C4301B69BDE8704053F8203004
:10EFD80018470546F6F77EFE20B92846F6F7CAFE1A
:10EFE8000028DAD094F87030042B28D994F87030BF
:10EFF8000A2B29D894F870102846D4F8C420164B48
:10F0080052690B4452F823309847D8E741F2DB4164
:10F018003220F1F797FD41F2F6413220F1F792FDE7
:10F0280041F2E1413220F1F78DFD41F2D241322027
:10F03800F1F788FD41F2D1413220F1F783FD41F229
:10F0480071413220F1F77EFD41F272413220F1F731
:10F0580079FD00BF080D0021FBFFFF3F38B5214CAB
:10F06800002294F87D3084F8A82083B16FF0004323
:10F07800D4E928129A4208BFB1F1FF3F07D00BF03C
:10F088008BFBD4E92823904271EB030303D20223BC
:10F0980084F8703038BD0120F5F706F90028F6D05D
:10F0A800F4F760FE05460BF077FB6B01EA0E5B1B7D
:10F0B80062F10002520242EAD3525B025B1942F14A
:10F0C800000C9A014FEA8C1ED21A4EEA936E6EEB30
:10F0D8000C0C53194CF100021B1842EB0101C4E956
:10F0E8002831D4E7080D002170B5474C002282B0C2
:10F0F8000546236D0E4662721A88D8696281F5F753
:10F1080051FE236D2084998CDA8C4FF47F436184FF
:10F11800E3844FF6FF73A2842385002D62D001217A
:10F128003046F6F7AFFC32780346D20994F87D10E2
:10F1380009B1002A33D194F879000023334A08280A
:10F148006361938039D0324A511EF4F7A3FF002837
:10F1580054D0637B43F002036373002D3DD12D48E7
:10F1680002682D4BC4F81A2082889A8094F95810A6
:10F17800206DF5F713FE022228492348F7F720FBF4
:10F18800236D02222649188893F8CD30A4F833005D
:10F19800244884F83530F7F733FB02B070BD5A794C
:10F1A80002F0C002402AC6D11868184A606194F873
:10F1B80079009B8808289380C5D1154B002294F8C4
:10F1C8009000C4F81A20D4F889101A82B3F87F2066
:10F1D8006073C4F80E109A80C8E700213046F6F72D
:10F1E80051FCBDE76946D4F8C000F6F711FBD4F826
:10F1F800C0206B461278C2F3801297E741F22C5177
:10F208003220F1F79FFC00BF080D00211C0D0021E2
:10F21800160D0021910D0021220D002101F8000199
:10F22800A1EC0001320D002108B5F5F785FE034B6E
:10F23800187002F0A5FD012008BD00BF1C000021C8
:10F24800024B032283F8702004F098BB080D0021BC
:10F2580040F24141322008B5F1F774FC10B504784A
:10F268008CB004F00F0402A9224603F0B7F90AF0A3
:10F278002BF8F5F761FE234A042C107002D0052004
:10F288000CB010BD03462049039891F8894090F8C6
:10F2980000C0A445F3D190F801C091F88A40A44574
:10F2A800EDD190F802C091F88B40A445E7D190F8D1
:10F2B80003C091F88C40A445E1D190F804C091F8BE
:10F2C8008D40A445DBD1447991F88E008442D6D193
:10F2D8009DF8194091F890008442D0D17F2B0ED030
:10F2E8007F24009302A891F88F30147091F8A82019
:10F2F80091F8791002F03CFE05200CB010BDFFF724
:10F30800A7FF00BF1C000021080D00212DE9F047D0
:10F31800054684B006290BD8DFE801F06820100AFA
:10F328000A0A0400B64C94F88230002B40F083801F
:10F3380009F0CAFF052004B0BDE8F08709F0C4FF52
:10F34800AF4A92F882302BB192F85430013B012B2E
:10F3580040F2DD80052004B0BDE8F087A84C837C2E
:10F3680094F87D60012B94F8828086F0010600F005
:10F3780081804FF00009CA4694F85430032B00F0FE
:10F38800BC8094F87870082F40F0A78094F84570F6
:10F398004FF0000A3A46032B76D16B6894F85B105D
:10F3A8001878884200F05181002794F87830082BAB
:10F3B80004D094F87B10994208BF0127BAF1000FD6
:10F3C80040F0A380002E40F0DE80B8F1000FAFD0EF
:10F3D80094F85630012B03D0002BA9D1002FA7D0C9
:10F3E800002EA5D00C2004B0BDE8F087844C94F81A
:10F3F8008230002B9CD094F85430022B00F0CB8044
:10F40800012B00F05481032B40F06D81436894F880
:10F418005B201978914200F0918094F85630012BC6
:10F42800E0D094F87B30082B82D094F878209A4268
:10F438007FF47EAFD6E794F85430022B00F0C580F5
:10F44800012B7FF475AF6F4B93F900207F2A00F0F2
:10F4580048817F21029294F88F5004F14602197076
:10F46800FF2394F87910CDE90015062102F0C2FCBB
:10F47800052060E78268527902F0C002402A7FF4D2
:10F4880078AF99469A4677E709F01EFFB8F1000F62
:10F498003FF460AFAB68AA7C5B4994F84500F3F78A
:10F4A800B9FC18B9BAF1000F00F0B080554991F9CC
:10F4B80000307F2B00F015810293284694F88F20A6
:10F4C8003B4694F87940019200947F244E4A0C7090
:10F4D800012102F08FFC05202DE73846F3F782FE64
:10F4E800002818BF0646BAF1000F40F0D38094F800
:10F4F800457094F854303A464DE794F84D20002A68
:10F508003FF43FAF94F87B703DE701265DE73D4B44
:10F5180093F900107F2900F0E48002917F2692F889
:10F528007910284692F88F4046321E70FF23CDE9A5
:10F538000014022102F05EFC0520FCE6597894F8DC
:10F548005C2091427FF469AF997894F85D209142EC
:10F558007FF463AFD97894F85E2091427FF45DAF71
:10F56800197994F85F2091427FF457AF5A7994F84B
:10F5780060309A427FF451AF427C94F85A309A42F4
:10F588007FF44BAF2EE71046AB68AA7C1E49F3F711
:10F5980041FC064619E71B4B93F900207F2A00F02F
:10F5A800A08002927F2694F88F1094F879201E701C
:10F5B800FF23CDE9002104F14602002102F01AFCE4
:10F5C80001230B2084F8A830B5E60E4B93F90020F0
:10F5D8007F2A00F0868002927F2694F88F1094F894
:10F5E80079201E70FF23CDE9002104F1460206218F
:10F5F80002F000FC00230B2084F8A8309BE600BF33
:10F60800080D00211C0000214E0D002194F85530F2
:10F61800023B012B3FF69EAEB9F1000F3FF49AAEC4
:10F62800334B93F900207F2A5BD002927F2694F80F
:10F638007910284694F88F501E70FE232D4ACDE984
:10F648000015012102F0D6FB84E6587894F85C1086
:10F6580088427FF4A9AE987894F85D1088427FF4C8
:10F66800A3AED87894F85E1088427FF49DAE1879DE
:10F6780094F85F1088427FF497AE597994F8603017
:10F6880099427FF491AE6F7C94F85A30FB1A5F422E
:10F698005F418AE63846A968F4F768FE94F8452081
:10F6A8008246D0B142F0020794F8543073E6104B0A
:10F6B80093F900207F2A14D07F21029294F88F506A
:10F6C80004F146021970FF2394F87910CDE900156A
:10F6D800002102F08FFB05202DE694F854301746E0
:10F6E80059E6FFF7B5FD4FF46A613220F1F72AFABF
:10F6F8001C0000214E0D0021164B10B593F9002077
:10F7080084B07F2A23D07F241C70134B93F8704059
:10F71800052C15D093F87040082C0CBF0324012445
:10F72800039493F87940CDE9014293F88F400B4A4E
:10F7380093F8B930009402F005FD18B904B010BD73
:10F748000024EDE704B0BDE8104002F0D9BAFFF795
:10F758007FFD00BF1C000021080D00214E0D002177
:10F768000F4B10B593F87020042A0FD993F8702026
:10F778000A2A10D893F87010D3F8C420094BD2681D
:10F788000B44BDE8104052F82330184741F2D851D5
:10F798003220F1F7D7F941F2D9513220F1F7D2F9F5
:10F7A800080D0021FBFFFF3F124A18200B4603F803
:10F7B800030BB2F83FC092F84100A1F803C0CA7821
:10F7C8009870012A00D0704710B58C880021204617
:10F7D800F2F784F838B12046F3F76CFA0021204696
:10F7E800F2F792F800B910BD40F219413220F1F752
:10F7F800A9F900BF080D002138B5264B0C465A7AE6
:10F808007ABB1A6DD3F80E10C2F80310598AA2F801
:10F8180007105A7B1B6D12F0FD0F14BF0122002246
:10F828009A701D4B1321224603F1200E02F8031B88
:10F83800D3F800C0103353F80C5C103253F8080C9E
:10F8480053F8041C734542F810CC42F80C5C42F89B
:10F85800080C42F8041CEBD1197800231170A3712D
:10F8680038BD00215889F2F739F8054668B1008893
:10F87800F3F720FA00212888F2F746F80028D0D0BC
:10F8880040F2FD313220F1F75DF940F2F9313220D2
:10F89800F1F758F9080D0021110D00212DE9F0416B
:10F8A800264C06460D4694F8BC305F2B31D85A09D1
:10F8B800234B13441F7994F8BA00C0F3050800F0ED
:10F8C8003F0009F0FBFB84F88F80B6B13946012070
:10F8D80009F010FE78B194F888303946022B0CBF35
:10F8E8004020FF2009F054FA94F8A8309BB128462C
:10F8F8000AF012F90120BDE8F0813A46616F012053
:10F9080009F05AFF0028E6D140F648113220F1F7F5
:10F9180019F90027CFE7681DF4F716FC84F87C0076
:10F928000028E4D017F00C0F14BF5524502408F019
:10F93800A7FE20460AF08CF9D9E700BF080D002180
:10F94800E0B00201F8B53E4C054694F8BC305F2B98
:10F958002AD85A093B4B13441E79636F7BB1F2F7DF
:10F96800A1F90746F2F7A4F90146384689B20FF023
:10F97800B5FB014600285DD00020FFF78FFFD4F8C3
:10F9880094000AF0FDF894F85430022B31D0032B80
:10F998000CD0EDB140F20113A4F8A930002384F88B
:10F9A800B96084F88030F8BD0026D6E794F888302E
:10F9B800012BEED116F00C0F2AD094F85930012BF8
:10F9C80014BF3146042100200AF068F9002DE1D166
:10F9D80094F88830022B13D0012B1BD0002BDDD1DB
:10F9E80002F046FB84F8A90002F00AF984F8AA009C
:10F9F800D4E794F88830022BDCD0002DCAD1EBE78D
:10FA08000023A4F8A95084F8B96084F88030F8BDC0
:10FA18003146D8E794F8B9304FF00002A3F1020359
:10FA2800B3FA83F35B0963F3070263F30F22A4F8C5
:10FA3800A920B3E74FF4BB613220F1F783F800BF88
:10FA4800080D0021E0B0020138B505460C4608F063
:10FA58004BFC420704D4A37803F0E003402B0DD0FD
:10FA680008F042FC830704D4A37803F0E003202BBA
:10FA780004D0237803F03F03242B01D9002038BD9C
:10FA880009F05CF994F90030A178002B627801F054
:10FA98001F03ACBF4FF01E0C4FF4967C42EA0323C1
:10FAA8000CFB03F31A1AB2F5877FE7D39842E5D81F
:10FAB800054B2846228883F8BC10A3F8BA20BDE875
:10FAC800384003F0F3BE00BF080D002170B52A4C82
:10FAD80084B094F882305BB394F8A830054633B903
:10FAE8000378002B0CBF0123022384F8A83094F874
:10FAF8007030082BDAB22FD0092A14BF012602264B
:10FB08001E4B93F900207F2A34D02846CDE90226DF
:10FB180094F87920019294F88F2000927F221A702D
:10FB280094F8B930164A02F00DFB28B9022E15D107
:10FB38000025284604B070BD687810F0100013D076
:10FB4800A9690220FFF780FF054638B1002384F831
:10FB5800883009F0B9FBECE70326D1E7002502F06D
:10FB68000FF9284604B070BD054602F0C9F82846CA
:10FB780004B070BDFFF76CFB080D00211C000021CC
:10FB88004E0D002110B504468AB0F5F7D5F9184A8C
:10FB98002378107003F00F03072B02D001200AB05E
:10FBA80010BD2046694602F0B7FD00229DF80030DE
:10FBB8000292002BF2D19DF80130DB07EED50D4CF7
:10FBC80001999DF8110004F1890394F89020F3F746
:10FBD80021F90028E2D0012104F1840011F034F960
:10FBE800FF216846FFF772FF0028D7D00320D6E729
:10FBF8001C000021080D002170B5574C05460E4623
:10FC080094F87030012B03D9DAB2032A40F08D80C2
:10FC18002B7B84F898302344AA6893F8BD30626738
:10FC280084F8B9302B68C4F894302B79022B52D160
:10FC38006B7B2BB194F8693013B9616E00297AD1C6
:10FC48002B79012B2AD03BD894F87A30434A0133D8
:10FC580094F84C10A2FB030505F4FF7000EB550067
:10FC68001B1A41FA03F5D8B2ED0715D40133A2FBEC
:10FC7800030525F0010000EB55001B1A41FA03F5B6
:10FC8800D8B2E90708D40133A2FB030222F001002D
:10FC980000EB52029B1AD8B284F87A0094F9580003
:10FCA80009F0FCF931460120FFF7DCF830B1FFF725
:10FCB800D5F92B4BD3F85035032B42D0002070BD1B
:10FCC800023B012BF5D894F9580009F0E7F9042311
:10FCD80084F87030EDE709F0C5F809F0C5FF08F0C1
:10FCE800EBFC204809F002FF1F4809F0F9FE1F4805
:10FCF80009F0DAF994F86C30CBB102200EF0D0FBA1
:10FD08002B79032B05D0304609F006FF2B79032BFE
:10FD18008ED1636FD3B931460120FFF7BFFD0028AC
:10FD2800CCD06B7B002B85D18AE70C2070BD0120DD
:10FD38000EF0B6FBE4E7012294F868000AF02EFD05
:10FD48007EE740F68C213220F0F7FCFE40F6662173
:10FD58003220F0F7F7FE00BF080D0021ABAAAAAACF
:10FD680000800041DC02002155555500D6BE898E21
:10FD78002DE9F04104468AB0F5F7DEF83E4A2378CB
:10FD8800107003F00F03082B04D0012528460AB091
:10FD9800BDE8F0816946204602F054FC9DF8005009
:10FDA800002DF2D19DF8013003F00303032BECD1B1
:10FDB800324E96F84D3083B396F87B8096F87C30B7
:10FDC80073BB00272E4B96F8902001999DF81100DF
:10FDD800F3F720F808B9002FD7D096F87D3096F8B9
:10FDE8004570002B37D1274B9DF812000299012846
:10FDF80022D03A46F3F70EF80028C6D0012122484F
:10FE080011F022F896F87C306BBB21460120FFF7F1
:10FE18006BF9032003F042FFB8E796F87880CDE746
:10FE2800F4F774F90828CCD0A0EB080786F8790015
:10FE3800B7FA87F77F09C5E74A7902F0C002402A76
:10FE4800D7D13A46F2F7E6FF0028D7D102994046C3
:10FE5800F4F78CFAD0E74046F4F7CAFA03460028CC
:10FE6800C1D00127C0E709F0FFFE08F025FC0023F8
:10FE780086F87C30C9E700BF1C000021080D00216E
:10FE8800910D00214E0D00218C0D002107292DE92F
:10FE9800F0410E4686B00446174651D14068002806
:10FEA80008BF002A0CBF0125002500F08980002822
:10FEB80000F0B680637C012B00F09480DFF8A88105
:10FEC80098F8780008285CD00DF10F0104AAF4F71F
:10FED800E1F8002800F0C38004A99DF80F00F8F7A6
:10FEE8008DF80546062E98F84D3065D8002B61D15F
:10FEF8005E4B88F882501B6823B1394620469847E4
:10FF080088F88300636843B1627C88F89020196898
:10FF1800574AC8F889109B889380A068B8F882303F
:10FF280058B1072E09D198F87810082905D023B1BF
:10FF3800F4F7F8F8012388F8813006B0BDE8F081BD
:10FF48004568002D69D0437C012BB7D16B7903F04C
:10FF5800C003402BB2D1DFF8108198F87C30002B19
:10FF6800AED0F4F7D3F84FF00003082860F3070386
:10FF780060F30F23A8F878304FF0010388F8803039
:10FF8800A2D16168607CF8F739F83A4A0546616899
:10FF9800607CF3F74FF90028A4D1A8F8820006B0D6
:10FFA800BDE8F081002F41D16268002A9ED16278B5
:10FFB800D20643D501259BE7082EF3D9002597E7FC
:10FFC800294C012584F8825094F8AB30002BB4D02A
:10FFD800D4F8AC00503011F0DCF90028ADD184F829
:10FFE8008350AAE7437903F0C003402B7FF466AF40
:08FFF800DFF8748098F87C30FA
:020000040101F8
:10000000002B3FF461AF002FAFD198F8B910012950
:10001000ABD1F4F761F888F87C0000283FF454AFC6
:10002000A3E7DFF84C8061E7DFF8448098F84D30B3
:10003000002FC0D098F88220002AC3D06268002A1E
:100040007FF458AF019302F017F8019B20B198F8A4
:100050008250002D7FF450AF0BB11D464CE7F3F7F3
:10006000E7F8054648E740F6FC413220F0F76EFD20
:10007000080D002124020021910D0021800D002196
:100080002DE9F04F354F83B0847C064697F87D808C
:100090008A46012C9346994688F0010833D0002403
:1000A00097F87C502346E5B197F85420032A31D0C5
:1000B0007268FAB197F87850082D21D0284601933C
:1000C000F3F794F8019B002818BF8046CBB197F84E
:1000D0008130002B3AD0F4F727F80023054687F843
:1000E00081308BF800508AF8004089F8008003B016
:1000F000BDE8F08F019301F0BFFF019B0028D9D12B
:100100007BB90025EDE783685B7903F0C003402BE2
:10011000C5D1C5E797F84D20002AC9D097F87B5084
:10012000CAE797F880100029EBD1B0680191F3F786
:10013000D3FF054687F87C000028D2D0F3F7EAFF0A
:100140000828019908D087F87800CAE72846B168DE
:10015000F4F710F90546C4E70D46C2E7080D002183
:1001600008B5F4F7EDFE024B024601201A7008BDF7
:100170001C00002138B51B4C0E2094F8B91008F073
:100180000BFEF1F793FD0546F1F796FD0146284673
:1001900089B20EF0A7FF00B3054609F0C1FC94F840
:1001A000B90010F00C0018BF282009F017FD681DD9
:1001B00094F8B950F3F7CCFF84F87C0048B115F0FF
:1001C0000C0F14BF5525502508F05EFA284609F09B
:1001D00043FD0A2384F8703038BD40F22C61322090
:1001E000F0F7B4FC080D002110B50B4CF4F7A8FE95
:1001F0000A4A94F87C3010701BB909F069F80520A0
:1002000010BD09F035FD08F05BFA002384F87C305E
:1002100009F05EF8052010BD080D00211C0000212A
:1002200010B50C4C94F87C305BB9002301210A4ACC
:10023000A4F8BA3084F870109370BDE8104003F051
:1002400005BD09F015FD08F03BFA002384F87C3069
:10025000EBE700BF080D0021C20D002110B50E4CC8
:1002600094F87C307BB900200C4BD4F8C010A4F873
:10027000BA00987084F87000FEF73AFF0220BDE8DB
:10028000104003F00FBD09F0F3FC08F019FA002349
:1002900084F87C30E7E700BF080D0021C20D002183
:1002A00010B50C4C94F87C305BB9002301210A4A4C
:1002B000A4F8BA3084F870109370BDE8104003F0D1
:1002C000C5BC09F0D5FC08F0FBF9002384F87C30AC
:1002D000EBE700BF080D0021C20D002110B50E4C48
:1002E000F4F72EFE0D4A94F87C3010705BB90023B1
:1002F00001210B4AA4F8BA3084F870109370BDE85D
:10030000104003F0A3BC09F0B3FC08F0D9F90023B6
:1003100084F87C30EBE700BF080D00211C000021B1
:10032000C20D002110B50F4C01F02EFDF4F708FEB0
:100330000D4A94F87C3010705BB9002301210B4A00
:10034000A4F8BA3084F870109370BDE8104003F040
:100350007DBC09F08DFC08F0B3F9002384F87C30F3
:10036000EBE700BF080D00211C000021C20D002199
:1003700010B5114CF4F7E4FD104B0246002104F1D6
:1003800084001A7010F064FD94F87C305BB900238F
:1003900001210B4AA4F8BA3084F870109370BDE8BC
:1003A000104003F053BC09F063FC08F089F9002306
:1003B00084F87C30EBE700BF080D00211C00002111
:1003C000C20D002110B5114CF4F7BAFD104B0246D6
:1003D000002104F184001A7010F03AFD94F87C308A
:1003E0005BB9002301210B4AA4F8BA3084F87010DD
:1003F0009370BDE8104003F029BC09F039FC08F007
:100400005FF9002384F87C30EBE700BF080D002182
:100410001C000021C20D002138B5052003F04AFA66
:1004200048B1114C012094F8B91009F03BFC0D23A0
:1004300084F8703038BD0C4D95F87C305BB90023E2
:1004400001210A4AA5F8BA3085F870109370BDE80A
:10045000384003F0FBBB044609F00AFC08F030F911
:1004600085F87C40EBE700BF080D0021C20D00219C
:100470000320002138B5FEF74BFC032003F01AFAE5
:1004800040B10121084609F00DFC0E4B0B2283F808
:10049000702038BD0B4D95F87C305BB900230121ED
:1004A000094AA5F8BA3085F870109370BDE8384055
:1004B00003F0CCBB044609F0DBFB08F001F985F83A
:1004C0007C40EBE7080D0021C20D002170B5F1F76B
:1004D000EDFB0446F1F7F0FB0146204689B20EF031
:1004E00001FEA8B30E231D4C0546012084F8703090
:1004F00003F0D8FB00210520FEF70AFC062003F0DC
:10050000D9F9064670B194F8B910012009F0CAFB78
:100510002B78226D0121C3F3401382F8CD1084F8AB
:10052000913070BD94F87C305BB9002301210C4AF6
:10053000A4F8BA3084F870109370BDE8704003F0EE
:1005400085BB09F095FB08F0BBF884F87C60ECE70C
:1005500040F2AF613220F0F7F9FA00BF080D002138
:10056000C20D002170B5284C94F8BC305F2B2BD8FD
:100570005A09264B13441D79636F73B1F1F796FB4B
:100580000646F1F799FB0146304689B20EF0AAFD06
:10059000014698B30020FFF785F9D4F8940009F0DC
:1005A000F3FA94F85430022B1CD0032B0ED040F2F7
:1005B00001110022082384F8B950A4F8A91084F886
:1005C000802084F8703070BD0025D5E794F888301D
:1005D000012BECD115F00C0F09D12946002009F0B0
:1005E00061FBE4E794F88830022BE0D1F2E794F85D
:1005F0005930012B14BF29460421EFE74FF4BB61AA
:100600003220F0F7A3FA00BF080D0021E0B002018C
:1006100010B5B0B9A1B11C4B93F870200A2A28D9A3
:1006200093F870200E2A29D893F87010D3F8C420BC
:10063000164B92680B44BDE8104052F8233018471F
:1006400010BD114C94F87C305BB900230121104A95
:10065000A4F8BA3084F870109370BDE8104003F02D
:10066000F5BA09F005FB08F02BF8002384F87C307C
:10067000EBE741F2A8513220F0F768FA41F2A951B4
:100680003220F0F763FA00BF080D0021F5FFFF3FAD
:10069000C20D002170B582B0F1F708FB0446F1F7F6
:1006A0000BFB0146204689B20EF01CFD00283AD013
:1006B0000C231F4E0546002086F8703003F0F2FA36
:1006C000336D0520297893F8CD4004EA511404F0E5
:1006D00001042146FEF71CFB042003F0EBF848B1AF
:1006E0002B78326DC3F3401382F8CD4086F89130F9
:1006F00002B070BD96F87C3063B9002301210D4A29
:10070000A6F8BA3086F87010937002B0BDE8704059
:1007100003F09CBA019009F0ABFA07F0D1FF019801
:1007200086F87C00E9E740F287613220F0F70EFAA4
:10073000080D0021C20D002170B53B4C94F8BC306F
:100740005F2B2FD85A09394B13441D79636F7BB146
:10075000F1F7ACFA0646F1F7AFFA0146304689B236
:100760000EF0C0FC0146002858D00020FFF79AF890
:10077000D4F8940009F008FA94F85430022B2DD0E4
:10078000032B11D094F88830022B13D0012B15D0F5
:10079000DBB30022072384F8B95084F8802084F862
:1007A000703070BD0025D1E794F88830012B19D046
:1007B000022BEDD10023A4F8A930EAE794F8B93070
:1007C0004FF00002A3F10203B3FA83F35B0963F372
:1007D000070263F30F22A4F8A920DAE794F888301F
:1007E000022BD3D115F00C0F08D12946002009F0B7
:1007F00059FA94F88830022BC8D1DBE794F85930C5
:10080000012B14BF29460421F0E701F035FC84F8E0
:10081000A90001F0F9F984F8AA00BAE74FF4BB6126
:100820003220F0F793F900BF080D0021E0B002017B
:10083000B0B582B0F1F73AFA0446F1F73DFA014655
:10084000204689B20EF04EFC00286ED0394C054689
:1008500001F026FA002094F89830234493F8BD70F4
:1008600084F8B97003F026F800283AD094F8703074
:10087000022B2FD1012F20D1E81CF3F769FC84F85B
:100880007C0000283DD194F85430023B012B06D85F
:1008900094F89830234493F8BD10012941D00023E7
:1008A00040F608010522A4F87810C4F8803084F8D6
:1008B000A83084F8702002B0B0BD681DF3F748FC82
:1008C00084F87C000028DED017F00C0F14BF5525EB
:1008D000502517E029460020FEF7C8FA012FCBD09B
:1008E000EBE794F87C309BB900230121124AA4F86D
:1008F000BA3084F87010937002B0BDE8B04003F0D5
:10090000A5B9402507F0C0FE284609F0A5F9BAE7C9
:10091000019009F0ADF907F0D3FE019884F87C004E
:10092000E2E7002009F0BEF9B9E74FF4A1613220F7
:10093000F0F70CF9080D0021C20D002108B5F4F7FD
:10094000FFFA044B187008F0C3FCBDE80840FFF73D
:100950006FBF00BF1C00002110B50D4CF4F7F0FA7A
:100960000C4A94F87C3010702BB908F0B1FCBDE84B
:100970001040FFF75DBF09F07BF907F0A1FE0023EF
:1009800084F87C3008F0A4FCBDE81040FFF750BFAD
:10099000080D00211C00002138B5244C94F8693062
:1009A0000BB9616E39BB94F87030042B3BD8DFE88B
:1009B00003F003031D03120094F87C305BBB002599
:1009C0001B4B0122A4F8BA509D7084F8702003F0EC
:1009D0003DF9284638BD94F8A8509DB92846FEF741
:1009E000B5FF0723284684F8703038BD0025FFF78F
:1009F0001FFF284638BD03F0FF0294F8680009F095
:100A0000D1FED0E701200025FEF7A0FF08232846ED
:100A100084F8703038BD09F02BF907F051FE00233F
:100A200084F87C30CBE70C25E3E700BF080D0021FC
:100A3000C20D00212DE9F041AB4C86B094F857303F
:100A40005BB194F8823005466BB12E78012E11D03F
:100A5000022E00F0AF80002E42D008F039FC0520B5
:100A600006B0BDE8F08194F88330002BF5D02E78E5
:100A7000012EEDD108F02CFC94F8B930022B6B78E4
:100A800000F0C18003F01803182BE8D194F854301B
:100A9000032B00F0BE80954B93F900207F2A00F0D5
:100AA00020817F21029294F8792028461970002134
:100AB000019294F88F200391FF21009294F8B930AD
:100AC0008B4A01F043FB0028C9D0A9690120FEF739
:100AD000BFFF0028C3D00123032084F88830BFE77C
:100AE00008F0F6FB94F85430032BB8D06B7813F071
:100AF000100FC3F3001714BF0822012232EA0303C8
:100B0000ADD1AB688DF815608DF816608DF8176063
:100B1000002B00F090800DF117030DF115020DF17F
:100B200016012846FFF7ACFA9DF8153094F8458079
:100B3000002B40F0A780AB684046AA7C6C49F2F7D6
:100B40006DF978B994F85530023B012B87D89DF8A0
:100B50001630002B83D09DF81530002B7FF47FAF2B
:100B60004FF0FE08614A92F90030002F66D07F2BCB
:100B700000F0B78002937F2094F879300026414638
:100B8000019394F88F30039600931070284694F8E0
:100B9000B930574A01F0DAFA00283FF460AFA9698A
:100BA0000120FEF755FF00283FF459AF032084F8D9
:100BB000886055E708F08CFB94F85430032B3FF421
:100BC0004EAF6B7803F01803182B7FF448AF474AF9
:100BD00092F900307F2B00F084800021029394F87A
:100BE0007930284603917F21019394F88F30009348
:100BF0001170FF2194F8B9303D4A01F0A7FA00289E
:100C00003FF42DAFCBE703F01903192B3FF43EAFB0
:100C100025E76B68002B41D1AB68002B7FF41FAF39
:100C2000AB699B7813F0E0032FD194F87E30002B52
:100C30007FF431AF13E74FF0FF0893E77F2B50D0DD
:100C40007F21117094F87020052A05D094F8702047
:100C5000082A0CBF0326012694F87920284694F828
:100C60008F50414603960095CDE9012394F8B930A1
:100C70001F4A01F06BFA00283FF4F1AE01F044F88E
:100C80000520EDE648F002086CE7402B7FF403AF47
:100C900094F87F30002B7FF4FEAEE0E6154B94F81D
:100CA0005A2003F12E0194F89000F2F7B7F894F867
:100CB0007830082B03D094F87B209A420AD094F81D
:100CC0005630012BA8D0002B7FF4C9AE00283FF48A
:100CD000C6AEA1E794F85630012B9DD0002B9BD0D7
:100CE000BDE6FEF7B9FA00BF080D00211C00002187
:100CF0004E0D0021630D002130B505468BB0F4F791
:100D00001FF94F4B2C7802466946284604F00F0421
:100D10001A7001F005FD072C3CD04A4D00222146F7
:100D20006846FFF7B7F895F8B930013B072B71D843
:100D3000DFE803F00F06700470707004072C24D0F5
:100D4000052408F0C5FA95F87C3083B920460BB02D
:100D500030BD062C02D0F3D8022CF1D821466846CB
:100D6000FEF7D8FA95F87C300446002BEED008F058
:100D70007FFF07F0A5FC0023204685F87C300BB0F0
:100D800030BD9DF80030012BDAD16846FFF752FEE6
:100D90000446D8E79DF80030022B13D0294D012BD3
:100DA00095F8B9203BD0BBB912F00C0F14D09DF8C8
:100DB0000120D10610D522F00302CDE901338DF8D0
:100DC000012009E09DF8013000221E4D23F00303AD
:100DD000CDE901228DF80130002207216846FFF796
:100DE00059F895F8B930013B072B13D801A252F8F6
:100DF00023F000BF8B0D0101830D0101150E0101D0
:100E00008B0D0101150E0101150E0101150E0101D9
:100E10008B0D010141F267313220EFF797FE9DF80B
:100E200001100023022A6FF3410102938DF8011093
:100E3000D2D0CAB2019363F300028DF80120CBE750
:100E40001C000021080D00212DE9F04391B0B64CA3
:100E50000D4606A901F064FC94F8A9303BB19DF859
:100E6000193000226FF3000307928DF8193094F8BF
:100E7000AA303BB19DF8193000226FF3410308926C
:100E80008DF819309DF8180094F8883098420AD0EF
:100E9000012500F079FF94F87C30002B64D12846BE
:100EA00011B0BDE8F083294606A801F05BFB78B9D4
:100EB0009DF819301907EBD50B9B58781A7800F07C
:100EC0000F01000942EA012101F06EFB0028DFD08A
:100ED0002A46072106A8FEF7DDFFB4F88230002B72
:100EE000D6D00023089E8DF815308DF816308DF879
:100EF0001730002E43D00DF117030DF115020DF13F
:100F0000160106A8FFF7BCF89DF8158094F8457007
:100F1000B8F1000F01D047F002079DF816909DF838
:100F200017609DF81850012D39D0022D2BD0002DBF
:100F3000AED194F85430032B2FD09DF819309B0775
:100F400000F19C80FF2794F8833033B1774B1B6806
:100F50001BB10D9808B10F999847394606A8FEF7BE
:100F6000B9FDD0B1032596E708F082FE07F0A8FB93
:100F70000023284684F87C3011B0BDE8F083B146E8
:100F8000B046FF27CDE794F85430032B05D09DF8E9
:100F9000192002F00901092934D001257BE79DF8C9
:100FA000193094F8A91003F00902092A00F0818091
:100FB0000029F2D01A07F0D594F85420032A00F043
:100FC000998013F0020300F0D080B8F1000F40F0D8
:100FD000B780089B9DF82A20554994F84500F1F701
:100FE0001DFF002840F0AC8094F85530023B012BE7
:100FF000D3D8B9F1000FD0D0FE2106A80125FEF705
:101000007FFB48E7022B00F0D58012F0020200F0CF
:101010000D81B8F1000F09D1089B9DF82A204449A1
:1010200094F84500F1F7FAFE0028DDD0414A92F924
:1010300000307F2B00F024817F21117094F8702004
:10104000052A00F0128194F87020082A0CBF0322B0
:101050000122394606A8039294F87920CDE90123AC
:1010600094F88F2094F8B9300092314A01F06EF86C
:10107000002892D0012500F047FE0CE7B8F1000FE0
:101080007FF461AF089B9DF82A20294994F8450018
:10109000F1F7C4FE00287FF456AF94F85530023BB8
:1010A000012B3FF67AAFB9F1000F3FF476AFFE2780
:1010B00049E794F85420032A83D1D9B91E4B94F8F8
:1010C0005A2003F12E0194F89000F1F7A7FE94F84E
:1010D0007830082B04D094F87B209A4200F0C78027
:1010E00094F85630012B05D0002B7FF456AF002822
:1010F0003FF453AF089B7BB1B8F1000F0CD1002E29
:101100003FF44BAF9DF82A20094994F84500F1F7C8
:1011100085FE00283FF441AF08480FF0BBFE0028D1
:101120003FF43BAF0E25B6E6080D0021BC020021BE
:101130004E0D00211C000021630D00218C0D0021AB
:10114000504A92F900307F2B00F09A807F21117075
:1011500094F87020052A67D094F87020082A08BFF8
:101160000325394606A8039576E7464991F90020FC
:101170007F2A00F085807F20087094F87010052980
:1011800005D094F87030082B0CBF0323012394F88A
:10119000791006A8CDE9022394F88F2094F8B9308D
:1011A000CDE90021384AFF2100F0D0FF00283FF4AC
:1011B000F4AE5FE712F002014FD0B8F1000F0DD18D
:1011C000002E3FF411AF089B9DF82A202E4994F879
:1011D0004500F1F723FE00283FF406AF294B93F9B1
:1011E00000507F2D4CD07F2200211A700320FDF784
:1011F0008FFD012394F88F203946039306A894F8B5
:1012000079300092204ACDE9013594F8B93000F0E8
:101210009DFF00283FF4C1AE1C480FF03BFE0028A4
:101220003FF4BBAE0D2536E600259AE7154991F946
:1012300000307F2B24D07F20087094F8701005298F
:1012400005D094F87020082A0CBF0322012294F8DC
:10125000791006A8CDE902329EE70A4B93F90050B7
:101260007F2D0DD07F221A70C0E70022F1E694F89E
:101270005630012B3FF43EAF002B3FF43BAF8CE6E2
:10128000FDF7EAFF1C0000214E0D00218C0D00210E
:1012900010B50446F3F754FE084A2378107003F0A3
:1012A0000F03072B05D120460321BDE81040FFF7AF
:1012B000CBBD00F069FD012010BD00BF1C00002166
:1012C00010B50446F3F73CFE084A2378107003F08B
:1012D0000F03072B05D120460121BDE81040FFF781
:1012E000B3BD00F051FD012010BD00BF1C00002166
:1012F000034B93F83E00003818BF0120704700BF31
:10130000080D0021024B187A003818BF01207047E1
:10131000080D002110B5094C236D53B10222084974
:10132000204662721B886381F5F74EFA002323651D
:1013300010BD40F22B413220EFF708FC080D0021D0
:1013400001F8000138B5234C054694F87030012BA4
:1013500002D094F87030DBBBF0F7A0FC00F068FC22
:1013600094F87C3063BB422200211A480CF0BCFF89
:10137000002340F2071284F8585084F8543084F85F
:101380007A3084F8A830A4F84C20FF2184F8683023
:10139000636684F8691084F86930012040F2012105
:1013A00084F8AB3084F8BD001846C4F8AC3084F83B
:1013B0004430A4F85410A4F84C2084F8573038BDB9
:1013C00008F056FC07F07CF9002384F87C30CAE76B
:1013D0000C2038BD080D00210F4BD3F8C42010B5E8
:1013E000C3F8C00072B100220C46A3F8BA2083F8FB
:1013F000BC2083F8702000F01BFC2046FFF7A2FF02
:1014000028B910BD40F6B3113220EFF79FFB40F62C
:10141000B9113220EFF79AFB080D0021024B034A65
:10142000C3F8C420704700BF080D0021C00200218E
:1014300070B50546F0F73AFC0446F0F73DFC01466E
:10144000204689B20DF04EFE40B1074B01462846BA
:10145000D3F8C430BDE870401B68184740F69621A9
:101460003220EFF773FB00BF080D0021024BD3F8C9
:10147000C4305B68184700BF080D002110B50D4C43
:1014800000F082FC94F87C305BB9002301210A4A09
:10149000A4F8BA3084F870109370BDE8104002F0E0
:1014A000D5BB08F0E5FB07F00BF9002384F87C308E
:1014B000EBE700BF080D0021C20D0021014B83F8AE
:1014C0004C007047080D002110F0010319D00122D3
:1014D000022110B4154C134684F8BD20840706D5AC
:1014E000124A4FF0020C1A440B4682F8BDC00107A5
:1014F00004D50E4A0821134483F8BD10002010BC07
:10150000704782074FF0010106D5084A4FF0020CE0
:101510001A440B4682F8BDC0020704D5034A0821CD
:10152000134483F8BD100020704700BF080D002150
:10153000014B83F857007047080D002138B5124D54
:1015400095F844C0ACF10203012B98BF00280CBFF2
:101550000124002408D01CF0FD0FBDE8384014BF62
:1015600001200020F1F784BC11F0FD0F114614BFDB
:1015700001200020F2F700FC082801D0204638BDE9
:1015800095F844C0E7E700BF080D0021044B93F82D
:10159000443013F0FD0F14BF01200020F1F768BCA8
:1015A000080D0021014B83F844007047080D00210D
:1015B00038B5234C94F8443004F1460113F0FD0F84
:1015C00014BF0120002084F84500F1F70BFC94F8CB
:1015D0004430023BDBB2012B94BF0123002384F88B
:1015E0007D3000D938BDF2F7C1FB054609F0D8F8C7
:1015F0006B01EA0E5B1B62F10002520242EAD35217
:101600005B025B1942F1000C9A014FEA8C1ED21A60
:101610004EEA936E6EEB0C0C53194CF100021B1842
:101620004FF0000042EB0101C4E92831F2F740FE1F
:101630000028D7D140F654313220EFF787FA00BFA7
:10164000080D002100284FF008030CBF4FF0010CDB
:101650004FF0000C10B50A4C84F8560084F84DC0C9
:1016600084F87B3009D111F0FD0F114614BF012021
:101670000020F2F781FB84F87B00002010BD00BF42
:10168000080D002108B5A9B10D4B83F85A00D1F817
:1016900000C01A6DC3F85BC093F845008988A3F8B1
:1016A0005F105072D3F84610C2F80A10B3F84A30EF
:1016B000D38108BD40F673313220EFF747FA00BFFF
:1016C000080D0021044B032883F854004FF000005C
:1016D00008BF1965704700BF080D00210246024B84
:1016E000002083F87E207047080D00210246024B3F
:1016F000002083F87F207047080D00210D4A92F8E2
:101700005430032B0ED0013B012B01D90020704730
:1017100092F8550000F0FD00A0F10100B0FA80F051
:101720004009704792F85600A0F10100B0FA80F02D
:1017300040097047080D0021014B93F85400704791
:10174000080D002110B5104C94F869300BB9616E8A
:1017500091B994F87C303BB900200C4BA4F8BA0046
:1017600084F87000987010BD08F082FA06F0A8FFA7
:10177000002384F87C30EFE703F0FF0294F8680060
:1017800009F010F8E5E700BF080D0021C20D0021A7
:10179000024808B50FF087FB002008BD8C0D002122
:1017A0000A4B93F85420032A0AD000208446A3F859
:1017B000400002220649074883F83FC0F5F704B805
:1017C0001A6D4FF0010C1088F1E700BF080D0021E1
:1017D000B1F700013E0D002110B50178024611F06D
:1017E000010C3DD040784FF0020E234B032883F8C4
:1017F00054004FF0010008BF002483F8BD0008BF6B
:101800001C658C070CD592F802C0BCF1030F2FD0D9
:10181000184483F854C0F4464FF0020E80F8BDE03F
:10182000490708D5D17803291FD09C44082083F8A4
:1018300054108CF8BD001179002083F844105179C0
:1018400011F0FD0F83F855100CBF0121014683F8FC
:101850004D10917983F84C10D27983F8572010BD40
:101860004FF0010E6046044BCBE700201865DCE723
:1018700000241C65CCE700BF080D0021004870471C
:10188000C00D002110B50F4C94F87030032B13D10C
:10189000023801280BD839B900230B4AA4F8BA3012
:1018A00084F87030937010BD00F06EFAF4E740F6E3
:1018B0002F413220EFF74AF940F621413220EFF76D
:1018C00045F900BF080D0021C20D00210A4B5A6ED8
:1018D0007AB1FF22002083F869205866012293F82C
:1018E00068C0064902FA0CF283F86900C1F80825BD
:1018F00070470C20704700BF080D002100F0004128
:10190000034B93F8AB00003818BF0120704700BFAD
:10191000080D0021012A2DE9F04F8DB005460C4637
:1019200008BFA0F10905F0F7C1F907460DF045FC25
:101930000646002800F04081014601AA38460DF015
:101940004AFC8046F0F7B8F980B2404540F02F815C
:1019500002A9019800F0E4FE30460DF042FC8542F9
:1019600040F02081D5F81A3004F10308D5F81210A0
:10197000D5F81620D5F81E00C4F80B30D5F82A305B
:10198000C4F80310C4F80720D5F82210D5F8262093
:10199000C4F81B302B7FC4F81310D906C4F80F000D
:1019A000C4F817201AD55A0740F1E0800023E372EB
:1019B0000423237006F074FC814680BB38460DF08A
:1019C00012FC002800F00981002138460DF02FFBA1
:1019D000864B00225A700DB0BDE8F08F834E3378ED
:1019E000002B40F08F8095F82D30242B40F288801A
:1019F00000234FF00109E372637B03F06002202AA9
:101A000000F0A980002333700423237006F048FC03
:101A100028B9B9F1000FD1D10DB0BDE8F08F23780E
:101A2000042B40F0CE8094F80DA01AF0100F00F0B7
:101A3000D0806E4ED4F80300D8F80410351DD8F8C5
:101A40000820D8F80C3094F80BB00FC5D8F8100067
:101A5000D8F81410D8F8182007C55A4604F11F0109
:101A600006F120000CF0CAFB1AF004001DD0F37D33
:101A7000FE2B1AD12373B38BB069A4F81130737B9A
:101A8000D6F80620E3741123C4F80D0023703379CF
:101A9000C4F80620E370012323717379637173899D
:101AA0006381B9F1000FB7D088E733790BF10A02EF
:101AB000717BE37002FB03F3032284F80CB0023362
:101AC000227063704A4B9B88638173796371D6F887
:101AD0000630C4F8063004EB0B0359731AF0080102
:101AE0002ED004232371BBF11F0F6ED85A464149F3
:101AF00004F10D000CF082FBB9F1000F8CD05DE712
:101B0000012333709DF80830022B3FF471AF7378D6
:101B1000E52204F11F010198F4F79AF87378E07256
:101B2000184470700198F4F789F87378834234D0C0
:101B3000637B01224FF0000962F3461363735BE796
:101B40000AF00303032B21D0E8B9022B28D0002B85
:101B500048D12271C7E73278012A19D0022A0FD062
:101B6000002A7FF451AF012333704DE79DF81850E0
:101B700004F11F0005992A460CF040FBE57217E7B7
:101B80000323337040E701232371ACE72171AAE7F7
:101B90009B07F5D50223337036E74FF001092BE799
:101BA0002371A0E740F2DF113320EEF7CFFF4FF4AF
:101BB000EA713320EEF7CAFF4FF4E5713320EEF7F8
:101BC000C5FF50213320EEF7C1FFA1213320EEF7EE
:101BD000BDFF51213320EEF7B9FF40F21D21332024
:101BE000EEF7B4FF9E213320EEF7B0FFD00D0021B9
:101BF000D60D0021F00D00210122FFF78BBE00BFA2
:101C00000022FFF787BE00BF00B583B0F0F74EF8A3
:101C10000DF1020201A90DF0FAFA01980DF0E1FAB6
:101C200090F82500FF3818BF012003B05DF804FBD1
:101C300000B583B0F0F73AF80DF1020201A90DF0FA
:101C4000E6FA01980DF0CDFA0023FF214FF0010CC8
:101C5000C0F81A304FF07F0EC0F81230C0F81E30B6
:101C6000C0F8223080F82010C17480F82510017F60
:101C70000A4A6CF34611C0F82A30C0F8163080F8D2
:101C80002CE0C0F826301364A2F84430137082F8B8
:101C90004630017703B05DF804FB00BFD00D002192
:101CA00000B583B0F0F702F80DF1020201A90DF0C2
:101CB000AEFA01980DF095FA00237F21FF22C0F8BB
:101CC0001A304FF0010CC0F82A3080F82C10017F38
:101CD000C0F812306CF34611C0F81E30C0F8223044
:101CE00080F82020C27480F82520064AC0F81630FB
:101CF000C0F8263001771364A2F8443003B05DF8D1
:101D000004FB00BFD00D002170B582B0EFF7CEFF0D
:101D100004460DF1020201A90DF079FA01980DF0C7
:101D200060FAC67FEEB9054620460DF0A3F90128FA
:101D300015D0EFF7C1FF012281B220460DF0FDF969
:101D4000C8B120460DF096F980B106220C4928460C
:101D50002E72F4F739FD0B4B0022A3F8442002B099
:101D600070BD20460DF086F90028F4D140F2E22142
:101D70003320EEF7EBFE40F2DE213320EEF7E6FEF5
:101D8000011C0101D00D0021F0B583B0EFF78EFFEB
:101D90000DF1020201A90DF03AFA01980DF021FAB5
:101DA000C37FD3B1124D2C6C94B1237F022295F8DE
:101DB000467062F346132377002606220D4920461B
:101DC0002672F4F701FD57B900232B6485F84630DD
:101DD00003B0BDE8F040FFF797BF03B0F0BD0622A7
:101DE000054904F109006674F4F7EEFCECE700BF66
:101DF000D00D0021011C0101F91B01012DE9F04F5B
:101E000083B00D4690461F4606469DF830909DF8DB
:101E100034A09DF938B0EFF749FF04460DF02AF9D8
:101E2000012822D020460DF1020201A90DF0EFF9A0
:101E300001980DF0D6F900230446C0F81230C0F81E
:101E40001630C0F81A30C0F81E30C0F82230C0F882
:101E50002630C0F82A3001238374062D7CD8DFE8B1
:101E600005F00746597B7B7B5E0003B0BDE8F08F31
:101E7000037F23F0130343F013030377B9F1080F33
:101E800004F114023ED0484604F11301F2F706F9BA
:101E900000286BD0E37C43F00203E3740123227F2C
:101EA00084F81BB0E38352074FF0FF0384F820301F
:101EB0003CD484F825307F2384F82DA084F82C307E
:101EC000EFF7F4FE0546EFF7F7FE0146012228463C
:101ED00089B20DF032F9002843D0002306222549AB
:101EE0002046237203B0BDE8F04FF4F76DBC037FCA
:101EF000B9F1080F04F1140223F0150343F01503A0
:101F00000377C0D1737CE3747368196861619B883F
:101F10009380C3E7037F43F010030377AEE7037FAB
:101F200023F0120343F012030377A7E7BB1E04F16B
:101F30002602012B08D9B3681968C4F826109B88BB
:101F4000938084F82570B6E7D8F80030C4F82630BE
:101F5000B8F804309380F4E74FF44E713320EEF775
:101F6000F5FD4FF456713320EEF7F0FDEE213320EE
:101F7000EEF7ECFD011C01012DE9F04383B00E46A4
:101F800015461F4681469DF92880EFF78FFE0446CF
:101F90000DF070F8012860D00DF10202204601A971
:101FA0000DF035F901980DF01CF900220123082EDF
:101FB000C0F812200446C0F81620C0F81A20C0F855
:101FC0001E20C0F82220C0F82620C0F82A2000F1E8
:101FD0001402837437D0304604F11301F2F75EF82F
:101FE000002842D0E37C43F00203E374227F45F0F3
:101FF0001A05012684F82D7022F01B0305F01B053D
:10200000FF2284F81B801D437F2384F8202084F85E
:102010002520257784F82C30E683EFF747FE054628
:10202000EFF74AFE01463246284689B20DF085F8A0
:10203000B0B1002306220F492046237203B0BDE849
:10204000F043F4F7C1BB99F81130C374D9F80430E8
:10205000196841619B889380C8E703B0BDE8F083AD
:1020600040F285313320EEF771FDEE213320EEF79B
:102070006DFD00BF011C010100B583B0EFF716FE36
:102080000DF1020201A90DF0C2F801980DF0A9F8B6
:10209000C07CFF3818BF012003B05DF804FB00BF0F
:1020A00010B582B09DF814409DF810C074B9022A92
:1020B00009D0012A25D032B91CF00C0004D0487890
:1020C000C0F3001000E0012002B010BD012C06D0CA
:1020D000022C0CBF184643F0010002B010BDB2B98B
:1020E000EBB1EFF7E3FD0DF1020201A90DF08FF85E
:1020F00001980DF076F890F82500FF3818BF012000
:10210000E2E753B9BCF1020018BF0120DCE7012A65
:1021100014D0901E18BF0120D6E71846D4E7EFF779
:10212000C5FD0DF1020201A90DF071F801980DF045
:1021300058F8C07CFF3818BF0120C5E7007BA0F12C
:102140000200B0FA80F04009BEE700BF2DE9F04F71
:102150008BB01F46054690F800B09DF850309DF8B2
:102160005C6003939DF854309DF958A00591079247
:102170000693EFF79BFD002E40F03E810DF1220803
:102180000DF12409424649460DF041F809980DF039
:1021900028F80123044680F81BA083747B1E072BBC
:1021A00000F2CC81DFE813F008000800CA016901E1
:1021B000CA01CA01CA0169013B46A377039B84F89F
:1021C0002D306B6953B3EFF771FD424649460DF070
:1021D0001EF809980DF005F841F2FF032A88134014
:1021E0001CD0002304936B695A78C2F3031284F85D
:1021F00020205A781B7802F00F0243EA0223A4F849
:102200002130012E95F800A00BD1BAF1000F08D1B2
:10221000EB6933B15B88A4F8233002E0049395F8AE
:1022200000A0AAF10102237FB2FA82F2520962F3FE
:102230000003BAFA8AF2C3F340015209BAF1020F5D
:1022400008BF41F0010161F3410302EA530262F366
:10225000C3032377AB68ABB1022E13D0EFF726FD93
:10226000424649460CF0D3FF09980CF0BAFF52469B
:1022700012300123294601960097FFF711FF00282D
:1022800000F0F680A6F10102BBF1000FAB69B2FAD3
:1022900082F24FEA521208BF0022002A4FD1002BCF
:1022A0004DD09A78597802F01F0351EA0323237F17
:1022B0000CBF0222012262F3461323772EB917F0D6
:1022C0000C0F02D06B78DB0605D42B6A1BB193F997
:1022D000003084F82C306B689BB1EFF7E7FC424686
:1022E00049460CF094FF09980CF07BFF0023123054
:1022F0005A462946CDE90076FFF7D2FE002800F0C5
:10230000FF80AB68ABB1022E1ED0EFF7CFFC424688
:1023100049460CF07CFF09980CF063FF5A461230D6
:102320000123294600970196FFF7BAFE002800F026
:10233000C2804EB9012528460BB0BDE8F08F237F3F
:102340006FF346132377B9E7834D2E6C76B195F87A
:1023500046A000270622814930463772F4F734FA46
:10236000BAF1000F40F0BC8000232B64EFF79EFC15
:10237000237F064603F06003202B70D00025062241
:10238000764920462572F4F71FFA049BE52B00F2EC
:10239000AF80EFF791FC012281B230460CF0CDFE08
:1023A0000546002800F0CF804246494630460CF0F2
:1023B0002EFF09980CF015FFD4F81210D4F816204F
:1023C000D4F81A30D4F81E60C0F81210C0F81620E5
:1023D000C0F81A30C0F81E60D4F82210D4F82620B5
:1023E000D4F82A30C0F82210C0F82620C0F82A30CD
:1023F00028460BB0BDE8F08F04460CF03BFE0128E8
:1024000069D02B78022B1CD1002304930DF12208F4
:102410000DF124092046424649460CF0F8FE099881
:102420000CF0DFFE0123044680F81BA083747B1EA2
:10243000072B00F28380DFE803F02222813C8181B8
:10244000813C2B7C40F27261434A18460493B2F8F7
:10245000443003448B423EDCA2F84430D6E7049B70
:102460002C64E52B94BF0023012385F8463090E7C8
:10247000237F43F00403237704E703239DE63B46D1
:10248000E377039B84F82D306B69002B3FF4B9AEE2
:10249000EFF70CFC424649460CF0B9FE09980CF0E7
:1024A000A0FE032E7FF49FAE037F19077FF59BAE3E
:1024B000B5E60323E4E7059B04F12602023B012B6A
:1024C0002DD9AB681968C4F826109B889380059BAA
:1024D00084F825302DE7002528460BB0BDE8F08FA5
:1024E000062206F109001E497774F4F76DF93BE7FF
:1024F00006221B4904F109006574F4F765F948E701
:10250000069804F11402082810D004F11301F1F721
:10251000C5FDE8B1E37C43F00203E374F1E60799FB
:102520000B68C4F826308B889380D0E76B7CE3740B
:102530006B68196861619B889380E2E64FF42271B1
:102540000620EEF703FB40F236213320EEF7FEFAC9
:10255000EE213320EEF7FAFAD00D0021011C010123
:10256000F91B010130B583B00C460546EFF79EFB21
:102570000DF1020201A90CF04AFE01980CF031FEA7
:1025800044B941F2FF022B881A420CBF01200020FF
:1025900003B030BD032C04D1007FC0F3C00003B0F2
:1025A00030BD002003B030BD30B583B00D460446C9
:1025B000EFF77CFB0DF1020201A90CF028FE019857
:1025C0000CF00FFE90F82030A34202D0002003B0A0
:1025D00030BDB0F82100401BB0FA80F0400903B0D4
:1025E00030BD00BF70B50C4616460546F3F72EF910
:1025F000034628466374F3F735F9A074062E13D802
:10260000DFE806F00419041204120400002301217B
:10261000EA1C6170C4E901236B78063BDBB22374CA
:102620003BB10935E56070BD002363702374C4E9D4
:102630000133E36070BD032100236A18093561701E
:102640002374E360C4E9012570BD00BF70B50C467A
:10265000C17811F03F015CD00546F3F7F7F8034667
:1026600028466374F3F7FEF8A0742B796370E8785A
:10267000830923702B7913F0010641D14FF0050C2B
:102680004FF00B0E624613F00201666002D005EBBC
:102690000C017246A160590701D50132D2B213F084
:1026A000080102D0961CA918F2B2616113F0100162
:1026B00002D0D61CA918F2B2A16113F0200103D0F8
:1026C00002F11206A918F2B213F04003E16102D040
:1026D000AB180132D2B200F03F002362011D891A0B
:1026E00011F0FF0114BFAB180B4663626B78013B1E
:1026F0001B1ADBB2237453B10A441544E56070BD64
:102700004FF00B0C6E1D4FF0110E6246BBE7E360FD
:1027100070BD20462822BDE870400BF0E5BD00BF2B
:1027200070B5067806F00F06072E26D00C46054633
:10273000F3F78CF8034628466374F3F793F8A07414
:10274000062E13D8DFE806F0041D0412041204005C
:1027500000230121EA1C6170C4E901236B78063B68
:10276000DBB223743BB10935E56070BD00236370B3
:102770002374C4E90133E36070BDBDE87040FFF726
:1027800065BF032100236A18093561702374E36073
:10279000C4E9012570BD00BF70B582B00BF0F6FE34
:1027A000A8B1CE25C4260DF1060007F093FE0DF169
:1027B00007009DF9064007F093FE9DF807002043AF
:1027C00040B200280CBF3046284602B070BD0BF066
:1027D00039FE00280BBFB625C525AC26BB26E2E78F
:1027E00070B582B00BF0D2FEB8B14FF4A3754FF4C0
:1027F0009E760DF1060007F06DFE0DF107009DF9C4
:10280000064007F06DFE9DF80700204340B2002807
:102810000CBF3046284602B070BD0BF013FE0028F6
:1028200040F23D1540F2331604BF4FF497754FF454
:102830009276DEE710B50446FEF77EFF012822D02F
:10284000082C15D0042C2CD0022C40F2DC430ABFFB
:10285000182028204FF4437314F00C0F31D1022CB0
:102860000CBF4FF482624FF402621044184410BD52
:1028700041F64C73082C4FF4C87003F1500318D183
:102880004FF48242F1E7082C18D0042C06D0022C19
:1028900040F6480008BF4FF4856010BD41F2BE10FD
:1028A00010BD40F6E823082C4FF4BF7003F150032D
:1028B000E6D0042CD3D14FF48252D6E744F29020D4
:1028C00010BD5033F5E700BFF8B5444C07F068FF82
:1028D00005460E462378042B08D16368A269216D52
:1028E00003EB8303521AB2EB430F4ED3FFF778FF8B
:1028F0004FF0000C94F82FE06146634602330CF170
:10290000010C54F823205FFA8CF302449E451144D5
:10291000F4D263688B422DD0012738460AF056FE68
:102920007C2825D9431C27D0D4E90E3219188A42B5
:1029300098BFD01A236B626B5B1B62EB0606012B00
:1029400076F1000236DB00229842B24134DA41F2DD
:102950008836864228BF0646C5F1CD0507F020FF20
:102960000544B54204D8394630460AF07DFE50B3DE
:102970000020F8BD0227D0E7D4E90E30C61A41F294
:1029800088339E4228BF1E46E6E7FFF729FF002254
:1029900094F82F70114613460233013254F8233055
:1029A00003441944D3B29F42F6D263688B42E1D10B
:1029B0000327B2E70026CFE741F28830834228BFE1
:1029C00003461E46C8E7206CA36B304433442064A2
:1029D000A363BDE8F8400AF09FBD00BF180E0021B8
:1029E00010B5284C2378002B3DD094F82C3003BB35
:1029F0002378052B2BD0244801F040FEA37813B197
:102A000094F82C3063B3FEF761FF002384F82C3078
:102A10002278A370042AA36216D000232370FEF745
:102A20002DFF0446007809F035FF08B320232370FA
:102A300010BD2378052B20D1236F002BDBD004F1B0
:102A4000500001F0C5FED9E7FFF79EF9E5E7236FD7
:102A5000002BD0D1A06A00F5367001F00FFECAE756
:102A6000FEF79EFECFE74FF4B8712120EEF76EF827
:102A700040F286312120EEF769F840F24D21212005
:102A8000EEF764F8180E0021680E002110B51C4CFA
:102A90002378042B07D16368226D03EB8303801A2C
:102AA000B0EB430F16D3FFF79BFE002194F82FE005
:102AB0008C460B460233013154F82320CBB202443A
:102AC00073459444F6D96368634501D0012010BD75
:102AD000022010BDFFF784FE002194F82FE08C4601
:102AE0000B460233013154F82320CBB202449E45F9
:102AF0009444F6D263686345EAD1032010BD00BF59
:102B0000180E00212DE9F04FB34C93B09046994632
:102B100002910646FEF7B2FE059007F041FEA76857
:102B200006910390FFF75CFE002294F82F101546E3
:102B300013460233013254F8233003441D44D3B208
:102B40009942F6D2D4F804B0AB4526D1B8F1000FC3
:102B500023D02378002B40F09280029B002B40F082
:102B6000638394F82E30059A13445879082800F0AE
:102B7000A781042800F03A83022800F03F83431E17
:102B8000072B00F2FF82DFE813F02A03FD02FD02AB
:102B90000B03FD02FD02FD020B03029B002B76D10D
:102BA000B8F1000F40F0D380DDF80CA0D4E9142375
:102BB000AAEB0208B8FBFBF80BFB08F818EB0208BD
:102BC00043F10003CDF81C80AAEB08080893FEF738
:102BD00055FE8146FFF7E0FD0746FFF701FE94F83A
:102BE0002F20014607F59377BFB2B8446768B84510
:102BF0002CBFA8EB07074746002A00F0EB82A3682A
:102C00000344BB4200F21782FF1A4FF0010A012A67
:102C100013D0E3680B449F4204D30AF1010AFF1A60
:102C20005FFA8AFA022A08D023690B449F4204D330
:102C30000AF1010AFF1A5FFA8AFA5346D1449A1C34
:102C400099F8050054F822C00828CDF810C000F00B
:102C5000FF81042800F09182022800F0CA8200F16E
:102C6000FF3CBCF1070F00F28D82DFE81CF0B502DB
:102C70008B028B0290028B028B028B029002B4F9C2
:102C80007430002B3FF469AF029B002B5FD0089398
:102C900000230493039B13F5FA68069B43F1000A93
:102CA00001F0BCFD01F038FD22780346052A00F052
:102CB000218219464948079301F0FEFC079BBBB1EE
:102CC0001A68986859688018B3F92430626841F12D
:102CD0000001A4F874300792CDE9008A01F050FD9C
:102CE000079A904200F2AA8210EB08084AF1000A03
:102CF00001F09AFD6368B8EB030323656AF10003F2
:102D00006365B9F1000F5ED042F21073414652463E
:102D1000E9FB03120023C4E90C12012205981844B0
:102D2000407908284CD0042800F05381022800F094
:102D30007D81411E072900F22582DFE811F0410163
:102D40002302230251002302230223025100D4E96B
:102D5000143203994FF00009A1EB03081BEB0303A6
:102D6000B8FBFBF80BFB08F842F1000A18EB03086C
:102D70004AF1000AFFF710FD039900F59373A8EBE1
:102D800001029BB29A4280F0F080206D4B46226A8D
:102D90006168121ACDF81090B2FBF1F201FB020249
:102DA00005981844A8EB020211EB080840794AF193
:102DB000000A0828B2FBF1F24FF001010891B2D1EC
:102DC0004FF4D26913E04FF0FF306FF000414B46F3
:102DD0000122C4E90C01A1E7180E0021680E0021B0
:102DE0004FF0A009022800F0238109F12809079378
:102DF00009F1D009059207F0EBF94AF2A131059AE1
:102E00000144BA48A0FB013109EB9119216BB1EBE8
:102E10000800616B61EB0A01012871F10003079B57
:102E2000C0F2D5804FF0000C87427CEB010100DB43
:102E30000746023354F823309F4228BF1F46E763FA
:102E40001AB1089B002B40F0C980029B0BB1C4E96A
:102E5000068AAB454FF0010514BFE36B4B46C4E94E
:102E6000088AA363F572FFF797FC5146308140460C
:102E7000FFF70CFEB072A36B7360049B002B00F095
:102E8000A280039A3570236B616B9B1A069A61EBE3
:102E90000201AB4271F10002C0F29E80944A002010
:102EA0009A4270EB010100DA1346A3EB0903336188
:102EB000E06B484534BF0020012013B0BDE8F08F1F
:102EC0004FF4D26807F084F96FF00043D4E90C1294
:102ED0009A4208BFB1F1FF3F00F0B0804AF2A1333F
:102EE000824A08F1D0084FF0000A03444FF001096C
:102EF0008DF830A0A2FB032308EB9318CDF83480A3
:102F0000FFF74AFC8DF83B90ADF83800FFF744FC22
:102F100000F59373039A0CA89BB29B181093069B21
:102F200043F10003119302238DF83A3009F0E4FCD9
:102F3000002800F09281226B109B1199D31A626BCA
:102F400062EB0101B3EB080361F10003002B80F297
:102F500060815746CDF820A0DDF80C80DDF818A080
:102F60003B463A46CDF81090D8E6E26B4FF0010AA6
:102F70008DF830900D92CDF81090FFF70DFC226A7D
:102F8000ADF83800206D6168121A8DF83BA0B2FBD5
:102F9000F1F201FB02F2616D101841F10001109095
:102FA0001191FFF773FD61688DF83A000CA8CDF818
:102FB00020A0F1F77BFE049B0246DDE9108AADE616
:102FC0004FF4A8790EE73370C6E9048A70E700274A
:102FD0002FE740F2BE290AE7002366E75200B4F962
:102FE000740091B2F3F72AFFB4F87430A26A1B1A86
:102FF0001BB2A4F8743062B1A2F8FC32D2F8D83215
:103000001B18C2F8D832D2F8DC3243EBE073C2F8B6
:10301000DC32C217236D18EB000842EB0A0A1818BD
:10302000636D206542EB030262650EE74FF04809CD
:1030300009F11809DBE64FF0000AE8E50023012258
:10304000DDF80C8004921A46DDF818A0089365E6B6
:103050004FF4D2690991CDE90A3207F0B9F84AF282
:10306000A13C0B9A84442148A0FB0C3C07F1D00002
:10307000049B814409EB9C194B45DDE9091322D3DC
:1030800054F82220D71B002FC0F2D380079A206D5E
:1030900018EB0208089A42F1000AA269111A626844
:1030A000B1FBF2F102FB01F109182165A8EB010166
:1030B000B1FBF2F2616D41F10001616501210891FE
:1030C000002104912AE694F82F00504549D96268FE
:1030D0000AF1010390455FFA83F980F0B4804B4612
:1030E0009A1C54F8227001EB0708CCE7D34D62100C
:1030F0000040420FA26A00210790D2F8E00201F0DE
:1031000017FB079B0146834251D0A06A0A9300F542
:103110003670099101F0D0FA00222267A26ADDE937
:1031200009130792002A00F09380099100296AD0C0
:103130000A9301F07FFBDDE90913002800F092807B
:1031400088680A68DDF81CC012184868CCF8D822D4
:1031500040F10002CCF8DC22B1F92420ACF8FC22CA
:10316000A7E56168884531D3B8EB410F4FEA4100CC
:103170007DD254F82270804685E74FF4A07909F596
:10318000BF7967E740F211110520EDF7DFFC042855
:103190004FF0A009F3D002282DD009F1280959E7F2
:1031A00004284FF0A0081CD108F5BF788AE6D4F8AF
:1031B00028C0A26DDCF8E002CDF81CC0824238BF06
:1031C0000246A2650CF536722267AEE754F822700B
:1031D000884658E7924630E54FF4A879DBE74FF48C
:1031E000A87802280CD008F128086BE64FF4A078E4
:1031F000DAE74FF0480909F118092BE74FF04808C2
:1032000008F118085EE600200021079AC2E9B6011D
:103210004FE55246CDF820A0DDF80C80DDF818A06F
:103220001346CDF8109079E5002308930123049309
:1032300030E540F2DE412120EDF788FC40F2EA3132
:103240002120EDF783FC4FF497612120EDF77EFC00
:1032500040F28B712120EDF779FC4FF4A36121201E
:10326000EDF774FC40F291712120EDF76FFC40F214
:10327000D5412120EDF76AFC2DE9F04F8A4689B04F
:10328000FEF7FCFA0446BAF1080F00F2C480DFE84A
:103290000AF05590050523C22850BD000478FEF7BA
:1032A000EDFA0379C27803F01F0352EA032340F0DA
:1032B000A8800023012202A81946FFF723FC00285A
:1032C00000F0998002A9204609F04CFC002800F08B
:1032D000D88009B0BDE8F08F09B0BDE8F04F06F026
:1032E0005FBD0379C27803F01F0352EA03237CD049
:1032F000437813F00C0F17D0644C94F844309BB90A
:10330000012144F2365084F844100AF0ADF958B95E
:10331000206C44F23652A36B104413442064A36320
:103320000AF0FAF80028D4D109B0BDE8F04FFEF752
:10333000A5B809B0BDE8F04FFFF752BB534D0123CC
:103340006F782B75002FC4D1007809F0BFFA2B6D70
:1033500095F82F608046A0EB0309D5F804B0E96129
:103360000497A861002E5BD1DE46CA4685F82E6020
:103370008DF814602379E27803F01F0352EA0323E7
:1033800070D0AA6C032302928DF80C3002A88DF83D
:103390001570FEF74DF800286ED1A86BC038286470
:1033A0000AF0BAF8002894D140F2C7112120EDF7B5
:1033B000CDFB364C637863B1FEF7C4F9237D002B57
:1033C00087D006F01FF809F09FF800232375637576
:1033D0007FE701236375FEF749F800283FF479AFD2
:1033E0004FF4EB712120EDF7B1FBFFF76DFA0028E8
:1033F0007FF46FAF98E7254B01229A70FFF7F0FA40
:1034000067E701210320FEF73DFA52E740F205216C
:103410002120EDF79BFB40F209212120EDF796FBDF
:10342000FFF7DEF92B6DD5F804E05646A8EB030A4A
:1034300095F82FC03A460197BAFBFEF10EFB013119
:103440003B46A8EB0108023355F8233003444345BB
:1034500003D80136A8EB0308F6B20132D3B29C457B
:10346000F1D283E7D94538BF0123D6458DF80C301A
:103470008CBF0027012789E740F2C3112120EDF717
:1034800065FB40F2CF712120EDF760FB180E0021A3
:1034900070B5434CFEF7F2F905462378042B02D0B1
:1034A0002378052B45D10122237D627003F0FF06AE
:1034B000002B41D0EFF3108672B6237D13B1637DEC
:1034C000002B48D106B962B628780AF0FFF994F8C3
:1034D0002C3023BB2378052B4FD0324801F0CEF897
:1034E000002594F82C30AB4265700CBF2E460C269C
:1034F000FEF7ECF984F82C502378A570042BA56214
:1035000038D000232370FEF7B9F90446007809F09B
:10351000C1F900283AD020233046237070BD2378AB
:10352000052B38D1236F002BD7D01E4801F050F95E
:10353000D6E70C26304670BD287809F07FFD2B7940
:10354000EA7803F01F0352EA0323BDD0314603207B
:10355000FEF798F9B8E7FEF7F5F8237D002BB1D018
:1035600005F050FF08F0D0FF002323756375002E8F
:10357000AAD1A8E7FEF708FCC3E7236F002BACD164
:10358000A06A00F5367001F079F8A6E740F28631BE
:103590002120EDF7DBFA40F24D212120EDF7D6FA9C
:1035A000180E0021680E002170B5114C2378BBB9AC
:1035B00000222378A4F8742003F0FF069BB942F29E
:1035C000107540F2712384F82F6065602566A4F8B9
:1035D0006430FFF705F903463046ED1AA56070BD6B
:1035E000FFF756FFE4E74FF444712120EDF7AEFA00
:1035F000180E002110B50F4C7822002120460AF049
:1036000073FEFEF73BF9002241F669032021A26711
:10361000A26F01709A4203D8FFF7C6FF28B910BD08
:1036200040F6CD012120EDF791FA40F2272121202B
:10363000EDF78CFA180E00212DE9F0412E4F86B0DF
:103640003B78002B3FD104460D46FEF717F906469E
:1036500094F80033BC6203F0FF04002B47D105232C
:103660007C7087F82E403B70A7F8744087F82C4098
:10367000FFF7B6F897F82F80A64621462246023279
:103680000EF1010E57F822305FFA8EF200EB030CB8
:1036900090456144F3D2B9650021184809F0D0F88B
:1036A000202830701ED02B46002201216846FFF7EB
:1036B00029FA90B16946307809F054FA40B12046B1
:1036C00006B0BDE8F0810C24204606B0BDE8F081CC
:1036D00040F202312120EDF739FA40F20131212088
:1036E000EDF734FA40F2FE212120EDF72FFA4FF4E6
:1036F0003C712120EDF72AFA180E002179320101E0
:1037000030B5364D85B02A78002A62D102F0FF0329
:10371000027812F001040393CDE901333FD112F096
:10372000020F4FF001034FF0020EA446214642D093
:1037300004A95207744601EB8C0C01694CF80C1C6F
:10374000C1683BD4013BDBB240F2712285F82F30D7
:1037500069602966A5F86420FFF742F814F00103B8
:1037600002D0019A121AAA60A1070AD504AA991CCC
:1037700002EB8302013352F80C2CDBB2121A45F82B
:103780002120220708D504AA02EB8302023352F853
:103790000C2C101A45F82300002005B030BDD0E9EC
:1037A000011312F0020F4FF0030E01934FF0010CC2
:1037B0004FF00203BCD152072346C3D504AA44F0FC
:1037C0000804D0E9051002EB8302E4B242F80C0CC5
:1037D000BAE74FF444712120EDF7B8F9180E002133
:1037E0002DE9F04186B0002943D1DFF8B08098F888
:1037F000003003F0FF05BBBB0746FEF73FF804238C
:10380000064688F801502C4688F8003088F82E507B
:10381000A8F87450FEF7E4FF98F82F30AC462A461B
:1038200002320CF1010C58F822105FFA8CF20144BC
:1038300093420C44F4D200211948C8F8584008F0CB
:10384000FFFF2028307023D03B460022012168462C
:10385000FFF758F9B8B16946307809F083F968B1D3
:10386000284606B0BDE8F0810C25284606B0BDE824
:10387000F0811125284606B0BDE8F08140F25931AB
:103880002120EDF763F94FF456712120EDF75EF931
:1038900040F256312120EDF759F900BF180E0021F2
:1038A00079320101024B9B6A0360FFF7F1BD00BF53
:1038B000180E0021F8B5324E044606F071FF054699
:1038C000B769FDF7DBFF4378062C53D8DFE804F037
:1038D000230404073204040001252846F8BD13F030
:1038E0000C0F14BF4FF461704FF45770EC1BB36BA7
:1038F0000444D03BA3428CBF01250025EDD8FEF740
:10390000E3FF0028E9D0B56BD03DAC422CBF0025C9
:1039100001252846F8BD082B0FD0042B1ED0022B02
:1039200024D05A1E072A1CD8DFE802F0111B1B0AFC
:103930001B1B1B0A4FF4FC70D8E74FF4E560D5E77A
:10394000042B4FF0A00404D104F21620CEE74FF46C
:10395000A874022B0BD004F1C000C7E74FF4A07489
:10396000F2E740F211110520EDF7F0F8482404F1D8
:10397000B000BBE740F2C9312120EDF7E7F800BF06
:10398000180E00212DE9F04F87B0FDF777FF04797D
:1039900005465F2C50D86309A74AA84F12F803A028
:1039A000BAF1080F00F0048195F9023004F01F0805
:1039B000EC78002BAB7844EA0824DFF88482ACBFB3
:1039C0001E204FF49670DB0900FB04F414BF4FF483
:1039D00096761E2605F0B6F9241A05F0D7F9AB78CD
:1039E00004EB060B814613F0400F14BF32254FF451
:1039F000FA750DF05EFA2844924D0BFB0055924883
:103A0000A0FB053505F098F906F0E2FB00F2E7307F
:103A1000AD0CA8FB0030A4EB9014641BA4F159007A
:103A2000B0F5FA7F60D97C7854B13B7D002B40F033
:103A3000B58007B0BDE8F08F4FF0000A7F4FB3E7C5
:103A40008144504606F0BCFB7B4B03EB8A03D3F862
:103A500004B04AF2A1335B44A8FB032306EB9316A0
:103A6000603606EB45050544504606F0A9FB0646C0
:103A7000504606F0ADFB034650469A46FEF7DAFE86
:103A80008DF80040ABEB0A04A8FB0438012300F1D9
:103A9000D0048DF80B30FEF77FFEBB692C44ADF8E7
:103AA000080013EB0903A4EB06040493A4EB981499
:103AB000FB69019443F10003059306F0A7FEBC6384
:103AC000BD648DF80A00DDE90423C7E90823FDF78A
:103AD000D5FE6946007809F045F80028A5D140F2E6
:103AE0003A712120EDF732F85046A9F1100906F09D
:103AF00067FB514B4C44024603EB8A035046D3F814
:103B0000049009F2E733A8FB031306EB9316203663
:103B100006EB45052544154406F052FB0646504683
:103B200006F056FB034650469A46FEF783FEA9EB85
:103B30000A09A8FB093900F1D008A844A8EB060837
:103B4000BE6BA8EB9918464548D2A8EB060806F0CC
:103B50005DFE824609F03AFDB8F17D0F38BF4FF0A7
:103B60007D08804528BF80464644B6F1807F25D336
:103B700001210220FDF786FE3B7D002B3FF455AF6F
:103B80007B78002B7FF451AF1A4619466846FEF742
:103B9000B9FF00283CD10123BB7046E705F032FC99
:103BA00008F0B2FC00233B757B7507B0BDE8F08FD1
:103BB00000234FF0040A87F84430F5E651464046AA
:103BC00009F052FD0028D3D1BB6B4344A3F1C000E0
:103BD000BB63386409F0A0FC0028C9D097F82E1008
:103BE000022200236846029400958DF80C108DF88F
:103BF00004208DF80D30FDF71BFCB8B9FDF736FC3D
:103C000000283FF416AF40F27E712120ECF79EFFB2
:103C1000FDF734FE6946007808F0A4FF00287FF421
:103C200004AF40F2B4712120ECF790FF40F27D71B7
:103C30002120ECF78BFF00BFE8B00201180E002135
:103C4000D34D62103F420F0083DE1B4310B5144C6E
:103C500086B0237D0BB1637863B1237D0BB906B0C9
:103C600010BD05F0CFFB08F04FFC002323756375F2
:103C700006B010BD1A4619466846FEF743FF10B954
:103C80000123A370E9E7FDF7F9FD6946007808F024
:103C900069FF0028E1D140F2B4712120ECF756FF12
:103CA000180E002101282DE9F04F064683B038D8C0
:103CB000784D0027D5E9069A05F068F88346FDF7A8
:103CC000DDFD3B4690F80180AA6A68F3070368F3BC
:103CD0000F23A2F87030FF2318F00C0FA86A14BF4E
:103CE0000121394682F872303830F2F763FE4146DE
:103CF00006F00100F1F738F80446404606F068FA8D
:103D0000012E2ED1B8F1080F00F09780B8F1040F02
:103D100072D0B8F1020F14BF4FF4FC724FF4A672C8
:103D200021E0831E012B00F2A680A0F10303594C71
:103D300001220025B3FA83F3A06A84F82C205B09E2
:103D400080F8005384F82D302378052B40F08E80C6
:103D500000F018FB237DA562002B65D103B0BDE800
:103D6000F08F4FF4FC724C4B00F2E73014EB0B0475
:103D7000AE6A03EB480847F1000714EB0904B8F8F2
:103D800028304AEB0707D6F81C8003444348A0FBC1
:103D900003139B09E31A67F100079C1847F100071A
:103DA00000F0B4FC3E4B834229D04246D6E9B6012E
:103DB000CDE9004700F0E4FC8045064665D3AB6FD3
:103DC000D5F82880B34223D9D8F81C100E44C8F87F
:103DD0002C100520F1F714F8AB6AA8F83000DA6A65
:103DE000198EB21A8A424BD2341947F10007C3E93F
:103DF000B64703B0BDE8F08F40F28642B3E796F8CD
:103E00007500E8B90646AB6FD5F82880B342DBD819
:103E1000D8F81C103046F1F739F8C8F82C00D5F85E
:103E20002880D8F81C10D4E705F0ECFA08F06CFBF9
:103E30002575657503B0BDE8F08F40F6E83292E76E
:103E4000D5E9149A00F0F6FC38B9B6F9FC32A6F8B8
:103E5000FC0213EB09094AEBE37A42464846514615
:103E6000CDE9004700F08CFC0646A8E740F64F017C
:103E70002120ECF76BFE40F6AC012120ECF766FE4A
:103E800040F63D012120ECF761FE40F2FD3121209A
:103E9000ECF75CFE180E0021E8B00201D34D621071
:103EA000680E0021014B1878704700BF180E0021E2
:103EB0002DE9F0430123DFF8808083B000254FF621
:103EC000FF77202688F800301DE0009BEBB193F8C7
:103ED0000023D2B11888B8421DD02146EDF702FD6B
:103EE0008146F0B190F8010309F0F0FC99F8010364
:103EF00089F8004308F0CEFCC0B109F5367089F8A6
:103F0000016300F0BBFBCDE900556846EDF722FDEB
:103F100004460028D9D0002388F8003003B0BDE85B
:103F2000F08340F2C1113520ECF710FE4FF4D87148
:103F30003520ECF70BFE00BF940E00212DE9F04771
:103F40000C46064615469846FEF726FC94F8C570C2
:103F500081460E3FFFB2B8F1000F40F0008194F8A7
:103F60000033032B00F21A81DFE803F08502B90267
:103F7000D4F81CA0554600F05DFC002800F0A3809A
:103F800000200346D4F8D822AD18D4F8DC2242F140
:103F900000022D1843EB0203C4E9B653C6E90453EB
:103FA0000023A6F80890337094F8C53003F0FD02A2
:103FB0000C2A00F09B80262B00F09880204602F00F
:103FC00011FB002800F0D08094F8003304F1380091
:103FD000012B18BF0223B3720123F372F2F794FC92
:103FE000012F706045D9B8F1000F42D051463046DC
:103FF000F0F75CFE0546204602F0F4FA0746ADB243
:10400000BD4216D300230AFB07F2B372D4F8D832AC
:104010009B18D4F8DC2242F1000233617261BAF1DC
:10402000000F00F0B68051463046F0F73FFE3D18D5
:10403000ADB22946204602F0F5F900F0FBFB00285E
:1040400075D0D6E90430A26FC4E9B6308AB1B4F8AD
:10405000F620B4F8BC309B1A1BB2002B09DDB4F873
:104060007C100B44013BB3FBF1F303FB0123A4F8E9
:10407000F630BDE8F087002D00F0868094F87020BF
:10408000494B94F871A033F812500123504605F2C1
:104090009D7584F8003306F09BF81AF00C0F434925
:1040A00005442046A1FB053514BF2821002101EB62
:1040B000951100258231AA46F2F7D8FD00F0BAFB2F
:1040C00000287FF45DAF0221B4F9FC02F2F7B6FEDE
:1040D000B4F8FC321B1AA4F8FC32C31752E7D4F828
:1040E00008A30323554684F8003344E7204602F032
:1040F00079FA4FF4807304F138007381F2F704FC0D
:10410000012F7060B5D9B8F1000FB2D051463046DA
:10411000F0F7CCFD05462046ADB202F063FA20462A
:10412000294602F07FF900F085FB002889D16D0057
:10413000B4F9FC02B5F5803FB4BFA9B24FF6FF71E8
:10414000F2F77CFEB4F8FC223369121AC318A4F803
:10415000FC227269336142EBE070706173E7012108
:10416000204602F05FF9FAE64FF4807304F138005C
:104170007381F2F7C9FB012F70607FF67AAFB8F157
:10418000000F7FF433AF74E740F20A213520ECF7DB
:10419000DDFC4FF421713520ECF7D8FC40F24221D0
:1041A0003520ECF7D3FC00BF24B10201D34D6210DF
:1041B0002DE9F04186B0002800F0848004460829EB
:1041C00075D8DFE801F02B6A050515741A226F0017
:1041D0000146012368460022FFF7B0FE694694F8C5
:1041E000010308F0BFFC002870D006B0BDE8F081E4
:1041F00006B0BDE8F04105F0D3BD012006F0F6FAA7
:1042000006B0BDE8F041EEF705BB90F80033042B93
:10421000EBD040F223113520ECF798FC90F80033F6
:10422000002B58D001F0BEFD0028DED0FEF7D8FAF2
:104230002B4F94F8713000F1830613F00C0FB6B2D7
:104240007B7818BF2836BBB3E56904F13800F2F774
:104250005BFB8046FEF7C4FA8044022009F0B6F901
:104260000221A5EB080525EAE575854228BF05462C
:10427000284609F0F9F900B9A844324641462046DB
:10428000F2F772FC0346E0697B6009F045F900280B
:10429000ABD1EF213520ECF759FC06B0BDE8F04179
:1042A00001F0FABF4FF494713520ECF74FFC4FF456
:1042B00096713520ECF74AFCA56BE3699D4228BF57
:1042C0001D46C2E7F5213520ECF740FC40F2B22153
:1042D0003520ECF73BFCFD213520ECF737FC00BF27
:1042E000940E0021024B0022C3E90022FFF7E0BD3B
:1042F000940E002108B5FFF7DBFD002008BD00BFCC
:10430000014B5870704700BF940E0021C0F8E012B6
:10431000704700BF10B50446FEF762FA014620461A
:10432000CC31F2F717FDB0F5296F28BF4FF42960A3
:1043300080B210BD38B5A0B190F80033044603F048
:10434000FF05C3B990F80133202B0FD101460C486B
:1043500008F076FA202884F8010314BF28460D20BF
:1043600038BD40F293113520ECF7F0FB40F2951187
:104370003520ECF7EBFB4FF4CA713520ECF7E6FB88
:10438000B1410101F0B587B0002800F0998090F8A4
:1043900000330446002B40F0A28090F80133202B1C
:1043A00000F09880FEF7F8F994F800330646032BE6
:1043B00000F29A80DFE803F034026402E56900F05D
:1043C00039FA00284FD000221146D4F8D832D4F858
:1043D000DC02EB18ADF8086094F8C56040F100000D
:1043E0009B18C4F8D83241EB0000049306F0FD039B
:1043F0000021C4F8DC020C2B05908DF8001045D08C
:10440000262E43D0204602F0EDF8002841D094F843
:104410000033012BDAB250D002238DF80A303BE092
:1044200094F870100123334A94F8717032F81150E7
:1044300084F80033384605F29D7505F0C9FE17F083
:104440000C0F05442C4814BF28210021A0FB053582
:10445000204601EB951100258231F2F707FC00F0B0
:10446000E9F90028AFD10221B4F9FC02F2F7E6FC29
:10447000B4F8FC22C117121AA4F8FC220246A4E7E1
:104480000323D4F8085384F8003398E7204602F059
:10449000A9F800238DF80A30012304F138008DF8C3
:1044A0000B30F2F731FA0346694694F801030193A1
:1044B00008F058FB48B107B0F0BD8DF80A20EBE7D3
:1044C0004FF4D1713520ECF741FB4FF4D471352016
:1044D000ECF73CFB4FF4D2713520ECF737FB40F2A0
:1044E000A3113520ECF732FB40F242213520ECF7E6
:1044F0002DFB00BF24B10201D34D621008B504F0BA
:1045000045FC054B5A68824203D3187880F00100BD
:1045100008BD002008BD00BF940E002170B5044600
:1045200086B004297CD8DFE801F05F0D031240005B
:10453000042384F8003304F065FF06B0BDE8704042
:1045400007F0E2BF032380F8003306B070BDD4F853
:10455000243390F87000E269E362B4F82033334901
:1045600094F87160C4F80823238631F8105030465F
:10457000D4E9CA23E261636205F02AFE05F29D7167
:10458000034616F00C0F2A4A2046194414BF28236C
:104590000023A2FB012103EB91118231F2F766FBAC
:1045A000022384F8003306B070BD90F870201F4BD2
:1045B00090F8716033F81250304605F009FE05F2AC
:1045C0009D71034616F00C0F194A2046194414BF7A
:1045D00028230023A2FB012103EB9111823106B0B5
:1045E000BDE87040F2F742BB124B1A7802F0FF03AD
:1045F000002A9DD1014601226846FFF79FFC6946CB
:1046000094F8010308F0AEFA28B1B4F8BC300133D5
:10461000A4F8BC308FE740F2B2213520ECF796FACF
:1046200040F206313520ECF791FA00BF24B10201C7
:10463000D34D6210940E0021024B0022C3E90022E8
:10464000704700BF9C0E0021034A13680BB10C2079
:1046500070471846536070479C0E0021C3690BB128
:10466000012070478369002BFAD1034B1B68181A8D
:10467000B0FA80F0400970479C0E0021C36993B1E5
:104680008168D0F80CC0DA686144114482699A618B
:104690008269D9602AB1D36100220023C0E90623D0
:1046A0007047DA60F8E7826902490A60002AF2D1AD
:1046B000F2E700BF9C0E002108B5C161A1B18B6972
:1046C0008861836173B1D861C1690023C36041B15E
:1046D000CB6823B18268934211D39B1AC360002335
:1046E000CB6008BDC360F3E7074A136883611BB161
:1046F000D8611060C169E8E71060C36008BD2C2173
:104700003720ECF723FA00BF9C0E0021014B1868FC
:10471000704700BF9C0E0021044B1B6823B1184654
:104720009B69002BFBD17047184670479C0E0021F7
:10473000124B1B68CBB14FF0FF3C00B58646002002
:1047400000E01346DA68964503D8624501D2184660
:1047500094469A69002AF4D1B0FA80F2520911B94C
:10476000002A18BF18465DF804FB1846012219B943
:10477000002A18BF18467047704700BF9C0E0021E2
:1047800010B5DDE902344FF0000EC01A6FF000439F
:1047900061EB0401C3186FF0020441F1000C9C426C
:1047A0007EEB0C030FD3002904DBB0FBF2F302FB1A
:1047B000130010BD4042B0FBF2F302FB13000028CF
:1047C000F7D0101A10BDBD213720ECF7BFF900BF9C
:1047D000036A2DE93048DBB182689C68A24217D396
:1047E000D0E90615D0E906BCC3E906BC4DB1AB6102
:1047F000996951B1C068CB610244121BDA60BDE80F
:104800003088054D2B600029F4D1D960BDE830888F
:10481000CD213720ECF79AF99C0E0021014B0122A3
:104820001A7170479C0E0021014B00221A717047CB
:104830009C0E0021014B1879704700BF9C0E00218F
:1048400038B52B4B864608461B6863B34FF0000C07
:1048500064461D690CB1A54204D22C46002D42D0FD
:10486000B3F814C09B69002BF3D1E4B1A0421BD371
:104870000EF1FF3E0EEB0401B0FBF4FCB1FBF4F1D2
:104880008C4510D304FB0CF3B3FBF4F504FB153596
:1048900025B9B3FBF2F502FB153505B30CF1FF3C6E
:1048A0001B1B8C45F0D238BD431E2344B4FBFEFED7
:1048B000B3FBF0F37345F6D8B4FBF3F503FB1541F6
:1048C00049B9B5FBF2F102FB115121B9B5FBFCF17D
:1048D0000CFB115129B101337345EDD938BD184690
:1048E00038BD284638BD4FF496713720ECF72EF9C5
:1048F0009C0E0021436893F8C520032A4FF0000264
:1049000002D083F80821704783F8042183F8C5207A
:10491000704700BF436893F858212AB1002283F8FA
:10492000C52083F80421704783F8C62083F8082146
:10493000704700BF38B5204C636893F81A1309B963
:1049400093F8701093F81B230AB993F8712083F839
:10495000701083F87120194AFF20126883F87200E2
:104960000AB1606890470021134803F0EFFC6068CB
:104970003830F1F7C9FF0546606800F5E771F2F7D6
:104980003BF860680421FFF7C9FD60683830F1F733
:10499000BBFF8542044601D3012038BD05F036FF38
:1049A0000146601B7D2838BF7D2008F05DFEB0FA0F
:1049B00080F0400938BD00BFA40E0021680400212A
:1049C00038B51428536814460D4693F8C52008D00E
:1049D00016281FD012280ED04FF475713620ECF730
:1049E000B5F81F49002348680A21A830F0F7D6F827
:1049F00048BB002038BD1A48002309214068A83070
:104A0000F0F7CCF80028F4D020460021BDE838406B
:104A1000F2F7BABF212AECD12046F2F783FA6DB142
:104A2000626892F81B3123F0010382F81B3162683F
:104A300092F81B3123F0080382F81B311A2120461B
:104A400003F084FCD5E72046F2F76CFA002DD0D0B5
:104A5000626892F81A3123F0200382F81A31C8E70D
:104A6000A40E002170B5284C0979626892F8C5300F
:104A7000A3F1110CBCF10C0F0AD9292B32D01E2B3B
:104A800028D0052B37D0212B37D00225284670BDE2
:104A9000182B01D0152BF8D192F80A31002BF4D144
:104AA00082F8093182F8043192F8C03203F0FF0530
:104AB0002BBB60680222038800F52E70417243818F
:104AC000057380F878501149F1F77EFE636883F82A
:104AD000C550DBE71423024600211846BDE87040AC
:104AE000FFF76EBF0A4B1D68002DCFD02B46232049
:104AF000BDE8704018471223EDE71623EBE74FF4AB
:104B000054713620ECF722F8A40E00210574000140
:104B100064040021F2F700BFF3F72AB8F2F7EABE07
:104B200008B5436893F8C5201A2A03D11C2283F8DC
:104B3000C52008BD4FF49B613620ECF707F800BF95
:104B400008B5436893F8C520142A06D10121132221
:104B500083F80A1183F8C52008BD4FF49961362007
:104B6000EBF7F4FF002310B504464068194690F8AF
:104B7000C520A830F0F712F8636810B993F80A213D
:104B800032B10121152283F8091183F8C52010BD27
:104B900040F2CF413620EBF7D9FF00BF10B500231C
:104BA00004464068194690F8C520A830EFF7F6FF94
:104BB00038B163680121112283F8091183F8C520F7
:104BC00010BD4FF498613620EBF7C0FF10B50023FD
:104BD00004464068194690F8C520A830EFF7DEFF7C
:104BE00020B163680E2283F8C52010BD40F2BA419F
:104BF0003620EBF7ABFF00BF10B50023044640683A
:104C0000194690F8C520A830EFF7C8FF20B16368B7
:104C10000C2283F8C52010BD40F2B4413620EBF7DA
:104C200095FF00BF104A137ABBB9012809D05389F8
:104C30005B0714D5536893F8C730D81F18BF0120FD
:104C40007047526841F64B51D069884205D9B2F895
:104C50006010B2F84420914203D90020704701202F
:104C60007047FFF74BBC00BFA40E0021436810B58E
:104C700093F8C6200446B3F81A13232A11D093F8E8
:104C8000C520252A23D131B1262283F8C520002250
:104C900083F8042110BD83F8C51003F057FB636847
:104CA000F5E749B993F86C2183F8C610012A0AD0B8
:104CB000002283F86C2102E0262283F8C62000221D
:104CC00083F8082110BD03F041FB6368F0E740F270
:104CD00013513620EBF73AFF10B500230446406825
:104CE000194690F8C620A830EFF758FF40B1606829
:104CF0000023042180F80831BDE81040FFF70EBC06
:104D000040F2E4413620EBF721FF00BFF8B5404DFB
:104D100000F003026B89032A43EA00036B8172D01F
:104D200087070C4611D5C607E96000D52961E378ED
:104D3000062B3BD00B2B0BD16B6893F8C520142AA4
:104D400006D1002283F8CB2002E0C30700D52961F9
:104D5000810601D508232B72020600D4F8BD6A68CB
:104D600041F64B53E078D569B2F8BC109D42B2F8D9
:104D700024C00CD90623614401280B449BB20FD0F8
:104D800008BB190AA2F81E336373A173F8BD4AF673
:104D9000C87361440128B3FBF5F30B449BB2EFD118
:104DA000190AA2F816336372A172F8BD6B6893F802
:104DB000C5201A2ACCD1002600270122C3E94C675E
:104DC00083F8CB20C4E71828C8D1B2F81A1389B1E8
:104DD00092F81A1311F00C0F13D092F8700010F023
:104DE0000C0F0ED081420CD092F81B13002914BF77
:104DF000194600212046A2F81813BDE8F840F1F743
:104E00007DB91946F6E740F635213620EBF79EFED0
:104E1000A40E0021426870B592F81A310D4606467C
:104E2000084643F0040382F81A31F1F77FF904468B
:104E30002846F1F77FF9252C1BD8022C16D9E31E42
:104E4000222B13D8DFE803F02B12121212121212C7
:104E500012121212121212241224122412121212FC
:104E6000121254125E1212121B1B1B000024204649
:104E700070BDFE2C14BF00240224204670BD2C4BB4
:104E80001B68002B4CD001462046BDE870401847F7
:104E9000324620460021BDE87040FFF791BD254D08
:104EA0006B6893F8C520182A01D0152A36D193F8DB
:104EB0000A21002A32D183F8092183F8042193F8CA
:104EC000C03203F0FF046BBB6B680222198883F8C1
:104ED000C10203F52E70A3F8C21283F8C44283F80E
:104EE00030431549F1F770FC6B6883F8C540BEE7A5
:104EF000124B1C68002CBAD0014623461D20BDE889
:104F0000704018470E4B1C68002CB0D0094B02466D
:104F10001F2158682346BDE8704018470224A6E7C1
:104F20001C46A4E74FF454713620EBF70FFE00BF88
:104F300064040021A40E002105740001580400211E
:104F40005004002110B5097904464068A1F112030C
:104F500090F8C520112B0CD8DFE803F00D0B0D0BDA
:104F60000D0B0B0B0B0B0B210B090B0B0B182D2A2D
:104F700043D0002010BD142945D0162925D0122970
:104F800014D04FF475713620EBF7E0FD292AF0D1EB
:104F9000274B1B68002BECD020469847E9E7312AC5
:104FA000E7D1244B1B68002BF6D1E2E7224800230F
:104FB00009214068A830EFF7F1FD0028D9D020463C
:104FC0000021BDE81040F2F7DFBC212AD1D12046F4
:104FD000F1F7A8FF62681A21204692F81B3123F0EE
:104FE000010382F81B31626892F81B3123F0080339
:104FF00082F81B3103F0AAF9BBE7104B1B68002BAA
:10500000B7D09847B5E70C4800230A214068A8307C
:10501000EFF7C4FD0028ACD02046F1F783FF6268AB
:1050200092F81A3123F0200382F81A31A1E700BF69
:105030006C0400215C040021A40E00215404002112
:105040002DE9F041AB4D07460E4682B06A8969688A
:10505000D00540F1A4800023A1F8FA3091F8CB30BC
:10506000002B00F0A680130500F1B780D1F8EC30DA
:10507000D1F8F00001338342C1F8EC3040F2DC801B
:10508000012481F8F840834209D30023022201F26F
:10509000C510C1F8EC309849F1F7B6FB6A8912F4F3
:1050A000407F05D0686890F8C930002B00F07B8104
:1050B000012F00F0A180002E40F09E806E897307C2
:1050C0000ED56B6893F8C520032A00F0958393F8FA
:1050D000C720072A04D101222A75002283F8C7209D
:1050E000B40700F1B18030076C6800F1BF8016F0A2
:1050F000010694F8C52040F097812B7A1B0700F138
:10510000A9810E3A012A40F2FD8094F85631FE2B17
:1051100067D094F8602102F0FF03002A73D0B4F83E
:10512000FE300133A4F8FE3094F8043123B1B4F812
:1051300000210132A4F8002194F9082122B1B4F829
:1051400006110131A4F8061177B9297D022971D021
:10515000012900F02E81002E00F0BA80F20600F145
:105160009D81330740F1AD813D23644904F1DE00A8
:1051700084F8E730F1F7C8FA002302216868A4F840
:10518000C53084F8C930FFF7C9F96B6893F8562128
:10519000012A42D002B0BDE8F041EDF7E3BDB1F81D
:1051A000FA300133A1F8FA3091F8CB30002B7FF4BC
:1051B0005AAF91F8C52001F1A8000621EFF7EEFCE7
:1051C0006A8900283FF46BAF100569687FF54EAF20
:1051D00091F8CB30002B3FF449AF0023C1F8EC30FD
:1051E0005DE7002394F8C72004F1A8000121EFF740
:1051F000D5FC002800F06C816C6894F8602102F006
:10520000FF03002A8BD194F8C720012104F1A800E4
:10521000EFF7C4FC002882D186E7D3F81023137877
:10522000002B00F0F382013B137002B0BDE8F041A7
:10523000EDF798BD162398E78C8CA0EB030C053492
:10524000A4453FF620AF1BE7EB68DB782A2B00F282
:10525000D8822B4A52F82330002B00F0D282254806
:1052600098476E896C6830077FF541AF94F85631E6
:105270002A2B00F2BA80DFE813F07B016701B80047
:105280005901B800B800B800B800B800B800B800BC
:10529000B800B800B800B800B800B800B800B8004E
:1052A000B800B800B800B800B800B800B800B8003E
:1052B000B8004501B800B800B800B8004E01A6001B
:1052C000B800B800B800B800B800B800B800450190
:1052D0002BB1B4F80011B4F80231994207D8002A72
:1052E00042D0B4F80621B4F802319A423CD92223C4
:1052F0003BE700BFA40E0021797900014170000155
:1053000098030021B4F8BC30B4F81E2301339BB2DB
:105310009A427FF4FAAE23884FF00008D4F82803AD
:10532000A4F82D32EFF742FDB4F82C33A4F82F0285
:105330000222A4F8313204F22320B4F82E33A0491B
:10534000A4F8333284F82C82F1F75EFA0221204669
:1053500084F81C83EFF7FAFA20460321FFF7DEF802
:1053600084F8C5806C68D0E6B4F8FE30B4F8FC2050
:105370009A4206D86B6893F86031002BB7D1B4F825
:10538000FE30B4F802219A42B1D994F8C930002B0A
:1053900000F02182B4F8FA20B4F8FC309A42C0F050
:1053A00020820823E1E6012180F8C910FFF7B6F852
:1053B0007EE6686890F8C830002B7FF4D6AE0021F6
:1053C000FFF7ACF8E6E67F4B00221B6884F8AA21C1
:1053D0002BB1686800F5D57100F5AE7098477A4832
:1053E000F1F7A0FD6C6894F85631FE2B00F018829E
:1053F00094F8C520FE230E2A84F8563100F0CC80A4
:10540000262A00F0C4800C2A00F0CB8094F8C73024
:10541000082B04D102232B75002384F8C7306E8932
:1054200016F001063FF469AE2E6904F1A8000023CE
:105430000521F478EFF7B2FBC8B1023C0F2C53D82A
:10544000DFE804F015521515155252525215521537
:105450005252521504F1A80000230521EFF79EFBDC
:105460000446E8B16C68082694F8C52049E6304641
:10547000F0F7EEFC00283CD0F378314652482A2B56
:1054800000F29480514A52F82330002B00F08E80B5
:1054900098476C68064694F8C5202EE61E2364E6FD
:1054A000009069460320EDF7D1F9009B2BB11C72E7
:1054B000102269680098F1F787F96C6894F8C520A4
:1054C0001FE6B70779D1B60640F1A58123234CE644
:1054D0006B6893F8602102F0FF08002A7AD06C68AC
:1054E000022384F8563114E66C68082694F8C52027
:1054F00003E631463448F1F789FD6C68064694F8B6
:10550000C520FAE5002284F874216C6894F85631BD
:1055100084F8042169E72E4B1B68002B3FF468AF29
:10552000204698476C6894F856315EE794F8C53089
:1055300003F0FD02182A3FF45BAF152B3FF458AF80
:10554000002384F8303353E7B4F81623B4F8BC30A2
:105550009B1A1A043FF54CAFD4F810231378002B94
:1055600000F06381013B1370002384F8C5303FE7EE
:10557000B4F8BC30B4F81E239B1A19043FF538AFB9
:10558000002384F81C336C6894F856312DE72723E8
:105590001A4684F8C53039E70F231A4684F8C53017
:1055A00034E70D231A4684F8C5302FE7F1F72EFDB6
:1055B0006C68064694F8C5209FE52A23D5E500BF10
:1055C00091710001F0010021A40E0021EC020021E4
:1055D0004404002168684346414690F8C520A8303D
:1055E000EFF7DCFA6C6820B194F8F830002B40F04B
:1055F000FA8094F8C520D31E2D2B18D8DFE803F0CD
:1056000080171717171717171717171717171717C1
:105610007A781717171717761717171717171717F7
:1056200017176F171717171717171765175904F15B
:10563000A80000230421EFF7B1FA00287FF4DCADC5
:105640006B6893F8C620013A302A67D8DFE812F079
:10565000F2004B014001450266003E026600660012
:10566000660066006600660066006600660066000A
:1056700066006600660066006600660066006600FA
:1056800066006600660066006600660069016901E2
:1056900066006600540166006600660066006600EB
:1056A00039016600660066006600660066002E012D
:1056B0006000012384F85831112384F85631002307
:1056C000A4F8003184F8C53023E5212384F856314D
:1056D0000023A4F80031012384F8043119E51823CC
:1056E00084F856310023A4F8003112E50623EDE7D3
:1056F0000B23EBE7D4F84B33C4F848310323E5E739
:1057000094F8513184F85831072384F8563100E574
:105710001E2283F85621002283F8C6206C6894F874
:105720005631FE2B7FF4F5AC002394F8C52004F12C
:10573000A8001946EFF732FA002840F095806C680F
:1057400094F85631FE2B7FF4E4AC002394F8C52086
:1057500004F1A8001946EFF721FA00283FF44CADF8
:105760006B6893F81433002B3FF446AD6B6893F8E5
:10577000C600F1F705FC6C6800287FF4CAACB4F8E9
:10578000BC300A2B7FF6C5AC6846EFF719FC6C6895
:1057900000283FF4BEAC0522684604F1CE0108F0B3
:1057A000C7FC00285DD0D4F810130B78002B50D123
:1057B0000098C1F801009DF804304B716B6801201E
:1057C000D3F810130A7802440A7083F856010022B5
:1057D00083F8142310E5B4F8FA30052B01D93E23E1
:1057E000C3E46868EBE50123A4F8008184F8043180
:1057F000122384F856318CE440F275413620EBF7E1
:10580000A5F940F26B513620EBF7A0F940F6F921EB
:105810003620EBF79BF940F6C7213620EBF796F9D7
:1058200040F277513620EBF791F940F24B213620C8
:10583000EBF78CF90C2283F856210022A3F80621FD
:1058400083F8C62093F80B2142F0010283F80B2164
:1058500064E701316846052208F06AFC0028ADD0F3
:10586000CAE484F81403C7E46B6893F81C33002B74
:1058700040F0C1806B6893F8302302F0FF01002AEA
:1058800000F0A08093F8CA20002A00F08E8093F8E0
:10589000CB20002A00F084800A2283F856210022BF
:1058A000A3F80021012283F8042148E7002283F8AD
:1058B0005821A3F8062183F8C620112283F8562127
:1058C0002CE7242283F85621002283F8C62025E7FE
:1058D00093F8502183F85821072283F8562100229B
:1058E00083F8C6201AE7132283F856210022A3F872
:1058F000062183F8C62011E793F86C21012A00F0F5
:10590000F3806B6893F86C21022A7FF407AFD3E928
:105910001A21B3480BF00DFC6B68182283F856214E
:10592000FCE693F86331002B7FF4F8AE6B6893F8D4
:105930006231CBB1686890F8C63000F5B17100F201
:105940001A32262B00F0DA8090F8C530263B012B66
:105950008CBF00230123F0F7E1FF6B68202283F85E
:10596000C620002283F86221686890F8C630202B98
:105970007FF4D4AE00F5E771F1F73EF86B68B3F849
:105980005A20A3F85821B3F85E20A3F85A21152213
:1059900083F856210022A3F8062183F8C620BDE62D
:1059A0004FF4C9613620EBF7D1F8A3F800210122AA
:1059B00083F80421D3F84B23C3F84821032283F84A
:1059C0005621BCE693F87321002A45D1D3F8602311
:1059D0007AB312F8513C012B26D112F8282C02F090
:1059E000FF01E2B9686890F81D2194060FD47D4B41
:1059F0001B689847A3E66B6893F8C600F1F7C0FAF6
:105A000000287FF437AF6A6882F8560197E680F87D
:105A100004311F23A0F8001180F856318FE640F2C0
:105A200061613620EBF792F84FF4CC613620EBF74A
:105A30008DF893F87221C2B193F80B2112F0030193
:105A40007FF47DAE42F0010283F8721183F80B21DE
:105A50000C2283F8562172E60122A3F8001183F884
:105A60000421082283F8562169E693F86231002B5D
:105A700048D06B6893F86331002B43D1686890F885
:105A8000C63000F5B17100F21A32262B38D090F8EA
:105A9000C530263B012B8CBF00230123F0F73EFFCE
:105AA0006B68002283F862216B68A3F80021012251
:105AB00083F80421B3F85A20A3F85821B3F85E20E4
:105AC000A3F85A21142283F8562138E61B2283F8C2
:105AD0005621002283F8C62020E6092283F85621A9
:105AE000002283F8C62019E693F86D31002B7FF46D
:105AF00008AF6B689A6ED3F86E110AE701232AE7A4
:105B00000123CBE76B6893F86C21012A3CD06B68CA
:105B100093F8743103F0FF01002B40F0FF806B68B5
:105B200093F8A93103F0FF02002B40F0ED806B6881
:105B300093F8A63103F0FF01002B40F0D9806B6889
:105B400093F8B231002B40F0C9806B6893F8AA310A
:105B5000002B3FF4F4AD6B680821B3F8AC01EBF710
:105B6000C1FE002800F0B68090F8F82102F0FF0195
:105B7000002A00F0AB8090F8D021032A00F20781C0
:105B8000DFE802F01E1E19A193F86D31002BBED183
:105B90006B6893F8C600F1F7F3F90028B7D168688D
:105BA00090F870104B1E072B79D8DFE803F06D1DBD
:105BB000780E7878780E6A6892F8B02180F8F9212A
:105BC0006B68002283F8AA21B9E590F87130013B97
:105BD000072B64D8DFE803F0534E6313636363134A
:105BE000A40E00215404002190F87130013B072BD2
:105BF00055D8DFE803F0322954125454541290F867
:105C00006E31042B0DD0162380F856310023A0F8F6
:105C10000031012380F8043191E590F86E31022BB8
:105C2000F1D190F86F31042BEDD1B0F8BC3000F514
:105C30004672B0F870010BF060FA0146B0B16B68C3
:105C4000282283F8C5207AE590F86E31022BDAD14C
:105C500090F86F31022BD6D1E7E790F86E31022B26
:105C6000D1D190F86F31012BCDD1DEE74A4802F057
:105C70006DFB64E590F86E31042BE9D0C3E790F832
:105C80006E31042BEDD0BEE790F87130013B072B4D
:105C900005D8DFE803F0130E0409040404094FF4E7
:105CA00022710620EAF752FF90F86E31012BB8D02E
:105CB000A9E790F86E31012BCAD0A4E790F86E31B5
:105CC000012BA0D1CDE76B682222E6E56B6883F853
:105CD000AA1134E56A6882F8AA0130E56B680122EE
:105CE00083F804211D22A3F8001183F8562126E52C
:105CF0006B68252183F856110121A3F8002183F850
:105D0000041183F8A6211AE56B68012283F80421A7
:105D10002322A3F8001183F8562110E56B6893F84D
:105D20007801F8F7ADFF696888B11C4B01F2791171
:105D300011F8012C1B681848984704469CB1022CA6
:105D40007FF4FDAC6B68002283F87421F7E4144BF8
:105D500001F29B12104801F279111C6811F8013C04
:105D6000A0470446EAE76B6893F87801F8F788FFE4
:105D70006B680122A3F8004183F8042118B11C22AA
:105D800083F85621DBE42A2283F85621D7E440F237
:105D900035613620EAF7DAFEA40E00211802002150
:105DA00020020021002370B5AA4D044684B02B7058
:105DB00000886B812B722B756C60ECF78DFF6B6824
:105DC0001888ECF7B7FFB4F802236968013201F1D3
:105DD000A80092B2EFF720FB002840F03F8294F831
:105DE000C630A4F80203262B00F0D28094F8C53008
:105DF000A3F12602022A0FD8B4F81823B4F8BC3055
:105E00009B1A1A040CD484F8C500FEF793FD0028F1
:105E100000F0CD8094F8C5300C3B012B40F29B8004
:105E20006B6893F8042132B1B3F80011B3F8022182
:105E3000914280F08C8093F9082132B1B3F80611B9
:105E4000B3F80221914280F08280B3F8FC20B3F8CD
:105E5000FE1091427BD293F8C910002900F0AD806A
:105E6000B3F8FA10914272D293F85641FE2C5BD0EF
:105E700003A8ECF737FF002800F0F581322200215B
:105E8000039808F031FA039E03213046EFF7C6FF6E
:105E900003982146037823F010030370EFF7EAFF1D
:105EA0002A2C00F2B180DFE814F0080130012B0049
:105EB000DF00AF00AF003000F800FE007D013000D1
:105EC00030009F01AF00AF00AF00AF00A501300070
:105ED0003000BB00BB000201AF005701AF00AF00B4
:105EE00082017601C00138013C01AF004501B501D6
:105EF000B400B400B400AF00AF00AF00AF004E017B
:105F00006A68039B92F861211A71ECF703FF00287D
:105F100000F0AE810398C378012B59D16B68B3F8B8
:105F200016331A0A437282724B4A4C4B00924C4A07
:105F300095E80300ECF73EFA68680023052190F825
:105F4000C520A830EEF72AFE044600283BD10124E4
:105F5000204604B070BDB4F8BC30B4F816239B1AC8
:105F60001B043FF55DAFD4F8101304F1CD000131EF
:105F7000EFF768F894F8C5300D2B39D0FF2384F87B
:105F800022316B6893F80421002A3FF454AF4BE7A9
:105F9000B4F8BC30B4F818239B1A19043FF53AAF93
:105FA00084F8C600FEF7C6FC00287FF433AF00215A
:105FB00008460C46FFF744F8CAE7B3F8FA20052A6A
:105FC0007FF652AFC3E7ECF7EDF9204604B070BDA1
:105FD00033B96B68B3F81E331A0A43738273A3E7AD
:105FE000182BA1D16B68B3F81813F0F787F89BE76B
:105FF000D4F810231378002B00F03F81013B0021DF
:10600000137084F8C510B9E740F6C8013620EAF7E6
:106010009DFD144B20460F4A03991B68984774E76F
:106020006B680398B3F85810EFF7EAFF6B680398B2
:10603000B3F85811EFF7E8FF6B680398B3F85C10FA
:10604000EFF7D6FF6B680398B3F85A11EFF7D4FF58
:106050005BE700BFA40E002141500101254C010166
:106060000D4D0101600400216968039801F231318E
:10607000EFF77CFF6968039801F23931EFF782FF8F
:106080006968039801F24F31EFF784FF696803985C
:1060900001F5A471EFF78EFF37E76A68039B92F86A
:1060A00058211A7131E70398F1F7FAFB2DE76A6876
:1060B000039BB2F86E219A8027E76B68039CD3F8A4
:1060C0002813B3F82003EEF7AFFE20716B68039E30
:1060D000D3E9C901EEF7C6FE7071030A039CB371E0
:1060E0006B68D3F82803EEF761FE03460398E3716B
:1060F0001B0A6A682372B2F82C33190A4372817240
:10610000B2F82E13EFF7E2FEFFE66B680398D3F8C0
:1061100010130131EFF718FFF7E603980BF0AFF912
:10612000F3E6584B1B68002B3FF4EFAE696830462E
:106130009847EAE6544B1B68002B3FF4E6AE6968CB
:1061400003989847E1E66968039801F29B1201F20F
:106150007911EFF793FFD8E66B68039C93F81B0364
:106160000AF0DEFF01462046EFF7C4FF6B6893F8A4
:106170001A0310F00C0F06D093F8703013F00C0FC8
:1061800001D0984261D1039C0AF0CAFF0146204623
:10619000EFF7ACFFB9E66968039801F27911EFF700
:1061A00053FFB2E603993948F1F788FBADE60023C7
:1061B000304601218DF80830EFF73CFE6B68304621
:1061C00002A91A7C5B7C032A03F01F0308BF00228C
:1061D00043EA82139DF8082002F0200213438DF851
:1061E0000830EFF731FE90E6039B212228491A720E
:1061F00059608AE66B6893F85821D2B193F855112B
:106200000398EFF791FF6B68039893F85411EFF739
:106210008FFF7AE61F4B1B68002B3FF476AE696850
:10622000039801F5B07198476FE603980BF01FF9DA
:106230006BE693F853110398EFF776FF6B680398BA
:1062400093F85211EFF774FF5FE6039C00200AF009
:1062500067FF01462046EFF749FF56E640F28911F5
:106260003620EAF773FC40F2EC713620EAF76EFC58
:1062700040F6CE013620EAF769FC40F2B111362033
:10628000EAF764FC4C04002148040021A40E00211C
:106290000D59008FF8010021144B5B6893F804211D
:1062A0002AB1B3F80011B3F80221914219D293F93F
:1062B00008212AB1B3F80611B3F80221914210D295
:1062C000B3F8FC20B3F8FE1091420AD293F8C9103B
:1062D000B3F8FA3019B1934203D2ECF767BA052B41
:1062E000FBD900210846FEF7ABBE00BFA40E00217B
:1062F00010B50C4689696069EBF7A6FB94F80103B9
:10630000202806D007F0E2FA94F8010306F0C2FA5A
:1063100058B104F536742046FEF7A0F900B910BD57
:106320002046BDE81040FEF7A9B94FF415613620AC
:10633000EAF70CFC002070471D4A1E491E481F4BFF
:1063400010B4D1611E491F4C11611F499060516406
:106350001E481F49D46250611E4C1F4811631F49DB
:10636000946150621E4C1F48D1641F49946451636C
:106370001E4C1F4990631F4A1F4899601F49C3E97B
:1063800007421F4C1F4AC3E90010C3E90A421E48D6
:106390001E491F4A1F4CD86099611F481F499A64C3
:1063A0001F4A1C63D86410BC59645A62704700BF0E
:1063B000EC020021454F0101DD700001980300212E
:1063C0009D740001D5740001154E01015D7400013A
:1063D000717A0001F5740001D57700018979000117
:1063E000AD7900012D770001654A0101F5480101F1
:1063F000057100011D4B0101F94B0101CD4B01015C
:106400009D4B0101414B0101654B0101214B0101F4
:10641000217A0001194B0101017A0001154901019E
:10642000154B0101002900F0A4802DE9F0414D1E1B
:10643000044600264F4FADB2DFF83C8132E0A18C1C
:10644000D01A0531884242D9934245D294F804319A
:1064500023B1B4F800310133A4F8003194F90831C4
:1064600023B1B4F806310133A4F8063194F8602161
:1064700002F0FF03002A66D0B4F8FE300133A4F81E
:10648000FE3094F8C5300E3B012BB4F8BC302CD94B
:1064900001339BB2013D4FF6FF72A4F8BC30ADB2A0
:1064A000954264D0B4F80213B4F8FA20013194F89C
:1064B000CB300132A4F80213A4F8FA20002B4CD000
:1064C000D4E93B3201339342C4F8EC30B7D901210F
:1064D000934284F8F810B9D30222394604F2C51069
:1064E000C4F8EC60F0F790F9B0E70133B4F81E237C
:1064F0009BB29A42CED12388D4F82803A4F82D3237
:10650000EEF754FCB4F82C33A4F82F020222A4F8BE
:1065100031324146B4F82E3304F2232084F82C6241
:10652000A4F83332F0F770F90221204684F81C6396
:10653000EEF70CFA03212046FDF7F0FFB4F8BC306B
:1065400084F8C560A4E794F8C720012104F1A800ED
:10655000EEF724FB00288FD193E794F8C52006219D
:1065600004F1A800EEF71AFB0028A9D16EE7BDE8F8
:10657000F0817047797900019171000110B4064AE9
:10658000064C0748074B0849C2E91440074A10BCAB
:10659000C3E91412704700BFEC02002149730001E7
:1065A000AD7200019803002189720001D94C0101EC
:1065B00010B4064A064C0748074B0849C2E9164082
:1065C000074A10BC99651A66704700BFEC020021AB
:1065D00069110201E712020198030021710F020103
:1065E0006D4C010138B590F8C9300446B0F8FA0096
:1065F000DBB9C0F1020594F8F83043B1002394F8F8
:10660000C520092104F1A800EEF7C8FA90B194F86A
:10661000CB30ABB1D4E93B23043B9B1A9D42A8BFCE
:106620001D4625EAE57080B238BDB4F8FC502D1A3D
:10663000043DE0E705EAE57525EAE57080B238BD7E
:1066400094F8C520062104F1A800EEF7A7FA002867
:10665000E0D125EAE57080B238BD00BF23211A20C1
:1066600008B5EAF773FA00BF38B505460C4691F84D
:10667000033213B191F80D328BB9002D50D02B7825
:1066800073B194F8F8318BB304F1B0000AF063FFF2
:10669000002100220023C4F8B011C4E96A2338BDE8
:1066A00094F8FA316BB90121B4F8B401EBF71AF997
:1066B00038B104F21D2100F5AE7008F05AFE002832
:1066C0003ED00821B4F8B801EBF722F9002844D1F4
:1066D0006B6F002BE3D10721B4F8B601EBF718F983
:1066E0000028DCD060211A20EAF730FA94F8FA3159
:1066F00003F0FF017BB9B4F8B401EBF7F3F850B144
:1067000004F21D2100F5AE7008F033FE18B92B21FC
:106710001A20EAF71BFA4FF6FF73A4F8B431B3E777
:1067200094F8FA3173B90121B4F8B401EBF7DAF84F
:1067300040B104F21D2100F5AE7008F01AFE08B950
:10674000FFF78CFF0821B4F8B801EBF7E1F8002857
:10675000A5D04E211A20EAF7F9F953211A20EAF7B9
:10676000F5F900BF10B50C4601F1B0000AF00CFFBE
:106770002046BDE810400AF0AEBE00BF90F8FA31E6
:1067800023B90121B0F8B401EBF7ACB80020704791
:1067900038B528B390F8C63004462A2B1ED142B92A
:1067A0002B2380F8C63094F90831002B1CDB002025
:1067B00038BD1F230D4680F8522180F85331302315
:1067C00080F8C6300029EED00721B5F8B601EBF706
:1067D00089F868B12946FFF747FFE4E70C2038BD88
:1067E000B2211A20EAF7B2F9D9211A20EAF7AEF954
:1067F000D4211A20EAF7AAF910B501F120000C46BD
:106800000AF005FEB8B92378012B636F01D0B3B944
:1068100010BD002BFCD01A68082133F8610C6267A8
:10682000EBF776F818B9636F002BF4D110BD4B214C
:106830001120EAF78BF940211120EAF787F953215B
:106840001120EAF783F900BFFFF7A2BF38B591F82E
:1068500030300C46032B3AD004F1C0000AF0D7FDCB
:10686000002843D1D4F8905085B394F830202B6899
:10687000032AC4F890300BD0022A18D033B31A6818
:106880001D46C4F89020134694F83020032AF3D113
:10689000A5F5847528460AF077FE0A21B5F80201AD
:1068A000EBF736F870B1F4214920EAF74FF9A5F576
:1068B000847528460AF00FFE0B21B5F80201EBF7AC
:1068C00027F878B9D4F89030002BD8D138BD002102
:1068D00094F89E000AF04DFD0028BDD04FF6FF73DE
:1068E000C385B9E7F9214920EAF730F9E9214920C0
:1068F000EAF72CF9704700BFF0B583B00D460123CD
:1069000040F6881201A904467F2003F0EFFD012321
:10691000074601A940F688126FF07F0003F0E6FDFC
:106920002E1ABD42B6FA86F64FEA561608BF46F052
:10693000020601F0D7FCC705C0F3002303D5030509
:1069400020D50F2304E0C0F3C020034318D1012356
:10695000990784F8915084F8906003D584F8935097
:1069600084F892605A0703D584F8955084F89460AF
:10697000DB0803D084F8975084F8966003B0F0BD2C
:106980000D23E5E70323E3E710B5446800237F22E6
:1069900004F5B071C4F89830C4F89C302046C4F8AF
:1069A000A030C4F89030C4F89430C4F8A330A1F8F3
:1069B000443081F84630A1F8473081F8493084F8F6
:1069C000992094F9741084F89B2084F89D2084F811
:1069D0009F20FFF791FF4FF0FF33C4F8A03010BDA8
:1069E000013808B507280DD8DFE800F0060A0C08C2
:1069F0000C0C0C04022008BD002008BD032008BDBB
:106A0000012008BD4FF42A717820EAF79FF800BFF3
:106A1000F8B50C46054616461F4601F063FC611E9C
:106A2000C9B2032931D8C405C0F300232FD4C0F361
:106A3000C02003430CBF01220D22012303FA01F100
:106A40001142CCB221D06B6893F81E21C2F34000F2
:106A5000920729D5D3F81A21D505C2F300211DD4F8
:106A6000C2F3C0220A4318BF0D2004421CD003F514
:106A7000B07393F8492002F0FF00BAB983F8497067
:106A800083F8474083F84860F8BD1120F8BD03053E
:106A900008D5012404FA01F1CCB2D4E71205E6D4FA
:106AA0000320E2E70322C8E71A20F8BD3A20F8BD28
:106AB00010B5044608F0C6FD08B9002010BDE0433B
:106AC00008F0C0FD0028F8D0E31683EAA4635A1E3C
:106AD0001A42F2D0E3B25A1E13405A1E1342ECD0AF
:106AE000A0B2F0F701FA0B28E7D82046F0F7DEF95C
:106AF0001828E2D8A3B2B3EB144F04D184EA1423CC
:106B000013F0FF1FD9D0044B63405A1E1A4214BF22
:106B100001200020D2E700BFD6BE898EF0B5070C59
:106B2000164BA7F5AA4203EA9023543A012A20D92A
:106B300027F4004042F6AA22801A18BF0120002242
:106B400016211F24164687EA060562EA0505013567
:106B500011D0DD0301394FEA5303ADB245EA5606C1
:106B60004FEAC4354FEA5404ADB245EA5202EAD1C5
:106B7000F0BD0020E3E70020FAE700BFE0FF3F00A0
:106B8000304BF0B5B0F864700C4611461A88B0F876
:106B9000626085B097425D8828BF1746964228BF3D
:106BA00016461B2E2ED0B5F5A47F2DD040F64803F7
:106BB00001AA9D4228BF1D4608F04FFEBDF80A30CD
:106BC0009F4228BF1F46BDF80C30AB42E78028BF6C
:106BD0002B462381BDF806309E4228BF1E46BDF8D5
:106BE00008309D42668028BF1D46A580FF23237084
:106BF000E3881B3B9BB2E02B08D94FF4B5613920E9
:106C0000E9F7A4FF1B2FCED105B0F0BD63881B3B75
:106C10009BB2E02B02D940F2AA51F0E7238940F65B
:106C20004812A3F5A4739BB2934202D940F2AC512F
:106C3000E5E7A388A3F5A4739BB29342E4D940F29D
:106C4000AE51DCE7A00F0021F8B51D468B1F0746AB
:106C500010469BB240F67A42BDF8186093421BD8AA
:106C6000841FA4B294428CBF002401242346AFB9F0
:106C70001C4A12796AB15CB96FF450628B18062B0A
:106C800006D86FF45063C418062C8CBF002401246E
:106C9000234633B90020F8BD0024E7E797F87520B4
:106CA000E8E78142F6D8B5F5FA7FF3D2A6F10A03F8
:106CB00040F676429BB29342ECD80135EEF78EF85F
:106CC00042F21073ADB25E434543B6EB450FE1D9D6
:106CD000BDF81C00BDF8203098428CBF0020012078
:106CE000D9E700BFA00F0021012821D8022B0DD128
:106CF000A2F57A70104B98421CD8A1F57A70984290
:106D000018D88A428CBF1220002070470B4882425C
:106D100010D8012B07D140F252739A420AD9A1F63A
:106D2000C410074BEBE7042BF9D140F6C313F4E78B
:106D30001220704730207047A7F970028FFD700253
:106D4000CBF3700210B502210020EAF7CBFD044618
:106D500070B90221EAF786FD044620B940F21D31E0
:106D60003920E9F7F3FE034B93F91C10F3F742FFC8
:106D7000204610BDA00F0021114BF7B59C7E0646A2
:106D8000DD7E9F8B14B901F0B3FA0446A5B901F07A
:106D9000AFFA054614B9092003B0F0BD0028FAD0B7
:106DA000304601A98DF804408DF80550ADF8067005
:106DB000EDF7D6FF0020EFE7002CF1D1EBE700BFA5
:106DC000180C00212DE9F0419846634B044686B02B
:106DD00018680E461B7900210290204615468DF852
:106DE0000C30EDF7B3FD26805C4B20465C4EC4F8BA
:106DF0001033B36840F8383FFDF78CFA074601F0CE
:106E000071FA10F0200F337C0DBF1B22B2887188FD
:106E1000A4F8622018BFA4F8621084F84030A4F8E7
:106E20006420A4F8427001F05DFA8B0706D50023B8
:106E300004A805948DF81030FFF7A6FD494F04F122
:106E4000800C3B7907F10802003B18BF012384F84E
:106E500075300FCA8CE80F00737804F1180104F143
:106E60001400019333780093B3887288EAF7AAFD7F
:106E7000636923B941F203013920E9F767FEA36989
:106E800013B941F20401F7E708F0A2FC2062B8F15F
:106E9000000F04D0EFF7BAFF20F07F40A06295F812
:106EA0004D3005EB4303988CEDF798FF95F84D3086
:106EB000804605EB4303588DEDF790FF41F64B53A9
:106EC0000146984244D940F2E2424046FDF7B8FC00
:106ED00040F2E2430146E1612046C4F8E812A4F81A
:106EE000EC3295F84D20F16805EB42052B8EA3841A
:106EF000EB8EE384FDF70AFA02A904F1CD00EEF768
:106F0000A1F8FF2384F814337B6A23B1012204F52E
:106F1000B171204698472046FFF72EFF0546EFF750
:106F200075FF0C230121B0FBF3F202FB1303204693
:106F3000DBB25A1DD2B2082A96BF0D3384F8D9208D
:106F400084F8D930EDF702FD284606B0BDE8F0819F
:106F50004FF47A73BFE700BF94BC0201BD0F00215C
:106F6000180C0021A00F002108B5EBF721FFECF76A
:106F700049F901F0CBF9EFF759FAEEF70DF8F0F710
:106F8000C9FFEEF743F8012001F084F909490A4AE4
:106F9000F92000230A601B224B838A80074ACB8397
:106FA0001083074893761060938093750B840B765B
:106FB000537708BD180C002103021B00A00F00210D
:106FC0001B004801044B41F64C521B215A611974B5
:106FD000C3E90222FFF7C8BF180C00217FB5324D6C
:106FE0000446AB6840F8383FF5F748FC064601F028
:106FF00079F910F0200F2B7C0DBF1B22AA8869881D
:10700000A4F8622018BFA4F8621084F84030A4F8F5
:107010006420A4F8426001F065F98B0706D50123CE
:1070200002A803948DF80830FFF7AEFC1F4B04F163
:1070300080061A790833002A14BF0122002284F83E
:1070400075200FCB86E80F0041F64C5318BF4FF464
:107050007A732046E361FFF78FFE064648B10121AF
:107060002088EAF755FCD0B140F272513920E9F797
:107070006DFD6B7804F118016A8804F11400019326
:107080002B780093AB88EAF79DFC636913B940F253
:107090007F51EBE7A3691BB94FF4B061E6E709261E
:1070A000304604B070BD00BF180C0021A00F0021B5
:1070B0002DE9F34105460E46F3F7FEFD002800F0EA
:1070C000AE802846F4F71CF830B1B6F80130013B29
:1070D0007F2B01D9122404E02846F4F715F820B9D3
:1070E0000C24204602B0BDE8F0812846F5F7EAFD01
:1070F0000028F5D12846F3F731FD80460028EFD16E
:107100002846F3F729FE0028E4D042F21073B6F8BF
:107110000170F17828465F43F3F7DCFF03213078F4
:10712000EAF7E0FB044605213078EAF7DBFB002CA8
:1071300077D038B141F27A713920E9F707FD04467A
:1071400090F8BD80404E3368002B6CD04034204610
:107150000AF02FF9002866D020460AF01EF9002810
:1071600061D1B8F1000F08D0384B20461B68984712
:10717000002858D041F28E71DEE735494246336827
:1071800020464969984700284DD041F29371D3E7D2
:107190002846F3F7B5FF40B901210DF10600EAF7E3
:1071A00029FB064658B90D249BE72846F3F7BCFF98
:1071B0000028F1D1274B1B79002BEDD18AE7002164
:1071C000EDF728FBBDF80630284631463380F3F74B
:1071D000C1FF2846F3F7A8FFA0B92846F3F7B0FF90
:1071E00001463046FFF7FAFE044600287FF479AFE7
:1071F0003A4631462846F5F725FA044620B141F2D1
:10720000BF7199E70121ECE7124B5B6A002B3FF459
:1072100068AF024606F5B1713046984761E74224EF
:107220005FE700288BD12846F3F762FF014600286C
:10723000AED13A462846F5F705FA044600283FF451
:1072400050AF41F29C7177E778040021740400216B
:10725000180C0021A00F00210378032B9DBF03F021
:107260000103034A0020112098BFD377704700BF65
:10727000180C0021064B01889A88914206D3B0F879
:10728000032091B211B100201A8470471120704779
:10729000180C00212DE9F7431D4F0646FB7F93BBD9
:1072A0000C2003B0BDE8F08306EB85036946B3F814
:1072B0000390B3F801004C44A4B2EDF791FAF0B991
:1072C000684608F0ADFA838E4B451AD3A3EB090349
:1072D000838690F83E3043B990F83F302BB1838ECF
:1072E0001BB941463630EFF70FFA01353278ABB2B1
:1072F0009A42D9D83B8C00201C443C84D1E7022020
:10730000CFE71220CDE70025DFF808802C46EDE717
:10731000180C002141700001014B93F91C007047CB
:10732000A00F0021B0F90020F8B514B292B202F516
:10733000A0639BB2B3F5206F36D8B0F902301DB20E
:107340009BB203F5A06189B2B1F5206F2CD802F28F
:10735000F64140F2BE5089B2814227D803F2F6418D
:1073600089B2814222D8002C4FF00A00C4BF0932F2
:1073700014B2002DC8BF093394FBF0F4C8BF1DB28E
:10738000EDF712FE0A2167B2064695FBF1F1384689
:1073900049B2EDF7FBFD074B1B684BB1A01B40B298
:1073A00008B198470020F8BD3020FCE71120FAE72B
:1073B0001846F8E770040021034B5A8802801B78B6
:1073C00083700020704700BF180C00217FB58378C0
:1073D00006461A2B09D8042B05D9012202FA03F319
:1073E000314A134205D112251AE0292B01D03B2B3B
:1073F000F9D13088B0F5706FF5D26946EDF7F0F944
:1074000088B9019B93F8602102F0FF05C2B9B278F8
:1074100083F86121FF22684683F86021EEF796FE2B
:10742000284604B070BD08213088EAF75BFA0446AC
:10743000002837D002A9B0F8B401EDF7D1F908B1AE
:107440000C25EDE70721B4F8B601EAF74BFA20B9AD
:107450004FF40C613920E9F779FB03781BB994F8F4
:10746000D031032BECD1039B93F8AA21002AE7D15A
:1074700094F8F82102F0FF05002AE1D1B4F8B82110
:10748000A3F8AC2194F8BC2183F8AE21027D83F8E7
:10749000AF21B27883F8B02184F8F821FF2283F875
:1074A000AA21BDE70225BBE7200038040188A1F12D
:1074B0001B039BB2E02B0CD8428844F24810A2F583
:1074C000A4739BB2834204D8034B002019805A80D6
:1074D00070471220704700BFA00F0021034B1A888D
:1074E0005B88028043800020704700BFA00F00210E
:1074F00038B50478427804F00103857804F002047A
:1075000052EA030101D1112038BDBCB9002DFAD0D7
:10751000002B08BF144601E000242546204608F051
:10752000BDFA0028EFD0284608F0B8FA0028EAD0C3
:10753000054B00209C76DD769883E5E7002BEBD1A8
:1075400014461D46EAE700BF180C002113B5008859
:107550006946EDF745F918B10224204602B010BD86
:107560009DF8003001984BB908F069F90028F3D074
:10757000019B93F8722162B13A24EEE790F824332C
:10758000DBB290F8E620002AE6D113F0FB0FEFD132
:10759000E2E7684608F044F990F86C2002F0FF0436
:1075A000002AE9D190F86320920706D101226846AB
:1075B00083F87221EEF7CAFDCFE702220249643058
:1075C000EFF722F9C9E700BF4D7A000170B50378E3
:1075D0008AB00446032B03D9122528460AB070BD91
:1075E0004378032BF8D8437E85780BB9012DF3D16E
:1075F00015F0F80FF0D1A80740F19280022DEBD1E1
:107600005A4B5B79002BE7D000F072FE35EA00039D
:1076100040F0A780A67816F0010506D00123226964
:10762000A168E078FFF760FB0546B20707D50223A3
:107630002269A168E078FFF757FB2843C5B27307BA
:1076400007D504232269A168E078FFF74DFB2843A2
:10765000C5B2002DC1D1052E13D126790423E168CE
:1076600062693046FFF740FB05460028B5D1236923
:107670001344E278B242AFD1A2689142ACD18B42BE
:10768000AAD8237E013B062BA6D808F03AF9002899
:1076900069D16278364B21698DF8092022789942A8
:1076A00060698DF8082028BF1946227E9842216122
:1076B0008DF80A2028BF1846627EA378003A6061E0
:1076C0008DF80C3018BF0122DD078DF804308DF8DD
:1076D0000B2029D5E278012A16BFB2FA82F20222E3
:1076E00052098DF80520A268CDE904215A070BD56F
:1076F0002379012B16BFB3FA83F302235B098DF8BC
:107700000730E368CDE9083003A8FBF7F9FF054629
:1077100000287FF462AF01A8FAF75EF805465CE73F
:1077200069073FF459AF6FE7022B0BD1E278012ACA
:107730001CBFB2FA82F35B098DF80630A368CDE96D
:107740000631E1E75B07DFD5E378012B16BFB3FA1B
:1077500083F302235B098DF80730A368CDE9083174
:10776000D2E7112539E70C2537E700BFA00F00212C
:107770000024F4002DE9F041044688B0002000F018
:1077800089FD23788DF8043063788DF80530A3786F
:1077900003F001058DF806305B0748BF013500F0A6
:1077A000A7FD9DF80630834345D10DF1070003A9DD
:1077B00004F1030840F2712E0E468446DAB2954277
:1077C00014D840F20713A278ADF81C3032F005034C
:1077D00033D112F0050F30D0194CDAB2954217D8D8
:1077E00001A8FFF7F3FE08B0BDE8F08103EB8302C8
:1077F000013318F8027022440CF8017B9788D28874
:107800000EFB07F70EFB02F246F8047B7260D5E729
:1078100010F8012B012A10D88A680E46A2F6C4126D
:10782000A24206D8326804310133A2F6C412A24241
:10783000D3D93020D7E71120D5E71220D3E700BFF6
:10784000CBF3700200B589B0437940F271218DF815
:10785000043083798DF8053001238DF806300378E4
:107860008DF80730B0F801304B430393B0F8032094
:107870004A4307210592A2F6C412ADF81C1007492D
:107880008A4209D8A3F6C4138B4205D801A8FFF792
:107890009DFE09B05DF804FB3020FAE73C369C0001
:1078A0002DE9F04F437A8DB004469A0705D5A24AD8
:1078B000127912B943F001034372657A6B0704D160
:1078C000122528460DB0BDE8F08F15F0F80FF7D15E
:1078D00000F00EFD35EA000340F08D8194F8483049
:1078E00053B9012DECD1A369944AA3F25373934287
:1078F00040F220813025E4E715F00106F3D1AF070F
:1079000045BF731CB3464FF0FF0BDEB2680709D5C5
:10791000B31D8B4A54F82330A3F6C4139342E9D81D
:107920000136F6B24FF0000904F1220504F10C070C
:10793000C8465FFA89FA564500F20681E368984521
:10794000BED82378012BBBD813B9A378012BB7D8A5
:107950006378032BB4D894F84C30013B062BAFD896
:1079600007F0CFFF002840F03C81F9F7CBFC00285E
:1079700040F03D81F9F7BCFC002840F038816E4BA7
:107980009B7E53B9CDE9053305238DF81A3005A840
:10799000E9F7E0FF002800F01E816A4B0021A26990
:1079A0000DF112009A4294BFA261A361E2699A426A
:1079B00094BFE261E361226A9A4294BF2262236229
:1079C000E9F718FF0646002800F01381012322463C
:1079D000BDF81210FFF7F6F90546002840F09B802D
:1079E0003046FCF7A7FC0546002840F09480E71CD1
:1079F0006078F9F7D7FDA1783A462078F9F79EFD2F
:107A0000002800F0F080F9F7D3FD3A46A1782078FD
:107A1000F9F718FE054600287DD1657A022D07D0BA
:107A200000F066FC284000F0050007F0FCFE05466B
:107A30002846F9F749FD054600286CD13146032058
:107A4000F9F740FE0546A078394607F0E1FEF9F760
:107A500019FE002D5FD123783BB93A46A178304614
:107A600007F0D1FF002840F0C0800120F9F736FE72
:107A7000054600284FD10120F9F738FE05460028B9
:107A800049D1627A8DF8140012F0010306D0E16842
:107A90000691A169079101218DF8141091070FD566
:107AA000022A0BD104EB8301C86889690890099107
:107AB0009DF8141041F002018DF814100133DBB26F
:107AC00052070BD504EB8303DA689B690A920B9388
:107AD0009DF8143043F004038DF8143005A8FBF72B
:107AE0000FFE054694F84800003818BF0120F9F74A
:107AF0001FFD94F84C00F9F7E1FC65B9F9F748FE71
:107B0000054640B9B4F84A103046FBF795FD0546E6
:107B100000283FF4D6AE3088EBF7D0F8002130884B
:107B2000E9F7F6FE00283FF4CCAE41F27B21392084
:107B3000E9F70CF80126E2E6A00F00213CF67002FE
:107B4000CBF370020024F400D34530D0FB683A68D0
:107B500093423FF6B5AE288C98442A89EB89698810
:107B60000290688B0190A88A00900020FFF76CF8C3
:107B700000283FF4BFAEBAF1000F13D06A882B88FB
:107B80009A427FF49DAE2A89EB889A427FF498AEA0
:107B9000EA89AB899A427FF493AEAA8A6B8A9A42A9
:107BA0007FF48EAE09F1010902350437C1E6012EDA
:107BB000F8D1FB681148A3F57A7282423FF69AAE7B
:107BC0003A68A2F57A7181423FF694AE93423FF64D
:107BD00077AE9844E6E7059B93F8A530802B3FF4F9
:107BE000D6AE0C256DE6122595E70B2593E73A25D1
:107BF00067E60D2565E6112563E600BFA7F970026B
:107C000010B5437994B0032B55D823F002030279C1
:107C10008DF80230D0F806308DF80020CDF8033012
:107C20004389027BADF8073001238DF8012040F233
:107C300071228DF8093003885343039341884A43E6
:107C40000692A2F6C412847B417B41EA0421ADF87E
:107C50002410047CC17B41EA0421ADF82A10847C05
:107C6000417C41EA0421ADF83010047DC17C41EA39
:107C70000421ADF83610417D847D41EA0421ADF840
:107C80003C10C17D007E41EA0021ADF84210002188
:107C90008DF84810ADF84A100721ADF84C1008498E
:107CA0008A420AD8A3F6C4138B4206D86846FFF767
:107CB000F7FD14B010BD1220FBE73020F9E700BF3C
:107CC0003C369C0030B5044695B0002000F0E2FA46
:107CD0006946204607F04CFE054600F009FB9DF87A
:107CE000094034EA000302D0112015B030BD14F071
:107CF000050F1ED014F0F80F1BD100F0F9FA8443E1
:107D0000F2D103AB0C49E2B2954203D86846FFF7C3
:107D1000C7FDEAE7DA681846A2F6C4128A4206D816
:107D2000026804330134A2F6C4128A42EBD930202F
:107D3000DBE71220D9E700BFCBF370022DE9FF414A
:107D4000077804460D46EF2F01D912259CE0B0F8C4
:107D50000130ADF80C309DF80C30D8066CD4990683
:107D600003F0030265D5002AEFD11A0703D503F00B
:107D70006703012BE9D163781E0711D42179E278DA
:107D8000E07942EA0122617942EA0142A17941EABD
:107D90000021207A41EA00418A42D6D81F2AD4D94C
:107DA000627A013A062AD0D8A27A032ACDD813F0F3
:107DB000040102D1023A012A03D8E27A012AC4D886
:107DC00011B9A27C032AC0D813F01001227D43D040
:107DD000012ABAD1237E012BB7D800294CD0637871
:107DE000D80703D500F002FA00284CD06378227D32
:107DF00003F01801082959D1022A44D11B0709D4DC
:107E0000E279A37943EA0223227A43EA0243B3F5F3
:107E1000804F38D81FFA87F802214046E9F762FD03
:107E20000646002848D0F4F74DFF002850D00C2516
:107E30002AE0032A99D188E713F0600F85D103F077
:107E40000F0203F00703052B95D0931E012B92D947
:107E5000002A7FF47AAF8EE7022A04D103F06F0381
:107E6000092B7FF472AFA37D013B022B3FF66DAF70
:107E7000E37D0F2BAED968E700F03AFA81070AD408
:107E8000237D022B04D11125284604B0BDE8F081E2
:107E9000A37D022BF7D000F02BFA42079FD4237D5D
:107EA000032BF0D0A37D032B99D1ECE7022AA5D0B8
:107EB000A27E002AA2D0E6E702214046E9F7D2FCE2
:107EC0000646002840D0214B93F91C10F2F792FE91
:107ED0000021384609F04DFA18BB3046F3F704F993
:107EE00021462870E0743046F2F7BEFF637E0546F7
:107EF000002BC9D00028C7D10246F16C6846E9F7CB
:107F00003FFE2A46F06C012107F0C6FAF16C684684
:107F10000422E9F735FE2A462946F06C07F0BCFA40
:107F2000B2E7403009F045FA0028D6D0637813F064
:107F3000330F7FF40AAFA77D3046F3F701F907F05E
:107F40008BFD8742C9D072E707259DE7A00F00216E
:107F500030B502798BB00346042A58D84488B4F56A
:107F6000804F54D82B4800211044ADF804108DF8F0
:107F70000C10027AC57842F010028DF8211042EA06
:107F80004502457B807C42EA850242EAC00202F05B
:107F90001F028DF80420BDF80420ADF80D201A88CA
:107FA0008DF81240240A8DF80F20120A8DF8111056
:107FB0008DF814108DF810208DF813405A7BD3F8EB
:107FC00007008DF815205A79069003A88DF8162021
:107FD0009A798DF81720B3F80B209B7BADF81C2005
:107FE0008DF81E307F238DF81F3001238DF820304F
:107FF0008DF822308DF823108DF824108DF825107F
:108000008DF8261001A9FFF799FE0BB030BD1220A4
:10801000FBE700BF1AB2020137B5037805468BB102
:108020000DF1060002F056FA0DF107009DF9064029
:1080300002F056FA9DF807301C4364B214B10C20CC
:1080400003B030BD2A780020014B1A71F8E700BF59
:10805000A00F00210278034672B1427862B14288D3
:108060001A2A09D982881A2A06D90068034A106098
:1080700000209B889380704712207047180C0021C5
:1080800002680020014B9A60704700BF180C002165
:1080900002680020014BDA60704700BF180C002115
:1080A0000378A3F10A02112A9BBF024A0020122082
:1080B00013747047180C0021014B1876002070478C
:1080C000A00F0021014B587600207047A00F00211F
:1080D00008B5052000F0EAF8FEF750FA014B024A15
:1080E0005A6208BDA00F0021816B010108B505206F
:1080F00000F0DCF8F6F790FD014B024A5A6208BD29
:10810000A00F0021816B010108B5F2F7B5FDF4F76E
:108110008BFA0248BDE80840F2F74CBDC80F0021B9
:1081200008B5FCF789FAFBF765FAFCF7DBF8FFF70F
:10813000F3F801460248BDE80840F9F74DB900BF21
:10814000C80F002108B5EAF7A1FD064800F58471C3
:10815000EAF7FCF8012007F0E5F80020BDE8084048
:1081600007F0E0B8C80F002108B50122064B83F8DC
:108170000A22F2F789FDF6F737FBFFF7E3FFBDE8C8
:108180000840EEF771B900BFC80F002110B5064CCA
:10819000064904F5037008F0E6FD04F5047004498F
:1081A000BDE8104008F0DFBDC80F00217C040021AD
:1081B0008404002110B5094C094904F5037008F046
:1081C000D2FD04F50470074908F0CDFD04F50570F3
:1081D0000549BDE8104008F0C6BD00BFC80F00212A
:1081E000AC040021B4040021A4040021014B93F845
:1081F0000A027047C80F002110B5094C094904F55F
:10820000037008F0B0FD04F50470074908F0ABFDF9
:1082100004F505700549BDE8104008F0A4BD00BF95
:10822000C80F00218C0400219C040021940400212B
:1082300038B5094C0D46EEF7E1F8D4F80C02C4F855
:10824000045108F088FDFEF7BDFEEEF795FD012311
:1082500084F8183238BD00BFC80F0021014B93F8D5
:1082600018027047C80F002110B5094CD4F810024D
:1082700008F071FDD4F8140208F06DFDFEF774FEED
:10828000202000F021F8002384F8183210BD00BF30
:10829000C80F0021014B83F819027047C80F002155
:1082A000014B93F819027047C80F0021C208054915
:1082B000012300F0070003FA00F08B5C1843885498
:1082C000704700BF30000021C208054900F00700D8
:1082D00001238340885C20EA03008854704700BF74
:1082E00030000021014BD3E900017047300000212C
:1082F000054B1868C0F3C022C0F30020400040EADC
:10830000820040F0010070473000002108B502F003
:10831000CBFA0023074A32F82310814205D302EB3F
:1083200083039B78044A137008BD01330C2BF2D1F0
:108330000023F7E74AB20201E2110021024B18784C
:1083400000F00700704700BFE211002110B544683B
:10835000238884F80A12A4F80B3294F8700007F00E
:108360008CFB84F80D0294F8710007F086FB022262
:1083700084F80E0204F201200349EEF745FA0023C7
:1083800084F86C3110BD00BFB70E02014068074988
:108390000388A0F8FD3190F8683080F8FF3190F83C
:1083A000693000F5FA700373EEF7AEB9EF0E020113
:1083B0002DE9F743456804460F4695F8C63095F811
:1083C000C580242B2CD1C6353846EDF79DFE0028FC
:1083D0004DD03846EDF78CFE81463846EDF78CFEE1
:1083E000014608F0D8FD666848B396F870309842A8
:1083F00025D096F86C21012A0CBF96F86E2196F8CC
:108400006C20114233D0B8F1220F18D096F86920B1
:10841000114214D153B94FF4B6710620E8F796FB18
:10842000B8F1220F40F0C480C535CDE7042B01D050
:10843000042832D1984294BF00200120B8B94846A0
:1084400008F0A9FD00284BD096F87130834247D040
:1084500096F86C31012B0CBF96F86F3196F86D30A1
:1084600019EA030F14BF01230023002B38D16368DE
:1084700093F86C21012A19D11E212046FFF766FFCF
:10848000B8F1220F20D1FA786368182A83F85121B5
:1084900010D040F26D217E20C0E7082BCAD00828FA
:1084A000C8D098422CBF00200120C7E7002283F8E3
:1084B0006C21E5E70A2283F8C52093F80431002BEC
:1084C0003CD140F27521E6E7002320462B70EEF701
:1084D0003FFD3946204603B0BDE8F043EEF77ABDD4
:1084E000304601AA394608F0A1FD666880BB96F8BF
:1084F0006C31012B29D1B6F8BC3006F56D7296F8B7
:108500007010B6F8700108F0F8FD0646C0B90146D3
:108510002046FFF71BFF2E70636803F1C6029542E9
:1085200002D1002283F8C620636803F1C602954297
:108530004FF0000539D12046EEF70AFD002038E063
:108540006368282283F8C520E6E786F86C01E3E734
:108550003846EDF7D7FDA6F8B4036068B0F8B43339
:10856000B0F8BC20013B9B1A47F6FD729BB29342C8
:1085700007D9282380F8E730DE300F49EEF7C4F83A
:10858000D2E790F8C6300E2B02D00B3B012B01D85E
:108590002A23EFE79DF8043080F8B6339DF80530C4
:1085A00080F8B73326232B70BEE783F80451C5E764
:1085B000022003B0BDE8F08341700001044B1B7C36
:1085C000002B14BF4FF405704FF49C70704700BF30
:1085D00030120021014B1874704700BF3012002187
:1085E00070B5104D0C460621E9F792F92B68C3B11E
:1085F00094F83930ABB10C4B1B6823B940F24D21D4
:108600000D20E8F7A3FA9847092180B2E9F76AF943
:1086100010B94FF41471F3E72B683E21BDE87040A8
:10862000184770BDC0040021BC04002108B500F04B
:108630004FFB00F01BFA00F005F8BDE8084000F021
:10864000CBB800BF034B00214FF480521970A3F840
:10865000012070477012002170B5064602201446B2
:108660000D4600F01DFA064B0122033C1A70054B23
:10867000C3F81045C3F80865C3F8045570BD00BFC2
:108680007012002100E00041022008B500F008FA55
:10869000084B002208484FF0010C084980F800C040
:1086A000C3F80021C3F80421C3F80821C3F88010DF
:1086B00008BD00BF00E000417012002103000080EF
:1086C000104B1A785AB110490020C1F88000D1F837
:1086D00000213AB91021002099705A7018700020BA
:1086E00000F0DEB9D1F80421002AF3D0D1F8082136
:1086F00012B110210246EEE7D1F800140122C9B2EE
:10870000E9E700BF7012002100E00041022008B537
:1087100000F0C6F9064B0022012106480170C3F89B
:108720000021C3F80421C3F80821196008BD00BF67
:1087300000E0004170120021184A1378002B10B598
:10874000507818BF0220A0F10204B4FA84F464093E
:10875000BBB1C823124A013BD2F80011DBB241B1D0
:10876000D2F8040120B1D2F80801B0FA80F0400933
:1087700010BD0BB1002CEED140F205113B20E8F703
:10878000E5F9C82300E01CB1013B13F0FF03FAD167
:108790000228F1D0431E5842584110BD70120021EA
:1087A00000E000410A4B1A787AB10A4BD3F8002155
:1087B0004AB1D3F8042132B1D3F808211AB9D3F859
:1087C0000004C0B27047102070479878704700BF0F
:1087D0007012002100E00041024B00221A809A70C2
:1087E000704700BF741200212DE9F84304461E466D
:1087F0000120894604F0030590469DF8207000F0A2
:108800004FF945EA064524480023244A45F080757F
:1088100014F0FB0FC0F80455C0F80895D0F81815EF
:1088200021F0FF0141EA0801C0F818154FF400716A
:10883000C0F884301A4B1E71C2F8081504D1194AC9
:10884000C0F88021C0F88420022F20D81649012CBE
:10885000114AC95DC2F8201506D00122022CDC7035
:108860005A7009D9BDE8F8830E491048C0F8D011F4
:10887000C2F88C105C70DC70074A0121002019706E
:10888000C2F80001C2F800021160BDE8F88340F2AE
:10889000D1113C20E8F75AF900E0004100F0004116
:1088A000741200210900008064B3020100800041BD
:1088B000274B5A7810B5002A40D0264A0124C2F826
:1088C0000C15C2F81005D9789C7011B3042918D082
:1088D000197879B31B790021023BC2F80411012BEE
:1088E00005D81D480323C0F85011C2F81C3519499A
:1088F0004FF4007219481A4BC1F88400C3F80425DC
:1089000010BD00211C70C2F80411C2F800421460AE
:1089100010BD1B78BBB1124B4FF40070C2F80411AC
:10892000C3F80405D2F800110029E9D05460C3F857
:10893000080510BDFE213C20E8F708F940F20121AE
:108940003C20E8F703F9EB213C20E8F7FFF800BFF3
:108950007412002100E00041008000410500008009
:1089600000F00041104B1A78CAB100220F4910489C
:1089700010B44FF40074C1F88420C0F80845A0F585
:10898000E040C1F88021C1F88420C0F8D021C1F8AE
:108990008C201A70002210BCA3F80120704700221E
:1089A000A3F80120704700BF7412002100E00041CD
:1089B00000F0004108B50B4B1B784BB10A4BD3F8C4
:1089C000042152B1D3F80004003818BF012008BDBB
:1089D00040F267213C20E8F7B9F84FF41A713C20C7
:1089E000E8F7B4F87412002100E00041F8B5184B24
:1089F0001B783BB3174CD4F8043113BB164B02223F
:108A0000C4F804231F691A6907F0100742F0100226
:108A10001A61D4F8043153B9104E4FF48045C6F8AA
:108A2000805108F018FED4F80431002BF7D027B994
:108A3000094A136923F010031361064B0222C3F89D
:108A40000823F8BD40F273213C20E8F77FF800BF0F
:108A50007412002100E0004100ED00E000E100E0C0
:108A6000014B01229A60704700E0004138B54FF495
:108A70008042094BC3F88020BFF34F8FBFF36F8F45
:108A8000064C0025C4F80055C4F80055FFF76AFFEE
:108A9000C4F8805038BD00BF00E100E000E00041B4
:108AA00070B5124D00260446C5F80065C5F800658E
:108AB000FFF758FF012CC5F8806006D0022C0BD0C0
:108AC0004CB182213D20E8F741F80222084BC5F85D
:108AD0000025C5F8143570BD0321054A054BC5F8BE
:108AE0000015C5F81425C5F8803070BD00E00041C0
:108AF0007C12002103000080074B9B78012B08D0DB
:108B0000022B05D1830702D4044B01221A6170475E
:108B100070474207F8D57047881300210080004154
:108B200008B5144B93F84530D90715D59A0711D5D8
:108B3000114BD3F8002242F00102C3F80022D3F80F
:108B4000503503F0F603022B06D140F2CC513E2003
:108B5000E7F7FCFF5B0700D408BD074B074AC3F8E3
:108B6000882001F039FE0028F6D040F2D4513E2092
:108B7000E7F7ECFF88130021008000410800008027
:108B800008B5184A431E82F82400072B24D8DFE8D2
:108B900003F00E04231E23232319134B0421134A2D
:108BA000C3F81015D2F88420C3F8882508BD0E4BF1
:108BB0000322C3F810250D4A0B4BD2F88020C3F8CE
:108BC000882508BD084B0522C3F81025F3E7064B9E
:108BD0000622C3F81025EEE740F674513E20E7F771
:108BE000B5FF00BF88130021008000410000FF0195
:108BF00010B5431E314C82B084F82400072B57D89F
:108C0000DFE803F02C04563C565656372C4B042014
:108C10002C4AC3F81005D2F88420C3F888252A48C6
:108C200001F07F03264A405CC2F80805C2F85435BB
:108C30006378012B27D0254B0022C3F80025204B59
:108C4000D3F8002242F48872C3F80022D3F86825D2
:108C500042F4C022C3F8682502B010BD184B0322AD
:108C6000C3F81025174A164BD2F88020C3F8882580
:108C7000D5E7134B0522C3F81025F3E7104B062266
:108C8000C3F81025EEE701AB94F92520E07801F058
:108C90003DFB9DF9040001F0A3FA0DF1050001F080
:108CA00013FC0028CBD040F29D513E20E7F74EFF49
:108CB00040F674513E20E7F749FF00BF88130021BA
:108CC000008000410000FF0168B302010040004144
:108CD00058220021094810B505F006FB41F2111495
:108CE000074B00224FF08240AA21C0F8004EC3F883
:108CF000402EC3F8442EC3F8001E10BD8813002177
:108D000000700041962808B507D89528054B8CBF00
:108D10000022012218851A7008BD40F2F3113E208E
:108D2000E7F714FF88130021024B185C00F516606A
:108D3000704700BF68B30201014B93F838007047D9
:108D4000881300210B4B0C4A10B493F83810D3E968
:108D50000C3002EB8102C01AD36C116F03F2E733BF
:108D6000946A064A5B1A204410BCA2FB032300EB62
:108D7000931070478813002168B30201D34D62102D
:108D8000014B186B704700BF88130021014B586BD3
:108D9000704700BF8813002108B50139134B83F8D1
:108DA0004400072918D8DFE801F015131704171736
:108DB00017040F490F4A104B0243C3F81415C3F8A8
:108DC0001825D3F8503503F0F703032B09D008BD5D
:108DD0000A49EFE70A49EDE740F2F3213E20E7F7C1
:108DE000B5FE40F20B313E20E7F7B0FE88130021BC
:108DF0000801906300000302008000410801100197
:108E00000801100008B5154A154BC3F8AC210278CB
:108E1000032A1DD1D3F81425012990F801C022F4AA
:108E2000702210490CF03F0C0F4808BF42F400229A
:108E30004CEA0000C3F814250A6A42F00302C3F8A2
:108E40000029C3F8100901230A6281F8543008BDD3
:108E50004FF458713E20E7F779FE00BF060000800E
:108E6000008000418813002180320200384B4FF40B
:108E7000807270B5C3F88020BFF34F8FBFF36F8F40
:108E8000002234480121344D1346344CC0F8FC2FE5
:108E9000C0F8FC1F05EBC3010133D1F800232240C9
:108EA000824204D1D1F80023D1F804131160202BA1
:108EB000F0D1284C40F2031040F25B62284DC4F818
:108EC00034050123C4F838250321234AC4F830357A
:108ED000C4F8101585F82430D2F8803040F2012211
:108EE000C4F888354FF48013C4F85026C4F8003213
:108EF00005F066FA1B4B1C491C4AC3F8C011043923
:108F0000C4F8A8210232C3F8C81041F6F851C3F8DA
:108F1000C4200023164A2B876B63C2F804154FF454
:108F200080712B70D4F80009094A286296202885A0
:108F30001020C2F8801185F8453085F85430AB6DAB
:108F4000C4F80403116013B1BDE87040184770BD48
:108F500000E100E0008000410000FF0100F0FFFFA1
:108F60008813002100C000410A0000800300008037
:108F700000F0004138B50368434A190E434C1B0208
:108F8000C2F82415C2F81C354368C2F83C35037A90
:108F900084F82630437A817A5A1E84F84410072ACE
:108FA00067D8DFE802F0391C660466666604384D4F
:108FB000354A0D433749C2F81415C2F81855D2F88E
:108FC000502502F0F702032A4ED01A1F84F82430ED
:108FD000042A53D8DFE802F03552525243002A4B9C
:108FE0002D4AC3F814252A4A0A43C3F81825D3F892
:108FF000502502F0F702032A36D00425274A022121
:10900000C3F8105584F82410D2F88420C3F88825BA
:10901000C37A84F8253038BD1B4B214AC3F8142588
:109020001B4A0A43C3F81825D3F8502502F0F7026B
:10903000032A19D00121032284F82410C3F8102533
:1090400003E0114B0622C3F81025144A0E4BD2F848
:109050008020C3F88825C37A84F8253038BD0A4BB0
:109060000522C3F81025F0E740F20B313E20E7F768
:109070006DFD40F2F3213E20E7F768FD40F67451A4
:109080003E20E7F763FD00BF008000418813002108
:109090000000030208019063080110010000FF01B5
:1090A00008011000014B83F8250070478813002148
:1090B000034B020E0002C3F82425C3F81C057047B9
:1090C00000800041014B83F826007047881300217F
:1090D00000B583B001AB01F019F903B05DF804FBF2
:1090E0002DE9F047744D86B095F84530DA0740F128
:1090F000CF8000284FF0000204460F460CBF042327
:1091000002238DF806208DF8043001F07FFB012842
:109110004FF0FF3088BF00208DF8050001A805F052
:1091200079F9002840F0AF8095F845304FF00108FC
:10913000624E43F0020385F8558085F84530D6F835
:10914000003243EA0803C6F80032002C3FD0012C5D
:1091500079D02A8D5A4B952AC3F84C80D3F84C35D8
:1091600000F2A080B4FA84F4022301A864098DF807
:1091700004308DF8054005F0C3F90DF1030005F04A
:1091800055F9002840F08980AA789DF80330012A1B
:1091900018D0022A11D183F00203C3F3400385F8EB
:1091A00056303BB1454B00220121C3F88020C3F863
:1091B0008420196106B0BDE8F08785F8560006B036
:1091C000BDE8F08783F00403C3F38003E7E795F875
:1091D00026903846DFF8ECA0FFF7D2FC4946384627
:1091E0001AF80930C6F8083509F07F03C6F8543577
:1091F00001AB95F9252001F089F89DF9040000F0F4
:10920000EFFF0DF1050001F05FF900284FD12A8D25
:109210002B4B952A85F80280C6F80080C3F84C8055
:10922000D3F84C359ED928480AF19401836028333D
:10923000C36001F031F90130012893D940F20F7178
:109240003E20E7F783FC384695F82610FFF7D0FC60
:1092500002232A8DAB70952A194B7460DC64D3F815
:109260004C357FF67FAF1848184983602933C360B7
:1092700001F018F9013001287FF674AF40F21C713B
:109280003E20E7F763FC40F6B2213E20E7F75EFCA4
:1092900040F23C713E20E7F759FC40F6D4213E20D5
:1092A000E7F754FC4FF4E4613E20E7F74FFC40F24F
:1092B0009D513E20E7F74AFC8813002100800041C1
:1092C00000C0004168B3020138000021FCB3020174
:1092D00070B582B0102405F029F905F049F9464A25
:1092E00000234FF48011D2F804630546C2F8084306
:1092F000424C06F01006C2F80012C2F88030C2F8E4
:109300008430C2F88830C2F88030C2F8843084F8E3
:109310004530D2F85015C9B2002938D1238D952B8C
:1093200004D9A378012B5DD0022B51D00023324AFF
:1093300094F854102371C2F810312380A37091B1B6
:10934000C2F8AC3184F85430D2F8143523F47023C9
:10935000C2F81435236A23F00303C2F800392362EC
:10936000274BC2F810391EB1234B1022C3F8042337
:1093700015B1214B01221A6194F856302BB11E4AC7
:1093800001210023116184F8563002B070BDFF2125
:109390008DF80710C2F81031012313619DF80730D2
:1093A0004BB90CE09DF80730013BDBB28DF807307C
:1093B0009DF807301BB1D2F81031002BF2D09DF888
:1093C0000730002BAAD140F666013E20E7F7BEFB2E
:1093D00001F074F801300128A8D940F67D013E2043
:1093E000E7F7B4FB01F064F8013001289ED940F69C
:1093F00077013E20E7F7AAFB008000418813002197
:1094000080320200F8B50022374B384FC3F84825A8
:10941000C3F84425C3F84025C3F84C25FFF758FF8F
:109420003B8D952B4CD897F855302BB104F0F8FFB5
:10943000002854D187F85500002004F0FDFF0446B1
:10944000002847D1284D41F6F852294E294BC3F840
:109450000825C5F8C401C6F88000C6F88400C6F81F
:109460008800C6F88000C6F88400C5F8C800C5F8B2
:10947000C40004F0BDFF00220023C6F8A841C5F8CF
:10948000C0413C76C5F84845C7E90C231A4B4FF458
:109490008072C5F84445C5F84045C5F84C45C5F847
:1094A0004841C5F84441C5F84041C5F84C41C3F8AE
:1094B0008020BFF34F8FBFF36F8FC3F88021F8BDBB
:1094C00000F0E4FF01300128ADD940F211513E20F7
:1094D000E7F73CFB40F22A513E20E7F737FB40F22A
:1094E00027513E20E7F732FB00C0004188130021DE
:1094F0000080004100F0004100E100E02DE9F04F64
:10950000A74C87B006460F4694F8453043F0020357
:1095100084F84530002840F0A08004238DF8060030
:109520000DEB03098DF8043001F070F901284FF0BC
:10953000FF3088BF00208DF80500484604F06AFF20
:10954000002840F0F18094F826804FF0010B954DF3
:109550003846DFF854A284F855B0FFF711FB15F830
:10956000083041463846CAF8083508F07F03CAF883
:1095700054354B4694F9252000F0C8FE9DF90400AF
:1095800000F02EFE0DF1050000F09EFF002840F0D7
:109590000281237884F802B0012B05D1DAF8003279
:1095A00043F00803CAF8003205EB47057F48804ABC
:1095B000B5F8A85005F5FA75A0FB05357A4BC3F848
:1095C0008020AD092378002B67D194F8453043F013
:1095D000020384F84530FFF7A3FA01F0FDF8804656
:1095E000002869D102F052FF002E724B039008BF91
:1095F000012200F5A87018BF00228DF804800293A4
:109600008DF8052053F82030484604935BD1DFF8ED
:109610009481664A08EB4707B7F8A83003F516733C
:10962000A2FB03239B09059304F06AFF238D952B6E
:109630007FD80DF1030004F0F9FE002840F0A1806E
:10964000A2789DF80330012A69D0022A53D084F809
:109650005600284607B0BDE8F08F00234FF00208FF
:109660000DF104098DF806308DF8048001F0CEF874
:1096700001284FF0FF3088BF00208DF805004846D4
:1096800004F0C8FE054600284ED101239E4284F80E
:1096900055305FD02378002B97D0012B9BD194F8C5
:1096A000453043F0040384F84530FFF739FA01F000
:1096B00093F88046002895D00025FFF709FE28463C
:1096C00007B0BDE8F08F2823059304F019FF238D20
:1096D000952BAED9012E59D1374829233749C0E9F6
:1096E000028300F0DFFE01300128A2D940F21C7194
:1096F0003E20E7F72BFA83F00203C3F3400384F81C
:109700005630002BA5D0284B002201212846C3F853
:109710008020C3F88420196107B0BDE8F08F83F082
:109720000403C3F38003EAE740F6B2213E20E7F7E3
:109730000DFA2148282308F194018660C36000F0E7
:10974000ABFE013001287FF674AF40F20F713E206E
:10975000E7F7FCF994F826103846FFF749FA237822
:1097600084F80280012B06D10F4AD2F8003243F070
:109770000403C2F800320C4B29250D4AC3F884209B
:1097800088E740F6D4213E20E7F7E0F94FF4E461A2
:109790003E20E7F7DBF940F29D513E20E7F7D6F98E
:1097A0008813002168B3020100800041D34D62108C
:1097B0000A00008000C0004138000021FCB3020113
:1097C0002DE9F04F0D4689B006461746002840F0B7
:1097D000A58004238DF80E000DF10C088DF80C30D7
:1097E00001F014F801284FF0FF3088BF00208DF8F9
:1097F0000D00404604F00EFE002840F00281964C19
:109800004FF0010B3846DFF8549294F8261084F894
:1098100055B00191FFF7B4F901993846DFF840A23D
:1098200019F80130CAF8083501F07F03CAF8543539
:10983000434694F9252000F069FD9DF90C0000F0E5
:10984000CFFC0DF10D0000F03FFE002840F0FA8043
:10985000227884F802B0012A0ED009EB4709814929
:10986000B9F8A83003F5FA73A1FB0313A5EB931520
:1098700012B97D4BCAF880307C4B7B4AC3F8405507
:10988000C3F8C021A3F580431022C3F80423237832
:10989000002B72D194F8453043F0020384F8453030
:1098A000FFF73EF9714B0122DA64D3F84C2595425B
:1098B00040F29C80002E04934FF0000306958DF833
:1098C0000C30059308BF01238DF80D305ED1634E37
:1098D0004046644A06EB4707B7F8A83003F516730D
:1098E000A2FB03239B09079304F00AFE238D952B0B
:1098F00000F28C800DF10B0004F098FD002840F080
:109900009780A2789DF80B30012A6AD0022A57D09E
:1099100084F85600012009B0BDE8F08F00234FF015
:1099200002090DF10C088DF80C908DF80E3000F046
:109930006DFF01284FF0FF3088BF00208DF80D002B
:10994000404604F067FD00285BD10123424C9E4253
:1099500084F8553071D194F826103846FFF748F94D
:10996000237884F80290012B86D0293D002B83D1E7
:109970003B4B3D4AC3F884207EE7012B90D194F8FD
:10998000453043F0040384F8453089E728234046F6
:10999000079304F0B5FD238D952BABD9012E56D13D
:1099A000334805F129033349C0E9025300F07AFD39
:1099B000013001289ED940F21C713E20E7F7C6F81D
:1099C00083F00203C3F3400384F85630002BA1D088
:1099D000234B00220121C3F88020C3F884201961A1
:1099E00098E783F00403C3F38003EDE70024C3F892
:1099F0004045C3F8C041FFF76BFC204609B0BDE805
:109A0000F08F40F6B2213E20E7F7A0F8184805F1A4
:109A1000280306F19401C0E9025300F03DFD013036
:109A200001287FF667AF40F20F713E20E7F78EF80E
:109A300040F6D4213E20E7F789F840F2E9713E2054
:109A4000E7F784F840F29D513E20E7F77FF84FF4A6
:109A5000E4613E20E7F77AF88813002168B3020139
:109A600000800041D34D62100800008000C000411A
:109A700038000021FCB302011A4B70B593F839503D
:109A800035B304461646084644B1012C0FD00021D8
:109A900032462046FFF794FEF8B170BD012D93F8D1
:109AA00038105D6B0CD000F0B3FB4119F0E7012DCD
:109AB00093F838105D6B07D000F0D8FB4119E7E749
:109AC00000F0C4FB4119E3E700F0B0FB4119DFE708
:109AD00040F62A013E20E7F739F840F651013E20D2
:109AE000E7F734F888130021014BC3F83C057047B1
:109AF0000080004138B50446074804F09DFC28B9B1
:109B0000064D94E80F0085E80F0038BD40F6E601E9
:109B10003E20E7F71BF800BFF98A0101E41300219A
:109B200008B5164B164993F84520C1F8040542F0D4
:109B3000010C1864900783F845C010D5D1F80032A5
:109B400043F00103C1F80032D1F8503503F0F603B9
:109B5000022B06D140F2CC513E20E6F7F7FF530727
:109B600000D408BD074BC1F8883000F035FE00284E
:109B7000F7D040F2D4513E20E6F7E8FF88130021E9
:109B80000080004108000080114A536B834210B5E9
:109B900019D201240F4BD0615C64D3F844151476BC
:109BA0004A1D824206D3A3F58043D3F8042102B9AB
:109BB0001C6110BD0021084AC3F84411C3F84405D4
:109BC000C3F8C42110BD40F6F7013E20E6F7BEFF02
:109BD0008813002100C000410B00008010B50F4C1D
:109BE0000222034694F839C02276BCF1010F208D81
:109BF00094F8381094F824200BD000F067FBE06153
:109C0000636B0021064A0344C2F84411C2F844358C
:109C100010BD00F03BFBE061F2E700BF88130021BC
:109C200000C0004130B4094A40F00044084D01230F
:109C3000C5F8044103FA00F00C60D36B05490343F7
:109C4000C1F80405D36330BC704700BF88130021FE
:109C50000080004100F00041044BC3F86005D3F8D8
:109C6000002242F04002C3F8002270470080004109
:109C7000054B0021D3F8002222F04002C3F8002255
:109C8000C3F86015704700BF00800041044B0246D6
:109C90000120D3F8483503F07F035B42137070470F
:109CA0000080004170B5304E86B00446338DF170AF
:109CB000952B8CBF00220122327008BB01227270EA
:109CC000B278022A30D096F8242001AD27492848DE
:109CD00001EB4201B1F8BC2002F2E732A0FB021214
:109CE00003EB9212B4FA84F4012328460292640929
:109CF0008DF804308DF8054004F002FC06B070BD0C
:109D0000022201AD7270B17896F824200229DDD1CB
:109D10001649174801EB82010A6F02F2E732A0FBF5
:109D20000212A3EB9212DDE701AD084696F9252059
:109D30002B4696F8261000F0E9FA9DF9040000F091
:109D40004FFA0DF1050000F0BFFB40B9094AD2F807
:109D5000003243F48873C2F80032338DD3E740F207
:109D60009D513E20E6F7F2FE8813002168B3020100
:109D7000D34D621000800041024B0022C3F8402501
:109D8000704700BF00C00041044B30B4D3E9124516
:109D90001B6DC0E9004530BC0B6070478813002183
:109DA0009C4B01222DE9F0439B4C83B0DA64D3F83D
:109DB0004C6503F009FC238D0022A064952BC4E9B7
:109DC000132606D9A378012B00F0BF81022B00F0E7
:109DD0009781924B00229249C3F88020C3F88420D7
:109DE000C3F88820C3F88020C3F8842084F8452075
:109DF000D3F800221140227EC3F80012002A7AD143
:109E0000A378012B00F08280022B00F087800025D0
:109E1000824BD3F8103113B145F01005EDB27F4BF2
:109E200001A8D3F80421003A18BF01228DF80420BC
:109E30000022C3F80021C3F80C21C3F81021C3F895
:109E40000421C3F81421C3F81821C3F80821C3F86A
:109E50006C2104F07FFB10B145F01005EDB200223B
:109E60006C4BC3F8442105F01802102A00F00E8153
:109E7000684BD3F84875D3F844356763236394F887
:109E80003930022B00F01481A378022B00F01081EE
:109E900094F82410A278637884F8381084F8392074
:109EA000002B00F0158115F0110F40F04A81B3F13D
:109EB0000108207994F8009018BF4FF0010800289D
:109EC00000F00C815748FFF755F861690023B9F19C
:109ED000010F2380A370237104D13B368E4237D803
:109EE00084F80090E2784046FFF76AFC002800F012
:109EF0005981002030E003F58043D3F84421A37852
:109F0000003A18BF0122012B7FF47EAF434BD3F8F8
:109F10000C51002D3FF47CAF082580E73F49D1F874
:109F20000C01D1F80014002806BF002304250625E3
:109F300011F0010F18BF1D4632B105F00B0345F0BB
:109F4000010543F00103EDB2002B7FF468AF5FE73A
:109F5000324B4846C3F8109094F85430A3B12F4BBD
:109F60000022C3F8AC2184F85420D3F8142522F43D
:109F70007022C3F81425226A22F00302C3F80029D4
:109F80002262294AC3F81029EF0772D4AE0751D4D0
:109F900015F0280F40F0AD8015F010056ED0A36EBF
:109FA0009847A378022B13D1237E8BB1022B00F0AC
:109FB000B280012B40F0F180E369626B934240F282
:109FC000E780144AC2F84435124B184AC3F8C4213A
:109FD00004F038FA80F00100C0B2C0B1BDB1002376
:109FE0000E4A0193019B01330193019B013300F061
:109FF000CA80D2F8503503F0F703042BF2D00020CA
:10A000000B4B4FF48071C2F81001C3F8801103B0FC
:10A01000BDE8F08300C000418813002100800041AA
:10A02000E2FEFFFF90130021803202000B0000804F
:10A0300000E100E0604BD3F85034D90172D513F041
:10A04000F00F0CBF0122002213F4706F08BF42F022
:10A0500001020AB91A0765D1574AD2F85414C3F35A
:10A060004252C3F30443022A98BF012B5AD101295B
:10A0700058D0E36D984715F0100590D1A378022BC6
:10A0800092D003B0BDE8F04304F0DCB9A278012A15
:10A090007FF4EEAED3F8487545F02005D3F844358B
:10A0A000EDB26763236394F83930022B7FF4F0AE8E
:10A0B00094F82410042902D008297FF4EBAE3E4B1B
:10A0C000D3F8143413F0060F0CBF08210421E1E685
:10A0D00018462380A370237123763DE7208D002A44
:10A0E00065D0012B3CD1012A45D000F091F8C1196F
:10A0F000ECE685F02001636EC1F3401198474BE711
:10A1000000F0DCF9013001287FF663AE40F67D01F6
:10A110003E20E6F71BFD636BE169284A0B44C2F859
:10A12000443551E7226C94F8443052789A421DD855
:10A1300085F00403C3F380030146226E184690475E
:10A140002AE7FFF7C5F8002006E700F0B1F9013073
:10A1500001287FF63EAE40F677013E20E6F7F6FC9A
:10A16000012A0CD000F082F8C119AFE645F00405D1
:10A170000023EDB2E0E700F069F8C119A6E600F0AF
:10A1800055F8C119A2E640F675413E20E6F7DEFC1F
:10A1900040F657413E20E6F7D9FC40F656413E20B6
:10A1A000E6F7D4FC40F69A213E20E6F7CFFC40F6D5
:10A1B0002A013E20E6F7CAFC0080004100C00041B1
:10A1C000024B03EB8003986A704700BF68B302013B
:10A1D000024B03EB8003186F704700BF68B30201A6
:10A1E0000028094B08DD01220338C3F80025C0B25E
:10A1F000064BC3F80C0570470022C0B2C3F8002517
:10A20000024BC3F80C05704700400041008000413C
:10A2100010B504460846FFF7DBFF034BA3FB0030F5
:10A22000A4EB901010BD00BFD34D6210054B023857
:10A23000054A33F8113003F2E733A2FB032300EBA6
:10A24000931070475CB40201D34D6210054B064A6F
:10A2500033F8113003F57A73A2FB032300EB93105C
:10A26000704700BF5CB40201D34D621010B50446C4
:10A270000846FFF7ADFF044B00F2E730023CA3FBBA
:10A280000030A4EB901010BDD34D621070B50D4E90
:10A2900084461D46104636F8111006EB8206053539
:10A2A00074690C444FF47A7104F6B73401FB0C4422
:10A2B0000549A1FB0434FFF783FFA4092C44204483
:10A2C00070BD00BF5CB40201D34D621070B506468C
:10A2D00008461546FFF77CFF0A4B4FF47A71024699
:10A2E000284603EB85035C69074B04F6B73401FB92
:10A2F0000644A41AA3FB0434FFF762FF0530A40947
:10A30000204470BD5CB40201D34D62102DE9F04FC2
:10A310002B4C83B007461E460D46904600F0F0F8E1
:10A3200023788146BB4202D16378AB422DD07B1E9D
:10A33000072B3CD8DFE803F027393B373B3B3B0496
:10A3400002200DF107034246294600F0DFF882465D
:10A3500090BB9DF907B02846FEF7E6FC534602463F
:10A360003146584600F0C2F83288164BA280B278C7
:10A370002770657084F8028084F80390E0719A7009
:10A3800003B0BDE8F08F0020DBE794F902304345CD
:10A39000CDD1E3788342CAD1A288A37994F907008A
:10A3A0003280B370ECE70320CBE70120C9E740F22D
:10A3B000F9310620E6F7CAFB3D217520E6F7C6FB1A
:10A3C0004C0000215000002138B5044600250D70D6
:10A3D000C16D21B1024B186805F022F8E56538BD62
:10A3E000FC130021FB2908B504D940F27C4126204A
:10A3F000E6F7ACFB014B1860998008BDFC13002107
:10A4000070B504460025074EE36A53B1E16AF0686F
:10A410000B68E3620D704D708D70CD7005F000F823
:10A42000F2E770BD30140021014BD86019747047F9
:10A430003014002180B582B000AF78600B467B807D
:10A440000F4B1B68002B16D10E4A7B6813600D4B17
:10A450001B68184604F0D7FF0346094A1360084BEF
:10A460001B68002B03D123218420E6F76FFB064AEB
:10A470007B88138000E000BF0837BD4680BD00BF69
:10A48000601400215814002164140021014B1B6842
:10A490001B681847C4040021014B1B689B681847C0
:10A4A000C4040021014B1B68DB681847C404002169
:10A4B000014B1B681B691847C4040021014B1B6832
:10A4C0005B691847C4040021014B1B685B6A18478D
:10A4D000C4040021014B1B689B6A1847C404002177
:10A4E000014B1B68DB6A1847C404002110B4034CFD
:10A4F00024686468A44610BC604700BFC4040021FF
:10A50000014B187D704700BF78140021042810B556
:10A5100011D883B104280CBF10242824A1420AD2E8
:10A52000064C54F8200018B141568A42A8BF0A468A
:10A5300000201A7010BD6FF01500FBE778140021A1
:10A540000228034610DC10F1270F0FDB2830084AE1
:10A5500040B2105C024492F92C209A4207D00029A4
:10A5600018BF0130C0B270470F20704700207047FD
:10A570007CB60201022808B506DCFFF7E1FF034BB9
:10A58000034493F92C0008BD0320FCE77CB60201CC
:10A59000014B1879704700BF94140021044B1A79BD
:10A5A000824283BF1B68302202FB003000207047CC
:10A5B0009414002143F60952C0F30803400A02FB39
:10A5C00003F302FB00F003F5807300EB53207047A8
:10A5D0000346C0F30800C3F34E221B0E43EA0123D7
:10A5E000090E10B54FEA411C43F609544FEA431EC9
:10A5F0004CEAD36C04FB00F0BEEB030E04FB02F24A
:10A6000000F580706CEB010402EB50204FEA841CD3
:10A610004FEA8E124CEA9E6CB2EB0E026CEB040C0D
:10A620004FEACC0C4CEA527CD200D31841EB0C011F
:10A63000DA03C903801841EA534141F1000110BD1A
:10A6400048F2376C430B0CFB03F300B54FEA134C95
:10A6500043F6095E0F4B0EFB1C0000FB03F35B0D82
:10A660000EFB03FE03EB4C2343F6085CF444B0EB13
:10A670005C2F08D80EF5807E0B60A0EB5E20C0B288
:10A6800010705DF804FB013300200B6010705DF862
:10A6900004FB00BF6F0C010070B5274DA94246D8DE
:10A6A0004FEA507C254C43F6095E43F608564CEAC7
:10A6B000C10CC0F34F3101EB0C41A4FB0C5C204DED
:10A6C0004FEA9C3C05FB1C11A4FB01411D4C890B6E
:10A6D00041EA0C4148F2376C04FB1104600B0CFB9F
:10A6E00000F04FEA104C18480EFB1C4505FB00F02B
:10A6F000400D0EFB00FE00EB4C207644B5EB562FD0
:10A7000011D80EF5807EA5EB5E2E5FFA8EFE049DBD
:10A7100085F800E00D06090A281841F100011860CB
:10A720005960146070BD01304FF0000EEFE79621C4
:10A730009B2003F001FB00BFFF7F841E83DE1B43D1
:10A74000000024F40080841E6F0C010048F2376181
:10A75000420B43F6095C094B01FB02F2120C0CFBA5
:10A760001201500201FB0333013B5B0D0CFB03FCA8
:10A77000B1EB5C2F88BF0130184470476F0C0100AB
:10A780001F2809D84FEA401C044B43F80C1003EB78
:10A79000401301205A60704700207047A014002128
:10A7A00000F03ABD38B5044632B90120094B00FA31
:10A7B00004F4C3F8084538BD00200D4600F008FE3B
:10A7C000012344F000420349A34002602A60C1F81B
:10A7D000043538BD00F0004108B5002000F0F8FD58
:10A7E0000068003818BF012008BD00BF08B5064B3F
:10A7F00093F80024202A02D083F8300408BD3F21BA
:10A80000022003F099FA00BFA014002108B5064BFE
:10A8100093F80024202A02D093F8280408BD45218B
:10A82000022003F089FA00BFA0140021084A92F820
:10A830000034202B06D05801042102EB4313125898
:10A84000586810475021022010B503F075FA00BF78
:10A85000A014002108B501B3F0B14FF0FF331A4640
:10A86000E0FB01320E498A4203D971216D2003F0C9
:10A8700063FA180D4FF22441C3F30F1340EA02307C
:10A88000B0FBF1F203EB0040064B03FB1200B0FB00
:10A89000F1F040EA0240013008BD0846FCE700BF85
:10A8A0003F420F00000024F4014B9888704700BF1E
:10A8B000DC180021014B5888704700BFDC180021CC
:10A8C00010B5EFF3108472B6064A93790133DBB208
:10A8D00093719379012B01D100F0DCF904B962B6D0
:10A8E00010BD00BFDC18002170B50B4C26785EB996
:10A8F0000125A0602570FFF7E3FF00F0E5F928B916
:10A90000064B2573C3F80453002070BDA368002BC9
:10A91000FAD09847A660F7E7DC1800210050004104
:10A9200008B5FFF7CDFF00F0CFF9084A084B30B16A
:10A930000121116104225A7300229A7308BD032178
:10A9400059730121C2F80413F6E700BF005000411B
:10A95000DC18002110B5EFF3108472B60A4B9A7917
:10A9600022B94FF496716D2003F0E6F99A79013A15
:10A97000D2B29A719A791AB9DB7B0BB900F090F9CF
:10A9800004B962B610BD00BFDC18002108B5054B44
:10A990001A7822B100221A731A70FFF7DBFF002029
:10A9A00008BD00BFDC180021024B587B003818BFDF
:10A9B00001207047DC18002137B5184C237F63B99C
:10A9C000206A00F0030000F0A7F930B1EFF3108324
:10A9D00072B6627B1AB103B962B603B030BD012210
:10A9E000627303B962B680230D4DC5F808334FF486
:10A9F0002073ADF80630BDF806309BB25A1E92B2F5
:10AA0000ADF80620002BF6D1C5F81C3184F82430AF
:10AA1000FFF786FF8023C5F80433DEE7DC1800214A
:10AA200000500041F8B5264C94F82530002B45D055
:10AA3000244BD3F80071D3F8046157B10122C3F855
:10AA40000823237B2BB10025A36825730BB19847FE
:10AA5000A5601C4D3EB10023C5F804310223C5F8A2
:10AA60000833FFF7A9FFD5F81C3194F82460F6B23B
:10AA700037B1627B032A01BF0422627301222A617B
:10AA80007BB1104B0022C3F81C21637B042B04D044
:10AA900040F2D7116D2003F04FF902236373FFF7E3
:10AAA00059FF5EB1002384F82430637B022B01D16F
:10AAB000FFF736FFBDE8F840FFF74CBFF8BD00BF19
:10AAC000DC1800210050004110B5044C206A00F051
:10AAD000030000F021F90028F8D010BDDC18002197
:10AAE000F8B5054650B10278022A07D8437842B932
:10AAF000013B1F2B02D88378212B07D96FF015005B
:10AB000067E0002BFAD18378002BF7D15D4B202230
:10AB1000C3F88020BFF34F8FBFF36F8F5A4EC3F837
:10AB200080214FF0FF33594CC6F808330023C6F894
:10AB30000031C6F80431C6F81C31A371AB88A3807C
:10AB400000F0D2F810B101232370A371D6F80C24C1
:10AB5000D6F80C34D70303D5DE0701D500F0AEF8E4
:10AB600040F2F553AA786380012322740022236205
:10AB70002B78A273012B23772CD0022B2DD0002B06
:10AB800038D100F0B9F800283ED000F0BDF8236AB3
:10AB900003F00303984237D1AB7983BBFFF794FFEF
:10ABA000237C63B12B7853B900F08EF8054603F08F
:10ABB00071F96FF00043002D61D0C4E90503012352
:10ABC0002022002084F825302E4B6073C3F88021AA
:10ABD0001A60F8BD02232362D3E7FFF771FE2A4B08
:10ABE000D3F80C14D3F80C24C803F9D5D107F7D542
:10ABF0000323F0E740F216316D2003F09DF8224B5D
:10AC00000222C3F80423CBE71F4B01220021DA60A4
:10AC1000C3F8041194F82010C3F818159A600222A2
:10AC2000C3F80423AA79002ABAD1D3F804239207DF
:10AC300002D440F2CD21DFE7154A1769116907F008
:10AC4000100741F010011161D3F804310BB906F07F
:10AC500003FD0D4ED6F8043173B1FFF735FF27B968
:10AC60000B4A136923F0100313610223C6F808335B
:10AC70000023C6F8043193E706F0EDFCEAE7C4E9E7
:10AC800005309CE700E100E000500041DC180021A5
:10AC900000ED00E0014B01221A60704700500041B6
:10ACA000044A012353600023C2F80031024A1370A2
:10ACB000704700BF0050004103190021014B0122E1
:10ACC0001A70704703190021054BD3F8003123B9DE
:10ACD000044B187800F0010070470120FAE700BF2C
:10ACE0000050004103190021024BD3F8080400F082
:10ACF0000100704700500041024BD3F8140400F0EB
:10AD00000100704700500041024BD3F81C0400F0D2
:10AD1000030070470050004107490246D1F818046B
:10AD2000D1F8181410F4803005D0D0B201F003032C
:10AD30001B1A5842584170470050004130B44149F5
:10AD40004FF0FF344FF0FF350023FF223E480B70D9
:10AD50000B618A70C1E902454FF48054C0F880400D
:10AD6000BFF34F8FBFF36F8F384A4FF0FF35C0F8F6
:10AD7000804101240B755460C2F80853C2F8403575
:10AD8000C2F84031C2F84435C2F84431C2F84835FF
:10AD9000C2F848314FF40033C0F88030BFF34F8F12
:10ADA000BFF36F8F02F5A042C0F880315460946009
:10ADB000D2F80435002BFBD1254C8869224DC2F80E
:10ADC0000843C2F84843C2F84031C2F84431C2F8DF
:10ADD00004314FF400332B6088B34FF000431B491C
:10ADE00001241C4DC1F8C031C0F88030C2F8803059
:10ADF0000523C5F80445C1F840350C60D1F8403151
:10AE0000002BFBD00122134C0023C4F8082504F5C5
:10AE100000544A60CA60C1F84031C1F84035C1F8F9
:10AE2000C031C0F88030C4F880300B4B4FF48271D1
:10AE30000222C3F84413C3F8042330BC7047012333
:10AE40001360F2E70819002100E100E000C00041B2
:10AE50000200030000F0004100100141604AF8B513
:10AE60001678012E7FD05F4B0624C3F80845002ECC
:10AE700040F0838003F500534FF440344FF48037A3
:10AE8000594DC3F84843C3F80843C3F84061C3F8B9
:10AE90000873C3F84873C3F8406120F07F46D3F8C5
:10AEA0000445341B254025B124F07F44B4F5000F40
:10AEB00004D940F20E316C2002F03EFFC3F8406529
:10AEC000C3F8447301270024484D4FF48056D761DE
:10AED0009470C5F88060BFF34F8FBFF36F8F444B02
:10AEE0004FF0FF3CC5F8806114755F60C3F808C37C
:10AEF000C3F84045C3F84041C3F84445C3F8444152
:10AF0000C3F84845C3F84841D3F8044524F0030486
:10AF1000C3F80445D3F8084524F0030444F00204C0
:10AF2000C3F80845102494FAA4F4B4FA84F4092C64
:10AF300051DCC3F81045906040F20140DF60D469F5
:10AF4000D160C3F800422B492B4CC5F880612E60BC
:10AF5000C4F8C011A4F50054C3F880100423C4F849
:10AF600004351080F8BDD2E902438B4208BF844209
:10AF7000F8D01C4B0624C3F808451F4C4FF400338F
:10AF80004FF4803720F07F4CC4F84833C4F80833BE
:10AF90000023C4F80873C4F84873C4F84031D4F8E7
:10AFA0000435114DACEB03032B4282D023F07F43D9
:10AFB000B3F5000F3FF67DAFC4F840C5C4F8447345
:10AFC000002E3FF47FAF9668D4F80435F31A2B4275
:10AFD0007FF478AFF8E740F29131084802F0A2FE22
:10AFE0000819002100F00041FEFFFF0000E100E031
:10AFF00000C000410200008000100141F0B90201D0
:10B00000F8B52E4C94F800C0BCF1020FD4E90253FD
:10B0100044D08B4208BF85424AD0237D002B42D0CA
:10B02000274B0626274A4FF48037C3F808650023CC
:10B03000C2F8087320F07F4EC2F84873C2F840315E
:10B04000D2F80435AEEB030323F07F46B6F5000FCC
:10B0500002D81D4E334204D14FF44B716C2002F0E4
:10B060006BFEC2F840E5C2F84473BCF1000F04D097
:10B07000D2F80435EB1A3342FAD0A06040F2024213
:10B08000124B104D1248E160C5F8C0310C49C0F8B0
:10B090008C300223C1F804352280F8BD8B4208BFF2
:10B0A0008542BAD1F8BD4FF448716C2002F044FEDD
:10B0B0004FF447716C2002F03FFE00BF08190021D9
:10B0C00000F0004100100141FEFFFF000100008080
:10B0D00000C00041F8B5434C434A237863B94FF4AC
:10B0E0004031C2F84813C2F80813C2F8403140F2A8
:10B0F00037316C2002F020FE4FF40031022BC2F8F1
:10B100004813C2F80813F2D1EFF3108572B6D2F8E3
:10B110000405D2F804315BB10021236901332361B6
:10B12000C2F80411D2F80405D2F80431002BF4D18E
:10B130002269002D38D04FF0807503230021E2FBF7
:10B1400005311818D4E9025741F100018F4208BFB8
:10B15000854213D0244B254ED3F804252B46AA1A3A
:10B16000164066B122F07F42B2F5000F07D8FFF714
:10B1700075FEE3691E4AC2F80032F8BD03461A495B
:10B180001C4AD1F804051B1A1A4022B123F07F4350
:10B19000B3F5000F0AD9012200211346E261144AD7
:10B1A000A170C2F80032F8BD62B6C4E712480222AC
:10B1B000A5600123E7600026C0F808250F4D0C4A62
:10B1C000E361A6705360D360C1F8C0510421C2F896
:10B1D000805040F20142C0F804152280044AC2F8AF
:10B1E0000032F8BD0819002100100141FCFFFF00EA
:10B1F00000C00041FEFFFF0000F00041020000809F
:10B20000014BD3E90201704708190021014BD3F823
:10B21000040570470010014138B5EFF3108572B690
:10B220000E4A0F49D2F80405D2F804315BB100246C
:10B230000B6901330B61C2F80441D2F80405D2F85E
:10B240000431002BF4D10C6905B962B6FFF7B2F9ED
:10B25000044B0021E4FB030138BD00BF0010014195
:10B26000081900210080841E30B4EFF3108572B6F7
:10B270000E4A0F49D2F80405D2F804315BB100241C
:10B280000B6901330B61C2F80441D2F80405D2F80E
:10B290000431002BF4D10B6905B962B600214FF0DF
:10B2A000807230BCE3FB0201704700BF0010014117
:10B2B00008190021032822F07F4270B525D83E4BA3
:10B2C000D3E90241B1F1FF3F08BFB4F1FF3F4DD0D8
:10B2D0001978022958D0394D81000123103003FA22
:10B2E00000F601F140002944C5F808634351D1F844
:10B2F0004045A2EB040C2CF07F4CBCF1020F3DD872
:10B3000000231846C1F8403570BD031FDDB2012D82
:10B3100047D8294B197811B15B78834246D04FF456
:10B320008034A900264B0020AC4001F5A071C3F881
:10B330000843C3F84843C850D3F804052149101AFC
:10B34000014020F07F40B0F5000F8CBF00200120AD
:10B35000002908BF00200028D6D005F5A87543F8BD
:10B360002520C3F80443C3F8444370BD197D002968
:10B37000AED140F27E316C2002F0DEFCC1F84025F7
:10B380001846C5F8046370BD5C780F49231F032C71
:10B39000DBB24FEA830319449DD90B68002BFCD024
:10B3A00099E740F2A1316C2002F0C6FC40F29D31D9
:10B3B0006C2002F0C1FC00BF0819002100C0004150
:10B3C00000100141FEFFFF004011014100207047C5
:10B3D00008B90448704740F2AF316C2008B502F05C
:10B3E000ABFC00BF40C10041032838B510D800F1C4
:10B3F000100482000121324B00F5A87002F5A07202
:10B40000A1400024C3F8081343F82040D45038BDAD
:10B41000031FDBB2012B4DD82A4A1178C1B94FF472
:10B420008031294A03F5A8709940C2F80813C2F880
:10B43000481352F82000D2F804452449001B01406B
:10B440000029E4D09B00002103F5A073995038BD7A
:10B4500054788442E3D11E4806240129C0F80845E7
:10B4600008D000244FF0FF304FF0FF311470C2E9D4
:10B470000201D4E717484FF48054C0F88040BFF36E
:10B480004F8FBFF36F8F4FF0FF35C0F880410C48EE
:10B49000002441601475C0F80853C0F84045C0F856
:10B4A0004041C0F84445C0F84441C0F84845C0F8A0
:10B4B0004841D6E740F2F5316C2002F03DFC00BF78
:10B4C00000C000410819002100100141FEFFFF00EB
:10B4D00000F0004100E100E0124B1A78124BC2B1BB
:10B4E0004FF40032C3F84823C3F808230F4B00225F
:10B4F0004FF0FF31C3F80813C3F84025C3F84021CB
:10B50000C3F84425C3F84421C3F84825C3F84821AB
:10B5100070474FF44031C3F84813C3F80813C3F819
:10B520004021E3E7081900210010014100C000415B
:10B5300008B5294BD3F80423D10302D5D3F8402111
:10B540008ABB254BD3F80423920302D5D3F84421B8
:10B5500082B9214BD3F8042132B1204A0021C3F82B
:10B5600004111369013313611D4B4FF40032C3F80A
:10B57000802108BD00221B49C3F84421D3F844258B
:10B58000D3F80435D31A194021B123F07F43B3F522
:10B59000000FDED9104B4FF400320520C3F808230A
:10B5A00001F05CFED5E700220E49C3F84021D3F834
:10B5B0004025D3F80435D31A194021B123F07F4335
:10B5C000B3F5000FBDD9044B4FF480320420C3F80B
:10B5D000082301F043FEB4E70010014108190021DF
:10B5E00000E100E0FEFFFF0010B5444CA378FF2B04
:10B5F0002DD023784BB1012B73D0237D002B77D036
:10B60000022360782370FFF7EFFE3D4BD3F804234D
:10B61000120303D5D3F84C31002B64D1384BD3F847
:10B620000423500302D5D3F84821AAB9344BD3F8E8
:10B630000423910302D5D3F8442122BB304BD3F825
:10B640000423D20302D5D3F840219ABB10BD0620B3
:10B65000BDE8104001F002BE00224FF480202949CD
:10B66000C3F808030220C3F84825C3F848214FF463
:10B670008053C1F8803101F0F1FD214BD3F8042350
:10B680009103DBD5D7E700224FF400301D49C3F802
:10B6900008030120C3F84425C3F844214FF4805324
:10B6A000C1F8803101F0DAFD154BD3F80423D20341
:10B6B000CCD5C8E74FF480310020124AC3F80813F4
:10B6C0004FF48051C3F84005C3F84001E061C2F86F
:10B6D0008011FF22A270C3F80002BDE8104001F003
:10B6E000BDBD23758CE740F23E416C2002F024FB87
:10B6F00040F252416C2002F01FFB00BF08190021EC
:10B7000000C0004100E100E02DE9F04F8F4F83B011
:10B710007C7E04EB44033B445E78202E45D08C4B6A
:10B72000E5B26400002B00F087808A4BDFF8289296
:10B73000002B5FD006EB45124FEA451807EB420A93
:10B740009AF82030013BDBB2052B31D8834A12F83E
:10B7500003B0BBF1090F2BD0AFF30080EFF31083E0
:10B7600072B62C449AF821203C446270A278B2420E
:10B7700000F0E48013B9AFF3008062B6B044730107
:10B78000012209EB461607EB480859F803307068A8
:10B79000594688F8202098477C7E04EB4403E5B2A4
:10B7A0003B4464005E78202EC4D103B0BDE8F08F26
:10B7B00040F2C661702002F0BFFA4FF02002A27082
:10B7C000002B00F0B980B0447301012209EB46164A
:10B7D00007EB480859F803307068594688F820206C
:10B7E00098477C7E04EB4403E5B23B4464005E78FA
:10B7F000202EDAD006EB45124FEA451807EB420A35
:10B800009AF82030013BDBB2052BD1D8534A12F80D
:10B8100003B0BBF1090FCBD0AFF30080EFF310837F
:10B8200072B62C449AF821203C446270A278964269
:10B83000C3D0002BC7D17FE0464B4FF02009DFF883
:10B840001CB1DFF814A1002B4DD006EB45124FEAD6
:10B85000451807EB420292F82030013BDBB2052B82
:10B86000A6D81BF803100929A2D0EFF3108372B6F3
:10B870002C4492F821203C446270A278964208BF82
:10B8800084F80290002B50D0B044730101220AEBDF
:10B89000461607EB48085AF80330706888F82020ED
:10B8A00098477C7E04EB4403E5B23B4464005E7839
:10B8B000202ECAD179E762B6B044730101220AEBA7
:10B8C000461607EB48085AF80330706888F82020BD
:10B8D00098477C7E04EB4403E5B23B4464005E7809
:10B8E000202E3FF462AF06EB45124FEA451807EBF6
:10B8F000420292F82030013BDBB2052B3FF658AFF5
:10B900001BF8031009293FF453AFEFF3108372B60D
:10B910002C4492F821203C446270A278964208BFE1
:10B9200084F80290002BC7D1C5E70191AFF30080E6
:10B9300062B6B0440199A8E762B644E74FF020022E
:10B94000A270002B7FF41AAF15E700BF2819002161
:10B950000000000000000000A0140021B8B60201A1
:10B960002DE9F04FDFF828B1994601EB41034FF084
:10B97000200E83B01BF8034082F800E0744500F00D
:10B9800083808A4690460546424F07EB4412D5F81D
:10B9900000C0660190681369D1681B1841F100016D
:10B9A0009C456B688B411CD3EB89002B53D0D38A09
:10B9B000002B50D1ACEB00030193FEF77BFF40F26C
:10B9C00056339842019B59D040F2F552904251D0E3
:10B9D000B0F5C67F14BF01220E2293423BDA98F8DD
:10B9E00000E089F800E0B81995E80E00D0F808806A
:10B9F0005B1842F100029845C36893411AD3C38A89
:10BA0000A3B1EB8993B9A8EB0108FEF753FF40F20D
:10BA10005633984230D040F2F553984228D0B0F5D2
:10BA2000C67F14BF01230E23984503DB012003B01A
:10BA3000BDE8F08F3E4489F800402B7C327E9A426C
:10BA40001ED904EB4A140BEB440494F82140202C3B
:10BA5000ECD06601C7E704EB4A1388F80040A6461D
:10BA60000BEB430393F82130202B0DD01C468CE7C1
:10BA70003323D9E73322B0E71D23D5E71D22ACE7F6
:10BA8000002003B0BDE8F08F012089F80040CEE728
:10BA900028190021A01400212DE9F04F0C4615466D
:10BAA00085B01E469DF83870FEF750FE2268451995
:10BAB000636846F10006954276EB030351D3DFF845
:10BAC000BC8040F2563905E05D4576EB0A0348D369
:10BAD000C4E900BA0DF10F030DF10E0239462046FC
:10BAE000FFF73EFF00283DD19DF80F3008EB4313D0
:10BAF000D3E902201969DB8A11EB020B40F1000A3D
:10BB0000002BE1D1E389002BDED00191FEF7D2FEBC
:10BB1000484501992BD040F2F553984225D0B0F515
:10BB2000C67F14BF01230E239942CDDAFEF7C2FE71
:10BB3000484520D040F2F55398421AD0B0F5C67F60
:10BB400014BF01220E229DF80F3008EB43139968B1
:10BB5000DB6812EB010B43F1000A5D4576EB0A034B
:10BB6000B6D2002005B0BDE8F08F3323DCE71D23FB
:10BB7000DAE73322E7E71D22E5E700BFA014002142
:10BB80002DE9F04F15461C4692F80BC00023AF7A02
:10BB900087B01289064695F800809DF84090E360D2
:10BBA000236184F80DC027740F46A3606361E281AE
:10BBB00084F81180C4E90033B8F1000F48D1FEF7D2
:10BBC00007FD574BD5E904C2C31841F1000E9C454F
:10BBD00072EB0E030AD3013E4FF47A7347F1FF373D
:10BBE0002660C4E9017307B0BDE8F08F2C3041F145
:10BBF0000001844572EB0103EDD328890021013057
:10BC0000844572EB01037ED3BCEB000062EB0101C3
:10BC100004F10C0303AA009304ABFEF73DFD039B64
:10BC20006868E97A02332A89002903440CBF7A2024
:10BC3000552013441844FEF789FDDDE90432C01A8B
:10BC400020F07F40C4E90032A06007B0BDE8F08F6B
:10BC5000344803A9801A04F10C02FEF7F1FCB4F891
:10BC60000EB00DF10B0204A95846FEF7E9FC2E4B6D
:10BC70001B78202B2AD02D490B69D1E905210733E8
:10BC800042F1000A13EB01084AF1000A6B68227BBB
:10BC9000981CEB7A002BE389134403440CBF7A20F1
:10BCA0005520C4E9008A1844FEF750FDCDF80090F5
:10BCB0003246A0603B4628692146FFF7EDFE00288A
:10BCC00091D1C4E9006707B0BDE8F08F16F10B0809
:10BCD00047F1000ABBF1000FD8D0FEF7F5FF0028AE
:10BCE000D4D1FEF7E7FD40F2563398420ED040F231
:10BCF000F55398420FD0B0F5C67FC7D116F118089A
:10BD000047F1000AC2E74046414681E716F127089D
:10BD100047F1000ABAE716F13D0847F1000AB5E716
:10BD20000040420FFF7F841EA0180021A8180021A8
:10BD30002DE9F04F1C4697B0DFF8E892039200908F
:10BD40000291FFF75DFA6201D9F8A03005460E4670
:10BD50000832B54901200DF1380E01EB441C186082
:10BD600053180CF1080C54581F7BB3F80EA006971B
:10BD7000D3E901B30493BCE80F00AEE80F009CE8E0
:10BD800003008EE8030024F07F40FEF713FC0AF165
:10BD90000103A64A3B449042034400F2408293428E
:10BDA00000F30D81002BC0F206810593FEF78CFF96
:10BDB0000746BAF1000F40F0CF80FEF77BFD40F25E
:10BDC0005633984200F0088140F2F553984200F053
:10BDD0000081B0F5C67F00F0F580002301930021BB
:10BDE00003200A460791B6F1FF3F08BFB5F1FF3FB8
:10BDF0001ED0A54276EB0B03C0F0CE80B5EB040C51
:10BE000066EB0B03BCF5000F73F1000380F01182A9
:10BE1000A4EB050CBCF1000F2B4609DD002A00F055
:10BE2000DE8099F8180000280CBF0846002000E0CA
:10BE3000009B14F1FF38A8EB030C4BF1FF31434694
:10BE40008445C0F28480002F6DD00993009B00913F
:10BE5000B8EB0302029B089261EB0307FEF72AFD91
:10BE600040F2563C00996045DDE9082300F0D78098
:10BE700040F2F55C604500F0C080B0F5C67F14BFAD
:10BE80000B201820824277F1000280F0BC80039AD8
:10BE9000012A00F0A68005EA0602079FB2F1FF3FE3
:10BEA00008BF47F00107002F00F0C880404602930A
:10BEB00000910027FEF7D2FF0099029BB1F1FF3FEE
:10BEC00008BFB8F1FF3F00F0AF8123F07F40049B33
:10BED000221A1D1922F07F422D1A013A25F07F45C2
:10BEE000B5F5000F98BFB2F5000F34BF012500254E
:10BEF0002DD20091FEF75EFB059A4D4B161A009964
:10BF00009E42C0F0B380801A9842C0F02181474B16
:10BF10009E4200F2A780984240F29081454B1B1A46
:10BF20001E460093A3E0D9E90420B0F1FF3F08BF0B
:10BF3000B2F1FF3F89D0A21A019F6BEB0000BA4219
:10BF400070F1000281D2BAF1000F3FF47EAF0025FC
:10BF5000284617B0BDE8F08FD9E904310B40013312
:10BF60007FF42BAF00287FF428AFFEF7A3FC40F24C
:10BF70005633984200F0358140F2F553984200F074
:10BF80002981B0F5C67F00F01E81012303203946C8
:10BF900001971A46079326E7B4EB050C6BEB0603F3
:10BFA000BCF5000F73F10003FFF434AF40F2897168
:10BFB000702001F0C1FE204A13440593F6E61D4AA5
:10BFC0001344F2E600210D2303200A460193079152
:10BFD00009E73223019302E71C230193FFE6084699
:10BFE00027E7B6F1FF3F08BFB5F1FF3F00F0308112
:10BFF0002B4631460027A84667E73D20824277F16D
:10C000000002FFF444AFBAF10007404602930091EA
:10C0100018BF0127FEF722FF029B00994EE7272059
:10C0200030E700BF28190021A0140021FF7F841EE3
:10C030000040420F00807BE10080841EB5EB080CBD
:10C0400066EB0102BCF1050F72F1000080F2B380D3
:10C05000BCF1010F72F10003BFF679AF2B463146F8
:10C06000A84632E706F1F45606F5902600967D4B79
:10C0700093F8283023B90AF11E03009A93426EDA2E
:10C08000039B012B04D001200291FFF7ADF9029927
:10C090000291BAF1000F50D0A6EB0A020023012052
:10C0A000FFF708F9029900284DD00023324602918B
:10C0B0001846FFF7FFF80299002844D0002F40F0FF
:10C0C0009780D9E90423B3F1FF3F08BFB2F1FF3FE6
:10C0D00000F09E8099F81830002B40F092800AF111
:10C0E0001902009B9A4280F2B880B21A0026022000
:10C0F0003346FFF7DFF810B1D9F8A0301E60049B7B
:10C100004FF0FF320AAEADF846A01093069B8DF8B3
:10C11000443000238DF850300A934FF0FF33CDE9BF
:10C120000E4BCDE90C234F4C0FCE0FC40FCE0FC4D6
:10C1300096E80F0084E80F000AE73246534650465F
:10C14000FFF7B8F880B901200025FFF74DF9FFE6A9
:10C15000444B464293F828300096002B90D14FF480
:10C16000FD61702001F0E8FDD9E904230299B3F1E3
:10C17000FF3F08BFB2F1FF3F09D00291FEF7EAFB93
:10C180004FF0FF324FF0FF330299C9E90423002F2B
:10C19000A0D0019B0520B8EB030261F10003FFF77B
:10C1A00089F800284FD099F81830002B97D1012337
:10C1B00089F8183093E7404602930091FEF74EFE4F
:10C1C0000099029B7AE601230D2110201A4607935D
:10C1D000019108E60123322135201A460793019187
:10C1E00001E601231C211F201A4607930191FAE55D
:10C1F000D9E90423B3F1FF3F08BFB2F1FF3FC8D034
:10C20000BBE70520FFF7F0F8002389F8183066E750
:10C21000FEF756FBFFF728F8C9E904015AE740F298
:10C220003D41702001F088FD40F2D471702001F092
:10C2300083FD40F28D71702001F07EFD40F6B20169
:10C24000702001F079FD40F22921702001F074FD89
:10C2500040F2FB61702001F06FFD4FF4016170202E
:10C2600001F06AFDA81800212DE9F8433A4B064673
:10C270003A4D4FEA400893F8282000EB4003002A8B
:10C28000EC5C14BF00270227FEF7C0FF2021DFF877
:10C29000D0E04FEA461C05E092F821302146202BE1
:10C2A0001C4653D00EEB44130CEB0402D3F8089059
:10C2B00005EB42021B6913EB0903A9EB00091B1AEA
:10C2C00029F07F4923F07F43B3F5000FE4D84F45B1
:10C2D00098BFB9F5000FDFD8202902D12046BDE86C
:10C2E000F88308EB060201EB461370014FF0040CD3
:10C2F00015F802E005EB4303744693F82130AB5484
:10C3000003192246274605EB4303914293F8214047
:10C3100083F820C0F4D108EB06032B4493F802C045
:10C32000BCF1200F5FFA8CF112D0014405EB410102
:10C3300081F821E0024446442023204605EB4202D6
:10C34000354482F82130AF70BDE8F8831C46C3E75E
:10C3500083F801E0EEE700BFA818002128190021AA
:10C36000A01400212DE9F04101EB4103444D0C469E
:10C370008046EE5C4F00202E36D1424B0BB1AFF31E
:10C380000080FEF771FFAB7E202B0AD03E4B10F1F0
:10C39000020CD3E904E241F10003E64572EB03032A
:10C3A00027D3202E08D042463346FFF7C1FCA0B366
:10C3B0000220AE76BDE8F081D5E90423B3F1FF3F5A
:10C3C00008BFB2F1FF3F17D12B7E03BB0420FFF75C
:10C3D0000BF8FFF781F82021D5F8A0300022A976CC
:10C3E00001201A60BDE8F0810846FFF73DFF864254
:10C3F000C3D00020BDE8F081FEF7ACFA4FF0FF3368
:10C400004FF0FF32C5E904232B7E002BDED0052040
:10C41000FEF7EAFF00232B76D8E706EB44133A1920
:10C420006101042005EB430315F802E093F8213085
:10C43000AB5473469C46CA18664505EB420292F817
:10C44000213082F82000F5D13B192B449878202820
:10C45000C2B211D00A4405EB420282F821E03C440A
:10C4600061442023002005EB4101254481F821305F
:10C4700085F802C0BDE8F08183F801E0EFE700BF76
:10C480002819002100000000A8180021FEF79EBF17
:10C4900070B542F22001174D0023174A20244FF0B7
:10C4A000FF3029804FF0FF31AC70AB71136082F820
:10C4B00028306B76C2E90201AC7605F120021C46F9
:10C4C000EB712B76C5E9040102F814300134202CFD
:10C4D000FAD1012609482E7201F01AFD084B187096
:10C4E000084B1C7001F084FDC5F8A000FEF726FC87
:10C4F000EE7670BD28190021A818002109B70101A6
:10C50000D8180021A01800212DE9F04FC14E87B0A6
:10C51000FEF7AAFE05460F46FEF7DEFFD6E9022328
:10C52000B3F1FF3F08BFB2F1FF3F05D04FF0FF323C
:10C530004FF0FF33C6E9022396F82830002B00F0B5
:10C54000F280737F002B00F0EC80B34CE379002B7A
:10C5500040F0DB80E81C47F10001FEF77FFC237A06
:10C56000002B40F06881DFF8B482012298F800B017
:10C570002272BBF1200F00F059812022A37188F8AC
:10C580000020A276E3713360637E03EB43025FFA1F
:10C5900083F9A25C5B00202A019308D0DFF880A217
:10C5A00053010AEB4212517E012900F0E480019B05
:10C5B0004FEA4918DFF86CA203EB090727443D78DE
:10C5C000202D04D04846FFF74FFE8542F7D1BAF13F
:10C5D000000F01D0AFF30080FEF746FEA37E202BB4
:10C5E00009D010F1020ED6E9042341F1000C724586
:10C5F00073EB0C03E3D3202D1BD02B460122FFF756
:10C6000097FB002856D008EB0B03A57604EB4303F9
:10C6100093F82020022A32D0019B4B449946FF23F5
:10C62000A144637299F80130202B71D107B0BDE8A5
:10C63000F08FD4E90423B3F1FF3F08BFB2F1FF3F0D
:10C6400007D0FEF787F94FF0FF324FF0FF33C4E910
:10C650000423237E002B52D10420FEF7C5FEFEF7F3
:10C660003BFFD4F8A03000222021A1761A6008EB0D
:10C670000B0304EB430393F82020022ACCD1019A48
:10C6800006214A4483F82010224491782029CBB215
:10C690006ED0434404EB430383F821B0019BD8449C
:10C6A0004B4404EB4808234483F802B0202388F865
:10C6B0002130B1E708EB05033878042104EB43038C
:10C6C000024693F821303B70134642449D4204EBEE
:10C6D000420282F8201092F82120F5D1B978202961
:10C6E000CAB21CD0424404EB420282F82100BB7063
:10C6F0004344202204EB430383F821205FE7052015
:10C70000FEF772FE00232376A6E7FEF7E3FC26E79A
:10C71000454B187807B0BDE8F04F01F025BC7870A4
:10C72000E5E73D4C16E74FF40C71B069FEF792F85F
:10C73000336972690233B16942F100025B1842F158
:10C7400000021B1842F100029D4277EB0203FFF446
:10C75000F8AE324B0821324A1B78580102EB4313E2
:10C760001258586890474FF43171702001F0E4FA84
:10C7700082F801B092E7D08A05A90DF11302039364
:10C780000290FDF75DFF98F80020202ADDE9020302
:10C7900013D03269B16912F10708726942F10002DF
:10C7A00018EB010842F100029A44DAE9021341450C
:10C7B000934128BFCAE90282F9E615F10B0847F157
:10C7C00000020028F0D0CDE90223FEF77DFADDE972
:10C7D00002230028E8D1FEF76DF8014640F25630FA
:10C7E000039B81420CD040F2F55081420DD0B1F54F
:10C7F000C67F029AD8D115F1180847F10002D3E795
:10C8000015F1270847F10002CEE715F13D0847F181
:10C810000002C9E7A818002128190021A01800214A
:10C82000A014002100000000D818002140F2DF21F0
:10C83000702001F081FA4FF43771702001F07CFA1A
:10C8400070B5124C0D460646FEF73EF9637E04F1C4
:10C85000200CD9B20CEB831C002302E00133202B07
:10C8600012D01CF81320D8B2002AF7D103EB4111E3
:10C87000074A04EB4104590102EB431356500122CD
:10C880005D6084F8202070BD184670BD2819002115
:10C89000A01400211F28034609D80B494A7E00EB4B
:10C8A000421201EB420292F82000012801D0002040
:10C8B000704791F819C0002203EB4C1301EB4303BE
:10C8C00083F82020704700BF2819002110B5094CBB
:10C8D00004EB4014D4E90201FDF77AFE227DE38ADD
:10C8E0009B184FF0000203F101035241181842EB6C
:10C8F000010110BDA01400210378002B40F00C8131
:10C90000904A5368C3F308032DE9F04F81468DB078
:10C91000002B40F0F6808C4E4FF000088B4DCB463C
:10C92000DFF82CA225B1002140F28240AFF3008055
:10C9300096F819905FFA89F986F8098025B10021E7
:10C9400040F28740AFF30080824B09F1010403EB12
:10C95000891C04F0010403EB8417BCE80F000FC727
:10C96000BCE80F000FC7BCE80F000FC79CE80F0022
:10C9700087E80F0025B1002140F2FA30AFF30080C4
:10C9800009EB490904EB440336F8091006EB0902E8
:10C990009278F15233449A7055B1002140F2FE3042
:10C9A000AFF3008025B1002140F28C40AFF300804E
:10C9B000FEF75AFC06AB5A46009407468946FFF735
:10C9C000DFF825B1002140F29340AFF30080624BC5
:10C9D0001B78202B65D0DAF81020DAF81830DDE962
:10C9E00006019B18DAF8142042F1000298429141A6
:10C9F00057D2CDE906320123039325B1002140F23D
:10CA00009E40AFF30080069A27F07F41089B9B1859
:10CA10005B1A23F07F43B3F5000F05D8521A22F0BA
:10CA20007F42B2F5000F3FD9BDF826000DF1130289
:10CA300005A90390FDF704FE474B03981B78202BB4
:10CA400040D0DAF81040DAF814100734DAF8183069
:10CA500041F10001E41841F100011F23CDE9064135
:10CA60008DF824302046FDF7B3FDBDF826309DF843
:10CA700024401B1903F1010348EB08021B1842EB89
:10CA80000102CBE9043225B1002140F2B540AFF3F9
:10CA90000080737A002B7FF445AF01200DB0BDE814
:10CAA000F08F00230393A8E74B463A4606A92B488C
:10CAB0000094FEF7F1FF039B0BB90028E9D0DDE9F4
:10CAC0000641CFE717F10B0449F100010028C4D05B
:10CAD0000391FEF7F9F803990028BED1FDF7EAFEAD
:10CAE00040F25633984228D040F2F55398421FD076
:10CAF000B0F5C67F0399B0D117F1180449F10001D0
:10CB0000ABE7103B59B2002908DB154B585C4009D4
:10CB100000287FF400AFC1E70020704703F00F0347
:10CB2000043B1344187E400900287FF4F4AEB5E7B7
:10CB300017F13D0449F100018FE717F1270449F18E
:10CB400000018AE700ED00E0281900210000000044
:10CB5000A818002148190021A01800210040420F08
:10CB600000E400E0BB4A53682DE9F04FC3F308032B
:10CB700091B003900591002B40F04F81082304935E
:10CB8000059B1B78012B00F24882B34D25B1002193
:10CB900040F29C50AFF3008000260127AF4C25B136
:10CBA000002140F2A950AFF3008027B9AC4B0BB184
:10CBB000AFF3008062B694F819B05FFA8BFB4FF0C8
:10CBC00000036372049B002B40F0D780D84625B148
:10CBD000002140F2BD50AFF30080FEF745FB0AABE9
:10CBE000059A8246CDF800B0FEF7CAFF25B10021B4
:10CBF00040F2C550AFF30080039B4FEA481703EBA8
:10CC0000481904EB490999F82030013B012B00F247
:10CC100086802AF07F4A0A99924EA1EB0A020C9B69
:10CC2000164022F07F42003E18BF0126B2F5000FE9
:10CC300088BF00265B18A3EB0A0323F07F43B3F5FC
:10CC4000000F8CBF002606F00106002E6AD108EB0B
:10CC5000480304224FEA4800234489F820209978A9
:10CC60002029CAB200F0B2813A44039B04EB42028D
:10CC700082F8213040441F444FF0010A204404EB65
:10CC800047078370202387F8213025B1002140F227
:10CC9000CA50AFF30080744B0BB1AFF30080EFF3D9
:10CCA0001088474672B6637A002B7FF478AF6F4BDB
:10CCB0000AAF039A03EB421C0FCF0CF1080CACE84F
:10CCC0000F0097E803008CE80300BAF1000F0BD0C7
:10CCD000049B3BB1002E40F04281637EDB4303F0B6
:10CCE00001036376FF236372B8F1000F04D15C4B3C
:10CCF0000BB1AFF3008062B625B1002140F20160B4
:10CD0000AFF30080BAF1000F75D125B1002140F2D8
:10CD10000D60AFF30080504611B0BDE8F08F4FF0CA
:10CD2000000AB2E70DF127030DF1260259460AA8C1
:10CD3000FEF716FE8246002800F0A2809DF82660CD
:10CD40009DF827C0664540F0BA80202E00F04E8145
:10CD5000BB1904EB430393F8213089F821303E449A
:10CD6000039B04EB460686F8213000261F4403236C
:10CD700004EB470787F8203087E73D4B0BF10109AB
:10CD800003EB8B1E09F0010903EB891CC846BEE8C2
:10CD90000F00ACE80F00BEE80F00ACE80F00BEE8E3
:10CDA0000F00ACE80F009EE80F008CE80F0025B1E3
:10CDB000002140F2FA30AFF300800BEB4B0B09EB94
:10CDC000490334F80B1004EB0B029278E152234430
:10CDD0009A7055B1002140F2FE30AFF3008025B1CA
:10CDE000002140F2B350AFF30080637A002B7FF450
:10CDF000D6AECB46EBE6637E03EB43031C4463787D
:10CE0000202B82D025B100214FF4C160AFF3008008
:10CE1000184B187801F0A8F877E7103B59B20029B1
:10CE2000C0F2D880144B5B5C5B090493002B7FF449
:10CE3000A7AE124B1B78202B00F0F480059B1B78CB
:10CE40000493002B3FF4A1AE40F29551702000F006
:10CE500073FF00BF00ED00E0000000002819002172
:10CE600000000000FEFFFF0000000000A0140021F1
:10CE700048190021D818002100E400E0A018002182
:10CE800008EB480304224FEA4800234489F8202095
:10CE900099782029CAB200F0A5803A44039B04EB9C
:10CEA000420282F8213040441F44B246002620440A
:10CEB00004EB47078370202387F82130E5E6BCF1B7
:10CEC000200F00F0B48007EB0C03202E04EB43038B
:10CED00093F8212000F09280BB194FEA480004EB40
:10CEE000430393F8211083F8212006914FF00509A0
:10CEF0007B180A468E4604EB4303944593F82110B1
:10CF000083F82090F4D100EB08030792234493F8B0
:10CF10000290B9F1200F5FFA89FC77D0BC44069BE0
:10CF200004EB4C0C8CF8213000EB0803079A4FF00F
:10CF3000200C23443A44664583F802E004EB4202A5
:10CF4000039B82F821C03B4404EB430383F8211088
:10CF50007FF405AF4044039B5646235406E7364B07
:10CF60001B78202B7FF4B9AE59460220FFF7FAF95F
:10CF700000287FF4B2AE637E0420DDF80CE003EB02
:10CF800043010EEB431221445FFA83FC04EB42029F
:10CF90008F7882F820005A01202F4FEA4303F8B21D
:10CFA00037D0111804EB410181F821E07146634448
:10CFB0000A44B246234404EB42029970202382F8CB
:10CFC0002130B8F1000F7FF497AE90E6039A5A70C3
:10CFD00013464FE603F00F03043B13441B7E5B092B
:10CFE000049323E7039A5A7013465CE708EB48035F
:10CFF0004FEA4800E35C89F82130ABE708EB4803CF
:10D000004FEA4800E15CE25406916FE7069A5A70D5
:10D010008AE781F801E07146C9E740F29951702032
:10D0200000F08AFE40F29251702000F085FE40F23E
:10D03000D311702000F080FEA01800212DE9F84FD8
:10D04000804C4FF0010ADFF800820546B8F1000F6E
:10D0500004D0002140F21F60AFF30080BAF1000F4E
:10D0600004D17A4B0BB1AFF3008062B64FF00003EE
:10D070006372B8F1000F04D0002140F22460AFF3D6
:10D080000080667E724B771C5FFA86F903EB86168A
:10D0900007F0010703EB871C0FCEACE80F000FCEA3
:10D0A000ACE80F000FCEACE80F0096E80F008CE85C
:10D0B0000F00B8F1000F04D0002140F2FA30AFF3B6
:10D0C000008009EB490307EB4702E15AE0184FEAF9
:10D0D00047098378A15222449370B8F1000F04D01D
:10D0E000002140F2FE30AFF30080637A03F0FF01CD
:10D0F000002B40F08480B8F1000F03D040F22E6086
:10D10000AFF3008005EB47137E0104EB430393F874
:10D110002030032B40F0928009EB070314F803B092
:10D120005D4518BFBBF1200F14BF0122002270D053
:10D130005B46F218194604EB420393F821309D42F6
:10D1400018BF202B14BF01220022F2D1202B6DD05A
:10D150009B4562D03344314404EB430304EB41016B
:10D1600093F8213081F82130B8F1000F0CD0002164
:10D1700040F26730AFF30080B8F1000F04D0002117
:10D1800040F23360AFF300802E44012304EB4606E7
:10D1900086F82030B8F1000F04D0002140F23C6046
:10D1A000AFF300802B4B0BB1AFF30080EFF3108A8D
:10D1B00072B6637A002B7FF449AF5D4503D1264BED
:10D1C0001B78202B34D0637EDB4303F001036376AE
:10D1D000FF234FF001096372BAF1000F04D11B4B1A
:10D1E0000BB1AFF3008062B6B8F1000F04D000219C
:10D1F00040F25E60AFF300804846BDE8F88FB8F1BA
:10D20000000F3FF42BAF002140F22A60AFF3008003
:10D210001CE7BBF1200F09D05B463344B94404EB53
:10D22000430393F8213004F809309DE79146D3E792
:10D2300039460220FFF796F80028C4D14FF00009C4
:10D24000CAE700BF2819002100000000000000000C
:10D250004819002100000000A018002170B5062820
:10D260000AD8DFE800F01849040909620A00A64B51
:10D270000122D3F8A0301A6070BDA44D2B78202B6A
:10D280007FD0A34C5A01052104EB4313A2585868E0
:10D29000BDE8704010479C4CD4E90423B3F1FF3F34
:10D2A00008BFB2F1FF3F00F0C7809A4EF38B002B0E
:10D2B0005ED1964D2B78202B00F09C80FF23B26826
:10D2C000E371F368B3F1FF3F08BFB2F1FF3F05D050
:10D2D0000520FDF7EFFF002800F01081737F012B80
:10D2E0007CD02B7801218A4A580102EB4313125853
:10D2F0005868BDE870401047844D834C2B78202B34
:10D3000000F0A1800123A371FDF7DEFC002800F0EE
:10D31000E680D4E90423B3F1FF3F08BFB2F1FF3F39
:10D3200055D02B7800217A4ADEE7774C237E5BB11B
:10D33000D4E90423B3F1FF3F08BFB2F1FF3F00F08F
:10D34000A5800023237670BD704D2A78202A00F036
:10D35000A480704E4FF0FF324FF0FF33C6E9022336
:10D36000E379002B00F0C0802B780621684ABBE7E8
:10D37000FDF7AAFC00289CD14FF4D061702000F08A
:10D38000DBFC61494B7E03EB4300DAB20B5C202BE4
:10D3900000F0AF8003EB421201EB420292F8214011
:10D3A0000C54FF205A4C2B704872022082F8200047
:10D3B00000220A72574981F8282004EB4312127E9A
:10D3C000002A7FF45FAF01F069F82B785AE7FDF788
:10D3D00077FAFDF749FFC4E90401A2E7D6E90401A1
:10D3E000B369013841F1FF31C01841F10001FDF787
:10D3F00007FE76E7627ED3B202EB4202A15C2029EF
:10D4000077D001EB431304EB430393F82100A054BE
:10D410003F4A297002EB41110022227286F828202F
:10D42000FF22097E6272022283F8202000297FF405
:10D4300045AF01F033F841E7FDF742FAFDF714FF7D
:10D44000C4E9040131E7637E03EB4301DBB2625CB4
:10D45000202A4ED002EB431304EB430393F8210040
:10D460006054FF212A706172022183F8201000238A
:10D470002849237281F82830254B03EB4212137E92
:10D48000002B7FF43FAF01F009F83BE7FDF718FAF6
:10D49000FDF7EAFEC4E9040153E7617ECAB201EB7D
:10D4A0004101605C202824D000EB421204EB4202D0
:10D4B00092F8216066541649287001EB4010154E11
:10D4C0002372017EFF2086F828306072022082F8E5
:10D4D000200000297FF43EAF00F0E0FF3AE740F281
:10D4E000AA61702000F028FC40F29C61702000F0DE
:10D4F00023FC4FF41571702000F01EFC40F2856192
:10D50000702000F019FC00BF28190021A01800218C
:10D51000A0140021A8180021274B70B51A7886B0F6
:10D52000202A44D0254CD4E90213B3F1FF3F08BFB1
:10D53000B1F1FF3F36D1224D064605EB4215D5E944
:10D540000201FDF745F8EA8A2B7DD3184FF000025F
:10D5500003F1010352419B1942F10002181804AB78
:10D5600042EB01010DF10B02009203AAFDF794F8C2
:10D570009DF80B200F2ADDE9043194BF002201221F
:10D580009B1841F10001C4E902310E4BDB7913B95C
:10D59000012006B070BDD4E902230520FDF78AFE04
:10D5A00006B070BD40F68901702000F0C5FB40F662
:10D5B0008801702000F0C0FBA0180021A8180021ED
:10D5C000A014002128190021FDF720BE38B5224BF8
:10D5D00093F800E0BEF1200F38D0204D6B7E95F817
:10D5E00019C003EB43035FFA8CFCEB5C202B1FD0CC
:10D5F0004FEA4C1C1A4C06E0634405EB430393F8D6
:10D600002130202B14D004EB4312117E8142F3D839
:10D6100004EB4E14D4E9021320694018D2E9021237
:10D6200043F10003814272EB030304D2002038BDB2
:10D630004FF0FF3038BD0B4B081A1C68FCF7BAFFDF
:10D6400004F17D038342F1D8001B38BD40F6C201CE
:10D65000702000F071FB00BFA018002128190021E4
:10D66000A0140021A8180021924B2DE9F04F1E783C
:10D6700087B0202E019000F017818F4F81468F4D8B
:10D680000DF113027B7E8846286805A903EB43034E
:10D690004844FC5C2B690393AB690293FCF7D0FF11
:10D6A000A9F17D02864B9A4260D8DFF81892059B5B
:10D6B00009EB4616B0681B183069D5E904211B1820
:10D6C0009B1A23F07F40B0F5000F4FD897F819A0B0
:10D6D000202CAB615FFA8AFA85F8208000F0D880B0
:10D6E0004FF0200B09EB441C9B184FEA4416DCF862
:10D6F000080041F100019842DCF80C308B4151D315
:10D70000BCF81630002B35D10520FDF76DFE797E73
:10D710004FF0FF324FF0FF33BBF1200FC9B2C5E924
:10D72000022340F0A78001EB410120247B5C614A89
:10D73000797E127802EB411207EB420282F8213027
:10D740002B68019A13442B60FF237B72FB791BB17A
:10D750006B7F012B00F09080202C43D05A4B18781F
:10D7600000F002FC002007B0BDE8F08F012007B0F8
:10D77000BDE8F08FEB8B002BC6D1A0EB0208FDF7C4
:10D7800099F840F25633984220D040F2F55398422F
:10D790001AD0B0F5C67F14BF01230E234345B3DD75
:10D7A00095F820804E44337E434511D904EB4A134B
:10D7B00007EB430393F82130202B17D0A3461C46D8
:10D7C000AB69D5E904218DE73323E7E71D23E5E7BE
:10D7D000DDE9023202209B182A699B1AAB6107B06F
:10D7E000BDE8F08F002007B0BDE8F08F0520FDF701
:10D7F000FBFD797E4FF0FF324FF0FF33C9B2C5E930
:10D80000022304EB41134FF0050801EB410207EB43
:10D81000430317F802A04FEA410C93F82130480166
:10D82000BB54534600EB030E1A461E4607EB4E0E42
:10D8300094429EF821308EF82080F3D10CEB010E3B
:10D84000BE449EF80290B9F1200F5FFA89F80ED01D
:10D85000804407EB480888F821A061440244394419
:10D8600007EB42028E70202182F821105FE78EF8CC
:10D8700001A0F2E75C46C4E7D5E90431A869013BA1
:10D8800041F1FF31181841F10001FDF7B9FB63E7E1
:10D890000520FDF7A9FD4FF0FF324FF0FF33797EF1
:10D8A000C5E90223C9B23EE740F6EA01702000F064
:10D8B00043FA00BFA018002128190021A818002150
:10D8C000833F420FA0140021D81800212DE9F84F02
:10D8D000994C637E00EB431304EB430393F8203031
:10D8E000002B00F02381667E0546944FF6B227B1E7
:10D8F000002140F62F10AFF300804FEA461805EBE9
:10D90000461604EB4606002F40F0AF8008EB0506F4
:10D9100004EB460696F82030012B0AD01A1F022A83
:10D9200000F29B8008EB0503012204EB430383F81C
:10D9300020204FF0010ADFF8089227B1002140F6BD
:10D940004610AFF30080BAF1000F04D17D4B0BB14C
:10D95000AFF3008062B64FF00003637227B100217D
:10D9600040F64B10AFF3008094F819C00CF101069B
:10D970005FFA8CF809EB8C1C06F00106BCE80F007E
:10D9800009EB861EAEE80F00BCE80F00AEE80F0002
:10D99000BCE80F00AEE80F009CE80F008EE80F0017
:10D9A00027B1002140F2FA30AFF3008008EB4808BD
:10D9B00006EB460334F8081004EB08024FEA460B66
:10D9C0009278E15223449A7027B1002140F2FE3050
:10D9D000AFF30080637A03F0FF01002B5AD11FB12F
:10D9E00040F65510AFF300800BEB06032344587844
:10D9F000202810D0854200F089808046710142467F
:10DA0000C2468B1804EB430393F8218045454AD066
:10DA1000B8F1200FF3D127B1002140F65910AFF330
:10DA20000080494B0BB1AFF30080EFF310839A46AF
:10DA300072B6627A002A80D16676FF22627223B9BA
:10DA4000404B0BB1AFF3008062B627B1002140F626
:10DA50006B10AFF30080BDE8F88F03F0FCFD96F883
:10DA60002030012B7FF45AAF63E796F82030012B6A
:10DA70003FF45FAF1A1F022A38D9002140F63B104D
:10DA8000AFF3008003F0E7FD002140F63F10AFF355
:10DA9000008038E7002F3FF456AF002140F65110C8
:10DAA000AFF3008049E7B8F1200FB4D0404533D040
:10DAB0000A44414404EB410104EB420291F8213055
:10DAC00082F8213027B1002140F25F30AFF30080AF
:10DAD0000BEB060323449B7898450BD0002FA0D076
:10DAE000002140F26730AFF3008094E7012386F80D
:10DAF0002030C9E727B1002140F26230AFF3008047
:10DB00000BEB0603234483F802A0E7E7202882D02A
:10DB100080464FF0200A710141440BEB060304EBF1
:10DB20004101234491F821205A70CBE740F6261199
:10DB3000702000F001F900BF28190021000000004A
:10DB400048190021000000000000000070B586B0F8
:10DB50005BBB054610460C460DF10B06FCF72AFD93
:10DB60000246214604AB1446284603AA0096FCF759
:10DB700093FD039A1249A31A8B4209D3121B8A42BE
:10DB80000CD310498B420BD88A4213D90E4B9B1AE7
:10DB90000A9AA2F10F00C01A06B070BD5342F7E70F
:10DBA00003F1F45303F59023F2E740F6711170206E
:10DBB00000F0C2F840F6B201702000F0BDF800BFDE
:10DBC0000040420FFF7F841E00807BE1BFF34F8F38
:10DBD0000549064BCA6802F4E0621343CB60BFF309
:10DBE0004F8F00BFFDE700BF00ED00E00400FA0525
:10DBF000094B01225A604FF0FF32C3F808234FF45B
:10DC00000052064BC3F88020BFF34F8FBFF36F8FD6
:10DC1000C3F88021704700BF00D0004100E100E060
:10DC2000094B01225A604FF0FF32C3F808234FF42A
:10DC30008032064BC3F88020BFF34F8FBFF36F8F46
:10DC4000C3F88021704700BF0000014100E100E0FF
:10DC500010B5134900230122124CC1F8FC3FC1F852
:10DC6000FC2FDA00013302F1FF7202F58032D2F8A4
:10DC700000032040884202BFD2F80003D2F80423F8
:10DC80000260202BEDD1084B4FF48072C3F8802046
:10DC9000BFF34F8FBFF36F8FC3F8802110BD00BF5C
:10DCA0000080004100F0FFFF00E100E0F8B51B4EEE
:10DCB00005460C46174633786BBB03F0B7FC184B90
:10DCC0007760002D08BF1D463472FFF7C1FF28465C
:10DCD000FFF7A6FFFFF78CFFFCF702FF0546C0B970
:10DCE000FEF7D6FBFCF7F0FEFCF766FE03F09FFCA8
:10DCF000002C0CDB04F01F0264090123A4009340F4
:10DD000004F1604404F56144C4F8803123600123C8
:10DD100033702846F8BD4FF0FF35FAE7CC190021E3
:10DD2000BEB6020108B572B6024B5B6803B19847F4
:10DD3000FFF74CFFCC1900211FB572B6134B5D687D
:10DD40008DB9FFF743FFB4FBF6F4D3B20132002CD8
:10DD5000F9D103F110026A4402F80C4C0A2233B9DB
:10DD600001A8A847EDE7044600220A26EDE7013B9B
:10DD7000DBB203F110040DEB0406B0FBF2F402FB7E
:10DD80001400303006F80C0C2046E8E7CC190021CE
:10DD9000074B93F90830002B09DB5A09012103F0E6
:10DDA0001F03403201FA03F3024941F82230704761
:10DDB000CC19002100E100E0014B1878704700BF4A
:10DDC000CC1900212DE9F04707462E4E2E4CEFF3DB
:10DDD000108372B63578EDB2FF22327003B962B6A5
:10DDE0000DB1FF2373704FF001080023DFF89C9002
:10DDF000C4F80480C4F80031C4F80431C4F80475D0
:10DE0000C4F80080D4F8003113B9D4F80431EBB170
:10DE1000D4F80431002BE8D1B5B97378DBB2032212
:10DE200075704FF40051C4F80823194AC4F804511E
:10DE3000C4F80051C2F88011EFF3108272B6357049
:10DE400002B962B6002BC2D1BDE8F087D9F8103014
:10DE5000DB06D7D50E4B4FF40052C3F88021EFF309
:10DE6000108A72B60323C4F80433D4F8003123B9FE
:10DE7000D4F804310BB903F0EEFBBAF1000FC1D1B5
:10DE800062B6BFE7D519002100D0004100ED00E0E7
:10DE900000E100E01B4B4FF4803270B5C3F88020E6
:10DEA000BFF34F8FBFF36F8F174D0021174CC5F88D
:10DEB0000011C3F880212669236906F0100643F09B
:10DEC000100323610123C5F804332B60D5F800311A
:10DED000A3B11EB9236923F0100323610A4B012269
:10DEE000D3F808055A60C3F808230022C3F80021BC
:10DEF0004FF48032034BC3F8802170BD03F0ABFBBD
:10DF0000E4E700BF00E100E00000014100ED00E0B7
:10DF100002460C49052038B50138C0B2FF2803D1AC
:10DF200048216920FFF708FF01EBC0031D7905F0C8
:10DF3000FF04002DF0D141F8302001225C719C716A
:10DF40001A7138BDD8190021042808B503D94F210A
:10DF50006920FFF7F1FE034B03EBC00000230371C0
:10DF600008BD00BFD8190021042808B503D95821DD
:10DF70006920FFF7E1FE094B03EBC0000379012B99
:10DF800001D05921F4E7437982790133DBB29A4217
:10DF900018BF4371BDE80840FFF7FABED819002149
:10DFA00070B50625114C0026013D15F0FF0500D186
:10DFB00070BD94F8281004EBC1031A79012A09D125
:10DFC00058799A79904205D05A79D2B29A7154F818
:10DFD0003130984794F828300133DBB2042B94BFDA
:10DFE00084F8283084F82860DEE700BFD8190021C3
:10DFF0000048704700070841914270B53BD2B2FA21
:10E0000082F33BB1C3F1200499409A4020FA04F412
:10E0100098402143160C1FFA82FE030C85B2B1FB17
:10E02000F6FC06FB1C14240404EB10400CFB0EF45D
:10E03000844206D9201A90428CBF02200120ACEB0A
:10E04000000C03EB01410CFB12114FEA0C4CB1FB2D
:10E05000F6F006FB101100FB0EFE05EB01418E45AC
:10E0600006D9AEEB010E96458CBF02220122801A22
:10E0700040EA0C0070BD73219620FFF75DFE00BFE3
:10E080002DE9F8431C4652EA040348D007461546DA
:10E090000E4694B3B4FA84F9B9F11F0F43DC4FF084
:10E0A000010808FA09F220FA08F0A2FB05C340EAC9
:10E0B000C17021FA08F102FB0432FFF79DFFC9F19C
:10E0C0001F030021D84028D0431E8C46804661EBB8
:10E0D0000101184605FB01F203FB0422A5FB033EE8
:10E0E000FB1A72441F4666EB0206AF4276EB04034E
:10E0F00011D340466146BDE8F883914208D32146DA
:10E100003046FFF779FF04462A46384604FB15617E
:10E11000FFF772FF2146BDE8F8838446E5E7CA2190
:10E120009620FFF709FEE7219620FFF705FE00BFC6
:10E1300092B1013A17D0034600EB020C10B501E092
:10E140009C450BD08E461C4611F8012B13F8010B91
:10E150009042F5D0801A10BD1046704760789EF846
:10E160000120801A10BD00780A78801A704700BF1D
:10E1700010B5441A94422BD34AB34B1CC31A022B3A
:10E1800031D9531E072B2ED922F003048C46864624
:10E190000C445CF8043BA4454EF8043BF9D122F052
:10E1A000030302F003049A4200EB030C01EB030E9D
:10E1B0000DD0CA5C012CC25409D09EF80130022C4B
:10E1C0008CF8013003D09EF802308CF8023010BD7C
:10E1D000002AFCD08B18024413F801CD8B4202F8C0
:10E1E00001CDF9D110BD4B1E0244014613F8014F79
:10E1F00001F8014B9142F9D110BD00BF81EA000343
:10E200009B072DE9F0415CD187075ED0002A56D0EC
:10E21000034601E0002A52D011F801CB013A03F87D
:10E2200001CB9E07F6D1032A28D941EA0305141F22
:10E230006D074FEA940E4AD12B2C48D90EF10108F4
:10E24000A1F108051C464FEA580C03EBCC0CF5E98C
:10E250000267E4E802676445F9D118F0010F28F07D
:10E26000010403D051F8245043F824500EF1010466
:10E2700002F0030203EB840301EB8401FAB1541EA4
:10E28000022C20D922F003058C469E460D445CF8F2
:10E29000044BAC454EF8044BF9D122F0030402F0D4
:10E2A0000305A2422344214409D00A78012D1A70A3
:10E2B00005D04A78022D5A7001D08A789A70BDE84C
:10E2C000F0810346DAE71546EFE70346ABE70EF1C8
:10E2D00001071D1F0C4601EB870754F8046BBC4275
:10E2E00045F8046FF9D1C1E72DE9F04184075FFAE1
:10E2F00081FE5FD0002A59D0034601E0002A55D0A4
:10E3000003F801EB990702F1FF32F7D14EEA0E2430
:10E31000032A44EA04443ED9151FC3F38001AE0822
:10E32000172D06F1010647D99846002940D048F834
:10E33000044B771A03EB810C79080CEBC101CCE993
:10E3400000440CF1080C6145F9D127F0010C08EBF1
:10E350008C016745CCEB8C7805EB880517D02F1F17
:10E360000C60032F13D9A5F108074C60032F0ED9B9
:10E37000A5F10C078C60032F09D9A5F11007CC601B
:10E38000032F04D9143D0C61032D88BF4C6102F0AA
:10E39000030203EB86034AB1013A83F800E005D09B
:10E3A000012A83F801E018BF83F802E0BDE8F0819C
:10E3B0001546BEE70346A9E719461546CFE700BF55
:10E3C000094B0A4AC3F880210132C3F88421013283
:10E3D000C3F88C210132C3F890210532C3F8EC2137
:10E3E000013AC3F89020704700800041040000808B
:10E3F000074B0022C3F88021C3F88421C3F88C2185
:10E40000C3F89021C3F8EC21C3F89020704700BFF7
:10E4100000800041014B1B681B681847080500215C
:10E42000014B1B685B68184708050021014B1B68FE
:10E430009B68184708050021014B1B681B6918479A
:10E4400008050021034B1868034BC01A18BF0120B0
:10E45000704700BF08050021C8B6020138B50E4C50
:10E46000237803F0FF05B3B96378012B06D10223AB
:10E470006370636813B16368984765606378032BC2
:10E4800009D10025657063682BB1A3685B69984763
:10E4900063689847656038BD401A0021014B01222E
:10E4A0009A777047401A0021042873B5064604D9AC
:10E4B00040F23D116820FFF73FFC104D0124FFF7AB
:10E4C000CDFF2C706B78022B14D1AB683046DB6823
:10E4D000984705EB4602537D83420DD3AB7FA342A1
:10E4E00000D0137D8DF8043001A8AB688DF805606D
:10E4F0001B68984702B070BD2346F3E7401A00211D
:10E5000010B520B940F253116820FFF715FC064BF7
:10E510005A78022A02D05A78032A04D19B68BDE8AF
:10E5200010405B68184710BD401A002110B5084C18
:10E530006378022B02D06378032B02D1A3689B6817
:10E5400098470023A3772370BDE81040FFF786BFEC
:10E55000401A0021054B5A78022A02D05A78032A21
:10E5600002D19B681B69184700207047401A0021A0
:10E57000054B5A78022A02D05A78032A02D19B68A6
:10E580009B69184700207047401A0021024B5878B9
:10E59000003818BF01207047401A002138B50546E1
:10E5A0000C46E2F7C9FD30B13E2D04D12046BDE84E
:10E5B0003840E2F701BE38BD1FB5014601A800F0A2
:10E5C00006F801A8E7F7E0FD05B05DF804FB0B884D
:10E5D0000022C3F30B0383804B884272C3804B78C5
:10E5E000C3F30113012B02D0022B18BF13460431D1
:10E5F0000372016070478B88043010B500F8043C4A
:10E600000C4610F8033C03F0F00300F8033C8A8842
:10E61000C2F30322134300F8033C03F0CF03CA887C
:10E6200000F8022CCA8800F8033C120A00F8012CFA
:10E630000A7A120102F03002134303F03F0300F89C
:10E64000033C4A7A43EA821300F8033C096881429A
:10E6500005D0E288FB2A28BFFB22FFF7CFFDE08828
:10E660000430C0B210BD8B880A46043010B400F8E4
:10E67000043C10F8033C03F0F00300F8033C8988E5
:10E68000C1F303210B4300F8033C03F0CF03D1880F
:10E6900000F8021C10F8011C01F0C00100F8011C78
:10E6A000D48800F8033CC4F30524214300F8011C7E
:10E6B00001F03F01147A240104F03004234303F0F5
:10E6C000BF0300F8033C547A00F8011C43EA8413AA
:10E6D00003F07F0300F8033C1168814203D0D28825
:10E6E00010BCFFF78BBD10BC70472DE9F8430B78C9
:10E6F00005460C46013B372B00F29D82DFE813F004
:10E700004E00520056001F019B02D100D700DD00D1
:10E71000E300E900ED00EF00FF001B0138009B0261
:10E720005B009B026100F300F900730179016D0148
:10E730009B027F019B029201C201C801CE019B0294
:10E74000D401E001E601120218026C024A025E02E4
:10E750006602500258021E0224022A0230023602C9
:10E760003C02400244027E02720278028A02840263
:10E770000E23B1F803200B7042F283039A4209D1B1
:10E780000623637066782146284602363246FFF734
:10E7900035FD5CE03121C720E2F7D8F90C230B707E
:10E7A0000823EEE71A230B700123EAE73E230B70E0
:10E7B0000223A370E6E73E230B7012234B700B235A
:10E7C000F7E72920E2F7F8FC28B13E232370222343
:10E7D00063702923EDE70A20E2F7EEFC3E2305F102
:10E7E000080204F108012B70A0B30A23AB70E37890
:10E7F000EB70A3882B71A3881B0A6B71A379AB7193
:10E80000E379EB71A368AB608B8893801F22D4F807
:10E810000E30C5F80E30638A6B8263696B61238B9F
:10E820002B83638BAB76638B1B0AEB76A38B2B77E7
:10E83000A38B1B0A6B77E38BAB77E38B1B0AEB771E
:10E8400094F8203085F820306A70023296B2304653
:10E85000BDE8F8830123AB70E378EB70A3882B71DC
:10E86000A3881B0A6B71A379AB71E37903F00103F1
:10E87000EB71A368AB608B8893801322638BAB73BF
:10E88000638B1B0AEB73A38B2B74A38B1B0A6B7418
:10E89000E38BAB74E38B1B0AEB7494F820302B757D
:10E8A000D2E73E230B7004234B70142381E73E23F1
:10E8B0000B700C234B7004237BE73E230B700A2361
:10E8C0004B70032375E73E230B700D234B7005231C
:10E8D0006FE705232370042353E70823FAE7302367
:10E8E0000B7003234DE73E230B700B234B70072364
:10E8F0005FE73E230B7006234B700C2359E78B78A0
:10E90000012B837015D1132305220370B1F8033056
:10E91000C370B1F803301B0A0371B1F805304371BD
:10E92000B1F805301B0A837192B2002A3FF42AAF76
:10E930008AE70022F8E757230B70022321E73E23E2
:10E940001F311C3000F81C3C0D2300F81A3C11F854
:10E950001C3C00F8193C31F8123C20F8183C11F826
:10E960001B3C00F8163C51F81A3C40F8153C31F8B5
:10E97000163C20F8113C11F8103C00F80F3C11F83F
:10E980000F3C00F80E3C11F80E3C00F80D3C11F85D
:10E99000023C00F80C3C11F8133C00F80B3C31F839
:10E9A0000B3C20F80A3C11F8093C00F8083C51F8EF
:10E9B000083C40F8073C31F8043C20F8033C11F8CF
:10E9C000146CE52E00F8016C28BFE5263246FFF7EF
:10E9D00015FC06F11A02D2B236E73E230B70012372
:10E9E0004B701123E5E63E230B7006234B70122378
:10E9F000DFE63E230B7009234B701323D9E63E2339
:10EA000003702420E2F7D8FB002815BF24230E232F
:10EA100013260F263246A11CE81CAB70FFF7EEFB55
:10EA2000721C11E73E2303702520E2F7C5FBC0B13D
:10EA300025230A26AB70D4F80230C5F80330D4F889
:10EA40000630C5F807306389A5F80B30F01CE27A70
:10EA500004F10C012844FFF7D1FBE27A0132324481
:10EA6000F2E60F230726AB706388A5F803302379FD
:10EA70006B716379AB71A379EB71A37A2B72E37A33
:10EA80006B72E3E73E230B7003234B70102390E679
:10EA90003E230B7005234B7020238AE63E230B7028
:10EAA00009234B70212384E63E2303702620E2F7DE
:10EAB00083FB002815BF2623182317261326A9E752
:10EAC0003E230B7004234B70272372E63E234FF046
:10EAD000000881460370282346468370D1F802302F
:10EAE00049F8033FAA795FFA88F39A4201D8721D68
:10EAF0001AE7B21D331D08F10108A118A25809EB4D
:10EB0000030049F80320063131F8023C063020F8B2
:10EB1000023C10F8017C3A460637FFF76FFB3E4493
:10EB2000B6B2DFE73E230B701D234B70192340E67E
:10EB30003E230B7007234B701A233AE63E230B70DB
:10EB400020234B702C2334E63E230B704C234B7058
:10EB50002D232EE63E230B7004234B702E2328E634
:10EB60003E230B7022234B702F2322E63E230B7093
:10EB700014234B7030231CE63E230B70312318E620
:10EB80003E230B70322314E63E230B7002234B709E
:10EB900033230EE63E230B7014234B70222308E62A
:10EBA0003E230B700B7C5B000F334B701D2300E684
:10EBB0003E230B7003234B701E23FAE53E230B709C
:10EBC0000B7D5B0013334B701B23F2E53E230B7070
:10EBD00003234B701C23ECE53E230B7005234B7085
:10EBE0001F23E6E5FF230B700B234B70A223E0E508
:10EBF000FF230B7005234B70A323DAE5FF230B7073
:10EC000005234B70A423D4E5FF230B700D234B7019
:10EC10008023CEE5FF23C21C037081238370D1F8CB
:10EC2000033003F1280153F8040B8B4242F8040B24
:10EC3000F9D1292208E640F29221ACE508B510B1DD
:10EC4000FFF7BAFC10B96FF0150008BD0020FCE713
:10EC500010B50C4630B129B1E2F7FAF928B12070AD
:10EC6000002010BD6FF01500FBE76FF02200F8E701
:10EC700008B5E2F77FFA002008BD01F006BAF8F700
:10EC8000EBBAF8F7F7BAF8F705BB08B5E2F784FA7C
:10EC9000002008BD01F08BBF01F09DBF034602229A
:10ECA00000201A70032258709A703622D8705A7158
:10ECB0006FF00F0218719A716FF01A02DA710E225A
:10ECC0001A726FF078025A7268229A724822DA72C7
:10ECD000704701F03CBA10B50446FFF7DBF8B0F519
:10ECE000007F09DA10F5007F08DD031EB8BF03338B
:10ECF0009B100020237010BD7F23FAE76FF07E0386
:10ED0000F7E7F9F789B91FB5002341F64B5241786F
:10ED1000CDF80A30D0F80230934295BF4FF47A72A2
:10ED200040F2E242B3FBF2F3B3FBF2F398BF03F518
:10ED3000506302789BB242EA0122ADF80230ADF88E
:10ED40000020ADF80430C279837943EA0223ADF89C
:10ED50000630427A037A684643EA0223ADF8083067
:10ED600001F0A9FB05B05DF804FB01F0A1BF00783C
:10ED7000003818BF012001F034BBF9F781B9817860
:10ED8000008801F060BF01F07CBFF9F781B937B5A9
:10ED900005460C4600880DF1060101F027FB2B8883
:10EDA0002380BDF80630638003B030BDF9F778B931
:10EDB00001F054B901F0C0B908B5E2F7F5F9002047
:10EDC00008BDF8F7F9BA01F0D4B9F9F7C1B801F004
:10EDD0009FB901F06CBE01F0C7BD01F09BBEF8F712
:10EDE00031BD01F0E4BAF8F70BBF01F010BB01F040
:10EDF0007CB801F081B801F0CAB801F0E6B801F0C2
:10EE00005ABB01F09FBB01F0C2B901F0F0BB01F0A9
:10EE10008AB901F034B901F013BC03880B8001F00A
:10EE2000ABBE03880B8001F0B5BE01F0DAB9F8F78C
:10EE300055BBF8F73BBB01F06DB801F08EB801F09F
:10EE4000FBB801F007B901F0E7B801F0DCB801F058
:10EE5000FDB901F023BAF8F74BBB01F05ABA01F043
:10EE600007BE01F02ABC01F037BE01F092BD01F0EF
:10EE7000C3BD01F0ACBD01F0B4BD01F04ABC01F06E
:10EE800056BCF8F777BC01F06FBAF8F71BBF01F07A
:10EE90001EB901F02DB9F8F745BA01F0E8B901F053
:10EEA0004ABF01F015BFF8F791BAF8F74FBB01F070
:10EEB000B8BEF8B5D5181F46044616466B1DBDF8FA
:10EEC00018505D43ADB205F11B0020F0030080B285
:10EED000884203D0A3211420E1F738FE14F0030187
:10EEE00001D0A421F7E7B5F5004F01D9A521F2E73C
:10EEF0001422201DFFF7F8F9E77465802680F8BD1D
:10EF000070B50688C58803898E42C5F30E02C3F327
:10EF10000E0403D2C9211420E1F718FE5D40C5F3A9
:10EF20000E030BB92D0409D4A24209D2C37CA41A42
:10EF30000533E41AA14203DD00238374184604E07C
:10EF40001832012381528374104470BD0844053087
:10EF500050431B3020F0030080B2704740881B30C4
:10EF600020F0030080B2704738B503888B4204D28A
:10EF700040F201111420E1F7E9FD857C65B1C388F9
:10EF8000C3F30E031833C25A8A4207D3C152811DFC
:10EF9000E2F7DAF900238374284638BD0025FBE741
:10EFA00003461830F0B59C88A5B2C4F30E06DC8881
:10EFB000AC4202D10020D881F0BD5F89DC7C855B4A
:10EFC0003C44ED1B0234ADB2344420440C88AC42C6
:10EFD00088BF0D805C89B4FA84F4640914700A88CF
:10EFE000DA81E9E7F8B582880026C38904460D4630
:10EFF00092B20E60CBB14189C2F30E020B441832BB
:10F000009BB28718825A4381934204D94FF4A77167
:10F010001420E1F79BFD04D1011DE2F795F946812B
:10F020002F6000230120E381F8BD1846FCE770B58E
:10F0300004460846A38804F1180622899BB2C2F34D
:10F040000E059A420DD021B1A91CE27C3144FFF794
:10F05000D5F804F108012046755BE2F775F92846FA
:10F0600070BD0025FBE78388C0889BB2C31A584255
:10F0700058417047C288018910B5C2F30E044A4056
:10F08000C1F30E031204A3EB04035CBF42889B1878
:10F090000288C07C0532104480B293FBF0F080B24D
:10F0A00010BD828873B595B2C488C2F30E02AC421B
:10F0B00002F1180212D04189C689835A314499421B
:10F0C0000EDB0DF10601ADF80650E2F73DF9BDF893
:10F0D0000600001B18BF012002B070BD0020FBE736
:10F0E0000120F9E702890346183070B530F8125C48
:10F0F000C2F30E04C5F30E065540C5F30E0222B945
:10F100002A0402D50020188270BDB4421D8806D999
:10F11000DA7CA41B0532A41AA542A8BF25469A8909
:10F120000AB1845B2D1BA942ECDCDC7C033A19821A
:10F130000534324422441044E6E7F8B5038A002B34
:10F1400039D08B4237D3C48800F118038589C4F3C2
:10F150000E041E1995B91D55757085891E5B0D44E9
:10F160003144ADB285811953DAB1811DE2F7ECF873
:10F1700000238381002303820120F8BD1E5BAE4281
:10F1800004D040F201211420E1F7E0FCC57C033EED
:10F19000878A2644053535445E195F53857DB570F1
:10F1A000DBE7C27C2C44144402341A191B5B8382B3
:10F1B00093788375DEE70020DFE78388C2889BB2FF
:10F1C0009A4206D0428922B9C3F30E031833184479
:10F1D000704700207047C37C088802330B441360DB
:10F1E00070470230704738B58388C2889BB29A4214
:10F1F00009D043893BB9C5893DB9011DE2F7A4F89F
:10F20000C581012038BD0020FCE71846FAE70388D5
:10F210001380C388C3F30E031833034480890B6043
:10F2200070474A1E062A08B50346084604D84FF41C
:10F23000CD711520E1F78AFC11B903B1196008BD41
:10F240005BB1B1F5803F02D34FF4D671F1E71B6893
:10F2500000225A601A1D19811A600430EFE7026813
:10F26000002322B90381031D426003607047918827
:10F2700012680B449BB2F4E703464FF6F672A1F115
:10F280000800904270B504D94FF4E9711520E1F7F8
:10F290005DFC1868B8B1848802688C4214D03AB911
:10F2A0008EB206F10805ADB2AC4204D210460AE0B7
:10F2B00003461046EFE7425045181A68A41B12682F
:10F2C000AC8042501D6070BD1A60FCE700238A804C
:10F2D0000B6003680B600160704730B590B18478B3
:10F2E000B1FBF4F304FB131300EB430252898A428F
:10F2F00001D1D8B230BDC27822B900F10A03D0B230
:10F30000844201D8FF20F5E733F8025B0132A942BD
:10F31000F5D1EFE78278038805324B4303EB4203D4
:10F320001844704713B500230446CDE900338DF827
:10F3300006006846E2F70EFB08B102B010BD214698
:10F34000BDF80400E2F7E4FA0028F2D040F22F31D1
:10F350001720E1F7FBFB70B51E460D460A21FFF7AB
:10F36000F5FD0446324609212846FFF7EFFD20440B
:10F3700070BD03460068884209D1EFF3108272B66F
:10F38000186808B10168196092B962B6704758B937
:10F390007047884208D1EFF3108272B618680028CF
:10F3A000F2D001681960EFE7034600680028F0D149
:10F3B0007047F8B50346D51D5C0725F0070505F134
:10F3C000100003D066212220E1F7C0FB03F10804FE
:10F3D00013B11C609980DA8018350A460026013A7C
:10F3E00092B242B9013989B200FB015013B12260D7
:10F3F00062602272F8BD002BF1D027186660267279
:10F4000027603C46EBE70346EFF3108272B60068D4
:10F4100018B1016819600023036002B962B6704731
:10F42000EFF3108372B602680A60016003B962B636
:10F430007047012303707047F8B5054608461E461D
:10F440001146002814BF00240224FF23AB702B199F
:10F450001B7D012B04D001342B191B7D012B19D1ED
:10F4600005EB44073B8B3A8C9819904204DD002051
:10F470002C4438832075F8BD05EB8404324660685F
:10F480001844FEF7BBFE3A8B16443E83002301204E
:10F49000AB70F0E70020EEE7002910B514BF0023A1
:10F4A0000223FF218170C1180C7D012C07D10C3380
:10F4B00020F8132002230B750023837010BD013345
:10F4C000C1180C7D012CF2D04FF48B710920E1F7AB
:10F4D0003DFB024630B5837803F0FF00F3B9137D9E
:10F4E000022B19D0537D022B19D10346012089B17B
:10F4F0000024D5180C332C7522F81340131803245C
:10F500001C7502EB80035B680B6000F10C0332F8A2
:10F5100013308B80012002E00123E8E7002030BD9A
:10F5200030B58378E3B9837D022B17D0C47D022CDC
:10F5300016D1032381B1002205190C342A7520F855
:10F540001420C2180324147500EB83020C33526894
:10F5500030F813300A608B80012002E00324E9E7D1
:10F56000002030BD037D012B01D1008B7047437D0E
:10F57000012B0CBF408B00207047837D012B01D1F4
:10F58000808B7047C37D012B0CBFC08B0020704760
:10F59000038B23B9408B003818BF0120704701202E
:10F5A0007047838B23B9C08B003818BF0120704788
:10F5B00001207047027D022A01D1008B7047437DF4
:10F5C000022B01D1408B7047032AF6D0032BF9D0D0
:10F5D00000207047827D022A01D1808B7047C37D55
:10F5E000022B01D1C08B7047032AF6D0032BF9D030
:10F5F000002070472DE9F0410646069898460D46D2
:10F60000430711469DF81C7002D010F0030003D090
:10F6100025214C20E1F79AFA4FF48B72FFF7C9FECF
:10F62000002F06AB044600FB08F114BF002018466B
:10F63000FFF7F7FD17B9069B33602C60BDE8F0813A
:10F64000E2F7A0BB00EA400303EA430303EA4303F3
:10F6500003EA430303EA430313EA43030CBF012015
:10F660000020704708B5034610468B4209D03AB1D6
:10F6700083EA0100E7F7ECFB01288CBF00200120A2
:10F6800008BD0120FCE737B5002304460D46CDE94F
:10F6900000336846E2F75EF930B10023CDE900336C
:10F6A00001238DF8063011E0009B2A462046196A96
:10F6B000FFF7D8FF0028ECD003B030BD009B2A46EE
:10F6C0002046196AFFF7CEFF0028F5D16846E2F719
:10F6D00041F90028F2D00023CDE9003303238DF84F
:10F6E000063007E0009B2A4620461968FFF7BAFF5C
:10F6F0000028E1D16846E2F72DF90028F2D0002376
:10F70000CDE9003304238DF8063007E0009B2A463C
:10F7100020461968FFF7A6FF0028CDD16846E2F71A
:10F7200019F90028F2D00023CDE9003308238DF821
:10F73000063008E0009B2A462046D3F8C011FFF7A8
:10F7400091FF0028B8D16846E2F704F90028F1D00B
:10F750000023CDE900330A238DF8063007E0009B33
:10F760002A462046D3F8F410FFF77CFFE8B9684634
:10F77000E2F7F0F80028F2D000224FF43023CDE970
:10F7800000236846E2F7E6F830B10023CDE9003304
:10F7900009238DF8063014E0009B2A462046D3F852
:10F7A000F410FFF75FFF0028EBD0012084E7009BF7
:10F7B0002A462046D3F80C11FFF754FF00287FF4A7
:10F7C0007BAF6846E2F7C6F80028F0D0002073E768
:10F7D00070B523260025E7F719FB0446F7F768F90B
:10F7E00040B100212046FFF74EFF68B9254620466C
:10F7F000F7F794F9013E01D00028ECD035B940F27A
:10F8000015210F20E1F7A2F90020F3E7284670BD8B
:10F8100010F0FD0F14BF01200020704740687047B2
:10F820004068A8307047034600F001009A0748BFBF
:10F8300040F002005B0748BF40F00800704790F8B6
:10F840000033DBB290F8E6202AB913F0FB0F14BFA7
:10F85000012000207047002070472DE9F8438046C2
:10F86000B0F86260B0F864501746383089B3F4F7E6
:10F8700051FD04460221E5F74DFA8146022120465A
:10F88000E5F748FA4E45B8F8003028BF4E463B80B1
:10F89000B6B21B2E38BF1B26FB2E28BFFB26854287
:10F8A00028BF05467E80ADB21B2D38BF1B25FB2D22
:10F8B00028BFFB25B4F5A47F38BF4FF4A474FD80A6
:10F8C000B4F5296F28BF4FF42964BC803C81BDE8A2
:10F8D000F883ECF7D3FFCCE7002307B5CDE900337D
:10F8E00002238DF806306846E2F734F808B10020AC
:10F8F00004E00098EDF7E6F90028F4D003B05DF8D5
:10F9000004FB08B5F4F7CEFA0438C0B201288CBF66
:10F910000020012008BD13B5FFF7F3FF58B90023FD
:10F92000CDE9003302238DF806306846E2F712F87D
:10F9300040B1002004E0F1F7E1FE0028EFD0012003
:10F9400002B010BD009C2046EDF7BCF90028ECD0B9
:10F950002046EBF7FBF90028E7D0F0E707B50023D6
:10F9600040F6881201A9FAF7C1FD03B05DF804FB67
:10F97000F0B50278034601F10C0600250A7040F24A
:10F98000712C42784A7082788A70D0F80320C1F8CE
:10F990000320B0F80720A1F80720427A0720940737
:10F9A00081F84C0002F001004A7201F1240448BFC2
:10F9B0000130520744BF0130C0B2EAB2904208D8C9
:10F9C000012381F848300023A1F84A3081F84D30F6
:10F9D000F0BD03EB0512013557890CFB07F746F81C
:10F9E000047B97890CFB07F7B760D78924F8027B63
:10F9F000178AA780578A6781978A2782D78AE782E2
:10FA0000128BA283D9E72DE9F341002304460E4669
:10FA1000174600F10A08CDE900336846E1F79AFF7E
:10FA200008B1002015E0009DA542F6D03046EB1C41
:10FA3000FFF7EEFE3946AA78E3F7F0F90028ECD09C
:10FA400005F10A036A7A4146607AE3F7E7F900288C
:10FA5000E3D002B0BDE8F08108B5431E072B05D8FE
:10FA6000DFE803F00A0A0409040404094FF42271D0
:10FA70000620E1F76BF8032008BD08B5431E072BED
:10FA800005D8DFE803F00A0A0409040404094FF466
:10FA900022710620E1F75AF8032008BD10B504468C
:10FAA00038B1F8F725FC34EA00030CBF0120002030
:10FAB00010BD0120FCE707B5FFF723FF60BBFFF790
:10FAC0000BFF48BBF1F71CFF30BB0523CDE900005D
:10FAD0008DF806306846E1F73DFF30B10023CDE9EF
:10FAE000003306238DF806300FE00098403001F017
:10FAF00054FC0028EED003B05DF804FB009B586F67
:10FB0000503001F04AFC0028F5D16846E1F722FFA9
:10FB10000028F3D00020EEE70120ECE710B5044602
:10FB2000FFF7DAFE28B9FFF7ECFEC0B90124204642
:10FB300010BDF8F7B5FB68B1F7F704F90446EBF729
:10FB4000DBFA50B92046EBF7D3FA80F00104E4B2B7
:10FB500004F00104002CE6D1E9E70024F8E7F1F70E
:10FB6000EBFD431E5C425C41E1E710B503780446BF
:10FB7000012B10D1F1F7BCFBC0B9F1F707FDB8B10B
:10FB8000F1F716FDF1F704FE50B9A1886088BDE8D1
:10FB90001040F3F725BEF4F785F9052801D10C20B4
:10FBA00010BDF3F775FC0028FAD0F8E73A20F7E724
:10FBB0001220F5E770B505460C46EDF783F8F0B96D
:10FBC0002846EAF7CBFFD0B903212046E1F78AFEA9
:10FBD000064678B905212046E1F784FE054680B93E
:10FBE00002212046E1F794FE88B141F2B15139205B
:10FBF000E0F7ACFF403001F0D0FB0028EAD00C2049
:10FC000010E0403001F0C9FB0028E9D0F7E73EB131
:10FC100003212046E1F77CFE10B141F2B851E6E73E
:10FC20000DB9002070BD05212046E1F771FE0028C6
:10FC3000F7D041F2BF51DAE738B505460C462AB194
:10FC40001F2901D8002038BD1220FCE7E1F780FF12
:10FC5000A04211D32846EBF767FA08B11F2CF3D85E
:10FC60002846EBF729F848B121462846EBF74EF82D
:10FC70000028E7D14520E6E70720E4E74220E2E755
:10FC800038B50546EBF718F8E8B12846EDF71AF84D
:10FC900008B9002038BD2846ECF74EFC044628463B
:10FCA000ECF790FD88B9002CF3D02088E3F706F834
:10FCB00001212088E1F72CFE0028EAD041F2E27110
:10FCC0003920E0F743FF4220E4E70C20E2E7F0B5FB
:10FCD00087B00546008801A9E4F782FD04460028A4
:10FCE00040F0818001A8FFF79BFD029B93F8E9316A
:10FCF000003B18BF01238DF802309DF80430002B23
:10FD000074D1837F1F2B74D19DF8023083F00103DF
:10FD100003F001038DF8033090F872309B0603D492
:10FD20009DF80330002B68D0EB881B3B9BB2E02B87
:10FD300065D8298944F24810A1F5A4739BB2834287
:10FD40005DD86B881B3B9BB2E02B58D8AA88A2F5E4
:10FD5000A4739BB2834252D8B1F5296F51D8B2F542
:10FD6000296F4ED801A8FFF759FD029EFF2786F89C
:10FD700063719DF80230002B3DD19DF8041003AA59
:10FD8000B1FA81F14909FFF768FD6A88BDF81230C0
:10FD900040F6480CBDF814109342BDF80E0028BF81
:10FDA00013466145AA88A6F8683128BF6146EB88EA
:10FDB000984228BF1846BDF810306345A6F8640184
:10FDC000288928BF6346834228BF03468A42A6F893
:10FDD0006631134628BF0B46A6F86A3186F8627171
:10FDE000002386F86331204607B0F0BDC3689A0649
:10FDF0008AD423468CE73A24F2E71A24F3E7122444
:10FE0000F1E71124EFE72DE9F04385B00746884676
:10FE1000008802A9E4F7E4FC054650BB02A8FFF7FE
:10FE2000FFFC034602A8FFF7F9FC039E814696F803
:10FE3000FC2102F0FF051AB1B8F1020518BF012537
:10FE40009A7F93F87330232A43EAD3030CBFC5F19A
:10FE50000102002203F0010313433CD0BC7814B923
:10FE6000F8F746FA0446F878B8BBF8F741FA24B92F
:10FE70000925284605B0BDE8F0830028F8D099F898
:10FE8000752032B114F0020400F00200F0D0002816
:10FE9000EED0FF2286F86D21DDB996F86C2102F0D4
:10FEA000FF05B2B986F86F0101A986F86C8186F862
:10FEB0006E41BA888DF805004846A6F870218DF885
:10FEC0000440ADF80620E4F74BFF002386F86D31BF
:10FED000CFE73A25F9E71A25CBE7002CCFD1C7E7C2
:10FEE00008B5F8F7C1F9002008BD10B50446E8F7D9
:10FEF00017F82070002010BD10B5FFF70CFD044668
:10FF000030B9E8F707F82046E3F78CF9204610BD32
:10FF10000C20FCE710B503780446012B01D9122010
:10FF200010BDFFF7C8FD60B92078FFF771FC01280C
:10FF30000DD004F11703E21D611CBDE81040E3F78A
:10FF400027BBE3F7FDFE0028EED00C20E8E7A379FD
:10FF500003F0C003C02BECD0E1E710B503780446F2
:10FF6000012B0AD8FFF7A7FD48B9214611F8010B6C
:10FF7000FFF74EFCE3F734FD38B9122010BDE3F76C
:10FF8000DFFE0028F1D00C20F8E70020F6E738B5B6
:10FF90000546FFF7C0FC0446A8B92878012803D914
:10FFA000FF280BD0122038BDFFF732FC691CE7F7A1
:10FFB000BDFF002814BF00200720F4E70120E3F76D
:10FFC00031F92046EFE70C20EDE738B50546FFF79D
:10FFD000A2FC0446A8B92B78012B03D9FF2B0CD027
:10FFE000122038BD1846691CFFF712FCE7F7DCFF4A
:10FFF000002814BF00201220F3E7E3F713F920468E
:020000040102F7
:10000000EFE70C20EDE708B50088E3F79FFE002836
:100010000CBF3020002008BD38B50546FFF74BFD6A
:10002000044638B92878003818BF0120E3F782FE6B
:10003000204638BD0C20FCE708B5FFF73CFD18B999
:10004000E3F764FE002008BDE3F77AFE0028F7D04E
:100050000C20F8E7082303700020704703466FF078
:100060007001212210B50D2404700020DC70592489
:1000700059709A701C7158719971DA7110BD08210C
:1000800008B5E0F7D7FF002008BD73B506460C465B
:1000900000886946E4F7A4FB0546B0B9B3787BB99C
:1000A0006846FFF7BBFB90F87430A370338894F96F
:1000B00002002380E4F71CFFA070284602B070BD48
:1000C0007F20FFF74BFCA070F0E70225F5E710B5A5
:1000D00004466FF07F00FFF741FCE4F709FF207052
:1000E0007F20FFF73BFCE4F703FF6070002010BDAA
:1000F00010B50446E4F758FF00EB80035B00238053
:10010000E4F758FF00EB800300205B00638010BD24
:1001100010B50446F6F716FEEAF7E6FFE4F7E8FE48
:100120002070002010BD08B501220B4600F110011F
:10013000E7F77CFF002008BD10B50146044600200B
:10014000E2F750FE08B92060A080002010BD10B575
:100150000446F8F783F828B900202146E2F72AFE82
:10016000002010BD0020FFF7D9FC0028F4D10C209E
:10017000F7E710B504460120FFF7D0FC28B10120B5
:100180002146E2F717FE002010BD0C20FCE7F7B572
:100190000C46054669460088E4F722FBA11C02468E
:1001A000A8B96846FFF73CFB034600F1260783F831
:1001B0007A2038680860387908712888208093F898
:1001C0007A6006F0FF00002EF1D103B0F0BD0023ED
:1001D0000220C4F802300B7123706370F5E7FFF75B
:1001E00076BD1FB544F290228388934217D80288C7
:1001F000B3F5296FADF8042028BF4FF42963408878
:100200000A80ADF80600ADF80A0001A8ADF8083084
:10021000ADF80C30FFF75BFD05B05DF804FB122074
:10022000FAE737B50D466946E4F7DAFA044650B9FD
:1002300068462A46FFF7F2FA9DF80010B1FA81F1FC
:100240004909FFF70AFB204603B030BD03466FF0B3
:100250006F0100200A2299705870DA7058719971F4
:10026000DA7110B56FF004041C701C7110BD10B56C
:100270000446FFF720FC58B92078611CFFF7C8FA44
:10028000E279E4F7DDF8002814BF0020022010BD59
:10029000E3F756FD0028EFD00C20F8E7F7B5074646
:1002A0000D4600886946E4F79BFA0646B8B96846E9
:1002B000FFF7B4FA044694F8700084F87260FFF710
:1002C000CBFBA87094F87100FFF7C6FBE87094F8B8
:1002D000723003F0FF00002BEDD13B882B8003B080
:1002E000F0BD10B583880446022B10D8C078FFF704
:1002F000D5FB08B9112010BDA078FFF7CFFB00286F
:10030000F8D020460121BDE81040FFF77CBD122047
:10031000F1E713B58378C17803F00104027903F0A3
:10032000020351EA040C1DD052EA030C1AD0002C2F
:1003300018BF0021002B037818BF00228DF802108F
:100340008DF80320427843EA0223ADF80030437968
:100350008279684643EA0223ADF80430FFF7C1FF13
:1003600002B010BD1120FBE710B504460020F7F7DE
:1003700091FF2378012B13D16378012B03D9022B32
:100380000CD1A38853B1628862B1A38853B10A210A
:100390004A434FF4A0614B439A4203DB122010BD45
:1003A000002BFBD12046BDE81040FFF7DEBB07B5B0
:1003B000037800214278012B8DF800308DF8012060
:1003C000ADF80210ADF8041007D1012A07D868462D
:1003D000FFF7CBFB03B05DF804FB002BF7D0122036
:1003E000F8E708B5E2F718FA002008BD13B50C4687
:1003F0006946E4F7F5F930B9019B9DF80020B3F8A0
:10040000BC3012B9238002B010BD0133FAE730B519
:10041000052385B00024CDE902448DF80E3002A8F2
:10042000E1F798FA48B10025F3F73CFD05280FD015
:100430007DB90C24204605B030BD029C94F8A5304F
:10044000802BECD094F80931002BE8D10125EBE7A3
:1004500025B1FF2384F8A4300024EBE701A8F3F7CB
:1004600021FA04460028E5D1F0F754FFE2E710B581
:100470004FF6FF730446008886B0984217D004A94F
:10048000E4F7AEF9A8B904A8FFF7C8F9A389A288D0
:10049000029363896188019323890093E388F6F7C7
:1004A000D3FB002814BF0020302006B010BD002070
:1004B000ECE70220F9E7F8B50646FFF7D8FF054656
:1004C00030B901463088E1F70DFA044610B902252B
:1004D0002846F8BDFFF7B3F90028F8D094F81C338C
:1004E00003F0FF0543BBB088E4F778FC07460146FC
:1004F0000120E4F785FCB84220D241F64B539F42DD
:1005000005D8B4F8702040F202239A4218D1002393
:10051000A4F82003C4E9C937F279B37943EA022386
:10052000A4F82C33337A727A43EA0223A4F82E33E8
:10053000FF2384F81C33CBE73A25C9E71225C7E728
:100540000C25C5E713B50446E4F796FA00284CD00D
:100550002046FF24E4F748FD0023CDE90033684638
:10056000E1F7F8F950B300244FF40033CDE900432C
:1005700001246846E1F7EEF920B300204FF4403340
:10058000FF24CDE900036846E1F7E4F9F0B100216A
:100590004FF4A023FF24CDE900136846E1F7DAF910
:1005A000C0B100224FF41023FF24CDE90023684698
:1005B000E1F7D0F990B1002002B010BD009B83F8A4
:1005C0001443CCE7009B83F88240D2E7009B83F87A
:1005D0003440D8E7009B83F83440DEE7009B93F873
:1005E0003020032AE3D19C77E1E71220E4E713B53A
:1005F00000886946E4F7F4F80146F0B99DF8003048
:10060000019CA3B19DF80030012B09D1019A92F809
:100610002433DBB292F8E62072B913F0FB0F0BD053
:1006200094F873314BB9012384F8733105E0204607
:10063000FFF705F90028E5D10221084602B010BDF8
:1006400038B5002105460088E1F74CF9044660B34F
:10065000FFF7F5F878B394F8303343BB94F81A31C8
:10066000DB0726D5D4F85C312BBBD5F8023004F279
:100670003B32C4F83133D5F80630C4F835336B89D2
:10068000A4F8393305F10C031C3553F8041BAB42B5
:1006900042F8041BF9D104F24B300C21E0F7CAFCFC
:1006A0000123002084F8303338BD0220FCE73A20D3
:1006B000FAE71A20F8E70C20F6E7F0B589B004460F
:1006C00000200E46F7F7E6FD01AA234604F1180CB8
:1006D00017461868083353F8041C1546634503C5CC
:1006E0002A46F6D11B782B7000238DF81D308DF82B
:1006F0001E30237D022B0AD0637803F01803082BE9
:1007000005D031463846F7F719FB09B0F0BD122085
:10071000FBE710B5022104460078E1F7E3F820B1C9
:100720002178BDE81040FFF745BA422010BD13B54F
:1007300000200024F7F7AEFD0223CDE900448DF838
:1007400006306846E1F706F910B1204602B010BD48
:10075000BDF804100098FFF72DFA002818BF0446D2
:10076000EFE72DE9F341054690F80180022100787A
:10077000E1F7B8F80446002800F08780F7F790FD0D
:1007800008B32046EAF77EFCEE78864228BF06468C
:10079000B6B2B8F1040F5DD0E06CFEF7E3FE871946
:1007A000BFB2F7F77DFDB8B9EB7873B92046EAF729
:1007B00069FC874210D92046EAF7B6FC50B90720F9
:1007C00002B0BDE8F081EE78E3E72046EAF76CFC82
:1007D0000028EBD11220F3E7F7F762FD3946024615
:1007E0002046FFF729FA0028EAD1A8F10303012BDC
:1007F0002DD82046EAF798FC6B78032B2DD108F012
:10080000FD07012F3AD12046EAF78EFC002833D1AC
:10081000B8F1010F08BF02273A46E16C6846E1F7DC
:10082000AFF933466A680121E06CFEF705FE002847
:10083000C5D06B78023B012B07D8E06CFEF792FE27
:1008400001210246E06CFEF727FE0020B8E7002EEB
:10085000CFD1BFE7002ECCD0BCE70028BAD1042B03
:10086000CDD12046ECF72EFA0028B3D0E06CFEF78D
:100870008FFE0028C3D1ADE70027CDE7B8F1040F04
:10088000CFD12046EAF790FDDFE7422098E72DE937
:10089000F3470746467890F8039002210078E1F785
:1008A00021F8044600283BD0F7F7FAFC30B1204687
:1008B000EAF722FC002808BF4FF00009E06C1FFA9D
:1008C00089FAFEF75AFE00EB09081FFA88F8F7F7D5
:1008D000E7FC60B1F7F7E4FC414602462046FFF72B
:1008E000ABF9054668B1284602B0BDE8F087FB7851
:1008F000002BEFD02046EAF7FFFB0028EAD11225B3
:10090000F1E7042EFBD0032E10D0B9F1000FF6D082
:100910002046ECF7D7F938B10C25E4E704220EE0C5
:100920004225E0E70725DEE7012E0CD12046EAF755
:10093000FBFB0028F2D1012E0CBF06220522E16C40
:100940006846E1F71DF953467A680021E06CFEF72E
:1009500073FD0028E6D0023E012EC4D84246002195
:10096000E06CFEF799FDBEE713B50446F6F7EAF929
:100970004FF440736846ADF8003000238DF8023024
:1009800014F8013B8DF803300194FFF780FF02B0AB
:1009900010BD13B504460020F7F77CFCE378FB2B71
:1009A00013D82278043468468DF803308DF800207F
:1009B00014F8022C8DF8022014F8032C01948DF801
:1009C0000120FFF764FF02B010BD1220FBE710B555
:1009D00004460020F7F75EFCE1F7BAF8208000201B
:1009E00010BD10B504460020F7F754FC0220E0F7D4
:1009F000F7FE2070002010BD73B504460020F7F705
:100A000049FC6378F3B10025EBB202219E0004EBB0
:100A100083039878E0F766FF40B32378012B0AD16F
:100A2000B11C2144F6F744FB38B901356278EBB2CA
:100A30009A42E9D801E013B1122002B070BDFFF76D
:100A40001FF9F1E72378002BF6D1CDE9003302231B
:100A50008DF806306846E0F77DFF08B10020ECE72E
:100A60000098FFF70DF90028F4D0E6E74220E4E70C
:100A700038B5022105460078E0F734FF0446A0B1FE
:100A8000ECF720F928B92046691CEAF7E3F90020C1
:100A900038BD2046EAF730FB08B10C20F8E72046C5
:100AA000EAF726FB0028F8D1EDE74220F0E713B57E
:100AB0000446F6F747F9684614F8013B8DF8033011
:100AC0004FF440730194ADF8003000238DF80230EC
:100AD000FFF747FE02B010BD13B504460020F7F73C
:100AE000D9FBE378FB2B13D82278043468468DF8C1
:100AF00003308DF8002014F8022C8DF8022014F831
:100B0000032C01948DF80120FFF72BFE02B010BDDD
:100B10001220FBE773B50546F6F714F904462B7867
:100B200063B100230DF1010101208DF80030E2F7DF
:100B300059F918B16846FFF79BFFA0B90026204677
:100B40008DF80060EAF7DCFAB0428DF8036014BF5C
:100B500080233346ADF801302B78012B05D169464F
:100B60002046F6F7A5FA02B070BD1BB92046FFF784
:100B700087F8F8E71220F6E710B50121044600884F
:100B8000E0F7B0FE20B1A11CBDE81040EDF7E6BFD4
:100B9000022010BD08B501210088E0F7A3FE20B1B6
:100BA0000021BDE80840EDF7D9BF022008BD37B5E8
:100BB00005460C4600886946E3F712FE034638B93D
:100BC0006846FEF72DFE2A882280B0F84C2062800D
:100BD000184603B030BD2DE9F341438804460E4664
:100BE000EBB169460088E3F7FBFD054698B9238819
:100BF00068463380FEF714FE07466846FEF70EFE91
:100C00000646D6F81C80384662884146E3F7DAFD8E
:100C1000F3694345F5D1284602B0BDE8F0811225BD
:100C2000F9E713B500880C460880694680B2E3F7FF
:100C3000D7FD034620B96846FEF7F2FD427EA2705A
:100C4000184602B010BD10B50C460121E0F74AFE6F
:100C500088B1022C11D804F00103C4F3400480F8D9
:100C6000ED3280F8EC4223B190F8EA323BB1EBF779
:100C700011FE002010BD0220FCE71220FAE7184602
:100C8000F8E710B504460078FF280AD00221E0F703
:100C900029FE58B16378A27843EA0223C384002076
:100CA00010BDB4F80100ECF711F8F8E74220F7E7BF
:100CB00010B504460078003818BF0120F3F720FB78
:100CC0002078003818BF0120EBF7A4FD002010BDEC
:100CD00010B50446F7F7E4FA50B1F6F733F8617847
:100CE000C1F3400201F00101EAF762FB002010BDF0
:100CF00002212078E0F7F6FD0028F0D14220F6E747
:100D000038B504460D46F7F7EDFA830001D40C2000
:100D100038BD20460821E0F7E5FD044648B1F5F767
:100D20002DFD0028F3D02A462146BDE83840F5F7CE
:100D30008BBD0220ECE703880B80817898B2FFF727
:100D4000DFBF0820F7F7B2BA0B20F7F7AFBAF5F715
:100D50002FBCEDF77BBF10B5044604B910BD236866
:100D600098476468F9E703680BB9016070471A4651
:100D70005B6813B18A42FAD170478A4218BF51604A
:100D8000704708B5EBF7DCFB20B14FF48C71012004
:100D9000DFF7DCFEE9F7F8FE10B140F21D11F6E7CF
:100DA0000220BDE80840FEF7BDBA08B50120FEF7F5
:100DB000B9FA0020FEF7B6FAE0F75AFEE1F772FF43
:100DC000E1F7E4FA18B1FA210120DFF7BFFE08BD10
:100DD000FFF7EBBF08B5FFF7D4FFEDF7FDFC20B13F
:100DE0004FF499710120DFF7B1FE08BD08B5F2F7A5
:100DF000DBFB20B14FF4AB710120DFF7A7FEF3F767
:100E000079FA10B140F25711F6E7F6F785FAF0F7E4
:100E100099FABDE80840F3F717BC08B5FFF7E6FFFD
:100E2000F5F788FA20B14FF4BE710120DFF78EFE8E
:100E300008BDFFF7BABF08B5F0F7F0FAF7F770F999
:100E4000F7F780F9F5F778FABDE80840E5F704BB55
:100E500010B5C378044691B163B90388012B01D959
:100E60005B082380E5F7BAFF2388B0FBF3F202FBAF
:100E70001300A070E37883F00103E37010BD002B32
:100E8000F8D10388FE2BEDD85B009BB2FF2B88BF07
:100E9000FF23E6E783780BB1013B83708078B0FADB
:100EA00080F0400970470123038040F20113438022
:100EB0007047F9F7F9BC0B46152203F8032BD0F85D
:100EC0000920C1F80320427B1A717047012804D120
:100ED000012914BF002001207047022801D10229F6
:100EE000F7E7042801D10429F3E70020704730B563
:100EF00085B004460D46E5F735F978B3A4F5FA74E4
:100F000002A92088ADF80000E3F76AFC18B12E2191
:100F10007E20DFF71BFE039B0221684693F86C20BE
:100F20008DF8022093F86D20B3F86E308DF8032011
:100F3000ADF80430FEF767FF08B14421E8E78DF80B
:100F400008009DF808308DF80900002063F30700C1
:100F50009DF8093063F30F2005B030BD36232B70A8
:100F6000D4F80930C5F8033004238DF80830E8E7D9
:100F700010B544680021037894F8C52004F1A80056
:100F8000E3F70CFE18B986217E20DFF7DFFD212371
:100F900084F8C53010BD034610F0010007D19A0750
:100FA00004D413F0040018BF0820704702207047D3
:100FB00030B5C1F3072285B0CCB2C0F30723C5B268
:100FC000019011462046FFF781FF20B919462846B7
:100FD000FFF77CFF10B32B40234002EA03010B46CE
:100FE00088071FD411F0010203D111F0040218BFC9
:100FF0000822990718D413F0010003D113F004005C
:1010000018BF0820082A04D1BDF80630012B08BFFC
:101010000422D2B242EA002005B030BD05EA020146
:101020002340DDE70222E4E70220EBE72DE9F84F59
:101030008946054608469046E5F75AF882464846EE
:10104000E5F75AF88346FFF7A6FF06465046FFF736
:10105000A2FF46EA00070446FFB2003F18BF01277F
:10106000F7F746F900EA0B00C0B2002808BF0026D7
:10107000F7F73EF900EA0A0095F87020C0B20028A0
:1010800008BF0024B24214BF3346002388F8003062
:1010900095F87120A24208BF0024234388F801403C
:1010A0000CD14846E5F72EF8B5F8BC30DB431844C0
:1010B00047F6FD7380B2984288BF0027BEB995F805
:1010C0007000FEF7DAFC03280ED195F86C31012B85
:1010D0000AD1B5F8702195F87030012A09D1042B96
:1010E00009D0042388F800303846BDE8F88F082E70
:1010F000EAE7082BF8D00823F4E7082905D10128EE
:101100000CD10421138051807047042906D1012895
:1011100004D00821012013805180704700207047BF
:10112000012805D0022803D010F00C0018BF0420BD
:1011300070477FB54468CDE900211146019894F8C5
:10114000706094F87150FFF733FFC3B2C0F307200B
:101150009E4208BF0023854208BF002084F81A334E
:1011600084F81B0304B070BD73B5002344680546C2
:101170000E4694F8C620194604F1A800E3F70EFDC8
:1011800000285AD094F8C530253B022B2BD901A852
:10119000E1F7D6FD014628B1019B0DF10301DB7893
:1011A0008DF803300DF10203162294F8C500E5F71F
:1011B000F7FE78B19DF8022016212846E5F7D8FE03
:1011C0003023002084F8C6300123A4F8060184F8F7
:1011D000083109E03046E4F771FF38B93146284656
:1011E000E5F714FF00E0202002B070BD337903F072
:1011F000070384F86830737903F0070384F86930D3
:1012000094F86D319BB994F86C31012B0FD094F8A0
:10121000682094F871309A420BD194F8692094F8C0
:1012200070309A4205D16B68022283F86C21232327
:10123000C7E72846F7F7AAF8F9E70120D4E7F8B599
:10124000446805460E46012304F1A8070B2194F8D3
:10125000C6203846E3F7A2FC014608B12020F8BDBD
:10126000012394F8C6203846E3F798FCC8B394F8F5
:10127000C530262BF2D03046E4F720FF28B931469E
:101280002846BDE8F840E5F7A5BE737903F00703EB
:1012900084F86930337903F0070384F8683094F8F0
:1012A0006D3193B994F86C31012B0ED094F868200D
:1012B00094F871309A4210D194F8692094F8703003
:1012C0009A420AD1022384F86C312323284684F8F9
:1012D000C630E5F731FE0020C1E72846F7F756F89B
:1012E000F3E70120BBE7436837B593F8C530044600
:1012F0000D46212B26D10846E4F7ECFE616868B95B
:10130000A1F81A0363680122002083F80421252232
:10131000A3F8000183F8C52003B030BD2A7900206E
:101320006B7902F00702ADF8060003F00703D1F86D
:101330006E118DF8042020468DF80530019AFFF7D4
:10134000F8FEDFE70120E7E710B50C460921E08D44
:10135000E0F7C8FA10B1FF2380F89E30A06820B9EA
:101360004FF4E9710A20DFF7F1FBBDE81040FEF70A
:1013700060B870B50E4603210546E0F7B3FA04469F
:1013800048B905212846E0F7ADFA20B116B190F82A
:10139000BD3003B90446204670BD037C0BB9002064
:1013A0007047037C012BFAD0007C073818BF01205E
:1013B000704708B5027C012AD3B204D0FFF7EDFFD5
:1013C00000F0010008BD1846FAE738B50446FFF7FB
:1013D000F0FFD8B1237C022B16D0257CEB1E5D429A
:1013E0005D41012907D1072320792374FBF726FEED
:1013F0002079FCF76BFA012323743DB104F120003E
:10140000BDE83840F3F73AB90125EAE738BD10B531
:101410000446FFF7CEFF70B120460121FFF7D5FF4C
:101420002079FBF737FA20B94FF401710B20DFF771
:101430008DFB00232374002010BDFFF785BF007DC6
:10144000A0F1FF0358425841704708B58B6F6BB14C
:1014500091F8523053B98B6F01211888E0F758FA90
:1014600020B140F245111E20DFF770FB08BD1D239F
:1014700010B50446C370F6F761FF207110BD1E233E
:1014800010B50446C370F6F759FF207110BD70B552
:1014900004460025666BA06D1EB9E0F76BFCA665DF
:1014A00070BD616B0B6863630D704D708D70CD7096
:1014B000FDF7B6FFEEE70B460146986DFDF7B0BFAE
:1014C00010B50446E06B28B103682146E363FFF7DB
:1014D000F2FFF7E710BD10B5044690F828301BB1B5
:1014E00000F12801F8F770FF94F84D3023B104F1B2
:1014F0004D012046F8F768FFA36D3BB12046FFF78A
:10150000DFFF2046BDE81040FFF7C1BF10BD70B53A
:1015100004460025666A16B9A16D59B970BD616AA5
:10152000606D0B6863620D704D708D70CD70FDF74E
:1015300077FFEFE7606DFDF773FFA665EEE7436D9C
:1015400010B5044633B1FFF7E2FF606DE0F70AFC27
:101550000023636510BD10B50446F8F751FF20461F
:10156000BDE81040FFF7D3BF10B50446F8F748FFB9
:10157000002384F8203010BD10B50446F8F740FF72
:10158000002384F8503010BD10B5044690F8203088
:101590000BB1FFF7E9FF94F8503013B12046FFF785
:1015A000EBFF2046BDE81040FFF7C9BF00F03EB892
:1015B000801A00F3070038B50D46144659B240B200
:1015C000F8F7D8FF0023287020446C7040B2AB704D
:1015D00038BD002070474FF0FF3070474FF0FF30AC
:1015E000704770477047002070474FF0FF307047DA
:1015F0000020704790F90030002B14BF6FF01500E9
:10160000002070470023037070470022FFF7D0BF0F
:10161000002070474FF0FF3070474FF0FF307047A9
:101620004FF0FF307047002303707047704770B56C
:101630000024F8F7ADFF05462646E0B2854200D803
:1016400070BDF8F7ABFF0134868480F82660F4E7BC
:101650007047FCF7A5BC704720BF704700280CBF3F
:101660006FF01500002070470020704707230370BB
:1016700000207047002070470020704710F8012BB1
:1016800011F8013B012A28BF9A42F7D0D01A7047BF
:10169000014805F02FBA00BF8806002138B5094D72
:1016A0004FF0FF324FF0FF33284607F064FD044649
:1016B00001F016FC10B1204601F0E8FC05F074FEC4
:1016C000EEE700BFB80600210346F7B5064613F85B
:1016D000010B0D46022801F1FF322ED0052846D01D
:1016E000012855D1022A53D903220020CDE9003226
:1016F0000022002301F0B8FB0446002848D0F3780C
:10170000043D9D4204D003B0BDE8F04001F0BEBCF2
:1017100000F10C07384607F04EFD854201D92046FE
:10172000F1E72A46311D384607F033FD21461948B6
:1017300003B0BDE8F04007F020BD032A28D90422F9
:10174000CDE900320022002301F08EFB0446F8B1FF
:10175000B6F80330053D9D42D5D104F10C0738465B
:1017600007F029FD8542DAD82A46711DDBE7032AF6
:101770000ED904200022CDE90030002301F074FBD3
:10178000044628B1B6F80330053DC3F30D03E2E784
:1017900003B0F0BDB806002170B5284888B001F04C
:1017A000A9FB00220023CDE9062300236FF00802E5
:1017B000CDE90133CDE9032300934FF4C062204B00
:1017C0002049214805F034F820491F4808F056FE0A
:1017D0001F4807F029FA1F4A1F491D4807F032FA2F
:1017E0004FF0FF324FF0FF331C4805F0A9F9134DBD
:1017F000194E4FF0FF324FF0FF33284607F0BBFC85
:10180000017E0446032906D0052905D0012910D000
:1018100001F03CFCEDE7022104F10C0007F0C2FCF2
:101820003046228AE16807F021FA002803DB2046CF
:10183000EEE70421F0E705F0B7FDF1E7A00600218F
:101840009D160201B83B0021A01A002122BA020114
:1018500000AF020110050021383800218806002160
:10186000014B1B68184700BF28050021014B186079
:10187000704700BF2805002130B585B004460D46ED
:1018800010220021684609F011FA02238DF8023077
:10189000044B2A4621466846019306F0C5FB05B075
:1018A00030BD00BF6118020180B505460E461746DF
:1018B000984605F015FE034609F094FA0446DFF851
:1018C0001890424649F8003039463046A84754F847
:1018D000090000F0F1FD00BF080000002DE9F0470D
:1018E000058B04462807904611D4022905F0070508
:1018F00040F0CD80204607F0AEF878B10138218B5A
:10190000042811D8DFE800F0C3106D859500012987
:101910000CBF45F0100545F02005258388F311889C
:10192000BFF36F8FBDE8F08701F0070AAA4500F00A
:10193000A6800027B9463E46A368002B00F0BD8074
:1019400041F00801218388F31188BFF36F8FA168EC
:10195000002900F0BB800D68002900F0B7803346F5
:1019600052462046D1F80480C047002D76D02B681F
:1019700029461D46F0E701F007035A1F012A1BD82C
:10198000002221F00701062B276889B2C4E9002252
:1019900009D13B4603E0628B013262831B68002B56
:1019A000F9D141F002012046218307F054F80028C4
:1019B0007BD041F0200177E0042B0AD121F0070110
:1019C00089B22046218307F046F810B141F020018A
:1019D0002183218B01F0070AAA4550D00027B94680
:1019E000AAE7236921F0070141F00601062DD3F88B
:1019F000009021832DD1B9F1000F40D041F00801B2
:101A0000218388F31188BFF36F8F20463949C84777
:101A100029E021F00701236941F0040189B2042D76
:101A2000D3F804902183E6D000274FF0040A3E4605
:101A300082E721F00701236941F0050189B2052DF4
:101A4000D3F808902183D6D000274FF0050A3E46F0
:101A500072E700274FF0060A3E466DE72B4687E700
:101A6000B9F1000FD1D14FF04003EFF3118883F3A8
:101A70001288BFF36F8F238B23F008032383258BFA
:101A8000EA062ED525F01003238305F007056669C5
:101A9000218B002EBFF66FAF00232768C4E9003307
:101AA00021F0070141F001012183218B4FF0000952
:101AB00001F0070AAA457FF43FAF002F9BD041F009
:101AC0000801218388F31188BFF36F8F002FC7D0DF
:101AD0003D68394633465246204606F0E8FF2F4619
:101AE000F4E7AB067FF51AAF25F02003238305F05A
:101AF0000705FFE6DB8A020130B50C460E4985B0CA
:101B00000291D0F8AC110546CDE9003100F1E001B9
:101B10004FF0FF33204604F015FB50B9012384F841
:101B20006430D5F8A83123B1204605B0BDE8304077
:101B3000184705B030BD00BF8F8D020138B50C4687
:101B40001146054607F025F9034638B928460449E9
:101B500007F01FF903460020236038BD0120FBE792
:101B600031BC02012DE9F04F012381460569466829
:101B700085B005F55977D7E8EF2F002A03D1C7E8DC
:101B8000E13F0029F7D10CBF1A46002240F0B18096
:101B9000B368B16A05F5E4781C1F104607F07EF9BA
:101BA00084425FD8013A00F09E80B2FA82F24FF090
:101BB0000044D44072682046073222F00302C5F880
:101BC0006022B16A07F06AF9C5F86402B36A404658
:101BD0006343033323F0030302EB4302230103EBCC
:101BE0004403093323F0030303EBC403C5F858226D
:101BF0001A440832C5F854227368C5F85C42C5F827
:101C000050323D4BC5E9A963316800F0DFF9044665
:101C100030BBD9F804A0D9F81090DAE9073409F5F7
:101C2000307B012B584608BF103C08F03DFD0023D7
:101C3000DAF8240031494FF4806201EB80210093EF
:101C40005846234605F0DCF809F52C702C4908F0BD
:101C5000E1FCDAF8140083685C682CB96FF0570473
:101C6000002139E0013298E74B46264ADAF818108D
:101C7000A04704460028F3D1DAF8140083681B69F2
:101C8000002BEBD00122DAF8181098470446002800
:101C9000E6D11D4B2846C5F8A8311C4BC5F8AC3120
:101CA0001B4B0393D5F810320293D5F80832CDE9D7
:101CB0000083D5F86832B26AD5F8601300F04EF9A7
:101CC00004460028CCD105F1E00004F0E9FA002830
:101CD000C5F868030ADB0221384607F08FF8204672
:101CE00005B0BDE8F08F6FF00B04B9E76FF0150495
:101CF000B6E76FF07704F2E7E58D0201B841002105
:101D0000CB8D0201BF8D0201151D0201738F0201EF
:101D10002D8E020113B5044640B100230122CDE906
:101D20000032074BD0E9091204F0C0F9A36E1B681A
:101D300023B1E06E02B0BDE81040184702B010BDFC
:101D400031BC020113B504460846216901F55971F9
:101D5000D1E8AF1F022910D193B1A0B10121CDE983
:101D600000311346D0E9091204F0A0F9074B98425C
:101D700008BF6FF00B0002B010BD6FF00F00FAE764
:101D80006FF04C00F7E76FF00100F4E72EF8FFFF6B
:101D90002DE9F74388461546066906F55973D3E8D9
:101DA000AF3F022B5FD1136823B96FF0150003B06A
:101DB000BDE8F0831B78002BF7D0D6F86093B9F11B
:101DC000000F33D106F5D8774FF0FF324FF0FF33D5
:101DD000384604F0E1FD30462A6801A9FFF7AEFE5F
:101DE000019C1CB9384607F007F8DEE705F1080347
:101DF000A3666B6984F86490E366E46360B1384677
:101E000006F0FAFF21463046236E2A68FFF774FE7B
:101E10000020C8F80040CAE72022296804F14000E9
:101E200008F06EFF384606F0E7FFF1E730460F494D
:101E300006F0AFFF04460028B7D005F1080383661B
:101E40006B69C063C366002380F864302022296870
:101E5000403008F055FF22460121304600F060F87E
:101E60000028D5D0A1E76FF00F00A0E731BC020138
:101E700010B50C46006900F55973D3E8AF3F022B4B
:101E80000FD189B10A4900F52C7008F0F1FB20460A
:101E900008F038F870220021204608F007FF0020E3
:101EA00010BD6FF00F00FBE76FF00100F8E700BF17
:101EB000403800212DE9F04F05460E469046002798
:101EC000D0F8B0A085B0AAF5AE7421463046FFF731
:101ED000D5FBE0B9114BA4F1400B0293DAF81030B6
:101EE0003246CDE9008329464FF0FF335846AAF524
:101EF000CE7904F027F960B97023012203FB079320
:101F000083F86420DAF80C300BB1584698477034E7
:101F100017B105B0BDE8F08F0127D6E7A18F020108
:101F20001FB5144690B18AB1012912D10A4B00F1B4
:101F3000E0010293D0F8AC31403201934FF0FF330F
:101F40002046009304F0FEF804B010BD6FF01500B9
:101F5000FAE70020F8E700BFA18F02012DE9F04366
:101F600087B00E46DDE90E811446DDE910251F46D7
:101F700030B329B3DFF850C000F1E009002D08BFED
:101F800065469EB9CDE9034400F5CE74204605961A
:101F900008F0DDF903ABCDE900432A463B46414654
:101FA000484604F0A3F907B0BDE8F083002241469B
:101FB0000E9248462A4607B0BDE8F04304F0C2BA84
:101FC0006FF01500EFE700BFB51E0201F0B50E4639
:101FD000044689B000286FD001230246C363002362
:101FE000D0F89810364F403040F80C7C42F8301F43
:101FF000CDE901334FF0FF330093C36D07F067FC69
:10200000304A06AB92E8030083E80300184603F069
:102010005FFF0546D8B904F1340003F03BFF0546E5
:10202000A8B93946284805AA07F02DFC054670B91D
:10203000059B9A6872B10C33D4F89400C4F8A030B0
:1020400006F0DFFFC4F8D40030B96FF00B05284666
:1020500009B0F0BD0346EFE7D4F8940006F0D1FFD5
:10206000C4F8D8000028F0D0D4F88C30D4F8A010F0
:10207000C4F8A8300423C4F8AC30C4F8C430022338
:10208000A362124BB4F89420D4F8D470C4F8B810FA
:10209000C4F8D010D4F89010236204F1A403A4F87B
:1020A000B020C4F8A470C4F8C010A4F8C820C4F8C4
:1020B000BC00A661E362CAE76FF01505C7E700BF81
:1020C0003DBA020110B0020147BA020114B7020181
:1020D000014B03600020704740B7020130BFFFF79B
:1020E000FDBF00BF114B124A2DE9F041D518013D4B
:1020F000B5FBF3F5DFF83C805D430F4B074608EB7B
:102100000304013CB4FBF3F403FB04540E1B304600
:102110000A4908F0BEFD701942460021083E08F049
:10212000C5FD7E6704F10800BDE8F08101000000F4
:1021300000000000040000000400000004B00201E0
:10214000044B99685869884203D003494FF0805284
:102150000A607047803A002104ED00E0154B9A6A4E
:1021600012F0007F9A6A14BF1E201D2012F0807F9B
:102170009A6A18BF1F2012F4801F9A6A18BF0220A3
:1021800012F4002F9A6A18BF212012F4802F9A6A45
:1021900018BF222012F4003F9A6A18BF232012F4BD
:1021A000803F9A6A18BF24206FEA02426FEA124207
:1021B0009A62704700ED00E010B5164B9A6A9C6A6F
:1021C00012F4805F14BF1722162214F4006F9C6A69
:1021D00018BF1822A40509D59A6B9A6A120404D56F
:1021E00018B19A6A22F400429A621922094B986A3D
:1021F00010F4806F986A18BF1A2210F4807F986AD2
:1022000040F47F4098624FF000030CBF10461B2043
:102210000B7010BD00ED00E010B5154B0246986A3A
:102220009C6A10F0100F14BF1120102014F0080F3A
:102230009C6A18BF1220A40709D5586B986A00063B
:1022400004D51AB19A6A22F080029A621320084BD0
:102250009A6A12F0010F9A6A18BF1420D20658BF6A
:102260009A6A9A6A42F0FF029A6200230B7010BDCC
:1022700000ED00E0F0B5474B04465B6800258BB0ED
:10228000C3F3080385F31188BFF36F8F02F07F401B
:10229000B0F17F4F11D102F00C0008280DD01007CB
:1022A0004CBF0C4601250022033B8DF80720032B71
:1022B00005D8DFE803F02462665F2C46F3E70023CD
:1022C0009DF80720CAB902AE04F120073246206803
:1022D0006168083403C2BC421646F7D1099A002D42
:1022E00053D0C2F3080121B96FEA52226FEA4222A9
:1022F0000992184602A906F0C2FE0BB0F0BD254BAC
:10230000DA6A9107DBD4DA6A002AD8DBDA6A52008B
:10231000D5D55A69A16942F480725A61BFF34F8FD3
:10232000BFF36F8F5A6931F8021C22F480725A6130
:10233000BFF34F8FBFF36F8F4DF60272914209D0FA
:102340009A6AD2B242B101200DF10701FFF764FF92
:102350000346B5E72368B3E79A6A12F47F4F05D0C6
:1023600001200DF10701FFF727FFF1E79B6AB3F5A5
:10237000803FA4D3FFF7F2FEEAE700200DF107014A
:10238000E4E700200DF10701EDE722F4FF7222F0EF
:102390000102ADE700ED00E0044B5A6942F0100283
:1023A0005A615A6942F480625A61704700ED00E058
:1023B000EFF30880EFF3098101B57246FFF75AFF8A
:1023C00001BD00BF002080F31488BFF36F8F002091
:1023D00080F30A8880F30B8800F01AFD00200E4974
:1023E0000860BFF34F8F0D4880F3088800F03EF877
:1023F000402080F311880A484FF40061401880F3B0
:102400000988EFF314800221084380F31488BFF396
:102410006F8F00F00DF9000094ED00E040580021AE
:10242000404D0021BFF34F8F0549064BCA6802F4A7
:10243000E0621343CB60BFF34F8F00BFFDE700BFE7
:1024400000ED00E00400FA05002318460649D1F823
:102450009020C2F30722934200DB7047C1F8983006
:10246000C1F8A0000133F6E700ED00E010B572B648
:10247000002484F31388FFF7E7FF23464FF0FF3073
:102480000C4A03F120010133102B42F82100F8D14E
:1024900000234FF0FF30074A03F160010133102B96
:1024A00042F82100F8D162B6BFF34F8FBFF36F8FB0
:1024B00010BD00BF00E100E0084B9B6883420BD1D8
:1024C000EFF3058343B1064B5A6842F080525A60DD
:1024D0005A6A22F400425A6208F0DAB9803A0021BE
:1024E00000ED00E06FF00A01084A9368D9670849D7
:1024F00098674B6843F080534B60002383F3118847
:10250000BFF36F8F9368D86F704700BF803A002188
:1025100000ED00E016498A684FF030001044EFF3F8
:10252000098C80E8F01F402080F31288BFF36F8F82
:10253000104F4FF000664A698A603E604FF07404A5
:10254000141920680C4C2060906F0023936780F36F
:10255000118802F1300090E8F01F8CF3098802F135
:10256000000004B506F09CFDBDE804407047000083
:10257000803A002104ED00E0683800211EF0040FCD
:102580000CBFEFF30880EFF30980816911F8021C9A
:102590000229FFD001B506F074FD01BD40B200284C
:1025A00007DB01234109034A00F01F00834042F882
:1025B0002130704700E100E040B200280CDB01222E
:1025C0000649430900F01F008240203341F82320D0
:1025D000BFF34F8FBFF36F8F704700BF00E100E084
:1025E000054B420953F82220012300F01F0003FA93
:1025F00000F01040704700BF00E100E0D30748BF83
:10260000002140B258BF02310028ACBF00F1604049
:10261000064A4FEA4113DBB2ABBF00F5614000F060
:102620000F0080F800331354704700BF14ED00E032
:1026300008B5084B084A23F07F039360BFF34F8F20
:10264000BFF36F8F03F0EAFF04F062FF00F084F83D
:1026500004F02EF80000000100ED00E042F8203CFC
:10266000009B0B4942F81C3C019B21F0010142F800
:10267000183C029B42F8081C42F8143C4FF080734F
:1026800042F8043C0023203A02658367704700BF8C
:10269000A91802010A4B446F98600A4B1C60436EF4
:1026A00083F30B88104681F30988002163B681F318
:1026B0001188BFF36F8F00220023FFF7F5F800BFEA
:1026C000803A002168380021014910220A607047D1
:1026D00010ED00E001B500F0C5FABDE8014072B6AA
:1026E000404080F31188BFF36F8F01B500F038FBD5
:1026F00000280AD0BFF34F8F30BF00BF00BF00BF1C
:1027000000BF00BF00BF00BF00BFBDE8014062B610
:10271000BFF36F8F704700BF01B500F0A3FABDE8AB
:10272000014072B6494081F3118801B500F018FBF1
:1027300000280AD0BFF34F8F20BF00BF00BF00BFEB
:1027400000BF00BF00BF00BF00BFBDE8014080F375
:10275000118862B6704700BF002340210348C218A9
:1027600001331E2B82F80013F9D1704700E100E01D
:1027700001B5EFF30580A0F110004FEAC000044955
:10278000014409C99847BDE80140024908470000D3
:1027900014AF0201412102011FB5094C094A234629
:1027A0000121094800F0EAF800230393074B0121B7
:1027B000E41A01A80193029400F0EAF804B010BDF5
:1027C000000001210000002140B70201580700214C
:1027D00010B50C7A0B6804F01F0223F01F031A4394
:1027E000CB68640923F01F03054943EA440343F01F
:1027F0000103C1F89800C1F89C20C1F8A03010BDB9
:1028000000ED00E02DE9F04F0F46144606464FF06C
:1028100000084E4D85B0B84580F29480D6F80490FB
:10282000B9F1000F36D0B9F11F0F40F2898019F0CD
:102830001F0F40F08580D6F800A01AF01F0F7FD13F
:10284000504606F031FC834609EB0A00013806F0D9
:102850002BFC834574D11BF1160F71D05C456FDDE5
:10286000C5F898B0D5F89C10C5F898B0D5F8A03048
:1028700021F01F0143F01F0AD6E900321A449942A1
:1028800002F1FF391ED1CA4508D131465FFA8BF0FB
:1028900006F013FC08F101080C36BCE73146C5F818
:1028A00098B0D5F89C3022F01F0203F01F031343A9
:1028B000C5F89C30E0B206F000FC10F1160F3FD0D6
:1028C000441CE7E7C5F898B0D5F8A020013B23F0F9
:1028D0001F0302F01F021343CA453146E0B2C5F898
:1028E000A030E8D006F0E9FB10F1160F28D0C5F8AB
:1028F00098B0D5F89C209DF808300AF1FF3A62F3B1
:1029000004038DF80830D5F8A0309DF808205B0846
:1029100063F347128DF80820D6E900321344009380
:1029200023F01F03411C5344A3EB0903C8B223F057
:102930001F030728039303D86946FFF749FFBFE742
:102940006FF01504204605B0BDE8F08F00ED00E003
:102950000522044BC3F89420BFF34F8FBFF36F8F52
:10296000704700BF00ED00E0BFF35F8F0022024B15
:10297000C3F89420704700BF00ED00E010B5034C91
:102980002278FFF73FFF207010BD00BFB83A00214A
:102990002DE9F74F294D8A4606464FF00008AB4611
:1029A000274FD0451BDAD6F80490B9F1000F3FD07D
:1029B00031680846019106F077FB0199044609EB5E
:1029C0000100013806F070FB84424FF014021D4BE9
:1029D00008D002FB08F36FF015024BF8032003B098
:1029E000BDE8F08F14F1160F2C60F8D01978A142D1
:1029F000F5DD02FB08B0C7F89840C7F89840D7F853
:102A00009C4000F10801007B64F304000871D7F8D2
:102A1000A0000C79400860F347140C71D7F89C10A3
:102A200021F01F016960D7F8A01021F01F01296172
:102A300008F1010814350C36B3E700BF6C380021EB
:102A400000ED00E0B83A0021F0B5384D87B02C68B1
:102A5000082C67D80020FFF787FF354B354AC3F8AD
:102A6000C02084420DD1344D01A82C70FFF730FBFB
:102A700000240646314FA6420AD1FFF769FF002025
:102A80004EE0696801EB0011FFF7A2FE0130E8E7B4
:102A90000199200101EB0413DA683A40B2F5001FF6
:102AA00022D0B2F5800F2CD0B2F5801F36D15A68F3
:102AB0009B680958013B22F01F0003440120844613
:102AC00023F01F0340EA4C108DF810002878CDE960
:102AD00002210728059321D802A9FFF779FE2B7858
:102AE000013401332B70C6E75A689B680958013BD3
:102AF00022F01F0003444FF0020C012023F01F03BB
:102B0000E0E75A689B680958013B22F01F00034424
:102B10004FF0000C062023F01F03D3E76FF01500E1
:102B200007B0F0BD4FF0FF30FAE700BF4CB702012D
:102B300000ED00E0AAFF4400B83A00210000F0FFD9
:102B400008B5024B1B689847002008BD803800215B
:102B5000034B044A1860937843F002039370704764
:102B6000803800215805002108B50649064821F0A3
:102B70000701C1F1045202F5803205F014FF002074
:102B800008BD00BF0384002184380021064AD2F822
:102B9000AC3123F00043C2F8AC310022034BC3F840
:102BA0004C21D3F84C3170470020014100600141B5
:102BB0000122024B0020C3F8402570470000084165
:102BC0005023142213B51F4C0DF10700C4F80C3527
:102BD0001D4BC3F820214FF400621C4BC3F8BC25E9
:102BE0004FF48062C3F8382506F0CCFD184B9842AC
:102BF00025D118499DF8070006F0B3FD16499DF848
:102C0000070006F0B3FD15499DF8070006F0A9FD81
:102C100021469DF8070006F0A9FD01209DF8073028
:102C2000984002F04FFC4FF4002200200C4BC3F8F8
:102C30004423C3F84C01D3F84C3102B010BD6FF0FF
:102C40000B00FAE700B000410030204100200141B4
:102C50000000AD0B4C610141282001412C210141B4
:102C60000060014173B5354BD3E84F3F0023344931
:102C7000CDE90033334BD3F80445BFF35F8FD1F870
:102C80000465BFF35F8FD3F804259442F3D16B46FC
:102C9000224601212B4806F032FA324605460F2122
:102CA000274801AB06F02BFAE0B1019B0DB9009368
:102CB00002E0009A9342FAD3009B22481C44013C54
:102CC000D0F84C3524F07F449C421F4932D0FFF7A6
:102CD0005DFFC0F84C451D4B009A9A4218D901235C
:102CE0000B7001E0002DE7D1194AD2F8AC3143F066
:102CF0000043C2F8AC31134BD3F84C2132B9012157
:102D0000144A5160D3F84C3103B1116001230DE036
:102D1000BFF35F8FD0F80435E41A24F07F440E4BE4
:102D2000033C9C42DBD900230B7000230B4A137039
:102D300002B070BD0B78002BF7D0D5E7BD3A00216B
:102D40000010014100600141BB3A0021FEFF7F00FD
:102D50000020014100B00041FBFF7F00BC3A002190
:102D6000F8B51E490023C1E8423F52BB1C4B1D78F9
:102D70003DB305231B4E1C4F34780134B4FBF3F3F1
:102D800003EB8303E41A06F0F2FB184A137823B12D
:102D900057F82430C01A072813D9154BD3F814114B
:102DA00041B10021C3F81411D3F8143134700CB9B7
:102DB00001231370347806F0DAFB47F82400284624
:102DC000F8BD0C4A0025D2F8AC3123F00043C2F81C
:102DD000AC310122084B5A60F1E700BFBD3A002137
:102DE000BC3A0021BA3A002190380021B93A0021BA
:102DF000005000410020014100B0004120B1034BD0
:102E0000800143F001031847704700BFE0B602019C
:102E100002F0B4BA074A0346106828B9D96831B13C
:102E2000596921B1136070476FF0770070476FF0F8
:102E300015007047A4380021052838B5054608D884
:102E40002A21C140C90704D5064806F08FF9044677
:102E500010B90024204638BD01210C3006F08FF94E
:102E60002576F7E7280700212DE9F0410546DDE941
:102E7000068750B1022804D1124806F077F90446BB
:102E800028B900242046BDE8F0810F48F5E700F19D
:102E90000C060121304606F072F92576B8F1000FD4
:102EA000F0D0002FEED0304606F085F9B84203D2BC
:102EB000204600F0EBF8E4E73A464146304606F09B
:102EC00068F9DFE7D0060021FC06002108B5034BB6
:102ED0000146186806F051F9002008BDA838002105
:102EE000038A1BB1024B1B685B69184712207047AD
:102EF000A4380021044B054A1B6810600BB1DB6845
:102F000018476FF012007047A4380021A83800213C
:102F100070B541690446867A0A4D59B1437ADB0798
:102F200006D42C2303FB06535B6A1B689B689847F7
:102F3000002363612C20214600FB0650BDE8704051
:102F400007F039BBD00600212C21827A054B01FB0A
:102F500002339A6A1B7F801A1B3323F00303B0FBF2
:102F6000F3F07047D006002138B52C24827A094B43
:102F700004FB02335B6A0C685B681A68944294BF76
:102F80000C600A60D3E90054FFF7DEFF05FB004048
:102F900038BD00BFD00600212DE9F04385B00546BD
:102FA000684690461C46039107F0D0FCDDE90067B7
:102FB0004FF04003EFF3118983F31288BFF36F8F53
:102FC0006B8B002B41D02A8B9A4225D900220023FB
:102FD000284603F05BFD0446F0B189F31188BFF386
:102FE0006F8F039B002B41D032463B46684607F06B
:102FF000D1FC2C21A27A234B204601FB02335B6AD1
:1030000003A91B681D68DDE90023A847606170BB48
:103010002046FFF77DFF24E0698B4B1E6B8389F30D
:103020001188BFF36F8F2B7F2A8BAC6A1B3323F081
:103030000303521A02FB0344124B134AEB1A9B1070
:103040005343A3722B7FE372CBE789F31188BFF35D
:103050006F8F23464246284603F018FD0446002899
:10306000BFD10024204605B0BDE8F0836361002392
:103070000122636022812382039A63696282E36092
:10308000F0E700BFD0060021A38B2EBA70B52C2527
:103090000B4C00B970BD037A4668013BDBB203728A
:1030A000002BF7D1C3604360837A05FB03431B6A9F
:1030B00013B198473046ECE7FFF72AFFFAE700BF65
:1030C000D0060021084B70B5C31A0D4607499B1066
:1030D000044659434022064806F091F82B46014623
:1030E0002046BDE870401847C0380021B76DDBB6F8
:1030F00088AE0201402373B50B4C0093041B0B46B2
:103100000D460A49A41061430646094A094806F0DB
:10311000A3F8011E05DA30462B4602B0BDE8704028
:10312000184702B070BD00BFC0380021B76DDBB6D4
:10313000C592020188AE0201052170B50022044645
:103140000846FFF75BFA0F4802F010F90E4B984261
:1031500015D106F000FB26690C49304605F0CBFC82
:1031600000280BDB012535642469084904F11C00A3
:1031700005F0C1FC002801DB0020E56470BD6FF0A4
:103180000400FBE7C53102010000AD0BB0B702013E
:1031900001460C2300224B4370B50848C418403345
:1031A0001844D4E90E56A26306F016F82DB1324643
:1031B0002B46BDE870400248184770BDC03800215A
:1031C00088AE020110B1012804D07047034B1B6C7C
:1031D0005B0701D1FFF7DCBF704700BFC03800219B
:1031E00008B54FF04003EFF3118183F31288BFF36A
:1031F0006F8F114A136843F002001060DA0708D499
:1032000081F31188BFF36F8FBDE80840012002F001
:103210009DB80A4BD3F80C24D3F80C34DB07EFD558
:10322000074805F0D9FF81F31188BFF36F8FBDE820
:1032300008400020FFF7ACBF1039002100500041CA
:10324000003900217FB500220123CDE9022304AB20
:10325000CDE90433094A6B46CDF800D0CDF804D04F
:1032600006F029F8002805DB4FF480420023684669
:1032700003F066FC07B05DF804FB00BFE3920201B7
:1032800010B54FF04003EFF3118483F31288BFF3BE
:103290006F8F074A136823F00201DB07116002D425
:1032A000012006F053FA84F31188BFF36F8F10BD2D
:1032B000103900212DE9F041012207463549D1E8B6
:1032C000EF3FC1E8E02F0028F9D133B93249334844
:1032D0004B60CB608A6005F021FC7B1E012B28D857
:1032E000012F06D12E4BD3F81C3403F00303022B1D
:1032F0001FD007F0BDF80546E8B92A4B1B78D3B1BB
:1033000002220646264BC3F80823254CDFF8988096
:10331000D4F81824D4F81834D20316D503F00303D4
:10332000022B01D0012F10D175B386F31188BFF3A2
:103330006F8FBDE8F0814FF04003EFF3118683F308
:103340001288BFF36F8F0125DFE7C5B13046FFF765
:10335000E3F9D4F81835DBB2012BD9D1D4F8042124
:10336000002AD5D00022C4F80421D4F80421022276
:10337000C4F818252022C8F88021A360C8E70021DE
:10338000212004F093F8E4E70222054BC3F804235C
:10339000CFE700BFBC380021AC380021DC38002169
:1033A00000500041B03B002100E100E008B50748B3
:1033B00006F0E7FF38B10648FFF7CAFB0448FEF7FE
:1033C00055FA002008BD6FF01200FBE7D8AE0201ED
:1033D000D53302010A2838B50446074D04D1AB683D
:1033E0000D2128465B689847AB6803485B68E1B2EB
:1033F0009847204638BD00BFD8AE02014FF04003C9
:10340000EFF3118283F31288BFF36F8F094BD3F868
:10341000001161B10021D3F80805C3F80011D3F8F9
:103420000031C0B282F31188BFF36F8F70476FF025
:103430000A00F7E7009000410346F0B510469C787B
:1034400093F803C04FF04005EFF3118285F3128823
:10345000BFF36F8F1F7893F801E0E41B04EA0C04BC
:10346000A04288BFA0B23E180CEA06063D461E7078
:1034700082F31188BFF36F8F0A188A4217D17745FC
:103480000DD14FF04001EFF3118281F31288BFF3A9
:103490006F8F1978597082F31188BFF36F8F1B7982
:1034A000241AA34222BF0122054B1A60F0BD5E1907
:1034B0007679013501F8016B05EA0C05DDE700BFFF
:1034C00000900041DB432DE9F04713F001050E4663
:1034D000144604D02348FFF7AFFFBDE8F087A2B33E
:1034E0004FF04003EFF3118883F31288BFF36F8F1F
:1034F0000920FFF775F807460920FFF75DF888F304
:103500001188BFF36F8FDFF860A04FF40079CAF81D
:103510000051DAF8003101232546DFF85080CAF85F
:103520000030C8F88091DAF8003183B1FFF766FF08
:10353000031EC8F88091F6DB013DADB27355002D36
:10354000F1D117B10920FFF729F82046C5E74FF060
:103550004003EFF3118083F31288BFF36F8FFFF7FF
:10356000DBF8E0E7443900210090004100E100E091
:103570002DE9F0410D461446114F07F1450814B9E5
:103580002046BDE8F0814FF0FF334FF0FF32384660
:1035900003F0D6FA224629464046FFF74DFF06467D
:1035A000384603F0A7FA3EB94FF0FF324FF0FF3331
:1035B000044803F0C5FAE6E7A41BA4B23544DEE7ED
:1035C000143900212C39002138B50122194C11463B
:1035D000204606F0FAFF0122002104F1180006F04F
:1035E000F4FF40F20743A4F848304FF070632363C0
:1035F0000C23002584F834300F4B84F84550A4F890
:103600004650D3F80425052122F00102C3F8042511
:10361000C3F80051D3F8002101220920C3F8042384
:103620001A602A46FEF7EAFF0920FEF7B7FF284690
:1036300038BD00BF143900210090004110B5FFF7DC
:10364000DDFE002820DB174BC0B293F8322093F840
:10365000314093F83310141B31EA04040DD193F870
:10366000472093F8464093F84810141B31EA0404AD
:103670000BD101220C4B5A600EE09C180132114014
:1036800084F8350083F8321010BD9C1801321140C7
:1036900084F84A0083F847100448BDE8104003F05E
:1036A00029BA00BF14390021009000412C390021B3
:1036B000F0B5406801F01F04057B87B044EA45146B
:1036C0000569002D63D0B2F5001F00F1100506D189
:1036D0002146284606F0D5F8002007B0F0BD0027A7
:1036E000B2F5800F01AE0197776039D1B3F1007F59
:1036F00014BF052304238DF804300023CDE90463AF
:103700000393836823FA01F111F001011AD1B2F198
:10371000A07F17D104F01F03620903F180032AD0B0
:10372000012A3AD11E4A52F82330DB070AD40DF1A0
:10373000030632462146284602F02EF9194B9842DC
:103740001BD002962146284603AA01F0E1FF164B42
:1037500098421FD101222146284602F083F9BBE797
:10376000B3F1C06F05D0B3F1007F14BF0123022372
:10377000C1E70323BFE70D4AD5E73146284602F0EB
:103780006BF9094B9842DCD06FF00B00A5E76FF0A6
:103790008500A2E76FF015009FE751F82330FFDEA8
:1037A00000088C410400AD0B0000AD0B00058C41FE
:1037B00038B545682B69B3B11035284602F03CF99D
:1037C000044680B90146284602F000F9084B9842A9
:1037D0000BD122462846074902F0D8F82246052197
:1037E0000A20FEF70BFF002038BD6FF00400FBE756
:1037F0000000AD0BF93702014209034670B502D053
:10380000012A17D070BD0D4E326951680029F9D0D8
:10381000012503F01F030C689D400029F2D08A683F
:103820002A4002D030464B6898472CB12368214685
:103830001C46F2E7024EE7E72346F8E7B0AE020186
:103840009CAE02012DE9F04340F206354668D006F1
:1038500048BF0320337B02EA050558BFC2F340107E
:1038600087B001F01F07B5F5837F144647EA431779
:103870008DF8030043D00FD8062D18D007D8B5B166
:10388000022D3ED06FF0150007B0BDE8F083B5F50E
:10389000807FF7D101250AE040F20222954232D022
:1038A000B5F5407F31D0B5F5007FEBD1022522037D
:1038B0002DD5012372688B409360326982BB07F07B
:1038C0001F037F092AD0012F77D13E4A02EB8302E2
:1038D00084F48033D2F80012C3F30043C4F34044AD
:1038E00044EA430421F4706144EA800421F00F01AA
:1038F00044EA05230B43C2F800320020C4E7072541
:10390000D5E70425D3E70525D1E70325CFE76303F2
:1039100041BF012372688B40D360CEE72A4AD5E7C6
:103920001036394630460DF1020202F035F814F433
:10393000403F80460CD13946304605F0A0FF234B6E
:103940009845DAD130469DF8021002F07FF8D4E7AE
:103950004FF0000901AB3946304603AACDE90439DE
:10396000CDE90199CDF80C9001F0D2FE174B9842A9
:1039700088D114F4003315D09DF8033084F48034DA
:10398000C4F300448DF80E3039464B46304603AA46
:103990008DF80C508DF80D4001F076FF0B4B9842DE
:1039A000CDD06FE7CDE9043339460DF1030330463E
:1039B00003AA039301F0ACFEF0E7803352F8233002
:1039C000FFDE00BF00088C4100058C410000AD0BFC
:1039D00010B504460269A2B0C2F880001649002062
:1039E00002F066F9002205211220FEF707FE84226C
:1039F000002101A8646807F059F90023012001AAF9
:103A000061680432D940C90744BF00FA03F142F8A3
:103A1000041C2168D940C90748BF00FA03F103F12B
:103A2000010348BFD163102BEAD101A802F058F975
:103A3000002022B010BD00BF839302012DE9F04F9A
:103A40000026DFF8F0C0DFF8F0E0DFF8F080F3B236
:103A5000994202D80020BDE8F08F50F82650C5F3F7
:103A60004324082C05F07F0355D87F2B4FEA1545DA
:103A700008BF4FF0FF331CF80440032D4ED8DFE899
:103A800005F002083134C2F80C355D1C30D1013626
:103A9000DDE7C2F814355F1CF9D0002550F82690F8
:103AA00003F01F0B09F40057002F0EBFAA464FF07A
:103AB000010A00255B092CD0012B35D1474607EBC5
:103AC0008B07D7F80032C9F3C11903EA0E0B2302A2
:103AD00043EA89032B4343EA4A0343EA0B03C7F84B
:103AE0000032D4E7C2F80835CFE7C2F81035D2E784
:103AF0005D090BD0012D14D1DFF84090012503F0B2
:103B00001F0705FA07F7C9F80870C7E7DFF8309014
:103B1000F4E70B4FD3E76FF015009CE76FF08500DB
:103B200099E700239B60FFDE00230BF1800B53F825
:103B30002B30F8E7A7BA0201F0F0FCFF00088C4137
:103B400000058C412DE9F74306464FF0000800229E
:103B500005211320FEF752FD1320FEF71FFD7768A5
:103B600035693C684146C4F800852E60D7F80C9052
:103B700001AA484605F078FC00283FDB019BD9F8F4
:103B8000002019791868FFF759FF002836DB6B7A97
:103B9000D6F810C0012B03D0032B2DD14FF0100805
:103BA000AB7A032B28D195F80BE0BEF1000F02D0C1
:103BB000BEF1010F20D12A7A012A22D0022A24D074
:103BC000D2B910466B687168B3F5164F096800F0FA
:103BD000BA803AD8B3F5165F00F0B88020D8B3F5B4
:103BE000966F00F0B58012D8B3F5967F00F0B380E1
:103BF000B3F5167F00F0B2806FF0850003B0BDE82A
:103C0000F0834FF480700E22DCE70020FBE7B3F571
:103C1000166F00F0A680B3F5965FEDD15D4B43E0E3
:103C2000B3F5E14F00F0A08008D8B3F5615F00F074
:103C30009D80B3F5964FDFD1574B35E047F61229FB
:103C40004B45D9D14FF400032EE0B3F5613F00F0AE
:103C50008F8015D8B3F5963F00F08D800AD84DF6C9
:103C6000C0294B4500F08980B3F5614FC4D14FF4B2
:103C70006B0319E0B3F5E13FBED14FF0EB7313E0F6
:103C8000B3F5612F7CD009D8DFF810914B457AD07D
:103C9000B3F5E12FB0D14FF0E86305E0DFF8009114
:103CA0004B45A9D14FF08053C1F82435736840EAE1
:103CB0000E001B6842EA08021043C3F86C050CF1C1
:103CC0000403D5E9010183E803007B68990712D555
:103CD00005F1180001F0FCFB324B984256D1287ECA
:103CE00004F10C0204F5907105F045FD01202B7ED6
:103CF000984001F0E7FB0823C4F800353B7A53B93C
:103D0000C4F81031D4F810316B69C4F8343501238C
:103D1000C4F8383523607B6800209A075CBF4FF4F5
:103D20008073C4F804337B68DB0644BF4FF4800320
:103D3000C4F804332B69C4F844350123C4F848059A
:103D4000A360E3605AE74FF41D03ADE7164BABE702
:103D50004FF49E23A8E74FF4A033A5E74FF41C339C
:103D6000A2E74FF41D239FE7104B9DE7104B9BE705
:103D70004FF06C7398E70F4B96E74FF4650393E7AA
:103D80004FF0706390E74FF080638DE76FF00400B1
:103D900034E700BF00B0130000A04E0090D0030035
:103DA00040420F000000AD0B0050270000C075001E
:103DB00000F03A0000903A01F8B504460D46076954
:103DC00006F056FBB0B92E4B1B789BB16426606899
:103DD00005F078FB00BB012005F0C1FC013EF6D1E7
:103DE0000021212003F062FBF0E786F31188BFF386
:103DF0006F8FF5E74FF04003EFF3118683F31288DE
:103E0000BFF36F8F6068314605F05CFB90B986F3B5
:103E10001188BFF36F8FEDE74FF04003EFF311868A
:103E200083F31288BFF36F8F6068314605F04AFB59
:103E30000028DAD03B691D70626838691368C3F8DE
:103E400044050120C3F848050020C3F82001D3F839
:103E50002051C3F858015268D3F85801D20608D54A
:103E6000082062681268C2F800054FF48002C3F8A7
:103E7000042301229A6081F31188BFF36F8FF8BD8C
:103E8000B03B00210123834070B5DC430B4AD2E8EC
:103E9000EF1F01EA0405C2E8E65F002EF7D14FF4F8
:103EA000803282400648C0F80823BFF35F8FBFF31B
:103EB0006F8F0B4214BF0120002070BD0C3A00210F
:103EC0000060014170B40E4922F07F46D1E9003410
:103ED000D01AC31844F10004C1E90034A6F5001358
:103EE000B3F5400F09D2074B1B681A0A1B069C1931
:103EF000054B42F10005C3E9004570BC03F0DEBB91
:103F0000A01E0021103A0021A81E0021D9B10123D2
:103F10000D4A8340D2E8EFCF4CEA030CC2E8E1CF70
:103F20000029F7D14FF48033084A8340C2F80433A4
:103F3000074BD3E8AF3FC340DB0742BF4FF48002DB
:103F4000044BC3F8002170470C3A00210060014186
:103F5000083A002100E100E00D4B1868010A000654
:103F6000BFF35F8F0B4BD3F80435181841F10001F4
:103F7000B3F5801F0AD2084BD3E90023904271EBBE
:103F8000030303D210F1807041F10001704700BFBC
:103F9000103A002100600141A81E00212DE9F04FD8
:103FA00085B016461F4604469DF840A0FFF76AFFFD
:103FB0000190FFF7D1FFB04271EB070352D23B4BA8
:103FC000301A67EB0101984271F100014DD2384B74
:103FD00003EB0413D3E902239F4208BF964258D053
:103FE0004FF48038334908FA04F8204626F07F4B16
:103FF000C1F8488305F0AFFA4FF00309584604F1C1
:104000005005AD00ADB205F1824504F5A87305F584
:10401000B0350293029A20F07F4341F82230C1F874
:104020004483D1F80435244AC01A033820F07F4075
:1040300090422ED9286868B1D1F80435A3EB0B0063
:1040400020F07F40B0F5000F039322D9204605F001
:1040500082FA039BBAF1000F07D109EB030009F1C3
:104060000109D7E7BAF1000F09D06FF01505204616
:104070000199FFF74BFF284605B0BDE8F08F0123FB
:104080000E4AA340D2E8EF0F1843C2E8E10F00291F
:10409000F8D107490E982301C8500F9B01EB041279
:1040A0000025C2E902675360E1E700BF010080001C
:1040B000901E002100600141FDFF7F00083A0021B1
:1040C0007FB500254FF0FF304FF0FF31194C1A4BF0
:1040D0000226C4F80833C4F84833184BC4F808550E
:1040E000C3E902014FF480334FF48002C4F8043373
:1040F000134B0521C4F804631620C3F880212A4617
:10410000FEF77CFA1620FEF749FA01230D4AA36058
:10411000236013600C4B0D4A009328460023CDE921
:104120000155FFF73BFF3046FFF7C4F8284604B0BF
:1041300070BD00BF0060014103000F00901E002110
:1041400000E100E00C3A0021C53E0201FFFF7F00C4
:104150002DE9F74305F004F82A4BD3F80423900720
:104160000BD5D3F8042142B10022C3F80421264A1A
:10417000D3F80431136801331360224AD2F80433B0
:10418000D90320D5214BD3E8EF1F21F00100C3E86C
:10419000E40F002CF7D1CB0702D4D2F8403193B111
:1041A0000025184CC4F84051D4F84031FFF7D4FE34
:1041B000EFF3108272B6164BD3E90267B042B941F1
:1041C00004D282F3108803B0BDE8F0834FF0FF38CB
:1041D000D3E900104FF0FF391D60C3E902894FF4A5
:1041E0008033C4F84833C4F84051D4F8403182F3E6
:1041F00010880029E7D0009032463B462846884781
:10420000E1E700BF00600141103A0021083A0021B7
:10421000901E002130B5431C124C85B005D084425D
:10422000A8BF0446012CB8BF0124FFF795FE0E4B32
:104230000C4DD3E90013401AB0F5000F0FD222182D
:10424000AA4228BF2A46002052180849CDE9010099
:10425000009143F10003FFF7A1FE05B030BD2A46EF
:10426000F1E700BFFFFF7F00A01E0021C53E020155
:1042700008B5FFF771FE024B1B68C01A08BD00BFEE
:10428000A01E002102460B46014802F085BB00BF7C
:1042900074060021014802F043BB00BF74060021F0
:1042A0000A4608B50146064804F01BF9054804F023
:1042B00018F9404080F311884FF0030002DF08BD79
:1042C000BEBA020130BC020130B526498BB0264887
:1042D00006F0A0F900F058FF05A8DCF7EBFD234835
:1042E00006F04FF8002836D00023CDE90233204BEA
:1042F00002A80493DCF796FE80BB4FF0FF304FF02E
:10430000FF31FFF7BFFF044698B91A491A48DCF796
:1043100091FD044610B1FFF7BDFF0AE041F64C5590
:1043200001A80195FAF729FD30B1FFF7B3FF6FF04F
:10433000850420460BB030BD012368468DF800305F
:10434000FAF713FD0028F0D101A80195FAF71DFD39
:104350000028E0D0E9E76FF01204EAE76FF01504F7
:10436000E7E700BF0F960201143A0021C4AE020134
:10437000C1440201B01E0021B144020130B54948D8
:1043800085B0FEF747FD4848DCF74EFCDCF7A4FD9E
:1043900018B16FF0850005B030BDDCF7AFFD002827
:1043A000F7D1DCF7BDFD0028F3D1DCF7E1FD0028F3
:1043B000EFD1DCF7CBFD0028EBD1DCF7EBFD0028DB
:1043C000E7D1DCF70BFE0028E3D1DCF719FE00286B
:1043D000DFD1DCF7F1FD0028DBD1DCF7FFFD0028A1
:1043E000D7D1DCF70DFE04460028D2D1012101AA65
:1043F0008DF80410DCF768FC0028CCDB0225204691
:10440000294601AA8DF80450DCF75EFC0028C2DBC7
:1044100008230721204601AAADF80430DCF754FC3C
:104420000028B8DB214B0321204601AA0193DCF7C9
:104430004BFC0028AFDB0421204601AA8DF8045074
:10444000DCF742FC0028A6DB1F230621204601AA38
:10445000ADF80430DCF738FC00289CDB0323052191
:10446000204601AA8DF80430DCF72EFC002892DBF0
:10447000FB23ADF80C30ADF8063041F2A36398424F
:104480008DF80440ADF808408DF80A4008DD404042
:1044900080F311884FF0040002DF6FF00B007AE721
:1044A000204678E798B80201A14202011B1B0302D3
:1044B0000149024806F0CBB8143A0021D835002152
:1044C00010B403460A46034881680C68194623461F
:1044D00010BC1847C4AE020137B54FF0FF304FF0A3
:1044E000FF31FFF7CFFE002850D1294D0DF1070114
:1044F000284600F04BFD0446FFF7CCFE002C45D1CA
:104500009DF80730042B26D128783E2819D0FF28A3
:104510001ED04FF0FF324FF0FF33214604F022FE51
:10452000044648B16A781A49023204F10C0004F0DA
:1045300030FE2046FEF7CAFC03B0BDE83040FFF76E
:10454000B7BFAB78022BE4D1002200230124E4E7BB
:10455000AB78802BF7E7022B0DD14FF0FF324FF0F5
:10456000FF330320FEF768FC04460028E4D06A8885
:1045700029460432D9E7082BDED14FF0FF324FF045
:10458000FF330520FEF758FC0446F0E703B030BDCA
:10459000C03A002142F24403984229D842F2420331
:1045A000984237D842F2260398421ED842F20C03B2
:1045B000984214D840F2064398422BD040F21D4353
:1045C000C01A18BF01207047A0F501502838124BBF
:1045D00080B2C34003F0010383F001007047A0F5EF
:1045E00000500D380D4B80B2F3E742F23203E7E79B
:1045F00042F28503984208D842F267039842E3D812
:1046000042F2640320F00200DAE74FF6025320F092
:104610000800D5E7002070472F80002041120003DA
:104620002DE9F341BC4D07882A7804463BB2002AA5
:1046300040F0A68442F20D018B4230DC42F20701C9
:104640008B4250DC42F2060083424CD08B423FD07A
:1046500040F603418B4243D004238DF80730AF4B23
:104660002688D3F80080B8F1000F67D00DF107025B
:104670002046AB490DF10603C047012802465DD034
:104680009DF80630002B40F02C819DF807300E215C
:10469000AB7001236970EB70AE80AA7135E0A7F5AD
:1046A0000052363A92B20D2AD6D8012343F6CE01F3
:1046B0009340194019D113F0210305D1042ACBD11D
:1046C0000622EB712B7201E00522E971022302E060
:1046D000EA71052201239348017841B90370BBE7D1
:1046E000904B1A70B8E70422F4E70422EEE79942EF
:1046F000B2D03846FFF74EFFA8B10E236B700123EE
:10470000EB700C23AA70AF80AB7101232B7040F6C5
:1047100035439F4203D1AB79002B00F02E8400205B
:1047200002B0BDE8F0810F236B700423AB700C2343
:10473000EB700123A5F805702B71E6E7B6F5105F65
:104740004FEA96230DD27BB1013B072B0CD8DFE853
:1047500013F00D000B002B009100F6000B000B0076
:1047600006013F2B00F02D830122BAE0204640F2E3
:10477000064230F9033B934206D040F21D42934279
:10478000F2D1FAF792FB01E0FAF78DFB02463046D0
:10479000FFF700FF80F00100C0B2002840F0A180C8
:1047A000012A7FF472AFDFE7204640F6354130F84A
:1047B000032B13B28B4227DC40F62C418B420ADCE0
:1047C00040F6014293422ED040F603429342CBD1B1
:1047D000DCF708FDDAE7A2F62D43082BC4D801A2C6
:1047E00052F823F02D48020169470201694702018E
:1047F000694702013F480201694702014548020139
:10480000694702014B48020140F67B4293421FD0A8
:1048100040F67C42934224D040F663429342A3D1B7
:10482000FAF733FAB2E7FAF723FAAFE79DF8073061
:104830003D4903338DF80730FAF71FFAA6E7FAF778
:104840001EFAA3E7FAF71DFAA0E7FAF71CFA9DE7AC
:104850009DF80730344904338DF80730FAF71AFA17
:1048600094E79DF80730304902338DF80730FAF7A6
:1048700013FA8BE72388A3F58053013B082B3FF6FF
:1048800073AF01A252F823F0AD480201BF48020104
:10489000F7480201694702016947020169470201BD
:1048A00069470201694702012D4902019DF807305D
:1048B0001D4808338DF80730FAF77AFA66E79DF855
:1048C0000730194840338DF8073004F0A2FE304617
:1048D000FFF760FE80F00100C0B2002200283FF424
:1048E000D4AE0F236B700423AB700123EA702B71DD
:1048F000A5F8056009E700229DF8073008338DF818
:104900000730094B1A605A60EB7A23F0600343F0DA
:104910006003EB72DBE700BF083B0021243A002173
:10492000093B0021073B00210F3B00219DF8073088
:10493000E24806338DF80730FAF73CFA26E741F2F1
:10494000054322889A427FF40FAF9DF80730DB4978
:104950000333E01C8DF80730FAF7A9FA16E7204672
:1049600030F8033BA3F50053013B7B2B3FF6FCAE35
:1049700001A252F823F000BF694B02016F4B020104
:10498000814B020169470201934B0201994B0201DD
:104990009F4B0201B14B0201B74B0201BD4B02011B
:1049A000C94B0201CF4B0201D54B0201DB4B020187
:1049B000E14B0201F34B0201F94B0201FF4B0201F3
:1049C000054C02010B4C0201114C0201234C020167
:1049D000294C02013B4C02014D4C0201534C020197
:1049E000654C0201774C02016947020169470201E7
:1049F000694702016947020169470201874C0201C8
:104A0000994C0201AB4C0201B14C0201B74C0201BE
:104A1000C74C0201CD4C0201D34C0201D94C02011A
:104A20006947020169470201EB4C0201F14C0201A6
:104A3000F74C0201094D02011B4D0201214D0201FB
:104A40006947020169470201274D02012D4D02010C
:104A50003F4D0201454D02014B4D0201514D0201F6
:104A6000634D0201754D02017B4D02016947020150
:104A70006947020169470201814D0201874D020128
:104A80008D4D020169470201694702016947020130
:104A9000694702016947020169470201694702014A
:104AA000934D0201AB4D0201BD4D0201A54D020126
:104AB000694702016947020169470201694702012A
:104AC000694702016947020169470201694702011A
:104AD000694702016947020169470201694702010A
:104AE000694702016947020169470201C14C02019D
:104AF00069470201694702016947020169470201EA
:104B000069470201694702016947020169470201D9
:104B100069470201694702016947020169470201C9
:104B200069470201694702016947020169470201B9
:104B300069470201694702016947020169470201A9
:104B40006947020169470201694702016947020199
:104B50006947020169470201694702016947020189
:104B600069470201C34B0201FAF726F90EE69DF8E8
:104B70000730524803338DF80730FAF722F905E67B
:104B80009DF807304D4808338DF8073004F082FD5A
:104B90009DE6FAF718F9F9E5FAF717F9F6E59DF841
:104BA0000730464801338DF80730FAF710F9EDE584
:104BB000FAF70FF9EAE5FAF70EF9E7E5FAF70DF972
:104BC000E4E5FAF76EF9E1E5FAF709F9DEE5FAF757
:104BD00008F9DBE5FAF707F9D8E5FAF706F9D5E5BC
:104BE0009DF80730354801338DF80730FAF7FFF8A4
:104BF000CCE5FAF7FEF8C9E5FAF7FDF8C6E5FAF7ED
:104C0000FCF8C3E5FAF7FBF8C0E5FAF7FAF8BDE5FA
:104C10009DF80730294907338DF80730FAF7F3F884
:104C2000B4E5FAF7F2F8B1E59DF8073023491033FF
:104C30008DF80730FAF7EBF8A8E59DF807301F4824
:104C400008338DF80730FAF7E4F89FE5FAF7E3F850
:104C50009CE59DF80730194902338DF80730FAF7C3
:104C6000DCF893E59DF80730144902338DF80730DE
:104C7000FAF7D7F88AE59DF8073008338DF8073042
:104C8000FF23EB7145E69DF807300C4902338DF8A0
:104C90000730FAF7CAF879E59DF80730074804337A
:104CA0008DF80730FAF7C3F870E5FAF7C2F86DE54A
:104CB00000F09AFA6AE504F005FD67E50F3B002174
:104CC00004F003FD62E5FAF7B6F85FE5FAF7B5F828
:104CD0005CE5FAF7B4F859E59DF80730AA480133C6
:104CE0008DF80730FAF7ADF850E5FAF7ACF84DE576
:104CF000FAF7ABF84AE59DF80730A34808338DF87A
:104D00000730FAF7A4F841E59DF807309E490433CF
:104D10008DF80730FAF79DF838E5FAF79CF835E595
:104D2000FAF79BF832E5FAF79AF82FE59DF8073085
:104D3000954901338DF80730FAF793F826E5FAF72D
:104D400092F823E5FAF791F820E5FAF790F81DE5D7
:104D50009DF807308C4802338DF80730FAF789F850
:104D600014E59DF80730884801338DF80730FAF7CD
:104D700082F80BE5FAF781F808E5FAF780F805E51F
:104D8000FAF77FF802E5FAF77EF8FFE4FAF77DF824
:104D9000FCE49DF807307C4802338DF80730FAF7C1
:104DA00076F8F3E4FAF779F8F0E49DF807307648FE
:104DB00004338DF80730FAF76CF8E7E4FAF76BF88C
:104DC000E4E420464FF60B4230F8033B934223D8ED
:104DD000B3F57C4F7FF6C8ACA3F57C43013B0A2BAF
:104DE0003FF6C2AC01A252F823F000BF914E02017F
:104DF000A34E0201694702016947020169470201A6
:104E0000F14E02016947020169470201CD4E0201DC
:104E1000DF4E0201F74E020103F5407292B2162AEC
:104E20003FF6A2ACA3F57D43162B3FF69DAC01A245
:104E300052F823F0094F0201334F0201394F0201AA
:104E40003F4F0201454F02014B4F020169470201EA
:104E50006947020169470201514F02016947020196
:104E600069470201574F0201694702016947020180
:104E70006947020169470201694702015D4F02016A
:104E800069470201634F020169470201754F020140
:104E90009DF807303C480C338DF80730F9F7FEFEDB
:104EA00074E400229DF8073040338DF80730364B0C
:104EB0001A80EB7923F0230343F02303EB712B7A61
:104EC00023F0070343F007032B7200E59DF807303A
:104ED0002D4817338DF80730DCF792F956E49DF82A
:104EE0000730294820338DF80730DCF7DBF94DE433
:104EF000F9F7EFFE4AE49DF80730234801338DF8B7
:104F00000730F9F7E8FE41E400229DF8073040330E
:104F10008DF807301C4B1A80EB7923F03F0343F0E8
:104F20003F03EB712B7A43F080032B720A236B72E1
:104F3000CDE4F9F7E6FE29E4F9F7E5FE26E4F9F712
:104F400014FF23E4F9F713FF20E4F9F716FF1DE43B
:104F5000F9F715FF1AE4F9F716FF17E4F9F715FF4B
:104F600014E49DF80730084904338DF80730F9F749
:104F70000EFF0BE4F9F71AFF08E42B70FFF7CFBB25
:104F80004FF0FF30FFF7CCBB0F3B002138B5094C89
:104F90000D4623781BB9BDE83840F9F759BEA27811
:104FA000611C023205F075FE0020042320702B7076
:104FB00038BD00BF083B002170B505460E46084CC1
:104FC000204605F0DEF938B1A36829462046B2B282
:104FD0001B68BDE8704018476FF0120070BD00BF3D
:104FE000C4AE0201F8B51C4D1C4905F12002002891
:104FF00008BF2946104602F0C3FC4FF0FF320028DC
:105000004FF0FF334FF0010014BF12270027FDF7C8
:1050100013FF00F10C0602210446304604F0B3F8F9
:105020003E230370222301214370304604F0ABF885
:10503000092321210370304604F0A5F800F8017B14
:105040002FB12022FF2105F031FE2046F8BD05F1E9
:10505000200104F02DFBF8E7503B002107BB0201C3
:10506000F8B5354BD3E8AF2F022A1F465DD0042A8E
:1050700060D0012A46D1314C314E20212046FFF725
:105080009BFF002846D120223146204605F016FE1F
:105090000028F2D021462B4802F05EFC054600288D
:1050A000EBD14FF0FF324FF0FF330120FDF7C4FE8C
:1050B00000F10C0602210446304604F064F83E2359
:1050C0000370422301214370304604F05CF808234A
:1050D00041210370304604F056F8064600F8015BA3
:1050E000D5B14022002105F0E1FD0023D7E8EF2FE4
:1050F000C7E8E13F0029F9D15CB12046BDE8F8409E
:10510000FDF7E4BE0022D3E8EF1FC3E8E02F00283C
:10511000F9D1F8BD1F25C4E70A4904F0C9FA2031C6
:1051200006F1210004F0C4FADFE70020FFF75AFF80
:105130000446DAE70120F9E7383A0021503B002124
:1051400007BB0201703B002110B586B01022002180
:1051500001A805F0ABFD01230A4C8DF81130059430
:105160004FF0FF324FF0FF33012101A802F02AFB7C
:10517000204605F06DFD049B6FF394330493FFF715
:105180006FFFEDE7283A002110B588B00E4805F012
:105190005AFD00220023CDE9062300230A220B4CEE
:1051A000CDE90323CDE9013300934FF46272204629
:1051B000074B084901F03CFB2046074908B0BDE811
:1051C000104005F05BB900BF283A00215835002196
:1051D00049510201B8450021FABA02010148FDF720
:1051E0006BB900BF58350021012208B5084BD3E840
:1051F000EF1F002903D1C3E8E02F0028F7D105D124
:105200000021044802F03AFB002008BD0C20FCE716
:10521000383A0021283A0021002910B508BF02229F
:10522000044618BF04220D4BD3E8EF1F002903D119
:10523000C3E8E02F0028F7D10ED12146084804F03A
:1052400037FA084804F1200104F032FA0021064838
:1052500002F014FB002010BD0C20FCE7383A0021BE
:10526000703B0021903B0021283A00210A4608B5F6
:105270000146064803F035F9054803F032F940408D
:1052800080F311884FF0030002DF08BD27BB020145
:1052900030BC02010149024805F0D9B93C3A00216D
:1052A000D8350021322337B50125ADF8043000236D
:1052B0001A2168460E4A8DF80630ADF800508DF878
:1052C0000230F8F7F3FC044670B901462A460C2078
:1052D000FDF794F92A4621461120FDF78FF92A4659
:1052E00021460820FDF78AF9204603B030BD00BFF3
:1052F0006D52020137B500240C4D6FF009034FF4D5
:10530000806228460A49009401F07AFD094928463E
:1053100005F0B4F80849094805F07CF92246042153
:105320001A20FDF76BF9204603B030BDD8350021B7
:10533000404900213CBB0201F59602013C3A0021A4
:10534000014B00201B6818474C3A002120B101286E
:1053500006D10448F5F7C8BA034B01201B6818476B
:10536000704700BF415302014C3A0021014B1860C5
:10537000014870474C3A00210000AD0B0022D300D9
:1053800003F1FF7303F58033D3F80013013107D025
:10539000D3F800130132D3F80433202A0B60EED186
:1053A000224BD3E94C32072B26D1023A032A204B59
:1053B00028D9D3F80024D10732D41C4BD3F830219C
:1053C000072A19D1D3F83431023B032B02D8194AEA
:1053D000D35C8BB17F23184A1849C2F818310023D7
:1053E000C1F8043EC1F8083EC2F82431C2F82C319D
:1053F00002F57F22C2F81031114B1A68114BC3F825
:105400004425704710498A5C002AD2D0D3F8002482
:10541000D207CED50022C3F81421C3F81821C8E75B
:105420006FF00102C3F80024C7E700BF0000FF01CE
:105430000050004146BB020100200041000008412D
:105440000080FF01006000414ABB020130B50468E2
:10545000ACB1B4FA84F30122C3F11F03DBB29A406A
:1054600024EA0202D0E8EF5FA54204D1C0E8EC2FA5
:10547000BCF1000FF6D1EAD102480B7030BD0248F2
:10548000FCE700BF0000AD0B0200AD0B10B50368D8
:10549000CB40DB0710D401238B40026843EA0201B2
:1054A000D0E8EF4F944204D1C0E8EC1FBCF1000FEC
:1054B000F6D1F2D1014810BD0148FCE70000AD0B68
:1054C0000400AD0B014BC3F80405704700F0004128
:1054D00001460148FFF7BABF8C050021036803F0BD
:1054E0001F025B09026004D0012B034818BF002093
:1054F00070470248704700BF00088C4100058C418E
:10550000034A4309D35C00F01F001844C0B270473F
:105510004EBB020170B50546FFF7F2FF0C4C083098
:1055200034F810300E46DA0508D5C3F3432304EBF4
:10553000C302284654F8333052689847A3682BB109
:1055400031462846E268BDE87040184770BD00BF8C
:105550009005002108B5FFF7D3FF034B083033F85F
:105560001000400B08BD00BF9005002108B5FFF7F3
:10557000C7FF034B083033F81000C0F3400008BDEC
:105580009005002108B5FFF7BBFF034B083033F847
:105590001000C0F3401008BD90050021034611F033
:1055A000010010B5CCB20BD1A207C4F340000DD559
:1055B000074A106A58601062003818BF012005E0E1
:1055C00004490A6A1A600A62002AEDD010BD00BFC1
:1055D00000088C4100058C4110B5FFF791FF124A7D
:1055E000083032F81030D9051CD5C3F3432123F419
:1055F000F85322F81030002002F10E0434F8023F74
:1056000013F4807F03D0C3F3432399420AD00130BF
:105610003028F3D1002342F831300448BDE810406F
:10562000FFF734BF10BD00BF900500210806002120
:10563000F0B5054600200126044607468C420BD1F2
:10564000114BD3F87C2132B10022C3F87C21D3F86E
:105650007C3140F00040F0BDE3B29B0003F5807266
:105660009B0806FA03F31D420BD002F1824202F5B9
:105670002042D2F800C0BCF1000F02D017601268BF
:1056800018430134DAE700BF00A00041F7B5064631
:105690000846FFF735FF1A4F00F1080537F81530B7
:1056A0000C46DB0729D5304604F0C6F82046FFF744
:1056B00069FF50B12046FFF74DFF0023316801EB31
:1056C0008000C0F81035C0F810352046FFF784FF81
:1056D000002301A827F815300194FFF7FFFE019B76
:1056E00000EB8300D0F80022064B134043F0020386
:1056F000C0F80032044803B0F0BD0448FBE700BF27
:1057000090050021F0F0FCFF0000AD0B0400AD0B94
:105710002DE9F0431646804685B00846FFF7F0FEB7
:105720000D463168044609B32846FFF71FFF18B13C
:105730002846FFF727FF10BB00230DF10F02CDE92C
:1057400000338DF80E308DF80F3028460B460DF1E2
:105750000E0104F019F8484A04F1080132F811303A
:1057600023F0020343F0010322F8113073687BB386
:1057700028461F785968FFF7F9FE10B1E9B13F4894
:1057800029E03D4A04F1080032F8103023F02003EC
:10579000DB04DB0C22F8103079B1032FEFD87168ED
:1057A000496891F800C0D8F800104FEA8C094944C4
:1057B000A7B9C1F81075C1F810752F4A04F1080196
:1057C00032F8113023F01C0343EA870322F811302A
:1057D000B3683BBB2A4805B0BDE8F083D1F810E5BB
:1057E00043EA4C332EF0030EC1F810E5D8F8001050
:1057F00043F0200301EB090EDEF8101522F81030FB
:1058000021F44F3121F44071CEF810152902DEF851
:10581000108501F47C5141EA074141EA0801CEF8C4
:105820001015CAE72846D3E90067FFF7D5FE002E1A
:10583000D0D0114DD5E90023964203D19F4201D12A
:10584000002209E00F480DF10F01FFF7FFFD0C4B9F
:105850009842C0D19DF80F2005EBC20308345F6069
:1058600035F8143045F8326043EA422343F480733C
:1058700025F81430AEE700BF900500210400AD0B01
:105880000000AD0B080600212DE9F0430C468046D0
:1058900085B0204611461E46FFF732FE054629B365
:1058A0002046FFF763FE18B92046FFF76BFE18BBD2
:1058B000334F05F1080937F8193013F01C0F02D0E7
:1058C0004B78012B18D001238DF80F3000234A1C90
:1058D000CDE9001320468B1C0DF10F0103F054FF9E
:1058E00037F8193043F0030327F81930002E44D05D
:1058F0002046FFF73BFE18B9224805B0BDE8F0830B
:10590000002296F800C0D8F800301D4F03EB8C033E
:10591000C3F81025C3F8102505F1080237F8121056
:105920004FEA8C0E21F02001C904C90C27F812108F
:10593000757815B3D8F80000B6787044D0F81035F3
:105940002D0423F4991323F4F853C0F810352302DF
:1059500003F47C5305F440353605D0F810E52B43AD
:1059600006F48016334341EA4C3143EA0E0341F01A
:105970002001C0F8103527F812100348BDE700BF1A
:10598000900500210400AD0B0000AD0B014BC3E9F5
:10599000021270479005002110B508461446FFF723
:1059A000F1FD50B10846FFF7ABFD054B083033F869
:1059B000103004485B0B237010BD0348FCE700BFA8
:1059C000900500210000AD0B0400AD0B70B5174E23
:1059D000054696F880403CBB2146602206F1100047
:1059E00005F064F921462D68306F884212D10023FA
:1059F00045F30730C5F87C31D5F87C31FCF7CEFD96
:105A00004FF00043C5F804330123094886F880307D
:105A1000B36770BDCBB29B0003F580727C2B04BFD3
:105A2000AC50AB580131E0E70248F2E790050021A5
:105A30000000AD0B0C00AD0B034B93F88000003859
:105A400018BF0120704700BF900500210148FFF7F3
:105A50001DBD00BF040600210148FFF7F7BC00BFD1
:105A60000406002173B5054608460C461646FFF7A6
:105A700089FDE8B10846FFF779FD0146C0B9204627
:105A8000FFF768FD2C68820002F58073E150E3584F
:105A90002B681344D3F8102542F00102C3F81025F7
:105AA00026B101232A688340C2F8043302B070BDD6
:105AB0002046FFF725FD0F4B083033F81030C3F3B5
:105AC0008203042B11D0052B11D001A80194FFF7FC
:105AD00005FD019A0369D34003F00103991C204698
:105AE00002B0BDE8704003F098BE0321F7E7022141
:105AF000F5E700BF900500212DE9F04F684BDFF876
:105B0000A481D3F80403D8F87010C0B289B040F073
:105B10000040FFF78DFD051E2FDAC24600235AF81C
:105B20007C1F06A8CDE90633FFF738FD4FF0000BC8
:105B30005D4B0DF118090193019A12F8013B019296
:105B4000DA081AF8022003F0070322FA03F3DA074F
:105B50001CD409F10409BBF1000F14D0D8F870105F
:105B60004FF00040FFF764FDD8F87C1006A8FFF75F
:105B700015FD0028DAD125F000450124002D76D14D
:105B800009B0BDE8F08F4FF0010BD5E7474B5B4400
:105B90000293D9F800100029DBD091FAA1F1B1FAF3
:105BA00081F1029B1C7841EA44142046FFF7A8FCCF
:105BB000083038F81070C808BB080393012319F89F
:105BC000002001F0070103FA01F122EA010209F8BD
:105BD000002005A80594FFF781FC059A039B8032FD
:105BE00050F82220C7F382065B073746C2F3014212
:105BF00022D520463946D6B2FFF78CFC05A805947D
:105C0000FFF76CFC059B803350F82330C3F301434E
:105C10009E4207D10021204603F0FFFD3146204679
:105C200003F0FBFD05A80594FFF758FC0122059B36
:105C300002FA03F30362ACE7022A0CD103212046E7
:105C400003F0EBFD06F00503012BEBD139462046AE
:105C5000FFF760FCE6E702212046039203F0DDFD3A
:105C6000032EF3D0039A032ADCD1022EEDE795FA36
:105C7000A5F3B3FA83F304FA03F29B0003F1824322
:105C800003F52043D3F81005D3F81015C0F3052011
:105C9000C1F3014125EA0205FFF73CFC6EE700BFB6
:105CA00000A00041900500215EBB02015EBB020125
:105CB00070B5084C0E462379154643B91220FCF7FF
:105CC0006DFC0123044823712660A56070BD034864
:105CD000FCE700BF503A00210000AD0B0C00AD0BFB
:105CE000002330B50D4A50F8234003F5A27101336B
:105CF000102B42F82140F6D10023084A00F13C0164
:105D000003F5B27451F8045F0133102B42F82450AC
:105D1000F6D1D0F88030C2F8043330BD0020014104
:105D20000123024A8340C2F8043370470020014136
:105D30000123024A8340C2F8083370470020014122
:105D4000F8B5012600270B4B0B4DD3F80C4304B9D3
:105D5000F8BD94FAA4F0B0FA80F006FA00F324EA51
:105D60000304064B82009F502B68002BEFD0A968DC
:105D70009847ECE700200141503A00210021014101
:105D80002DE9F0410E4617460C4D55F8184FAC4220
:105D900003D16FF01200BDE8F081314654F8440C95
:105DA000A4F14408FBF76AFC30B9C7F8008040460C
:105DB000BDE8F04103F05BBE2468E8E75C3A0021EF
:105DC00010B5D0E909124A60416A00F1240311605C
:105DD000C0E909334368044603B19847054B1A7874
:105DE000062A05D95B681BB107202268024998473B
:105DF000002010BD5C3A002160BB02012DE9F0419A
:105E000007460D460B4E56F8084FB44202D16FF0CC
:105E100001000AE0394654F8240CA4F12408FBF7E9
:105E20002DFC20B91DB1C5F80080BDE8F0812468C3
:105E3000EBE700BF5C3A002110B5044600B30068F0
:105E4000F0B10378E3B10021FFF7D8FFD8B104F136
:105E50001C03C4E907330D4B04F12402D96803F194
:105E60000800DA60A16260620A601A78062A05D921
:105E70005B681BB10720226805499847002010BDC8
:105E80006FF01500FBE76FF01000F8E75C3A0021B7
:105E900062BB020110B5036893B11B7883B18368BC
:105EA000012B0DD8084B00F144014360074BDA6920
:105EB00003F11804826444640020D961116010BDAC
:105EC0006FF01500FBE700BF140600215C3A0021CB
:105ED0000E4B10B5044620220021184604F0E6FEC1
:105EE000226842600246217902F8081BC0E90222BA
:105EF00000F11002C0E9042200F11802C0E90622F4
:105F00002046BDE8104000F00FB800BF5C3A002109
:105F100008B500F011F8BDE8084020220021014832
:105F200004F0C4BE5C3A002108B50248FFF784FFC4
:105F3000002008BD140600210148FFF741BF00BF43
:105F4000140600210EB4431E062B33B588BF002073
:105F5000094B05AC54F8045B53F82010074802F0D5
:105F6000C0FA214628460194FBF786FC02B0BDE842
:105F7000304003B0704700BFB0B8020175BB0201EA
:105F80002DE9F04F87B017469B460446DDF840A048
:105F900000284BD0056A35B12D6825B1AC4607B055
:105FA000BDE8F04F6047A36A9F4242D80026BE4238
:105FB00003D1002007B0BDE8F08F182303FB06F8DB
:105FC000D4F82C90A26909EB08052B1D0593CAB9DA
:105FD000686969680368B5F80CC0C91AAB680CF148
:105FE000030E5D1E05EB0C155B4205EB4E051D40D7
:105FF00005EBCC0385680633A94228BF4FF0FF317B
:1060000003F002FD59F8083020460293236AB1B22A
:106010009B6A01935AF8263000935BF82620059B73
:1060200003F06AFD0028C5D10136C0E76FF0150006
:10603000C0E70148BEE700BF40F4FFFF10B50446CB
:1060400090B1028D43899A4209D0084B1A78032AED
:1060500005D95B681BB14268054904209847204672
:10606000BDE8104004F00ABE10BD00BF5C3A00213C
:1060700010BC020130B544898C4212D9436A013CFC
:106080005D882C4003EBC40359609A60BFF35B8FBB
:10609000426A538801335380438D01334385002086
:1060A00030BD0148FCE700BF41F4FFFF70B4039E20
:1060B000144658B1006A48B143B1013406D0002EED
:1060C00004DB846F14B1A44670BC6047014870BC07
:1060D000704700BF2DF8FFFF70B4039E144660B1F7
:1060E000006A50B14BB1013407D0002E05DBD0F867
:1060F000884014B1A44670BC6047014870BC70472A
:106100002DF8FFFF70B50C46114605461E460C4B98
:106110002022002908BF1946204604F0F1FD049B07
:106120006662A362059B2562E362069B23636A683D
:1061300004F13403C4E90D526B60A26B136070BDAF
:1061400031BC02012DE9FF47DDF834900D4692463F
:106150001F46064600286CD000296AD0B9F1000F0E
:1061600067D001F15808404603F02FFE781C40D15B
:10617000AC6C05F1480314F001040BD00024013489
:10618000802C54D0620953F8222004F01F01CA4029
:10619000D107F4D40121600953F8202004F5806769
:1061A00004F01F04A1400A4343F820200E9B5246EE
:1061B000CDE901930C9B3146009328463B46FFF7FF
:1061C000A1FF404600F096FC347874B195F89040F9
:1061D0005CB1B36A01332ED10021304603F024FEB6
:1061E000044610B1304603F0F6FD204604B0BDE889
:1061F000F087B7F5806FD9D3A7F580637F2B05F1C2
:1062000048010FD8580951F8204003F01F0324FA21
:1062100003F2D2070BD4012202FA03F3234341F81D
:106220002030C3E7054C404600F064FCDDE7044C39
:10623000F9E7024CD9E70024D7E700BF2DF8FFFFAC
:1062400029F8FFFF2DE9F04385B00F46904603A9DA
:106250000D9A0546994603F0F6FF0446E0B10C9E00
:10626000039BD5F8AC009E42A8BF1E460168D0F83B
:1062700008C0611A33464A46614528BF4FF0FF31D6
:1062800003F088FB2346424639462846009603F031
:106290007AFF05B0BDE8F0830048FAE72EF8FFFF6B
:1062A00038B50446E0B100F15805284603F04BFE2E
:1062B000D4F8A0309B6953B9D4F89440103C002C1A
:1062C00000DC084C284603F03CFE204638BD012B7C
:1062D000F7D1D4F8A80003F060FDA0F11004EEE7B8
:1062E000014CF2E72EF8FFFF2DF8FFFF2DE9F047F4
:1062F0008AB00D46DDE9129790461E46044620B945
:10630000824F38460AB0BDE8F0870029F8D0002B4C
:10631000F6D09422002104F0C9FC012204F15800B7
:10632000114604F052F97A4BC4F8A050C4F87080BA
:106330006C62A367774BE367774BC4F88030774B89
:10634000C4F88430764BC4F88830764BC4F88C306F
:10635000D4F8A030D3F81880B8F1000F6FD1002F17
:10636000CED097E8070004F1940383E80700D4F83F
:10637000A000036A1B6998470023286100F0010010
:106380006B6184F89000B8F1000F6ED13B7A002B5E
:1063900069D009F10C03C4F8B030B9F1000FAFD0E7
:1063A000D9F80820002A00F0AE809B68002B00F08E
:1063B000AA805D4B04935D4B05935D4B06935D4B4B
:1063C0000793EB6A1B68C4F8A430EB6A9B69C4F8B6
:1063D000A830002104F1B403C4E92D3306ABC4F89E
:1063E000AC60009301910222D4F8A00004ABFFF747
:1063F000C7FD0746002884D1D4F8A80003F068FC44
:10640000EB6A1B68DE62EB6A9B69DE62B8F1000F23
:1064100061D1C246D4F898300993D4F8A4305B898E
:10642000534534D894F89030C4E90044002B59D136
:10643000D4F8A0000421036ADB68984761E7B8F14B
:10644000010F94D1D4F8A000036A9B6898474206D4
:1064500006D5D4F8A0000021036ADB689847F1E76D
:106460004307EFD583E74B4695E7B8F1010FB0D16D
:106470002E4B04932C4B05932E4B06932C4B0793DA
:10648000EB6A9B69C4F8A430EB6A1B689FE7484637
:10649000D4F8981003F0C8FE0546C8B131680890DA
:1064A000411AB0680022814228BF4FF0FF31D4F872
:1064B0009830304603F0A8FA009501230022D4F862
:1064C000A40008A903F045FB18B90AF1010AA4E7E2
:1064D0001948074615E794F89030C4E90044002BAA
:1064E0003FF40FAF00230293144B20460193352352
:1064F000134A009304F10801FFF704FEB8F1000FFE
:106500007FF4FFAE94E70C4FFBE600BF2DF8FFFFD2
:1065100045620201339F020147A1020147A2020125
:1065200087A10201539F020132BC020138BC020163
:1065300093A00201419F02012EF8FFFF959F0201E7
:106540003EBC0201F0B505460E46174687B0074A25
:1065500003AC07CA84E807000C9A3146009228462B
:106560003A460194FFF7C2FE07B0F0BD18B0020131
:1065700038B54FF04003EFF3118583F31288BFF372
:106580006F8F064B9C6802F0F6FF85F31188BFF30E
:106590006F8F2046BDE83840FBF78EBF803A002160
:1065A000104B70B553F82040013053F82060A642DC
:1065B00000D870BDD4E9003595B153B1284698474D
:1065C00038B10028B8BF4042FF28A8BFFF20EB68C1
:1065D0001870EA68537843F0010353700834E6E713
:1065E0009847FBE7D0B80201012208B5094B032008
:1065F0001A70FFF7D5FF01F08FF90420FFF7D0FFE5
:1066000000F042F9FBF7C8F8034A137B23F00103BB
:10661000137308BDB03B0021F836002108B50348CC
:10662000034A0021121A03F0B7FE08BD58070021E3
:10663000B43B00210023012270B586B0CDE90423CC
:106640000F220193CDE9023214230446124D134E5A
:1066500003FB0055124906EBC016124B01EB00215B
:106660004FF480723046009500F0A4F8737B2C74D0
:1066700023F0040373730C4B013403EBC4236B60EE
:106680000A4BEE60D3E8EF1F0131C3E8E21F002A96
:10669000F8D106B070BD00BF803A002178360021E5
:1066A0004055002187A40201404D00217C3A002181
:1066B00080B50020A6B0FFF773FF2E4B03F50062F4
:1066C00082F3088883F30A88E0232B4D002485F8A1
:1066D00022302023EB772C766C76AC7685F8204040
:1066E0006B6A264E43F4E0236B6285F82340FBF788
:1066F00053FEFBF7E9FF4FF0FF33AB62EB62FCF7B1
:10670000A3F9FCF749F840F2011306AD2846ADF8AD
:106710002430CDE91F4401F0E1F8B56003F030FE0C
:106720000120FFF73DFF0220154DFFF739FF00F074
:1067300033FE144B756105930123134F13494FF436
:106740000072CDE9034328463B46CDE9014400945D
:1067500000F030F806466A7B284622F004026A738D
:1067600003F0EBFF2046FFF765FF3A463146284627
:10677000FBF790FF404D002100ED00E0803A002142
:10678000F836002141BC0201E965020140560021B2
:1067900038B5064C064DAC4201D3002038BD20462A
:1067A000D4E9011203F0FCFD1434F4E76006002183
:1067B000740600212DE9F043984685B000F1580396
:1067C000C0E91633109B002603730423073222F01E
:1067D000070543730F9B01EB05090F468373494679
:1067E000C0E906668660C6730446FBF77BFC0E9B19
:1067F000073020F00700E066C4E9197502930D9B8D
:10680000A9EB000901930C9B4A4600933946434685
:106810002046FBF723FF054B66659B6803B11B6FA2
:106820004846236705B0BDE8F08300BF803A0021E9
:10683000F0B5002587B00595109DDDE91276049529
:106840000F9D044603950E9D02950D9D01950C9D8F
:106850000095FFF7AFFFB6F1FF3F08BFB7F1FF3F6D
:1068600005D056EA070305D1204600F047FD204633
:1068700007B0F0BD3A463346024904F1180000F073
:10688000A7FEF4E7D5A7020170B5224C224D86B0D1
:106890002646AE4204F130040AD300F04DFD1D4CF3
:1068A0001E4EAC4220D306B0BDE8704000F058BD8B
:1068B00054F80C3C059354F8103C049354F8143CE1
:1068C000039354F8183C029354F81C3C019354F879
:1068D000203C009354E90A2354E90C01FFF76AFFB6
:1068E00054F8303C5E65D3E7D4E90A23B3F1FF3FA7
:1068F00008BFB2F1FF3F05D052EA0301206803D17F
:1069000000F0FCFC3034CCE73146183000F060FE7B
:10691000F8E700BF04B0020104B00201D5A70201EC
:1069200038B5836804466BB3194A926893422CD1F8
:10693000C368012B03D9013BC360002038BD4FF071
:106940004003EFF3118583F31288BFF36F8F016962
:10695000806803F0A4FD204603F040FFA06058B11A
:1069600090F90E2022610022C26703F0E6FE29465C
:10697000084800F0B1FCE0E7E06085F31188BFF360
:106980006F8FDAE76FF01500D8E74FF0FF30D5E7EB
:10699000803A0021B13B00212DE9F341044617461E
:1069A0001E464FF04003EFF3118883F31288BFF3C4
:1069B0006F8FC368334A7BB180689168884219D071
:1069C00057EA060318D188F31188BFF36F8F6FF071
:1069D0000F0002B0BDE8F081916891F90E1001330B
:1069E000E36093682161A36088F31188BFF36F8F20
:1069F0000020EEE72169F2E791F90E1090F90E30D0
:106A00006FF07E029942A8BF19469142B8BF114665
:106A10008B422EDD03F043FD054622464146CDE97B
:106A20000076194800F0F4FB0028E1D04FF0400355
:106A3000EFF3118683F31288BFF36F8FA068D0B194
:106A4000236821699C420AD04BB193F90E309942D8
:106A5000A8BF19466FF07E039942B8BF194603F0EC
:106A60001EFD40B13146084800F036FC6FF00A00C8
:106A7000AFE70025D1E7002DF4D186F31188BFF3ED
:106A80006F8FF3E7803A0021B13B002137B5114603
:106A90004FF04002EFF3118582F31288BFF36F8F3E
:106AA00004689CB12368426823F0030394420360A6
:106AB00008BF43600121204603F066FD044685F3CC
:106AC0001188BFF36F8F204603B030BD51EA030237
:106AD000F5D000F10802CDE900131046294600F078
:106AE00097FB0028EFD1024B9B685C69EBE700BF86
:106AF000803A002138B504464FF04003EFF311858A
:106B000083F31288BFF36F8F03F068FE48B1002251
:106B1000C26703F012FE2946BDE83840074800F07E
:106B2000DBBBD4E902329A4218BF01330221A360D1
:106B300004F1100004F06CF8EDE700BFB13B002158
:106B400013B54FF04004EFF3118184F31288BFF3C3
:106B50006F8F846844B1013C846081F31188BFF376
:106B60006F8F002002B010BD52EA030406D181F3FA
:106B70001188BFF36F8F6FF00F00F3E7CDE90023AB
:106B80000246024800F044FBECE700BFB13B0021A5
:106B90002DE9F04F04464FF0FF384FF0FF39484ED3
:106BA00085B04FF04003EFF3118783F31288BFF3F2
:106BB0006F8FD4F880508DB9022104F1980003F052
:106BC00014FD002843D100233946CDE90089029302
:106BD00004F188023B4800F089FCE2E7D4F8842005
:106BE0002B689542C4F8803008BFC4F88430D4F8CC
:106BF000983043F00203C4F89830EB6823F00403A4
:106C000043F00103EB606B6887F31188BFF36F8F6C
:106C1000284698474FF04003EFF3118B83F3128817
:106C2000BFF36F8FEB68990723F0010219D4EA6074
:106C3000D4F8983023F00203C4F898308BF311880D
:106C4000BFF36F8FDB05ACD400F0AEFBA9E704F116
:106C5000900500220121284603F03BFE0028F8D1D0
:106C6000B1E7306823F00303EB600028E0D0002791
:106C70003B46D0F800A00028DAD042680146954291
:106C80000CD101689FB972683160824200D1716095
:106C900040F8083BFFF72EFF39460023BAF1000FFA
:106CA0000BD0DAF8002050460F469246E3E73960F1
:106CB0007268824208BF7760EAE75246F3E700BF96
:106CC000A03A0021B13B0021F8B5C36804469A07F9
:106CD0000F46C3F340062CD45B071AD40B680BB9DC
:106CE00083680B60E368DD0742BFA36802263B6050
:106CF0003D6858BF0126002D3AD01F4B9B68AB4220
:106D00000AD0D5F89830D807C3F3800214D46FF0B6
:106D1000120600233B6025E003F0AAFBD5F898306B
:106D20000028F0D1D907C3F3C002F0D552B15B07F8
:106D300008D46FF00F06ECE7002AFAD1C3F3C003C2
:106D4000002BF6D100232360D5F8843063B9C5E960
:106D50002044284603F054FCE36843F00403E36056
:106D60003B68A3603046F8BD1C60C5F88440F0E77E
:106D70006FF01506CDE700BF803A00212DE9F04104
:106D8000C368074603F00503002B0C4614BF4FF001
:106D900001084FF000081ED08668D6F8805025B153
:106DA000AF4201D02D68FAE701250021012204F14C
:106DB000100003F00AFC2046104903F02BFC9DB1A3
:106DC0003B68236073B9D6F884303BB9C6E92044E8
:106DD000304603F015FC4046BDE8F0811C60C6F863
:106DE0008440F5E73C60F3E7D6F880302360D6F8BE
:106DF0008430C6F88040002BEAD1F0E70FA60201EC
:106E0000F0B50446002089B0C4E920000E9D04F1CD
:106E10008800C4E9220004F19000C4E924001DB3F5
:106E20002879002840F2011008BF0120C4F898001A
:106E300000204FF0FF364FF0FF37CDE90330CDE9AA
:106E40000100CDE906672046084B0094FFF7F0FCEF
:106E500025B1296811B1204603F010FB204609B086
:106E6000BDE8F04003F00DBB0120DFE7916B0201AC
:106E700030B50A46044685B04FF04003EFF3118564
:106E800083F31288BFF36F8FD0F8983013F0060F9A
:106E90001DD1B1B143F00C03C4F89830204603F083
:106EA000AFFB00234FF0FF3202934FF0FF33294630
:106EB000CDE900230C4804F1900200F017FB05B067
:106EC00030BDD0F8800048B143F00403E4E743F05C
:106ED0000401C0F89810002AE0D0DBE785F31188A0
:106EE000BFF36F8FEBE700BFB13B0021C3897F2B5E
:106EF00012D80A4B1B6863B1094B90F90E201B682E
:106F00009A4209DB437BDB0606D1064BC31A18BF46
:106F1000012303F0010070470023FAE7B03A002193
:106F2000AC3A0021783600210122044BC01A044BF0
:106F3000C0105843034B1A54704700BF78370021E4
:106F4000ABAAAAAAB13B002170B50E4B0E4C1E7C19
:106F5000182303FB06440546204603F0DDFC00220F
:106F60000A4B28469A55FFF7C1FF48B1084B204607
:106F7000BDE870401A680749013AD31700F028BBF2
:106F800070BD00BF803A002178370021B13B00215D
:106F9000B03A0021296F020138B50D4D2B4653F848
:106FA000184F9C4200D004B9EC68AB6838B95A7BE2
:106FB000D20604D1A26912B9DA897F2A05D89C4287
:106FC00002D02046FFF7C0FF23466B6138BD00BFEB
:106FD000803A002170B590F90D200146002A437BCC
:106FE00004DA03F07F03437303F064FB154A4B7B21
:106FF000104663F07F034B7350F8183FD469834207
:1070000008BF002323B9C1E900042160D1610CE06D
:1070100091F90E5093F90E60B5420ED0AE420CDDE0
:107020005868C1E90030016059609068BDE870405F
:10703000431A58425841FFF7AFBF9C42E3D01B6848
:10704000E0E700BF803A002170B490F90D30427B38
:10705000002B29DBD30627D183692BBB134962F0B0
:107060007F0242730A4652F8184F944218BF2346D3
:10707000CC6923B9C0E900242060C8610CE090F914
:107080000E5093F90E60B5420AD0AE4208DD5A6840
:10709000C0E9003210605860002070BCFFF77CBF70
:1070A000A342E7D01B68E4E770BC7047803A002138
:1070B00008B590F90D200146002A437B04DA03F05D
:1070C0007F03437303F0F6FA044B9868431A58425F
:1070D0005841BDE80840FFF75FBF00BF803A00217C
:1070E00070B515461C46064603F0FFFAB4F1FF3FA3
:1070F00008BFB5F1FF3F08D02A46234606F1180025
:107100000249BDE8704000F063BA70BDD5A7020126
:10711000002A2DE9F0410E460CBF10210821437BC7
:10712000044619420AD10B43DD0903F09F0211D135
:107130004273082914D00120FFF72EFF1B4B9B68D8
:10714000A3422CD1EFF305834BBB3046BDE8F041A1
:10715000FBF7C8B903F01F03437303F0ABFAE8E78A
:10716000A36813B1204603F0ADFA04F1180003F050
:10717000D3FB4FF0000804F15807A56DBD42DAD0EB
:10718000002DD8D0284603F09DFA05F1180003F031
:10719000C3FB2846C5F87C80FFF756FFEDE786F372
:1071A0001188BFF36F8FBDE8F08100BF803A0021E6
:1071B00038B54FF04003EFF3118583F31288BFF326
:1071C0006F8F104B104A9C681068A04206D1FFF7E1
:1071D000BBFE85F31188BFF36F8F38BD00211B7C88
:1071E00011600A4AD35C002BF3D02046FFF77EFEE5
:1071F0000028EED0637BDB0602D12046FFF7EAFED3
:107200002046E4E7803A0021A83A0021B13B002162
:1072100070B50C480C4D86680C462E601146DDE9B1
:1072200004234FF04006EFF3118586F31288BFF375
:107230006F8F8068FFF754FF2046BDE87040FBF772
:1072400051B900BF803A0021A83A0021F8B50446A0
:107250004FF04003EFF3118683F31288BFF36F8F73
:10726000437B49B2DA0619D18569BDB903F07F03C2
:10727000437303F01FFA437B164A63F07F034373A3
:107280001346817353F8180F984218BF0546D0690A
:107290005DB9C4E900300460D46111E00020A1733D
:1072A00086F31188BFF36F8FF8BD95F90E70B94260
:1072B0000BD08F4209DD6B68C4E900531C606C6021
:1072C0000120FFF769FE0120EAE7A842E1D02D681E
:1072D000DEE700BF803A002149B9EFF3058030B9FD
:1072E000054B5A699B689A4201D0FBF7FBB881F3C2
:1072F0001188BFF36F8F7047803A002110B54FF0AF
:107300004002EFF3118482F31288BFF36F8F427B48
:10731000510704D484F31188BFF36F8F10BD22F09E
:1073200004024273FFF790FE2146BDE81040014879
:10733000FFF7D2BFB23B00214FF04003EFF31181C2
:1073400083F31288BFF36F8F044B9A68D37B013BA2
:10735000D37381F31188BFF36F8F7047803A002198
:1073600010B54FF04003EFF3118483F31288BFF39D
:107370006F8F084B00209A68D37B0133D373FFF7DC
:107380000BFE84F31188BFF36F8FBDE8104003F04C
:1073900065BA00BF803A0021024B03F11802C3E92D
:1073A00006227047803A0021F8B54FF04003EFF312
:1073B000118583F31288BFF36F8F19498868437B67
:1073C00003F07F03437303F075F908468B685A7B1B
:1073D00062F07F025A7350F8182FCC69824208BFBE
:1073E000002222B9C3E900042360CB610CE093F9C9
:1073F0000E6092F90E70BE420ED0B7420CDD51689D
:10740000C3E900210B6053600120FFF7C5FD28464A
:10741000BDE8F840FBF766B8A242E3D01268E0E7A7
:10742000803A002150EA01032DE9F04105460E465D
:1074300003D1FFF7B9FF00202CE0831C71F1FF336B
:107440002ADB03F07FFA2C184FF04003EFF311888A
:1074500083F31288BFF36F8F114F124BB868186017
:10746000FFF726FEB86810492A463346183000F068
:10747000AFF8BA684046537B43F010035373FBF7F1
:1074800031F803F05FFA201A63EB0303012873F16C
:107490000003D0DBBDE8F0816FF00104241AD3E7CC
:1074A000803A0021A83A0021D5A70201B1F1FF3F9F
:1074B00008BFB0F1FF3F08B506D1084B986803F04C
:1074C0004CF94FF0FF3008BDFFF7ACFF4FF47A7373
:1074D00080FB0303C00B40EA4340F4E7803A0021FD
:1074E000014B9868704700BF803A0021D3B5DDE9B1
:1074F0000667089CCDE90067FFF78AFE1CB1034BC5
:107500009B685B69236002B0D0BD00BF803A002158
:1075100008B50648064A0749121A02F03FFFBDE8BF
:107520000840054A0549064802F038BF000000211E
:1075300054070021ACBC020100000000ACBC0201F9
:1075400000000021034B1B680BB9FCF791BE002023
:10755000704700BFB43A002110B50E4B1C689C4226
:1075600004D1FFF7EFFF6FF0004010BDFFF7EAFF17
:10757000002CF8D0D4E904321B1A62EBE072B3F1AC
:10758000004F72F10001EEDA002AACBF184600206D
:10759000EBE700BF4006002130B570B10B4B5B68D4
:1075A00098420AD0036843B1D3E90421D0E90445E5
:1075B000121941EB0501C3E90421D0E9003213603F
:1075C0005A600023C0E9003330BD00BF40060021EF
:1075D000B3F1FF3F08BFB2F1FF3FF8B504461D46C7
:1075E00016465CD081604FF04003EFF3118783F3C0
:1075F0001288BFF36F8F013275F1FF3324DA6FF019
:1076000001032C49D1E900209B1A4FF0FF3262EBB5
:1076100000009E1B60EB0500012E70F1000301DAF3
:1076200001260020C4E90460234ED6F800C0756826
:10763000B44508BF4FF0000CBCF1000F0DD1C4E9F8
:1076400000652C6074601CE0FFF77CFF013645F19B
:107650000005361845EBE070E4E7DCE90420D4E9E6
:107660000431934271EB000E1ADAD21ADCF80430BE
:1076700060EB0100CCE90420C4E900C31C60CCF835
:1076800004403368B34206D09C4204D1FFF764FF44
:107690000021FCF7BFFD87F31188BFF36F8FF8BDA2
:1076A0009B1A61EB0001AC45C4E90431C7D0DCF89A
:1076B00000C0C1E790370021400600212DE9F84FB6
:1076C0004FF04003EFF3118C83F31288BFF36F8FF9
:1076D000DFF8B0A0DFF8B0900024C9F80000DAF8B5
:1076E00000000025504508BF0020284FE046D7E99C
:1076F0000021D9F8003080B3D0E9046C4FEAE37E72
:10770000B3427EEB0C0B05DAF61A6CEB0E04C0E903
:10771000046422E0B21841EBE671C0E90445C7E910
:107720000021FFF739FF88F31188BFF36F8F83685B
:1077300098474FF04003EFF3118883F31288BFF3AB
:107740006F8FD9F80030DAF800009B1B5045C44613
:10775000C9F80030CAD1D7E9002100249A1841EBBA
:10776000E373C7E90023C9F80040FFF7F5FE21469F
:10777000FCF750FD88F31188BFF36F8FBDE8F84F19
:10778000FFF716BD40060021B43A002190370021D2
:1077900010B54FF04003EFF3118483F31288BFF369
:1077A0006F8FFFF7CFFE0346054AD2E90001181894
:1077B00041EBE37184F31188BFF36F8F10BD00BFFD
:1077C000903700212DE9F3471D46294B16469F6847
:1077D000012387F8603087F8613052EA05030CBF57
:1077E0000123002307F16002804603F054F981462B
:1077F0004FF04003EFF3118A83F31288BFF36F8FCA
:1078000097F8604064B901465246404603F0E3F8F9
:107810008AF31188BFF36F8F204602B0BDE8F0876E
:10782000002387F8603056EA050306D18AF31188F1
:10783000BFF36F8F6FF00A04EEE75146CDE90065A4
:107840000C4A0D48FFF7E4FC04464FF04003EFF309
:10785000118583F31288BFF36F8F2A46494640464D
:1078600003F0B9F885F31188BFF36F8FD4E700BF39
:10787000803A002148060021B23B002138B503467A
:107880004FF04002EFF3118582F31288BFF36F8F40
:10789000C160012181600068834206D185F31188AF
:1078A000BFF36F8F0024204638BDD0E9003213604B
:1078B0005A600023C0E9003303F064F92946044606
:1078C0000148FFF709FDEEE7B23B00210A460146F9
:1078D000014803F0C0B900BF60060021014B0367F7
:1078E000704700BF6006002138B504460D4602F01F
:1078F000BFFD20B9064B9B681B6F0BB938BD054B0C
:107900002A4621461846BDE8384003F0A4B900BF16
:10791000803A002160060021014800F0E2BD00BF6E
:1079200046BC02011FB50024084B4FF400720293BD
:1079300002AB009306494FF0FF3306488DF80C4028
:10794000FFF75EFA204604B010BD00BF76BC02010E
:10795000407800219837002130B599B00546684637
:1079600000F02AF86946044608A800F055FA0346D4
:1079700008A928461C4300F08BF9204619B030BDF9
:1079800070B598B005466846164600F015F83146C1
:10799000044608A800F048F9034608A96A460846C4
:1079A0001C4300F083F9034608A928461C4300F055
:1079B0006DF9204618B070BD38B50B68124D1BBA72
:1079C000C3614B682A461BBA83618B6804461BBAA5
:1079D0004361CB681BBA03610B691BBAC3604B6977
:1079E0001BBA83608B691BBA4360CB6901461BBA23
:1079F0000360D8F781FB034620461C4629461A46F9
:107A0000D8F79AFB601E38BDE8B802012DE9F041B5
:107A100006460C46904688B0684602F1200106F101
:107A20002007D8F725FF6A4669466846D8F742FE20
:107A300069463846D8F71CFF3A463946384604F1BD
:107A40002005D8F737FE6A4669466846D8F732FE01
:107A500041462846D8F70CFF6A4641463046D8F7DB
:107A6000EFFE2A4629466846D8F724FE2A4669468C
:107A70006846D8F71FFE69466846114AD8F71AFECD
:107A800069462046D8F7F4FE324621462046D8F70C
:107A90004FFE324621462046D8F74AFE224631465E
:107AA0002846D8F745FE6A4629462846D8F7C8FE34
:107AB0003A4629462846D8F73BFE08B0BDE8F08193
:107AC000C8B90201F0B504460D4699B02A46684689
:107AD0002146D8F72DFE69466846D8F7C9FE6A46A2
:107AE000214608A805F1200604F12007D8F7A8FED2
:107AF0006A4629466846D8F7A3FE3246394610A89A
:107B0000D8F7D8FD324639463046D8F711FE31460F
:107B10002846D8F7ADFE6A46204608A9D8F7CAFD20
:107B2000224629462846D8F703FE6A46684608A931
:107B3000D8F7FEFD6A4639463846D8F781FE2A4610
:107B4000684608A9D8F7F4FD6A4631463046D8F7AA
:107B500077FE3A4631463046D8F7EAFD684610A926
:107B6000D8F786FE224669462046D8F7E1FD08A9E7
:107B700022460846D8F7DCFD10A9084608AAD8F71F
:107B80005FFE3A46384610A9D8F7D2FD19B0F0BDCD
:107B90002DE9F04105460C46904688B00A466846F5
:107BA0002946D8F7C5FD69466846D8F761FE6A469A
:107BB0002946284604F12006D8F742FE05F12007A1
:107BC0006A4621466846D8F73BFE3246394630467B
:107BD000D8F7AEFD31462046D8F74AFE2A46214660
:107BE0002046D8F7A5FD6A4621462046D8F7A0FDD5
:107BF0006A4629464046D8F79BFD424639463846F4
:107C0000D8F71EFE224629466846D8F791FD6A46F7
:107C100031463046D8F714FE3A4631463046D8F75A
:107C200087FD08B0BDE8F08170B504460D4690B000
:107C300004F1200600F014F9304605F1200100F0AF
:107C40000FF9214608A8D8F713FE08A908460D4ADF
:107C5000D8F730FD08A922460846D8F7F1FD08A953
:107C60000846094AD8F726FD31466846D8F700FE8F
:107C7000202269460DEB0200D8F7EEFC013810B067
:107C800070BD00BFC8B90201A8B9020100F002B975
:107C900038B505460C4600F0FDF805F1200004F16A
:107CA0002001BDE8384000F0F5B800BF13462DE9CB
:107CB000F047B8B08946544A1946804610A8D8F70C
:107CC0001BFA5249024610A8D8F736FA0746179E03
:107CD0004D4907EAD676C6F1010210A8D8F72CFA6A
:107CE000179C4A46E44328A918A8FFF78FFEE40F23
:107CF00020A90846C4F101024FF0FE0AC7F10107AE
:107D000000F090F825466A4618A928A8FFF740FF1A
:107D10004FEA6A1338AA02EB830353F8A04C0AF027
:107D20001F03DC4004F0010465402A4628A918A876
:107D3000D8F75EFA2A4630A920A8D8F759FA0AF1EE
:107D4000FF3A28A918A8FFF7BDFEBAF1FF3FD9D125
:107D5000C4F1010220A908A800F064F866406A4650
:107D600018A928A8FFF714FF324628A918A8D8F7A1
:107D70003FFA324630A920A8D8F73AFA08A96A464D
:107D80000846D8F75DFD08A9084600F09DF808A947
:107D900008F12004084609F12002D8F751FD2046D9
:107DA00020A908AAD8F74CFD08AA684618A9D8F750
:107DB00047FD69466846D8F75BFD18AA694608A8DA
:107DC000D8F73EFD21466846D8F752FD08AA694615
:107DD0001046D8F7ADFC68460D4A08A9D8F7A8FCAC
:107DE00020462021D8F74CFC024608A96846544298
:107DF0003C43D8F7FDF940466946064AD8F720FDCE
:107E0000204638B0BDE8F08728B9020148B9020120
:107E1000A8B9020108B902010A460149FFF746BFA5
:107E200068B9020170B588B004460D4616460021B7
:107E30002022684602F03AFF0023294620222046ED
:107E4000009302F026FF2A4669466846D8F770FC80
:107E5000324669462046D8F7CBF908B070BD00BF5E
:107E60000B681BBAC3614B681BBA83618B681BBA72
:107E70004361CB681BBA03610B691BBAC3604B69D2
:107E80001BBA83608B691BBA4360CB691BBA036062
:107E9000704700BFCB691BBA03608B691BBA436094
:107EA0004B691BBA83600B691BBAC360CB681BBAF2
:107EB00003618B681BBA43614B681BBA83610B6813
:107EC0001BBAC361704700BF70B50D46052498B05A
:107ED000064610A8D8F7CCFC2A46684610A9D8F761
:107EE000AFFC694610A8D8F7C3FC10A90846D8F71C
:107EF000BFFC6A4610A908A8D8F7A2FC08A910A8D8
:107F0000D8F7B6FC10A90846D8F7B2FC10A9084665
:107F1000D8F7AEFC10A90846D8F7AAFC10A908AA01
:107F20000846D8F78DFC10A90846D8F7A1FC10A97F
:107F30000846D8F79DFC10A96A4608A8D8F780FC27
:107F400008A910A8D8F794FC10A90846D8F790FC07
:107F5000013C10A9F5D1084608AAD8F771FC052400
:107F600010A90846D8F784FC10A90846D8F780FC69
:107F7000013CF5D110A908AA0846D8F761FC10A960
:107F800008A8D8F775FC08A90846D8F771FC08A915
:107F90006A466846D8F754FC1024694610A8D8F7FA
:107FA00067FC10A90846D8F763FC013C10A9F5D17D
:107FB0002A460846D8F744FC402410A90846D8F7BA
:107FC00057FC10A90846D8F753FC013CF5D110A97D
:107FD0006A460846D8F734FC102410A90846D8F79A
:107FE00047FC10A90846D8F743FC013CF5D110A97D
:107FF0006A460846D8F724FC102410A90846D8F78A
:1080000037FC10A90846D8F733FC013CF5D110A97C
:10801000084608AAD8F714FC2A46304610A9D8F713
:108020000FFC18B070BD00BF2DE9F04F43688DB054
:1080300015468046029383789A0740F10D8100240B
:108040000E78002E00F00A81252E0BD04B1C0393D6
:10805000013441463046029B98470028C0F2F68022
:108060000399EDE74E788B1C252E0393F0D0002763
:10807000B946BB46BBF11F0F38D8A6F12003102B21
:108080000AD8DFE803F02A0909300909092109099A
:108090000928092D09091F00A6F13003092B33D93E
:1080A0002A2E37D11BF0400F55F8043B40F0828058
:1080B000002BA7BF4BF0200B9946C3F100094BF0F2
:1080C000280B01E04BF0010B039B13F8016B0393AA
:1080D000002ECFD130E04BF0020B4BF0040BF3E756
:1080E0004BF0080BF0E74BF0100BEDE7BBF17F0F07
:1080F00019D8A6F13003092BD2D81BF0400F03D0BA
:108100000A2101FB0737DFE70A214BF0200B01FBB7
:108110000939D9E72E2E06D11BF0400F40F09E8082
:108120004BF0400BD0E76C2E31D02BD8682E36D0D8
:108130006A2E3CD04C2E3AD0002F46F02003B8BF18
:108140002BF04002A3F16501BCBF00271FFA82FBA0
:10815000022901D9612B2FD107350727DFF8ACA2FF
:1081600025F0070508351BF0080F66D00AEB070B52
:1081700056465E4563D1A4EB0A0AA9EB070906EB54
:108180000A026FE1742E9FD07A2E9DD0D4E71BF0A7
:10819000800F18BF4BF4007B4BF0800B94E71BF46F
:1081A000807F18BF4BF4007B4BF4807B8CE74BF453
:1081B000207B89E71F4687E7A6F16301122900F2B9
:1081C000F080DFE811F013004F00EE00EE00EE004B
:1081D000EE004F00EE00EE00EE00EE00EE00FE00BE
:1081E000E900EE00EE001B00EE00AF0055F8043B86
:1081F00001270DF1180A8DF81830B4E755F804ABD3
:10820000834BBAF1000F08BF9A461BF0400F50464F
:1082100014BF39464FF0FF3102F082FD0746A2E756
:1082200041462020029B984700280FDB013EB742C1
:10823000F6D34C44B146A41B98E74E46F7E74146B7
:1082400016F8010B029B9847002892DA98F8023042
:1082500043F0040388F802304FF0FF3420460DB09D
:10826000BDE8F08F1BF0800F34D01BF4007F2CD0C2
:10827000073525F00705AA4669685AF8080B2BF060
:1082800010050029ADB237DA404245F4806561EB54
:1082900041010DF1180B0A235A4602F04DFDA0EBE7
:1082A0000B0301936B0662D5019B25F001019F42F0
:1082B00089B240F3A180002E00F0998015F01002E1
:1082C00040F09C80BB460D4623E0AA465AF8040BBA
:1082D000C117D4E7AA461BF4807F5AF8041B01D1CA
:1082E0000846F5E71BF4007F19BF48B241F3C011FF
:1082F00008B241F3C031C2E750EA0103C9D11BF013
:10830000400FC6D0002FC4D12BF01102BB460197FD
:1083100095B240F2064115EA01021CBF0BF1010BB8
:1083200000222CE02BF010020A231FFA82FB1BF024
:10833000800C49D01BF4007115BF0735AA4625F003
:1083400007055AF8040B1EBFAA4669685AF8080BBD
:1083500050EA010545D12BF016051BF0400FADB2D8
:1083600042D0002F40D12BF01702019795B215F0A3
:10837000100248D0019B002E42D103F1010B2907C6
:108380005AD4EB0706D5D9456FDDA9EB0B0301994C
:10839000CB465F185B4649E04BF0100B1023782664
:1083A000C5E7782B04D1C6F1780343F01003BEE78C
:1083B00041462520029B98470028FFF647AF02342C
:1083C00047E608230026B2E7AA461BF480715AF854
:1083D000040BBDD01BF400711ABFC0B2614680B25D
:1083E000B6E72BF0060295B20DF1180B54E725F015
:1083F0001105BB46ADB28CE70D46B8E73B460D46CE
:1084000003F1020BBBE7DDF804B082E7A1BC020177
:108410009ABC0201CDE9043241462020029B9847D4
:108420000028FFF613AF049B059A01339945F1DC50
:10843000A4EB0B019B46CC180AB341463020029BAB
:1084400098470028FFF602AF8EB901342744391B44
:10845000019B994224DC1D4655BB019AA9EB0B09EF
:10846000554622441446914433E0019F92E702347A
:1084700041463046029B98470028E7DAE6E640F29C
:1084800006410D42E2D015F0020F04F1010441460D
:1084900014BF2B20202015F4806F18BF2D20E9E792
:1084A00041463020029B013498470028CFDACDE6C0
:1084B00006AB013D4146585D029B98470028CBDA48
:1084C000C4E641462020029B013498470028FFF66D
:1084D000BDAEA9EB0403002BF3DCC1E5704700201F
:1084E00070470FB407B504A951F8040B0191F9F7CF
:1084F000C3F903B05DF804EB04B07047836800EB88
:10850000C101B3F5004F2CBF51F8220031F8120021
:10851000704700EBC1018068B0F5004F2CBF41F8F7
:10852000223021F812307047012208B5FFF7E6FF2C
:10853000D04008BD836800EBC101B3F5004F08D3FC
:108540004B681AB143F001034B60704723F00103FD
:10855000FAE74B881AB143F001034B80704723F0D0
:108560000103FAE753000122FFF7D3BF8368B3F595
:10857000004F34BF04230823C91A081AC0087047E3
:10858000B0F5004F34BF04230823481C0833A0EB88
:10859000D300B0FA80F0C0F11F0070472DE9F04120
:1085A000174603220E460446FFF7A8FF86420546FB
:1085B00007F104080AD10122E368BA4023EA020362
:1085C000E360002344F82830BDE8F0813146022200
:1085D0002046FFF793FF06462B460146032220461E
:1085E00044F82850FFF795FF334629462046BDE85A
:1085F000F0410222FFF78DBF70B50D468668044634
:10860000FFF792FFB6F5004F014601D3012809D0CC
:108610003046FFF7B5FF294602462046BDE87040C8
:10862000FFF7BCBF70BD2DE9F04705468068FFF736
:10863000A7FF05EB800ADAF8109088460646B9F1E4
:10864000000F1BD00327DAF8104028462146FFF719
:108650006BFF404507D3324621462846FFF79EFF71
:108660002046BDE8F087032221462846FFF746FF53
:10867000013FCAF8100001D08145E4D14FF0FF342A
:10868000EB680136B4401C40EAD094FAA4F2B2FA86
:1086900082F2131D55F82340DEE72DE9F041144620
:1086A0000E460546FFF740FFA4EB0608371B0744BC
:1086B000424631462846FFF755FF3A4621462846AE
:1086C000FFF750FF4346002221462846FFF721FFCF
:1086D00021462846FFF728FF3B462118002228465E
:1086E000BDE8F041FFF715BF2DE9F04116460446FD
:1086F0000F46FFF719FF314605462046FFF714FFE6
:1087000005442A4639462046FFF72CFF31462046CD
:10871000FFF70AFF2B46311800222046BDE8F04142
:10872000FFF7F7BE2DE9F0410D4686680446FFF7D6
:10873000FBFEB6F5004F014601D3012832D030468A
:10874000FFF71EFF04EB80010E6996B90122E36872
:1087500082401343E36002220D612B4629462046E6
:10876000FFF7D7FE032229462046BDE8F041FFF778
:10877000D0BE022231462046FFF7C0FE0746034620
:1087800029462046FFF7C5FE0322334629462046E8
:10879000FFF7BFFE39462B462046FFF7BAFE0222FE
:1087A0003146E1E7BDE8F081F8B50C460546FFF734
:1087B000BBFE2618012231462846FFF79FFEC3075D
:1087C0000CD431462846FFF717FF21462846FFF70D
:1087D000ABFE214622182846FFF786FF00222146DD
:1087E0002846FFF78BFE271A012239462846FFF755
:1087F00085FE10EA020613D139462846FFF7FCFE33
:10880000214632462846FFF779FE2246211A28469D
:10881000FFF76AFF214632462846FFF76FFE241A0B
:1088200021462846BDE8F840FFF77CBF38B571B156
:10883000056800222846FFF799FE044601462846AF
:10884000FFF778FE2146BDE83840FFF7ADBF38BDE1
:1088500070B5066809B9002070BDB368B3EBD10FDD
:10886000F9D9B3F5004F34BF04230823CC1D1C44B1
:10887000E40821463046FFF7D6FE05460028EAD038
:1088800001463046FFF750FEA04209D92C44294644
:1088900030462246FFF701FF21463046FFF742FFF0
:1088A000304601222946FFF745FEB368B3F5004F75
:1088B00034BF0423082303EBC5031844CCE72DE998
:1088C000F84306681446B26801F1FF39B2F5004F6B
:1088D00034BF0423082319EA01090F460BD049428B
:1088E00039408B424F4628BF0B46894654B9002574
:1088F0002846BDE8F8839942F8D82146BDE8F843F8
:10890000FFF7A6BFB2EBD40FF1D9B2F5004F34BFD9
:1089100004220822E11D3944C91A11443046C9080D
:10892000FFF781FE80460028E1D0B36809EBC0055F
:10893000B3F5004F34BF042308231D4435447B1E88
:108940001D44B5FBF7F57D43A5EB090529463046E7
:10895000FFF70CFE2C44073424F00704A41B8045C9
:1089600007464FEAE40408D2024641463046FFF784
:1089700094FE41463046FFF7D5FE39463046FFF7B4
:10898000D3FD3844844208D2394630462246FFF7A8
:1089900084FE21463046FFF7C5FE012239463046A7
:1089A000FFF7C8FDA4E7B2F5802F2CBF08230423EE
:1089B0002DE9F0410026D21A8C18CD1D25F00705AF
:1089C00024F00704641BE408056021462046AC60DF
:1089D000EE60FFF7D5FD421D9200013002F107075E
:1089E0004FEAD7073146A2F1100205F11000B8BFD7
:1089F000324602F05BF93A4631462846FFF7B2FDAF
:108A00003346324631462846FFF783FDA4EB07087C
:108A1000284631460122FFF78DFD42463946FFF7D1
:108A2000A1FD3B46324639462846FFF772FD2146F6
:108A30002846FFF797FD4346324621462846FFF772
:108A400068FD214628460122FFF774FD3946BDE83E
:108A5000F041FFF767BE038B13F0070305D10368EE
:108A6000002B0CBF002003207047022B05D1408B48
:108A7000B0FA80F0400980007047012B05D10368EF
:108A8000002B0CBF0020052070470020704710B558
:108A90000C4600B111B96FF0150010BD081D00F0B3
:108AA00095F80028F9D1A368032BF6D9F3E72DE94F
:108AB000F0410D4607461946281D90461E4600F017
:108AC00099F8044638B13346424629463846A4460A
:108AD000BDE8F0416047BDE8F08110B44FF04004BC
:108AE000EFF3118284F31288BFF36F8F416110BCE2
:108AF0000121F8F7F3BE38B50C46054658B151B11F
:108B00000B6843B14B6833B11C22002102F0CEF850
:108B100000202C6138BD6FF01500FBE770B50546ED
:108B20000E46FFF7B4FF041E15DB4FF04003EFF3D2
:108B3000118283F31288BFF36F8F4FF6FF716B8B37
:108B40002C8B8B4204F0070407D182F31188BFF30A
:108B50006F8F6FF00A04204670BD022C0CD10133D8
:108B60006B8382F31188BFF36F8F00232246314657
:108B70002846FFF79CFFEEE7062C14D8DFE804F048
:108B800004131313041A0400002333606B683BB909
:108B9000C5E90066ACB902212846F8F79FFEDAE77E
:108BA0001E606E60F6E782F31188BFF36F8F6FF07F
:108BB0000404D0E782F31188BFF36F8F6FF0850450
:108BC000C9E782F31188BFF36F8FC4E7034640B152
:108BD000426802F00302022A06D0032A04D0012AC6
:108BE00005D06FF0150070471A68002AF9D00020F0
:108BF0009860704710B54268034602F00302022AEB
:108C00004FF00004816007D0032A02D05C6000208E
:108C100001E018685C6010BD18685C600028F6D040
:108C2000FEF72CFEF3E7704720B183682BB11B6879
:108C300033B118476FF0150070476FF004007047AC
:108C40001846704730B450B149B142B1846854B14C
:108C5000E56845B141F8040BE36830BC18476FF094
:108C6000150030BC70476FF00400FAE730B41346CB
:108C7000044650B1006860B182686AB195685DB120
:108C80000A46AC46616830BC60476FF0150030BCE6
:108C900070476FF00100FAE76FF00400F7E703692F
:108CA000D3F8680370476FF085007047084608B531
:108CB000114618B101F0D9F8002008BD6FF001008D
:108CC000FBE7084608B5114618B101F0C6F80020C8
:108CD00008BD6FF00100FBE713B5044608462169A3
:108CE00001F55971D1E8AF1F022909D15BB168B113
:108CF00000931346D0E90912FDF7EEF902B010BD5A
:108D00006FF00F00FAE76FF04C00F7E76FF001002B
:108D1000F4E72DE9F8431C46DDE90853164698466A
:108D20000F46006939B34AB344B36A1C43F10003E8
:108D3000022A73F1000324D2226842B1D0F86833CA
:108D40009A4204D96FF00B002360BDE8F88305EA6E
:108D5000080909F101035A425A412146384601F0F7
:108D60008DF888B9B8F1FF3F08BFB5F1FF3FF0D0EB
:108D70006FF06800E9E76FF00100E6E76FF01500BB
:108D8000E3E76FF08500E0E730600020DDE701F009
:108D9000B9B838B50D46044600F140012846F8F749
:108DA0006DFC30B1284604F1B001F8F767FC20B93A
:108DB0000120702303FB004038BD0020FCE702F5D2
:108DC0002C7102F5307001F042BCD0F8B030A0F543
:108DD0002C70003B18BF012300EB8300D0F89C02ED
:108DE00000F0EDBFCB6833B1C86883681B6813B16E
:108DF0000022096918477047FDF792BDD0E8EF3FA0
:108E0000C0E8E21F002AF9D1704710B54368046931
:108E10001B68C4F8603304F5D87001F048FB0021EA
:108E200004F55970FFF7EAFF084610BD2DE9F3413C
:108E300017460D4679B30B786BB3D0F8B040A4F564
:108E4000CE7814344FF0FF324FF0FF332046FDF759
:108E5000A3FD2A46404601A9F8F770FE019E2EB9EF
:108E6000204602B0BDE8F041FFF7C6BF58B120462A
:108E7000FFF7C2FF3B462A463146404602B0BDE8F6
:108E8000F041F8F739BE2022294606F1400001F0F2
:108E900037FF3766E4E702B0BDE8F081030103EB7A
:108EA0004003093323F0030303EBC00348430330BB
:108EB000083320F003001844400070472DE9F843C0
:108EC00006464FF001090569D0F8048005F5597789
:108ED000D7E8EF3F022B03D1C7E8E29F002AF7D182
:108EE00041D195F86430002B40D195F8D430002B57
:108EF0003CD12846D5F8601300F054F8044680BBF6
:108F000071683669486983681B6943B32246896979
:108F10009847044628BB06F5307649463046FDF7AB
:108F2000A7FF304605F5E476F9F7C6FA3046D8F8DB
:108F3000001000F074F8044698B90146E822304663
:108F400001F0B4FE21464FF4E272284601F0AEFE75
:108F500021463846FFF752FF2046BDE8F8836FF000
:108F600057040221F5E76FF07704F5E76FF00F047F
:108F7000F2E710B50846029B114652B993F86420F7
:108F80002AB90122184683F86420F8F7C3FE0020AE
:108F900010BD9A6E5468002CF9D0DA6EA047F6E73F
:108FA00000F0B0BF38B50D46044660B1E03001F0C6
:108FB000D5F90DB1002038BDC4F89C51C4F8A051BA
:108FC000C4F8A451F6E76FF01500F4E70268D2F890
:108FD000E03013B1D2F8DC1018477047704783694E
:108FE00013B9D0F888301970704701207047836931
:108FF000012B04D1D0F888301878C0B27047042013
:10900000704738B5C41DE400204601F03EFE054619
:1090100018B12246002101F049FE284638BD38B576
:1090200004463022002101F041FE1822002104F103
:10903000BC0001F03BFE1822002104F1A40001F065
:1090400035FED4F8D800FCF7F9FFD4F8D400FCF7CB
:10905000F5FF002304F13400C4F8A03000F031FC27
:10906000FCF756FFE36E04F140050BB12846984724
:1090700038220021284601F019FE002038BDFDF7F6
:1090800077BA01460068FDF773BA08B5F9F726F814
:10909000BDE80840F9F754B800210120FFF7EFBF01
:1090A000436E83F30B88704740E800F313F4803F6E
:1090B000D8B208BF6FF0150070477FB50A894E8996
:1090C0000B684D6802F01F0242EA461200938DF8C9
:1090D000082023F01F036A1E134423F01F030728F0
:1090E000039304D86946F9F773FB04B070BD6FF0C1
:1090F0001500FAE708B5F9F723FD002008BDF0B523
:10910000D0F80473064617F002001CBFC2F180704D
:1091100018604FF0000518BF01204FF0010C4FF40C
:10912000803E0CFA05F40C4214D00EFA05F43C42D1
:1091300010D005F5A87456F82440A41A34F07F44E2
:1091400008BF4FF0807408B91C6002E01868A042A4
:10915000FAD801200135042DE3D1F0BDF9F716BD91
:10916000F9F714BD0120F9F767BE7047416A4968F5
:109170000968F9F711BFFDF789BC01F011BA8368DE
:109180000B44036070478388026819448180D018BB
:10919000704730B484880568A3188380281930BCD0
:1091A00001F077BD0268531E03608388013383801A
:1091B00002F8011C70478388C2888168D21A03684C
:1091C0005B1AD01A70470C220369C9B201FB023343
:1091D000186C00F0070070474FF04003EFF3118266
:1091E00083F31288BFF36F8F036803F0C00343F06B
:1091F0000203036082F31188BFF36F8F704770B56D
:10920000C9B203694FF04004EFF3118584F312886B
:10921000BFF36F8F0C2606FB0134246C14F0C004DE
:1092200008D0A24206D085F31188BFF36F8F4FF0AC
:10923000FF3070BD012206FB01331A6485F31188EB
:10924000BFF36F8F436803EBC1035B68984700204F
:10925000EFE78022FFF7D3BFF8B5069F0469C9B2D4
:109260004FF04005EFF3118685F31288BFF36F8F3F
:109270000C2505FB0144256C05F0070CBCF1010F22
:109280000CD1276486F31188BFF36F8FC4E90E23D6
:10929000436853F8313098470020F8BD05F0C00509
:1092A000AF4286F31188BFF36F8F0CBF6FF077006A
:1092B0004FF0FF30F1E713B580240094FFF7CCFFA7
:1092C00002B010BD10B41C240069CBB203FB040033
:1092D000002110BC10470020FCF738B8002000F037
:1092E00035BA1046FDF706BC436800205B681B6971
:1092F0000B607047436802EA01005B6821EA0201E3
:1093000098600020D9607047436800205B689960CE
:109310007047436800205B68D960704743685A68AB
:10932000536821EA03000B4090600020D36070472F
:1093300010B503695868F8B1884219D19C6808686B
:10934000A142586000D19860002008602AB15A6894
:109350000A609A68596002B99960002010E0814261
:1093600006D10868206098688142EDD19C60EBE7E7
:10937000044600680028F2D1002AE8D16FF01500F9
:1093800010BD30B451F820500C4601EB80023DB1C5
:109390000146AC46D4F88000002330BC126C604714
:1093A00030BC704710B500690F299FBF00EB8104E6
:1093B00040F821202364002088BF6FF0150010BD05
:1093C00000207047102070470F290ED843685B6853
:1093D000CB40DB0709D501228B00DBB203F18243CE
:1093E00003F5903300201A6070476FF01500704746
:1093F00038B50F290C46056933D843681B68CB4044
:10940000DB072ED5D5F8841021FA04F303F001030D
:109410001AB99BB96FF0770022E0002BFAD111B98D
:109420001220F9F7BBF80122D5F88430A24013438B
:10943000C5F88430E0B2FCF773FC0AE0E0B2FCF758
:1094400077FC0122D5F88430A24023EA0203C5F854
:109450008430D5F8843013B91220F9F7ADF8002024
:1094600038BD6FF01500FBE730B543681360057A2F
:10947000446804EBC504A34202D36FF0010030BD81
:109480005C798C4201D00833F0E70020F7E74368AD
:109490001B68D3F88004C3F88004704743680269EE
:1094A0001B68D3F8100150B10020526912780A707D
:1094B000C3F81001D3F8102101221A6070474FF051
:1094C000FF30704702680346D2F8580140B95B6824
:1094D0009B0706D4D2F82001003818BF012070473E
:1094E0000120704742681368D3F80413C90518D5E2
:1094F000D3F82011A9B14FF04000EFF3118180F3B0
:109500001288BFF36F8FD3F8200130B10020C3F869
:109510002001D3F820010120D86081F31188BFF326
:109520006F8F5268D20615D54FF04001EFF31182CC
:1095300081F31288BFF36F8FD3F8581111B1002156
:10954000C3F800154FF48001C3F8081382F31188A3
:10955000BFF36F8F7047002200F150039B009BB256
:1095600003F1824303F5B0331A601B68704708B5F6
:10957000FAF7F2FC08BD002008B5F8F753FF10B564
:10958000FBF72CFE4FF0FF304FF0FF31FAF77AFE79
:10959000044620B9D7F77AFC0446FAF77BFE20464A
:1095A00010BD38B5038A054673B3037EA3B1022B01
:1095B0002AD14FF0FF304FF0FF31FAF763FE044637
:1095C00040B9E868F5F73AFB0446FAF763FEB4B130
:1095D000FAF76EFF204638BD4FF0FF304FF0FF31F5
:1095E000FAF750FE04460028F4D1E868FBF718F8B3
:1095F0000446FAF74FFE002CECD1FAF759FF284643
:10960000F9F744FD0024E5E76FF01504E2E7FAF707
:1096100063BF10B530220021044601F047FB202330
:1096200023708023A3706FF03F0363716FF01B03FF
:10963000A3722823A3732223E3730423A3756FF07B
:1096400008036376FF23A376E3767F232377302313
:1096500084F820306FF03F0384F821306FF001036D
:1096600084F82330402384F82D307F2384F822307F
:109670004FF0FF3384F824306FF01C0384F825305A
:10968000802384F82630072384F82730042384F8C5
:10969000293010BD002303604360037863F00203A8
:1096A0000370437823F0590343F059034370704724
:1096B00001F12003013813F8012D8B4200F8012F2E
:1096C000F9D170470021FBF7A7BD90F840100129A0
:1096D00001D8FBF7A1BD12207047684620F00701B2
:1096E0008D4601B5F1F780FFF8F72AFDBDE801408E
:1096F0008546704708B54FF0FF314FF0FF30FAF75D
:10970000C1FDF7F7A6FFBDE80840FAF7C3BD6846FC
:1097100020F007018D4601B5FFF720FDF1F708FFA6
:10972000BDE8014085467047684620F007018D4638
:1097300001B5F1F77BF8F8F703FDBDE80140854678
:10974000704708B5F7F732FF002008BD012801D1A6
:10975000F1F71CB970477047F1F764B9004700F0A2
:109760000BBE40F00040C1F88000704740F0004060
:10977000C1F88000704740F00040C1F88000C2F896
:1097800080007047FBF7A4BEF7B51646DDE9084731
:10979000019001A81D46FBF7A1FE019BB6F1000C4C
:1097A00018BF4FF0010C00EB83000B1E18BF012304
:1097B000002D43EA4C0314BF4FF00C0C4FF0000C8B
:1097C000002C43EA0C0314BF4FF4706C4FF0000CF4
:1097D000002F43EA0C0314BF4FF4403C4FF0000C41
:1097E000D0F8002243EA0C0322EA030301B109780E
:1097F0000EB13678760019430DB12D78AD003143A6
:109800000CB12478240229430FB13F783F040C4364
:109810003C43C0F8004203B0F0BD1FB50DF10F038B
:10982000019300238DF80F101A4619460093FFF795
:10983000ABFF05B05DF804FB38B5054608460C469D
:10984000FBF7A0FEA8B10846FBF790FE88B90846D2
:10985000FBF780FE01232A688340C2F808332B6897
:1098600003EB8000D0F8103523F00303C0F8103567
:1098700038BD2046BDE838400021FFF7CEBFFBF7DA
:1098800005BFFFF7D9BF37B50C46154690B1037831
:1098900083B179B10B786BB162B101A9FCF7AEFA73
:1098A00050B9019883684BB12A46214603B0BDE800
:1098B000304018476FF0150003B030BD6FF0120054
:1098C000FAE701464068C36803B1184770472DE9BD
:1098D000F04389B0109E044689469046002120221C
:1098E00068461F46129D01F0E1F91F2E97BF012324
:1098F0004FF0FF33B34003F1FF332361119BC4E901
:109900000098C4E902766361183445B10FCD0FC4E5
:1099100095E80F0084E80F0009B0BDE8F0836D46BC
:10992000F4E773B50468661C31D08568A9422ED26D
:1099300064182CD05E18AE4288BF6B1A056A35B128
:1099400000930523A8470346184602B070BDBFF335
:109950005B8F1946A41A101919B140EA0205AD0728
:109960000AD103290DDC013811448A42ECD010F8E9
:10997000014F02F8014BF8E70078013902F8010BBA
:10998000E9E750F8044B043942F8044BE9E76FF07B
:109990002103D9E773B50468651C32D08568A942F4
:1099A0002FD264182DD05E18AE4288BF6B1A456A5C
:1099B000CDB100930523A84702B070BD12F8015B3A
:1099C000013905701546A01819B140EA0206B6071C
:1099D000F4D103290ADC013D014488420CD1BFF3D4
:1099E0005B8F1846E8E71946A41AEBE755F8042BF5
:1099F000043940F8042BECE715F8012F00F8012B8F
:109A0000EBE76FF02100D7E773B51C4603681546F6
:109A10005A1C29D08268914226D25B1824D066183D
:109A20009642866A88BF541A36B105232A460094A6
:109A3000B047204602B070BD184622464AB92946B2
:109A400001F034F9BFF35B8FF3E700F8015B013AF3
:109A5000F4E78307F9D14FF001336B43032AEEDDBE
:109A600040F8043B043AF9E76FF02100E2E70020F8
:109A7000704710B4046B02460B4684B9C1681F29B5
:109A800098BF23FA01F4416861B18068834209D22A
:109A90001069184051F82430184410BC7047234610
:109AA00010BC18474FF0FF30F7E770B5436B054621
:109AB0000E46E3B90469621C09BF43680C401C6888
:109AC0000C1B21462846FFF7D4FF864207D02B699E
:109AD00001331C44AB689C42F3D34FF0FF34286839
:109AE000431C07D0AB68A34204D9204470BD9847FB
:109AF0000446F4E70020F9E730B5059CC4E900020C
:109B0000039A21811989E260049A61812185626149
:109B1000D3E9002502EB0113C4E906128A1C236273
:109B200003EB42036A1C13446D422B40636283695A
:109B300053B90139E2698B4202EB031206DB0023C1
:109B400093736FF07F03D373002030BD0133D38153
:109B5000F0E72DE9F04FB0F830A004465546002656
:109B600085B002EB030891460E9A00EBCA031FFA78
:109B700088FB9A63A3F83CB008F1FF32C3690F1D5C
:109B80000192B0451ADC238D2586A3EB0B032385B8
:109B9000236A61895A8801390A4003EB4203A3F81A
:109BA00004A0BFF35B8F0020226A538801335380E7
:109BB000638D0133638505B0BDE8F08FE06A2A014B
:109BC00057F8041C03EB0515029303680392C91AA6
:109BD00083680837994228BF4FF0FF31FFF749FFEC
:109BE000DDE90232985000226A6057F8082CAA601A
:109BF000019A9642ACBF00220122B145D8BF42F083
:109C00000202AA810136ED89BBE7F0B550B3456A7F
:109C1000448E6B88A34230D0631C43864389BFF3D4
:109C20005B8F013B1C4005EBC4056B689EB209B11C
:109C3000AD680D60D0F81CC09BB20CEB031100EBBB
:109C4000C3039D8F078D2F44013D07859D878D8917
:109C50006F070ED5058ECD8100210686986B99631E
:109C600002B11480F0BD9D8FC989013D0CEB01113B
:109C70009D878D89ED07F6D4ECE70020F2E7C369F4
:109C800003EB01139868704770B5BFF35B8F0D4607
:109C9000016A1646838E4A8804469A4216D05A1C98
:109CA00082864289013A134001EB43018A882A8067
:109CB00093B2C2691B01D158C06AFFF7F6FE2A8829
:109CC000E36903EB02139B68336070BD0020FCE77F
:109CD00010B5026893691269920017D543B9438E93
:109CE000026A81694489013B1B1B02EB410293809C
:109CF00003689B69012B08D1838E426A8169408980
:109D0000013B1B1A02EBC102938010BD23B9026A0A
:109D1000138843F00103138003689B69012B01BF83
:109D2000426A138843F001031380EEE710B5BFF3D6
:109D30005B8F036804461A699B6912F0005F1AD0B2
:109D40007BB9036A426A5B888169013B02EBC1020D
:109D500092889B1A628D9BB29A4214D80023638525
:109D600010BD012BFAD1436A026A5B888169013B0D
:109D700002EB4102ECE763B9436A1B88DB4303F063
:109D80000103002BEAD06369002BE7D020469847F7
:109D9000E4E7012BE2D1036AEFE7036A828E598878
:109DA00091420AD0418901390A4003EB42039A8863
:109DB000C36903EB02139868704700207047BFF334
:109DC0005B8FC36803B1184770474FF0FF324FF005
:109DD000FF33FCF7B5BE70B50446056A05F15806B9
:109DE0003046FFF7F2FF636AA3F580637F2B0BD841
:109DF00001225909483503F01F039A4055F82130D4
:109E000023EA020345F82130D4E90D124A60616B60
:109E100004F134031160C4E90D330023236230469A
:109E2000BDE87040FCF766BE30B58DB0456A0446AB
:109E30000B912022014602A80A9500F061FF282319
:109E400001222946CDE900322046352202ABFCF73B
:109E50002DF900EAE0700DB030BD28B1006A18B1EC
:109E600011B1C36F03B11847704730B1006A20B118
:109E700019B1D0F8803003B11847704730B1006A8B
:109E800020B119B1D0F8843003B1184700207047D1
:109E90002DE9F84306468846174699460468A642C7
:109EA00001D1002520E07A1CA4F1340502D06B6AB0
:109EB000BB4219D0B8F1000F22D0202241462846DB
:109EC00000F00CFFE0B9B9F1FF3F02D0AB6A4B459F
:109ED0000AD07B1C0BD02468B442E2D054F8103C6A
:109EE000A4F134059F42E8D12846BDE8F883AB6A67
:109EF0000133F9D02468B442D3D0A4F13405D9E7B2
:109F00002468CCE710B5044690B1036A83B10278A7
:109F10004AB193F8903033B1436AB3F5806F02D3FE
:109F20000121FFF781FF2046BDE81040FFF753BF36
:109F300010BD51F8083C43F0004341F8083C70471D
:109F40007047FCF7D7BD4FF0FF324FF0FF33FCF7FF
:109F5000F7BDF8B50C46054651F8086C00F15807F6
:109F60003846B6B2FFF7EFFF24F8086CD5F8B820F2
:109F7000A4F1100344F80C2C05F1B40244F8102CA1
:109F8000C5F8B83054F80C2C38461360FFF7D9FFE9
:109F90000020F8BD2DE9F041056A282A0F46D5F8C2
:109FA000AC0088B026D101688468791AA14228BF24
:109FB0004FF0FF3120236A46FFF7B3FC05F1580646
:109FC000D7F820803046FFF7BEFF43464FF0FF3200
:109FD00069462846FFF75CFF7B6A0446DB0719D514
:109FE00060B93046FFF7ADFF6B6F1BB14246694663
:109FF00028469847002008B0BDE8F0814FF0FF33B5
:10A0000083623046FFF79DFF236B002BECD0204688
:10A010009847E9E720B93046FFF793FF2B6FE4E755
:10A02000C0F828803046FFF78CFFE3E730B4D0F863
:10A03000A0501346AD6925B930BCD0F8A400FFF795
:10A04000E4BD012D06D130BC0A46D0F8A400194663
:10A05000FFF71ABE002030BC70477FB50C4619468A
:10A06000D0F8A0309D695DB90094CDE9024201238A
:10A070002A46D0F8A40002A9FFF76BFD04B070BD1A
:10A08000012DFBD1D0F8A40004B0BDE87040FBF76F
:10A09000F1BF2DE9FF4103685F6A07F158063046BA
:10A0A000FFF751FF38460DF10A0203A9FFF7BEFF83
:10A0B00004463046FFF745FF002C41D0BDF80A307A
:10A0C0003046A360FFF73FFF4FF0FF3300213846D3
:10A0D0006268FFF7DDFE05463046FFF732FF7DB1CF
:10A0E000AB6AE96B013308BF2368284608BFAB623F
:10A0F0002368A2890091D5F82C8004F11001C04793
:10A100003046FFF720FFA368002B06DB21463846C8
:10A11000BDF80A30039AFFF7A0FF38460DF10A0296
:10A1200003A9FFF783FF044618B13046FFF709FF84
:10A13000C4E7D7F8A400FFF7F9FD3046FFF701FFA9
:10A1400004B0BDE8F081F8B5044651F8086C00F1A0
:10A1500058073846B6B20D46FFF7F5FE3146D4F83B
:10A16000A400FFF78CFD33460246A5F110012046FE
:10A17000FFF773FFD4F8A400FFF7D8FD3846BDE819
:10A18000F840FFF7DEBE2DE9F041A3F1100653F8C9
:10A19000085C002388B00693ADF81E3004461023F7
:10A1A000CDE904120E9FD0F8AC00ADF81C70016828
:10A1B000D0F808C0711A0DEB0302614528BF4FF0BB
:10A1C000FF3104F15808FFF7E5FB4046FFF7BBFEFF
:10A1D000D4F8A030ADB29B69CBB9D4F89420D4F8B0
:10A1E000A030D4F8A8009B69C3B9CDE902620096FB
:10A1F000012202A9FFF7ADFCD4F8A800FFF796FDF5
:10A200004046FFF79EFE384608B0BDE8F08129467B
:10A21000D4F8A800FFF733FD0246E0E7012BEBD1AD
:10A220002946FBF727FFE7E710B548B149B1436876
:10A230008B4206D382680468D21A5B1A4360A01866
:10A2400010BD0020FCE72DE9F3470546D0F8A0003B
:10A250000E46036A17469B689847430703D40020BD
:10A2600002B0BDE8F08743F69823002F18BF1F46C1
:10A2700005F1580805F1B40A4046FFF764FED5F829
:10A28000B440D5F8A0305445D3F8189025D024B365
:10A29000D4E90023536022681A60C4E90044B9F18C
:10A2A000000F0ED1D5F8943033604046FFF749FED9
:10A2B000BDF8063004F11000A3603368103B336032
:10A2C000CEE7B9F1010FF0D12189D5F8A800ADF89A
:10A2D0000610FFF7D4FC3060E7E7B9F1000F2AD190
:10A2E0003146D5F8A8000DF10602FFF78EFC0446B2
:10A2F0000028DAD1D5F8A8301B8D53B94046FFF7B6
:10A3000020FE002FABD021200021FDF7CFF8013F28
:10A31000B2E7D5F89410D5F8B000FFF785FF0446F2
:10A32000D5F89430ADF8069033604046FFF709FE4B
:10A33000002CE6D0BCE7B9F1010FDFD13246D5F8E9
:10A34000A8000DF10601FFF79FFC0446EDE720B1E0
:10A3500019B112B1C0E901220160704710B504467D
:10A3600018B910BD3438FFF7CDFD20688442F9D10B
:10A370000023C4E92933F4E708B1F8F73FBD70477B
:10A38000704740B1C368587810F001001EBF1878BC
:10A39000B0FA80F04009704700F088BC00F079BC4A
:10A3A00010B400F10C04C0E9034410BCFEF7FBBA82
:10A3B0002DE9F04F054687B0DDE9106791463B4631
:10A3C000324604A8884605F1140A00F0BFFADDE918
:10A3D0000434CDE902344FF04003EFF3118483F3EA
:10A3E0001288BFF36F8F05F10C0B4A464146284691
:10A3F000FEF765FA30B184F31188BFF36F8F07B0B1
:10A40000BDE8F08F3E43F6D0DDE9022304A800F05A
:10A41000C1FADDE904675A4621465046CDE9006796
:10A42000FCF7F6FE4FF04003EFF3118483F312883C
:10A43000BFF36F8FD9E738B504464FF04003EFF311
:10A44000118583F31288BFF36F8FFEF7EFF904F1E4
:10A450000C0000F00DFA30B1294604F11400BDE8FB
:10A460003840FCF739BF85F31188BFF36F8F38BDD3
:10A47000EFF30580003818BF012070476FF05700D8
:10A480007047FCF73BBF08B54FF04002EFF3118374
:10A4900082F31288BFF36F8FF8F71CF9F4E790F995
:10A4A0000E308B4201D0FCF7D1BE0020704703462E
:10A4B0000020C3E90033C3E9020070472DE9F843E7
:10A4C000994604460D4690469DF8203000F1080656
:10A4D0004FF04002EFF3118782F31288BFF36F8FC2
:10A4E00003B14568304600F079F958B10023C0F84F
:10A4F0001480C36700F021F930463946FCF7ECFEC2
:10A5000000200CE0B9F1000F1BD00821FDF7ECF999
:10A5100038B987F31188BFF36F8F6FF00B00BDE878
:10A52000F8830122C0F804800260016801F0030191
:10A530005DB922680A430260626820606AB960609F
:10A540000BE04046C8F80090EFE72A68032A10D8CD
:10A550000160616839B9C4E90000042104F1100008
:10A5600000F056FBC8E70A6802F0030202430A60E3
:10A57000E5E722F003020A4302602A6802F00302C0
:10A5800040EA02032B60E8E710B5044630B10268E8
:10A59000930703D0446809B100F070FB204610BD5A
:10A5A000012307B5009300230A461946FFF786FFEB
:10A5B00003B05DF804FB002307B50A460093194673
:10A5C000FFF77CFF03B05DF804FB5AB18A4209D360
:10A5D00000F11003C0E90212C0E90000C0E9043331
:10A5E000002070476FF015007047012302688B4010
:10A5F00022EA0303036022FA01F000F00100704731
:10A6000020B100228830114600F063B97047103045
:10A61000FCF770BA38B504460D461022002100F050
:10A6200045FB656038BD13B5019008464FF0400307
:10A63000EFF3118483F31288BFF36F8F01A9FCF746
:10A6400043FB84F31188BFF36F8F02B010BD10B5C8
:10A65000FFF7E9FF041E09DD4FF04003EFF311801F
:10A6600083F31288BFF36F8F00F0ECF8204610BD23
:10A6700070B50D464FF04003EFF3118683F3128857
:10A68000BFF36F8FFCF77AFB044686F31188BFF3A4
:10A690006F8F38B14FF0FF324FF0FF3305F11000EC
:10A6A000FCF74EFA204670BD08B5A022002100F04C
:10A6B000FDFA08BDD0E9003213605A600023C0E9FA
:10A6C0000033704708B5FFF7F5FF437B23F0020323
:10A6D00043730023836008BD90F90E3091F90E009A
:10A6E000834214BFC01A0020704738B504460D4697
:10A6F000FCF7DEFC637B43F002036373E5B1A56006
:10A700002B689D4209D16B68C4E900531C606C60E2
:10A7100012E06A689342F6D01B68002BF3D094F9DC
:10A720000E2093F90E108A42F3D09142F1DD5A685F
:10A73000C4E9003214605C6038BD10B54FF04003CE
:10A74000EFF3118483F31288BFF36F8FFCF77CFC67
:10A7500084F31188BFF36F8F10BD10B50446183015
:10A7600000F0DAF84FF04003EFF3118183F3128821
:10A77000BFF36F8F627B12F0100204D081F3118857
:10A78000BFF36F8F10BD2046BDE81040FCF7C0BC82
:10A7900038B504464FF04003EFF3118583F3128878
:10A7A000BFF36F8F437B13F0280F0BD183680BB17E
:10A7B000FFF788FF637B51B903F0FB032046637307
:10A7C000FCF742FC85F31188BFF36F8F38BD03F0AF
:10A7D000EB03F3E701211838FFF7DABF38B54FF084
:10A7E0004003EFF3118583F31288BFF36F8F046882
:10A7F000A0420DD034B12046FFF764FF04F11800E9
:10A8000000F08AF885F31188BFF36F8F204638BDBA
:10A810000024F7E7014610B54FF04003EFF3118431
:10A8200083F31288BFF36F8F83680BB1FFF74AFF82
:10A8300084F31188BFF36F8FBDE8104001F1180059
:10A8400000F06AB8034620B9EFF305820AB9F7F7BA
:10A8500049BE83F31188BFF36F8F70474FF04003F9
:10A86000EFF3118083F31288BFF36F8FFFF7EABF16
:10A8700038B5054600202C68A54200D004B938BD83
:10A880002046FFF7C7FF2046FFF757FF0120F2E7FA
:10A890004FF04002EFF3118182F31288BFF36F8F04
:10A8A000027BD2070AD581F31188BFF36F8F404036
:10A8B00080F311884FF0040002DF7047437B1B07D1
:10A8C00004D581F31188BFF36F8F70470122FCF725
:10A8D0001FBC38B54FF04003EFF3118583F31288A6
:10A8E000BFF36F8F0468A04212D09CB1E167626130
:10A8F0002046FFF7E7FE04F1180000F00DF82046AF
:10A90000FCF7A2FB012085F31188BFF36F8F38BDE0
:10A910000020F8E72046F6E710B54FF04002EFF3CD
:10A92000118482F31288BFF36F8F03683BB1FCF789
:10A9300033FE002084F31188BFF36F8F10BD6FF0DA
:10A940001500F7E708B5FCF723FF08BDB3F1FF3F9B
:10A9500008BFB2F1FF3F70B504461D46164613D03E
:10A960001A4315D06FF001024FF0FF33921B63EBD7
:10A970000501002904DAFCF70BFF821941EB050100
:10A98000C4E90021204670BD4FF0FF321146F7E7C1
:10A990000022FBE7B3F1FF3F08BFB2F1FF3FF8B57C
:10A9A000074616461C4610D054EA020311D0FCF7A5
:10A9B000EFFEB0420A46A14103460AD2F31A64EB05
:10A9C0000204C7E900343846F8BD4FF0FF331C4697
:10A9D000F7E70023FBE71423F0B500244FF48B7650
:10A9E00003FB010001B9F0BD10F8073CA0F114070A
:10A9F00003F03F03082B40F80C4C0CD826FA03F365
:10AA0000DB0708D550F8143C2BB150F8105C2B60D4
:10AA10005D6040E9054482F31188BFF36F8F4FF00A
:10AA20004003EFF3118283F31288BFF36F8F384630
:10AA30000139D7E7F8B50D46D0E90013884204463E
:10AA400005D16368C5E900431D6065601DE0002B0A
:10AA5000F7D0986800B16038A2F160073946FFF777
:10AA60003BFE0028EDDC2668B442EAD0002EE8D098
:10AA7000B16801B160393846FFF72EFE002805DDC8
:10AA80007368C5E900631D607560F8BD63689E4228
:10AA9000D7D03668EAE72DE9F84F00258B461446F3
:10AAA0001F4682462E46A8465D4502DB3046BDE87D
:10AAB000F88F4FF04003EFF3118983F31288BFF34F
:10AAC0006F8F9AF80D3003F03F03013B072B0FD82F
:10AAD000DFE803F01E040E0A0E0E0E25DAF8103021
:10AAE0009B682BB1022320E0DAF810301B688BBB87
:10AAF00047BB237833B39AF80D3003F03F03013B93
:10AB0000072B30D8DFE803F033282F282F2F2F38DA
:10AB1000DAF810309B68002BEAD0012305E0DAF860
:10AB200010301B6A002BE3D01023DAF80C20CAF88F
:10AB30000880C2F386310B4363F39432CAF80C20C9
:10AB400084F8008089F31188BFF36F8F01350AF113
:10AB5000140AA9E70423E8E722465146DAF8100070
:10AB60001030FFF767FFCAF808400136EAE72246CF
:10AB70005146DAF81000F4E7DAF8100022465146A0
:10AB80002430EEE72DE9F041846805460E46ECB12D
:10AB90006378012B25D114F8533C9A0714D5A4F1FE
:10ABA00060073846FFF736FE082E0CBF6FF0030330
:10ABB0000023E36114F8533CDB0605D154F8483C0C
:10ABC00013B93846FFF7B9FD002323700020EB6866
:10ABD000A860C3F38632164366F39433EB60BDE896
:10ABE000F081022BF0D12378002BEDD054F8048CA7
:10ABF000B8F1000FE8D004F11400FFF78DFE002338
:10AC0000A4F1140739464046E362FFF70CFDDBE789
:10AC1000034610B54FF04002EFF3118482F312881F
:10AC2000BFF36F8F0068834208D0D0E90032136011
:10AC30005A600023C0E90033FFF7A4FF84F31188B2
:10AC4000BFF36F8F10BD0023C0E900008360704721
:10AC50000023836070470432D3B5044608D200262F
:10AC6000002741F00401CDE90067FFF7A1FB10B90F
:10AC7000002002B0D0BD40F8044BFAE720B1011F1C
:10AC800050F8040CFFF7D7BB704701460420FCF7CF
:10AC90001DBE0A44431E914200D1704710B511F801
:10ACA000014B914203F8014FF9D110BD0244034614
:10ACB000934200D1704703F8011BF9E701390244C0
:10ACC00010B5904201D1002005E0037811F8014F42
:10ACD000A34201D0181B10BD0130F2E710B56AB1D4
:10ACE0000139841810F8012B11F8013F9A4203D161
:10ACF000A04201D0002AF5D1D01A10BD1046FCE7C1
:10AD000010B50139044632B111F8013F013A00F89B
:10AD1000013B002BF7D10021FFF7C8FF204610BDF3
:10AD20000246014410B58A42134603D01C78013212
:10AD3000002CF8D1181A10BDF0B5C3F1370704463E
:10AD400003F01F031046FFB2082BE6B232D0102BDF
:10AD50003DD06508A40845EAC17544EA81748A08B3
:10AD60002D1942EB5102290941EA02716D1842EB9B
:10AD70001212290A41EA02616D1842EB1222290CD3
:10AD800041EA02416D1842EB1242AD1842F1000255
:10AD9000EC0844EA4274D10804EB8402A6EB4205B5
:10ADA000EDB2092D0CD90134A5F10A0541F10001DC
:10ADB000EDB212E0E40806F0070544EA4174C90860
:10ADC000303554EA010200F8015BBDD1F0BD240921
:10ADD00006F00F0544EA01740909092D84BFED1935
:10ADE000EDB2EDE7014800687047000068380021C7
:08ADF0008C68FF7F01000000E8
:10ADF800B12B0201000000003931020188AE0201C6
:10AE08009167020100000000B1370201B0AE0201F3
:10AE1800B13702019CAE0201A552020100000000F8
:10AE28004397020100000000C9350201C4AE0201C7
:10AE3800453B0201D8AE0201AD330201000000001B
:10AE4800C140020100000000C12B02010000000007
:10AE5800D1390201ECAE0201692B020100000000A9
:10AE6800F5520201000000002579020100000000EF
:10AE78000B8E020100AF02017D43020100000000B9
:10AE88005EBA0201BCB70201CCB70201520600212A
:10AE9800C03800217DBA0201F0B7020120B80201D2
:10AEA80056060021683900218BBA020108B8020150
:10AEB80020B8020158060021743900216DBA020138
:10AEC80000000000E8B702015406002114390021EF
:10AED800B0BA020158B802018CB802015C06002120
:10AEE8007005002199BA02016805002144B80201E1
:10AEF8005A0600218039002138BA02012C050021A8
:0CAF0800E8B6020150060021201B0021C9
:10AF140000000000999002010000000099900201D5
:10AF240000000000999002010000000099900201C5
:10AF34000000000099900201599702015D970201F7
:10AF440000000000999002010000000099900201A5
:10AF54000000000099900201143900213D360201DD
:10AF6400F95A02015D970201000000009990020164
:10AF74000000000099900201000000009990020175
:10AF84000000000099900201000000009990020165
:10AF94000000000099900201000000009990020155
:10AFA400415D02015D970201D8AE0201E594020100
:10AFB4000000000099900201000000009990020135
:10AFC40000000000514102010000000099900201BC
:10AFD4000000000099900201000000009990020115
:10AFE4000000000095520201000000009990020147
:10AFF40000000000999002010000000099900201F5
:0CB00400FFFFFFFFFFFFFFFFFFFFFFFF4C
:10B01000455F02010600000000020000000200007F
:10B02000000000000C0802170D01010209090101CE
:10B0300006020918180301010909030305030201A7
:10B04000230202240910040405050B0B040B2B003A
:10B0500000002CA6E0A1000020A8000000000000D5
:10B0600020A8000001020800A301B103BF050000F1
:10B07000EF024906A3090000C505F50B25120000E3
:10B080000E021C045A03B4063006600CF401FA00E8
:10B09000960064004B0032001E0014000A000500F8
:10B0A0000200010000000000141E0000301100002A
:10B0B0000000000060EA0000000000000000000046
:10B0C0000000000060EA00000102080000002CA659
:10B0D000E0A1000020A800000000000020A800005F
:10B0E00025262700010208000102080000000000D8
:10B0F000141E0000301100000000000060EA000093
:10B1000000000000000000000000000060EA0000F5
:10B1100000002CA6E0A1000020A800000000000014
:10B1200020A8000000002CA6E0A1000020A800003C
:10B130000000000020A8000000002CA6E0A10000F4
:10B1400020A800000000000020A80000F401FA0080
:10B15000960064004B0032001E0014000A00050037
:10B160000200010000000000141E00003011000069
:10B170000000000060EA0000000000000000000085
:10B180000000000060EA000000002CA6E0A1000022
:10B1900020A800000000000020A80000F401FA0030
:10B1A000960064004B0032001E0014000A000500E7
:10B1B0000200010000002CA6E0A1000020A8000071
:10B1C0000000000020A80000F401FA0096006400CE
:10B1D0004B0032001E0014000A00050002000100AE
:10B1E00000000000141E00003011000000000000EC
:10B1F00060EA000000000000000000000000000005
:10B2000060EA00000102080000002CA6E0A1000096
:10B2100020A800000000000020A801020401000195
:10B220000000010100000100010000010001000018
:10B230000000F401FA00960064004B0032001E008A
:10B2400014000A0005000200010001000B000200CA
:10B250000A00050009000A000800140007001E008B
:10B260000600320005004B00040064000300960055
:10B270000200FA000100F401000000002CA6E0A189
:10B28000000020A800000000000020A8F401FA003F
:10B29000960064004B0032001E0014000A000500F6
:10B2A0000200010000000000141E00003011000028
:10B2B0000000000060EA0000000000000000000044
:10B2C0000000000060EA000000002CA6E0A10000E1
:10B2D00020A800000000000020A800002CA6E0A18B
:10B2E000000020A800000000000020A800000000CE
:10B2F000141E0000301100000000000060EA000091
:10B3000000000000000000000000000060EA0000F3
:10B310000102080000000000141E000030110000AF
:10B320000000000060EA00000000000000000000D3
:10B330000000000060EA0000030000002CA6E0A16D
:10B34000000020A800000000000020A8F401FA007E
:10B35000960064004B0032001E0014000A00050035
:10B3600002000100E3A3C3000406080A0C0E101239
:10B370001416181C1E20222426282A2C2E30323483
:10B3800036383A3C3E40424446484A4C4E021A50F7
:10B39000000000002800000018000000000000006D
:10B3A000500100000000000000000000000000004C
:10B3B0005001000000000000141E000030110000C9
:10B3C0000000000060EA0000000000000000000033
:10B3D0000000000060EA000000000000141E0000F1
:10B3E0003011000000000000B45F00000000000009
:10B3F00000000000000000003C730000010000009D
:10B400000700000000000000000000000000000035
:10B4100000002CA6E0A1000020A800000000000011
:10B4200020A800000000DC05E80300000000000088
:10B4300000000000D417000000000000701700009A
:10B44000A00F0000000000003C28000000000000E9
:10B4500000000000000000003C2800000000DC05A7
:10B46000E80300000000000000000000D417000006
:10B4700000000000141E0000301100000000000059
:10B4800060EA000000000000000000000000000072
:10B4900060EA000000003408E8030000280A000009
:10B4A00000000000280A00000000DC05E80300009E
:10B4B0000000000000000000D41700000000401F42
:10B4C000A00F0000803E00000000000000FA000015
:10B4D00000002CA6E0A1000020A800000000000051
:10B4E00020A8000000003408E8030000280A00003B
:10B4F00000000000280A00000000DC05E80300004E
:10B500000000000000000000D41700000000401FF1
:10B51000A00F0000803E00000000000000FA0000C4
:10B5200000002CA6E0A1000020A800000000000000
:10B5300020A8000000003408E8030000280A0000EA
:10B5400000000000280A00000000DC05E8030000FD
:10B550000000000000000000D41700000000401FA1
:10B56000A00F0000803E00000000000000FA000074
:10B5700000002CA6E0A1000020A8000000000000B0
:10B5800020A8000000003408E8030000280A00009A
:10B5900000000000280A00000000DC05E8030000AD
:10B5A0000000000000000000D41700000000401F51
:10B5B000A00F0000803E00000000000000FA000024
:10B5C00000002CA6E0A1000020A800000000000060
:10B5D00020A8000000003408E8030000280A00004A
:10B5E00000000000280A00000000DC05E80300005D
:10B5F0000000000000000000D41700000000401F01
:10B60000A00F0000803E00000000000000FA0000D3
:10B6100000002CA6E0A1000020A80000000000000F
:10B6200020A80000000000280000002000003408CE
:10B63000E8030000280A000000000000280A0000BB
:10B640000000DC05E803000000000000000000002E
:10B65000D41700000000401FA00F0000803E000033
:10B660000000000000FA000000002CA6E0A100008D
:10B6700020A800000000000020A80000000000003A
:10B6800000000000000000000000000000000000BA
:10B69000010101010202020203030303040506077C
:10B6A00008090A0B0C0D0E0FD8ECF0F4F8F9FAFBB0
:10B6B000FCFDFEFF00010203070909020307001059
:10B6C0000200FA00000000005D1602016916020186
:10B6D0006D160201751602017916020100000000C4
:10B6E0000338FDD870470000651B0201BD8E0201C2
:10B6F000451D0201911D0201711E02019F8C020174
:10B70000138D0201A78C0201D98C0201C38C0201A6
:10B71000AD8C02010000000000000000EF8F02016C
:10B72000DF8F0201EB8F0201DD8F020100000000BC
:10B73000000000000000000000000000CD8F0201AA
:10B7400000000021000000000600010002000000CF
:10B7500054B70201000000014FBA020106000000C8
:10B76000E0FF03010000002157BA020121000000A0
:10B77000E0FF0021A4B702017CB702012000000015
:10B78000407A0021A4B702018CB7020145000000F5
:10B79000007C0021A4B702019CB702014700000011
:10B7A000F47F0021692F0201000000006B9102016B
:10B7B000F5300201C530020100000000E131020154
:10B7C00081320201D7920201DD920201453202016B
:10B7D00053920201B792020100000000C7910201DA
:10B7E000000000000000000071350201C5340201B4
:10B7F000FFFF000000088C41000000000100000075
:10B8000000A0004100000000FFFFFFFF00058C4189
:10B81000000000000000000000A000410000000047
:10B8200045380201E9920201F592020109930201F1
:10B83000139302011D930201B136020131930201FB
:10B8400000000000C9930201A5930201C193020107
:10B85000C5930201F1930201003001410200000092
:10B860000000000068B802010030014174B8020114
:10B87000010000007CB8020104000000210000006B
:10B880000B000200A00101008A0103009D94020147
:10B89000B93D02018F940201E4BA020100000000E8
:10B8A00000000000C94202017F950201A395020138
:10B8B00078BB02018BBB02019EBB0201B1BB02013E
:10B8C000C4BB0201D7BB0201EABB0201FDBB0201FE
:10B8D000F8AD0201F8AD020148AE020150AE02011E
:10B8E00088AE020188AE0201512563FCC2CAB9F3D9
:10B8F000849E17A7ADFAE6BCFFFFFFFFFFFFFFFF27
:10B9000000000000FFFFFFFFAAAAAAAAAAAAAAAAEB
:10B91000AAAAAAAA55555555555555555555555583
:10B920000000000055555555522563FCC2CAB9F3B5
:10B93000849E17A7ADFAE6BCFFFFFFFFFFFFFFFFE6
:10B9400000000000FFFFFFFF512563FCC2CAB9F3EE
:10B95000849E17A7ADFAE6BCFFFFFFFFFFFFFFFFC6
:10B9600000000000FFFFFFFF96C298D84539A1F400
:10B97000A033EB2D817D0377F240A463E5E6BCF8AC
:10B9800047422CE1F2D1176BF551BF376840B6CB77
:10B99000CE5E316B5733CE2B169E0F7C4AEBE78E73
:10B9A0009B7F1AFEE242E34F4B60D2273E3CCE3BE8
:10B9B000F6B053CCB0061D65BC86987655BDEBB38A
:10B9C000E7933AAAD835C65AFCFFFFFFFFFFFFFFF7
:10B9D000FFFFFFFF0000000000000000000000006B
:10B9E00001000000FFFFFFFFFFFFFFFF1F0000003F
:10B9F000647261676F6F6E2F6C6962732F73636817
:10BA00006564756C696E672F7372632F72656D5F05
:10BA100068616C5F6576656E745F74696D65722EC2
:10BA2000630048434920697063205458006E726671
:10BA30005F62745F6863690069706330007372618C
:10BA40006D302E73686D0067656E657269630046C0
:10BA50004C4153485F30005352414D5F3000636C9E
:10BA60006F636B4034313030353030300072616E8E
:10BA7000646F6D4034313030393030300067706978
:10BA80006F403431386330383030006770696F4050
:10BA90003431386330353030006D626F7840343186
:10BAA0003031323030300000010203040506070B4C
:10BAB0007561727440343130313330303000536F3F
:10BAC000667444657669636520436F6E74726F6C4B
:10BAD0006C6572204153534552543A2025732C20F3
:10BAE00025640A00536F6674446576696365204374
:10BAF0006F6E74726F6C6C65720042542043544CCC
:10BB0000522045434448003F49F6D4A3C55F3874EA
:10BB1000C9B3E3D2103F504AFF607BEB40B799585E
:10BB200099B8A6CD3C1ABD4D50534C2041535345B6
:10BB300052543A2025732C2025640A004D50534C52
:10BB400020576F726B000000000101000000002010
:10BB50003030303030303030303030303030000144
:10BB6000756E7265676973746572656420257320EC
:10BB70006275730A002573006D6574616C3A206507
:10BB80006D657267656E63793A20006D6574616CEE
:10BB90003A20616C6572743A2020202020006D6587
:10BBA00074616C3A20637269746963616C3A202035
:10BBB000006D6574616C3A206572726F723A202074
:10BBC000202020006D6574616C3A207761726E6987
:10BBD0006E673A202020006D6574616C3A206E6FAC
:10BBE000746963653A20202020006D6574616C3AA9
:10BBF00020696E666F3A202020202020006D657439
:10BC0000616C3A2064656275673A2020202020002C
:10BC100025733A2066726565696E67206E6F6E2DBA
:10BC2000656D707479207669727471756575650DCE
:10BC30000A0072785F76710074785F7671004E53F7
:10BC4000006D61696E002A2A2A20426F6F74696E46
:10BC500067206E524620436F6E6E656374205344B6
:10BC60004B2076332E352E39392D6E6373312D31BD
:10BC7000202A2A2A0A00737973776F726B71003653
:10BC8000F0E50E876848FB02FD9F82CC32E57B9190
:10BC9000B15CED00FFFFFFFF1F00286E756C6C2983
:0CBCA000002A666C6F61742A000000002E
:10BCAC00FFFFFFFFFF1F00001F000000000000004F
:10BCBC00FFFFFFFF1F000000A0354D007F000000BC
:10BCCC00D0070000FF000000C409000000000000C5
:10BCDC00DD500000000000000000000000C000412A
:10BCEC0000000000000000000C00000000FF7F00BE
:10BCFC000000000000000000000000000000000038
:10BD0C000000000000000000000000000000000027
:10BD1C000000000000000000000000000000000017
:10BD2C000000000000000000000000000000000007
:10BD3C0000000000000000000000000000000000F7
:10BD4C0000000000000000000000000000000000E7
:10BD5C0000000000000000000000000000000000D7
:10BD6C0000000000000000000000000000000000C7
:10BD7C0000000000000000000000000000000000B7
:10BD8C0000000000000000000000000000000000A7
:10BD9C000000000000000000000000000000000097
:10BDAC000000000000000000000000000000000087
:10BDBC000000000000000000000000000000000077
:10BDCC000000000000000000000000000000000067
:10BDDC000000000000000000000000000000000057
:10BDEC000000000000000000000000000000000047
:10BDFC000000000000000000000000000000000037
:10BE0C000000000000000000000000000000000026
:10BE1C000000000000000000000000000000000016
:10BE2C000000000000000000000000000000000006
:10BE3C0000000000000000000000000000000000F6
:10BE4C0000000000000000000000000000000000E6
:10BE5C0000000000000000000000000000000000D6
:10BE6C0000000000000000000000000000000000C6
:10BE7C0000000000000000000000000000000000B6
:10BE8C0000000000000000000000000000000000A6
:10BE9C000000000000000000000000000000000096
:10BEAC000000000000000000000000000000000086
:10BEBC000000000000000000000000000000000076
:10BECC000000000000000000CDEC00012102010187
:10BEDC00C1EC000149F20001C1EC00013108010183
:10BEEC00C1EC00013907010165050101C1EC00013C
:10BEFC00C1EC000171040101950601011904010155
:10BF0C00CD040101EDEE00015D02010129EF0001FC
:10BF1C0075010101590901013D090101DD02010110
:10BF2C002503010171030101C5030101E9010101AF
:10BF3C00E5EC000131F2000131F20001FDEC0001F1
:10BF4C0061010101F90C010165F20001C11201014D
:10BF5C00911201018DFB000179FD00010000000030
:10BF6C0001FC000199090101640200217402002105
:10BF7C0028020021A40200218C02002169F7000193
:10BF8C0079EF000111060101A1020101000000007E
:10BF9C000000000000000000000000000000000095
:10BFAC000000000000000000000000000000000085
:10BFBC000000000000000000000000000000000075
:10BFCC000000000000000000000000000000000065
:10BFDC000000000000000000000000000000000055
:10BFEC000000000000000000000000000000000045
:10BFFC000000000000000000000000000000000035
:10C00C000000000000000000000000000000000024
:10C01C000000000000000000000000000000000014
:10C02C000000000000000000000000000000000004
:10C03C0000000000000000000000000000000000F4
:10C04C0000000000000000000000000000000000E4
:10C05C0000000000000000000000000000000000D4
:10C06C0000000000000000000000000000000000C4
:10C07C0000000000000000000000000000000000B4
:10C08C0000000000000000000000000000000000A4
:10C09C000000000000000000000000000000000094
:10C0AC000000000000000000000000000000000084
:10C0BC000000000000000000000000000000000074
:10C0CC000000000000000000000000000000000064
:10C0DC000000000000000000000000000000000054
:10C0EC000000000000000000000000000000000044
:10C0FC000000000000000000000000000000000034
:10C10C000000000000000000000000000000000023
:10C11C000000000000000000000000000981010187
:10C12C0000000000830D020100000000370E020128
:10C13C0000000000330E0201000000001B0E020183
:10C14C0000000000D10D0201000000006981010116
:10C15C0000000000D50D02010000000000000000EE
:10C16C0000000000C8040021D31502010B160201C7
:10C17C00D715020115160201DD1502011B1602016D
:10C18C00E3150201E5150201E7150201F51502019F
:10C19C000516020127160201EB150201F115020129
:10C1AC001116020121160201C8B602010105050093
:10C1BC002DBA02010000000091160201C9160201FD
:10C1CC000000000000000000DF84020101000000FC
:10C1DC000000072000000100ECAE0201010000008D
:10C1EC00ECAE0201000000000200000000000000A4
:10C1FC00000000000002000000000000F5900201A9
:10C20C000000000000000000FFFF0000FFFF000026
:10C21C000000000000C2010000010300000000004B
:10C22C00BF3A0021BE3A00210000000000C0FFFF11
:10C23C0000000000000000000000000000000000F2
:10C24C0000000000000000000000000000000000E2
:10C25C0000000000000000000000000000000000D2
:10C26C0000000000000000000000000000000000C2
:10C27C0000000000000000000000000000000000B2
:10C28C0000000000000000000000000000000000A2
:10C29C000000000000000000000000000000000092
:10C2AC0008000000FF000000000000000300000078
:10C2BC000000000047BA020100000000815D02018D
:10C2CC000000000000000000000000000000000062
:10C2DC000000000000000000000000000000000052
:10C2EC004006002140060021480600214806002196
:0EC2FC00000000000000000000000000000034
:02C30A00FFFF33
:10C30C000000000040580021002000000000000048
:04C31C00000000001D
:10C3200074060021740600210000000000000000D7
:04C330000E000000FB
:10C33400880600218806002100000000010000009A
:08C34400980600219806002173
:10C34C000000000000000000A8060021A806002143
:10C35C00B0060021B0060021000000000000000023
:10C36C00C0060021C0060021C8060021C806002115
:10C37C000000000000000000D8060021D8060021B3
:10C38C00E0060021E006002107000700080000007D
:10C39C000000000074B70201207B002100000000A7
:10C3AC000000000004070021040700210C070021F5
:10C3BC000C0700210A000A00080000000000000021
:10C3CC0084B70201B47E00210000000000000000D0
:10C3DC0030070021300700213807002138070021E1
:10C3EC000A000A00080000000000000094B70201D7
:04C3FC00BC820021DE
:04C4000015E015E04E
:04000005010223C50C
:00000001FF
